customer_id,first_name,last_name,phone,email,street,city,state,zip_code
1,Debra,Burks,unknown,debra.burks@yahoo.com,9273 Thorne Ave. ,Orchard Park,NY,14127
2,Kasha,Todd,unknown,kasha.todd@yahoo.com,910 Vine Street ,Campbell,CA,95008
3,Tameka,Fisher,unknown,tameka.fisher@aol.com,769C Honey Creek St. ,Redondo Beach,CA,90278
4,Daryl,Spence,unknown,daryl.spence@aol.com,988 Pearl Lane ,Uniondale,NY,11553
5,Charolette,Rice,(916) 381-6003,charolette.rice@msn.com,107 River Dr. ,Sacramento,CA,95820
6,Lyndsey,Bean,unknown,lyndsey.bean@hotmail.com,769 West Road ,Fairport,NY,14450
7,Latasha,Hays,(716) 986-3359,latasha.hays@hotmail.com,7014 Manor Station Rd. ,Buffalo,NY,14215
8,Jacquline,Duncan,unknown,jacquline.duncan@yahoo.com,15 Brown St. ,Jackson Heights,NY,11372
9,Genoveva,Baldwin,unknown,genoveva.baldwin@msn.com,8550 Spruce Drive ,Port Washington,NY,11050
10,Pamelia,Newman,unknown,pamelia.newman@gmail.com,476 Chestnut Ave. ,Monroe,NY,10950
11,Deshawn,Mendoza,unknown,deshawn.mendoza@yahoo.com,8790 Cobblestone Street ,Monsey,NY,10952
12,Robby,Sykes,(516) 583-7761,robby.sykes@hotmail.com,486 Rock Maple Street ,Hempstead,NY,11550
13,Lashawn,Ortiz,unknown,lashawn.ortiz@msn.com,27 Washington Rd. ,Longview,TX,75604
14,Garry,Espinoza,unknown,garry.espinoza@hotmail.com,7858 Rockaway Court ,Forney,TX,75126
15,Linnie,Branch,unknown,linnie.branch@gmail.com,314 South Columbia Ave. ,Plattsburgh,NY,12901
16,Emmitt,Sanchez,(212) 945-8823,emmitt.sanchez@hotmail.com,461 Squaw Creek Road ,New York,NY,10002
17,Caren,Stephens,unknown,caren.stephens@msn.com,914 Brook St. ,Scarsdale,NY,10583
18,Georgetta,Hardin,unknown,georgetta.hardin@aol.com,474 Chapel Dr. ,Canandaigua,NY,14424
19,Lizzette,Stein,unknown,lizzette.stein@yahoo.com,19 Green Hill Lane ,Orchard Park,NY,14127
20,Aleta,Shepard,unknown,aleta.shepard@aol.com,684 Howard St. ,Sugar Land,TX,77478
21,Tobie,Little,unknown,tobie.little@gmail.com,10 Silver Spear Dr. ,Victoria,TX,77904
22,Adelle,Larsen,unknown,adelle.larsen@gmail.com,683 West Kirkland Dr. ,East Northport,NY,11731
23,Kaylee,English,unknown,kaylee.english@msn.com,8786 Fulton Rd. ,Hollis,NY,11423
24,Corene,Wall,unknown,corene.wall@msn.com,9601 Ocean Rd. ,Atwater,CA,95301
25,Regenia,Vaughan,unknown,regenia.vaughan@gmail.com,44 Stonybrook Street ,Mahopac,NY,10541
26,Theo,Reese,(562) 215-2907,theo.reese@gmail.com,8755 W. Wild Horse St. ,Long Beach,NY,11561
27,Santos,Valencia,unknown,santos.valencia@yahoo.com,7479 Carpenter Street ,Sunnyside,NY,11104
28,Jeanice,Frost,unknown,jeanice.frost@hotmail.com,76 Devon Lane ,Ossining,NY,10562
29,Syreeta,Hendricks,unknown,syreeta.hendricks@msn.com,193 Spruce Road ,Mahopac,NY,10541
30,Jamaal,Albert,unknown,jamaal.albert@gmail.com,853 Stonybrook Street ,Torrance,CA,90505
31,Williemae,Holloway,(510) 246-8375,williemae.holloway@msn.com,69 Cypress St. ,Oakland,CA,94603
32,Araceli,Golden,unknown,araceli.golden@msn.com,12 Ridgeview Ave. ,Fullerton,CA,92831
33,Deloris,Burke,unknown,deloris.burke@hotmail.com,895 Edgemont Drive ,Palos Verdes Peninsula,CA,90274
34,Brittney,Woodward,unknown,brittney.woodward@aol.com,960 River St. ,East Northport,NY,11731
35,Guillermina,Noble,unknown,guillermina.noble@msn.com,6 Del Monte Lane ,Baldwinsville,NY,13027
36,Bernita,Mcdaniel,unknown,bernita.mcdaniel@hotmail.com,2 Peg Shop Ave. ,Liverpool,NY,13090
37,Melia,Brady,unknown,melia.brady@gmail.com,907 Shirley Rd. ,Maspeth,NY,11378
38,Zelma,Browning,unknown,zelma.browning@aol.com,296 Second Street ,Astoria,NY,11102
39,Janetta,Aguirre,(717) 670-2634,janetta.aguirre@aol.com,214 Second Court ,Lancaster,NY,14086
40,Ronna,Butler,unknown,ronna.butler@gmail.com,9438 Plymouth Court ,Encino,CA,91316
41,Kathie,Freeman,unknown,kathie.freeman@msn.com,667 Temple Dr. ,Queensbury,NY,12804
42,Tangela,Quinn,unknown,tangela.quinn@aol.com,4 S. Purple Finch Road ,Richmond Hill,NY,11418
43,Mozelle,Carter,(281) 489-9656,mozelle.carter@aol.com,895 Chestnut Ave. ,Houston,TX,77016
44,Onita,Johns,unknown,onita.johns@msn.com,32 Glen Creek Lane ,Elmont,NY,11003
45,Bennett,Armstrong,unknown,bennett.armstrong@aol.com,688 Walnut Street ,Bethpage,NY,11714
46,Monika,Berg,unknown,monika.berg@gmail.com,369 Vernon Dr. ,Encino,CA,91316
47,Bridgette,Guerra,unknown,bridgette.guerra@hotmail.com,9982 Manor Drive ,San Lorenzo,CA,94580
48,Cesar,Jackson,unknown,cesar.jackson@gmail.com,8068 N. Griffin Ave. ,Liverpool,NY,13090
49,Caroll,Hays,unknown,caroll.hays@yahoo.com,9381 Wrangler St. ,Fairport,NY,14450
50,Cleotilde,Booth,unknown,cleotilde.booth@gmail.com,17 Corona St. ,Sugar Land,TX,77478
51,Gertrud,Rhodes,unknown,gertrud.rhodes@aol.com,9961 Meadowbrook Street ,Merrick,NY,11566
52,Tu,Ramirez,unknown,tu.ramirez@hotmail.com,24 W. Courtland Street ,East Elmhurst,NY,11369
53,Saturnina,Garner,unknown,saturnina.garner@gmail.com,8538 Fairground St. ,Glendora,CA,91740
54,Fran,Yang,unknown,fran.yang@hotmail.com,440 Pearl St. ,Utica,NY,13501
55,Diana,Guerra,unknown,diana.guerra@hotmail.com,45 Chapel Ave. ,Merrick,NY,11566
56,Lolita,Mosley,(281) 363-3309,lolita.mosley@hotmail.com,376 S. High Ridge St. ,Houston,TX,77016
57,Pamala,Henry,unknown,pamala.henry@aol.com,197 Bridgeton Ave. ,Bronx,NY,10451
58,Damien,Dorsey,unknown,damien.dorsey@yahoo.com,161 Old York Street ,Central Islip,NY,11722
59,Latasha,Stanley,unknown,latasha.stanley@gmail.com,8068 Fordham Drive ,Rockville Centre,NY,11570
60,Neil,Mccall,unknown,neil.mccall@gmail.com,7476 Oakland Dr. ,San Carlos,CA,94070
61,Elinore,Aguilar,unknown,elinore.aguilar@msn.com,9766 Rockcrest Ave. ,San Angelo,TX,76901
62,Alica,Hunter,unknown,alica.hunter@hotmail.com,8 San Juan Drive ,East Elmhurst,NY,11369
63,Tenisha,Lyons,unknown,tenisha.lyons@aol.com,78 E. Rock Creek Street ,Amityville,NY,11701
64,Bobbie,Foster,unknown,bobbie.foster@yahoo.com,988 Pineknoll Ave. ,Desoto,TX,75115
65,Kanesha,Vega,unknown,kanesha.vega@gmail.com,771 E. Oxford Drive ,Rome,NY,13440
66,Lorrie,Becker,unknown,lorrie.becker@yahoo.com,19 North Court ,Garland,TX,75043
67,Tommie,Melton,(916) 802-2952,tommie.melton@gmail.com,8 West Old York St. ,Sacramento,CA,95820
68,Jayne,Kirkland,unknown,jayne.kirkland@hotmail.com,7800 Second Lane ,Rowlett,TX,75088
69,Katelin,Kennedy,unknown,katelin.kennedy@gmail.com,286 Myrtle Lane ,Rocklin,CA,95677
70,Tomasa,Carson,unknown,tomasa.carson@aol.com,10 Clark Avenue ,East Elmhurst,NY,11369
71,Takako,Casey,unknown,takako.casey@aol.com,7548 Court Lane ,Bronx,NY,10451
72,Petronila,Norris,unknown,petronila.norris@aol.com,72 South Marshall Lane ,South El Monte,CA,91733
73,Melanie,Hayes,unknown,melanie.hayes@msn.com,5 N. Hall Dr. ,Liverpool,NY,13090
74,Georgeann,Waller,unknown,georgeann.waller@yahoo.com,9797 Bald Hill Ave. ,North Tonawanda,NY,14120
75,Abby,Gamble,unknown,abby.gamble@aol.com,60 Myers Dr. ,Amityville,NY,11701
76,Parker,Prince,unknown,parker.prince@hotmail.com,21 Sulphur Springs Drive ,Port Jefferson Station,NY,11776
77,Keri,Bridges,unknown,keri.bridges@gmail.com,8504 Brickell Ave. ,Richardson,TX,75080
78,Chi,Goff,unknown,chi.goff@aol.com,3 W. Glen Ridge Avenue ,Palos Verdes Peninsula,CA,90274
79,Ashanti,Parks,unknown,ashanti.parks@hotmail.com,846 N. Helen St. ,Baldwin,NY,11510
80,Sarai,Mckee,(716) 912-8110,sarai.mckee@msn.com,641 Glenwood Avenue ,Buffalo,NY,14215
81,Zina,Bonner,unknown,zina.bonner@hotmail.com,9312 8th Street ,San Lorenzo,CA,94580
82,Lizzie,Joyner,unknown,lizzie.joyner@msn.com,8541 Roberts St. ,Coachella,CA,92236
83,Tiesha,Daniel,unknown,tiesha.daniel@yahoo.com,6 West Bohemia Lane ,Scarsdale,NY,10583
84,Armand,Whitehead,unknown,armand.whitehead@hotmail.com,639 Harvey St. ,Lindenhurst,NY,11757
85,Teofila,Fischer,unknown,teofila.fischer@aol.com,1 West Brickyard St. ,Huntington Station,NY,11746
86,Lissa,Vargas,unknown,lissa.vargas@yahoo.com,517 Victoria Ave. ,Oswego,NY,13126
87,Yan,Mcgowan,unknown,yan.mcgowan@msn.com,8960 Newport Ave. ,Duarte,CA,91010
88,Titus,Bullock,unknown,titus.bullock@gmail.com,29 Oxford Avenue ,Hollis,NY,11423
89,Arvilla,Osborn,unknown,arvilla.osborn@gmail.com,60 Acacia Lane ,Upland,CA,91784
90,Marjorie,Logan,unknown,marjorie.logan@msn.com,95 Grandrose St. ,Franklin Square,NY,11010
91,Marvin,Mullins,(619) 635-2027,marvin.mullins@aol.com,7489 Redwood Drive ,San Diego,CA,92111
92,Tena,Cruz,unknown,tena.cruz@yahoo.com,1 South St. ,Farmingdale,NY,11735
93,Corrina,Sawyer,(248) 370-1364,corrina.sawyer@yahoo.com,95 Briarwood Lane ,Troy,NY,12180
94,Sharyn,Hopkins,unknown,sharyn.hopkins@hotmail.com,4 South Temple Ave. ,Baldwinsville,NY,13027
95,Letitia,Franco,unknown,letitia.franco@aol.com,607 Lakeview Drive ,Saratoga Springs,NY,12866
96,Floretta,Higgins,unknown,floretta.higgins@hotmail.com,870 Lilac Dr. ,Bayside,NY,11361
97,Louanne,Martin,unknown,louanne.martin@hotmail.com,1 Campfire Ave. ,Yuba City,CA,95993
98,Violet,Valenzuela,unknown,violet.valenzuela@msn.com,8668 Piper Street ,Plattsburgh,NY,12901
99,Carie,Kidd,unknown,carie.kidd@yahoo.com,6 East Clinton Street ,Monroe,NY,10950
100,Kellie,Franco,unknown,kellie.franco@yahoo.com,444 South Walnut Rd. ,Commack,NY,11725
101,Nichelle,Howell,unknown,nichelle.howell@aol.com,7670 Forest St. ,Scarsdale,NY,10583
102,Marisol,Goodman,unknown,marisol.goodman@gmail.com,864 East Cherry St. ,Canandaigua,NY,14424
103,Sylvie,Wilkerson,unknown,sylvie.wilkerson@yahoo.com,750 Central Ave. ,Syosset,NY,11791
104,Katharina,Bates,unknown,katharina.bates@gmail.com,54 South Greenview Drive ,Campbell,CA,95008
105,Marget,Hodge,unknown,marget.hodge@msn.com,7199 Selby Lane ,Woodhaven,NY,11421
106,Raul,Melendez,unknown,raul.melendez@hotmail.com,9772 Manhattan St. ,Elmhurst,NY,11373
107,Cecil,Hopper,unknown,cecil.hopper@yahoo.com,471 Glenlake Ave. ,Central Islip,NY,11722
108,Shae,Hickman,unknown,shae.hickman@hotmail.com,740 Pin Oak Street ,Floral Park,NY,11001
109,Monica,Sears,(408) 704-8863,monica.sears@aol.com,57 Glenholme St. ,San Jose,CA,95127
110,Ollie,Zimmerman,(657) 648-2863,ollie.zimmerman@yahoo.com,69 Wood Rd. ,Anaheim,CA,92806
111,Shila,White,unknown,shila.white@msn.com,94 Lakeshore Street ,Orchard Park,NY,14127
112,Yuk,Vega,unknown,yuk.vega@yahoo.com,413 Wood St. ,West Hempstead,NY,11552
113,Eliana,Silva,unknown,eliana.silva@gmail.com,7119 Summer Rd. ,Farmingdale,NY,11735
114,Thalia,Horne,unknown,thalia.horne@yahoo.com,9312 Harvard Street ,Amityville,NY,11701
115,Rey,Lindsay,unknown,rey.lindsay@gmail.com,16 Philmont St. ,Monroe,NY,10950
116,Merlene,Vinson,unknown,merlene.vinson@gmail.com,431 Vine Dr. ,Euless,TX,76039
117,Dacia,William,unknown,dacia.william@msn.com,62 Cypress Drive ,Sugar Land,TX,77478
118,Le,Wood,unknown,le.wood@yahoo.com,90 Primrose Dr. ,Pittsford,NY,14534
119,Thalia,Dillard,unknown,thalia.dillard@yahoo.com,987 NE. Gates Street ,San Angelo,TX,76901
120,Luz,House,(559) 114-2580,luz.house@gmail.com,491 Railroad Street ,Fresno,CA,93706
121,Lucy,Woods,unknown,lucy.woods@gmail.com,8437 West Rockaway St. ,Palos Verdes Peninsula,CA,90274
122,Shena,Carter,unknown,shena.carter@yahoo.com,72 University Road ,Howard Beach,NY,11414
123,Robena,Hill,(361) 598-4414,robena.hill@hotmail.com,263 Cross St. ,Corpus Christi,TX,78418
124,Jeni,Booker,unknown,jeni.booker@gmail.com,546 Railroad Dr. ,South El Monte,CA,91733
125,Herlinda,Stone,unknown,herlinda.stone@msn.com,725 Gulf St. ,Canandaigua,NY,14424
126,Lavina,Dejesus,unknown,lavina.dejesus@msn.com,59 E. Valley Avenue ,Newburgh,NY,12550
127,Erlinda,Nielsen,unknown,erlinda.nielsen@aol.com,728 Oxford Lane ,Maspeth,NY,11378
128,Terrance,Lynn,unknown,terrance.lynn@yahoo.com,91 East Buckingham Drive ,Plattsburgh,NY,12901
129,Walton,Dejesus,unknown,walton.dejesus@yahoo.com,15 Washington Rd. ,Lockport,NY,14094
130,Wes,Stanton,(248) 247-5074,wes.stanton@msn.com,8662 Tunnel Street ,Troy,NY,12180
131,Tanesha,Hampton,unknown,tanesha.hampton@hotmail.com,19 Belmont Ave. ,Syosset,NY,11791
132,Boyd,Irwin,unknown,boyd.irwin@hotmail.com,221 Whitemarsh St. ,Hamburg,NY,14075
133,Delbert,Wilkins,unknown,delbert.wilkins@aol.com,420 Greenview St. ,Coram,NY,11727
134,Brianna,Moss,(516) 156-8031,brianna.moss@msn.com,4 Longfellow St. ,Hempstead,NY,11550
135,Dorthey,Jackson,(281) 926-8010,dorthey.jackson@msn.com,9768 Brookside St. ,Houston,TX,77016
136,Sarita,Parks,unknown,sarita.parks@msn.com,7809 Second Lane ,Forney,TX,75126
137,Shonta,Mercer,unknown,shonta.mercer@aol.com,319 NE. La Sierra Avenue ,Massapequa,NY,11758
138,Jone,Bernard,(657) 536-5165,jone.bernard@hotmail.com,99 Longbranch Court ,Anaheim,CA,92806
139,Wanita,Davenport,unknown,wanita.davenport@aol.com,525 Dogwood Ave. ,Spring Valley,NY,10977
140,Cleopatra,Tate,unknown,cleopatra.tate@aol.com,97 N. Glenwood St. ,East Elmhurst,NY,11369
141,Ramiro,Byers,unknown,ramiro.byers@gmail.com,16 Pleasant St. ,Saint Albans,NY,11412
142,Nicholas,Vazquez,unknown,nicholas.vazquez@hotmail.com,9 Roosevelt Street ,West Hempstead,NY,11552
143,Janae,Doyle,unknown,janae.doyle@gmail.com,760 Rose Ave. ,Jackson Heights,NY,11372
144,Hans,Price,unknown,hans.price@hotmail.com,51 Glendale Road ,Port Chester,NY,10573
145,Miquel,Neal,unknown,miquel.neal@hotmail.com,9564 Deerfield Lane ,Staten Island,NY,10301
146,Stefany,Potter,unknown,stefany.potter@gmail.com,256 South Academy St. ,Saratoga Springs,NY,12866
147,Bernetta,Marquez,unknown,bernetta.marquez@hotmail.com,626 E. Dunbar Street ,Smithtown,NY,11787
148,Julee,Woodard,unknown,julee.woodard@yahoo.com,869 Summerhouse Dr. ,Richmond Hill,NY,11418
149,Meredith,Bryan,unknown,meredith.bryan@hotmail.com,8935 E. Oxford St. ,Spring Valley,NY,10977
150,Weldon,Michael,unknown,weldon.michael@hotmail.com,9952 Nut Swamp St. ,Huntington,NY,11743
151,Joesph,Delacruz,unknown,joesph.delacruz@aol.com,184 Cypress Street ,Atwater,CA,95301
152,Katherina,Odom,unknown,katherina.odom@yahoo.com,897 N. Oak Drive ,Plainview,NY,11803
153,Laraine,Robbins,unknown,laraine.robbins@yahoo.com,8214 E. Pin Oak Lane ,San Angelo,TX,76901
154,Jenise,Preston,unknown,jenise.preston@yahoo.com,9 Littleton Drive ,Helotes,TX,78023
155,Lory,Page,unknown,lory.page@hotmail.com,58 Summerhouse Street ,Bay Shore,NY,11706
156,Charlyn,Cantrell,unknown,charlyn.cantrell@yahoo.com,8756 Euclid St. ,West Islip,NY,11795
157,Carola,Rodriquez,unknown,carola.rodriquez@hotmail.com,9433 Heritage Lane ,Banning,CA,92220
158,Alane,Kennedy,unknown,alane.kennedy@yahoo.com,34 Green Lake Street ,Spring Valley,NY,10977
159,Regina,Burns,unknown,regina.burns@aol.com,713 Buckingham St. ,Garland,TX,75043
160,Omer,Estrada,unknown,omer.estrada@gmail.com,9 Honey Creek Street ,Rowlett,TX,75088
161,Crystle,Gilliam,unknown,crystle.gilliam@yahoo.com,86 Edgewater Road ,Smithtown,NY,11787
162,Kam,Wilder,unknown,kam.wilder@hotmail.com,500 West Clay Ave. ,Newburgh,NY,12550
163,Margert,Stevens,unknown,margert.stevens@aol.com,502 North Poplar St. ,Rome,NY,13440
164,Tomika,Larson,unknown,tomika.larson@yahoo.com,254 Canal St. ,Woodside,NY,11377
165,Jeromy,Burch,(408) 955-8238,jeromy.burch@msn.com,889 Mulberry Street ,San Jose,CA,95127
166,Lena,Mills,unknown,lena.mills@yahoo.com,42 Homestead St. ,Woodhaven,NY,11421
167,Loreta,Johnston,unknown,loreta.johnston@yahoo.com,39 Lafayette Dr. ,Spring Valley,NY,10977
168,Nettie,Mcdaniel,unknown,nettie.mcdaniel@hotmail.com,7004 E. Wakehurst St. ,South Ozone Park,NY,11420
169,Karla,Kirk,unknown,karla.kirk@yahoo.com,9718 Harvard Rd. ,Palos Verdes Peninsula,CA,90274
170,Regine,Gonzales,(805) 763-4045,regine.gonzales@gmail.com,798 Court Drive ,Oxnard,CA,93035
171,Miriam,Baker,unknown,miriam.baker@hotmail.com,90 Studebaker St. ,Uniondale,NY,11553
172,Jeanie,Kirkland,unknown,jeanie.kirkland@aol.com,7643 Old Theatre St. ,Santa Clara,CA,95050
173,Marquerite,Dawson,unknown,marquerite.dawson@gmail.com,37 Hamilton Court ,Garland,TX,75043
174,Babara,Ochoa,unknown,babara.ochoa@aol.com,872 Smith Store St. ,Scarsdale,NY,10583
175,Nova,Hess,unknown,nova.hess@msn.com,773 South Lafayette St. ,Duarte,CA,91010
176,Carley,Reynolds,unknown,carley.reynolds@gmail.com,2 Snake Hill Drive ,South El Monte,CA,91733
177,Carissa,Foreman,unknown,carissa.foreman@msn.com,69C N. Ridge Rd. ,Maspeth,NY,11378
178,Genoveva,Tyler,(212) 152-6381,genoveva.tyler@gmail.com,8121 Windfall Ave. ,New York,NY,10002
179,Deane,Sears,unknown,deane.sears@hotmail.com,3 Bradford Court ,Pittsford,NY,14534
180,Karey,Steele,unknown,karey.steele@gmail.com,8879 Kent Lane ,Farmingdale,NY,11735
181,Olevia,Pitts,unknown,olevia.pitts@gmail.com,39 Fieldstone Drive ,Redondo Beach,CA,90278
182,Jenniffer,Bullock,unknown,jenniffer.bullock@msn.com,38 Oxford Avenue ,Bay Shore,NY,11706
183,Jeniffer,Ratliff,unknown,jeniffer.ratliff@gmail.com,510 Rocky River Court ,Floral Park,NY,11001
184,Klara,Stanley,unknown,klara.stanley@aol.com,603 Mechanic St. ,Webster,NY,14580
185,Morton,Lee,unknown,morton.lee@yahoo.com,313 Ridge St. ,San Angelo,TX,76901
186,Ken,Charles,unknown,ken.charles@msn.com,9124 W. Piper Lane ,Monsey,NY,10952
187,Hedwig,Paul,unknown,hedwig.paul@msn.com,422 Manor Ave. ,Apple Valley,CA,92307
188,Sharla,Flynn,(805) 478-7724,sharla.flynn@hotmail.com,7 Brown Drive ,Oxnard,CA,93035
189,Damian,Dawson,unknown,damian.dawson@hotmail.com,528 St Margarets Street ,Liverpool,NY,13090
190,Toya,Pratt,(562) 218-6405,toya.pratt@yahoo.com,485 San Pablo Drive ,Long Beach,NY,11561
191,Graciela,Barber,(805) 656-6987,graciela.barber@hotmail.com,1 E. Young St. ,Oxnard,CA,93035
192,Bong,Hebert,unknown,bong.hebert@gmail.com,545 Brook St. ,Torrance,CA,90505
193,Ayanna,Rhodes,unknown,ayanna.rhodes@msn.com,7425 Pheasant St. ,Hicksville,NY,11801
194,Dorine,Roberson,unknown,dorine.roberson@msn.com,396 Meadowbrook Lane ,Santa Cruz,CA,95060
195,Addie,Hahn,unknown,addie.hahn@hotmail.com,8165 Baker Ave. ,Franklin Square,NY,11010
196,Edythe,Valencia,unknown,edythe.valencia@yahoo.com,9346 Wall St. ,North Tonawanda,NY,14120
197,Andy,O'neill,unknown,andy.o'neill@msn.com,9544 Mulberry Drive ,Rego Park,NY,11374
198,Luis,Tyler,unknown,luis.tyler@gmail.com,9568 Campfire Circle ,Amarillo,TX,79106
199,Clelia,Workman,unknown,clelia.workman@yahoo.com,620 North Somerset St. ,New Windsor,NY,12553
200,Ashely,Holmes,unknown,ashely.holmes@aol.com,45 High Ridge Ave. ,Farmingdale,NY,11735
201,Candis,Harding,unknown,candis.harding@gmail.com,33 NW. Cambridge Ave. ,Ballston Spa,NY,12020
202,Marni,Bolton,(717) 670-6268,marni.bolton@msn.com,7469 Plymouth Ave. ,Lancaster,NY,14086
203,Minerva,Decker,(281) 271-6390,minerva.decker@yahoo.com,794 Greenrose Street ,Houston,TX,77016
204,Alpha,King,unknown,alpha.king@hotmail.com,14 Henry Smith St. ,Rockville Centre,NY,11570
205,Harris,Pittman,unknown,harris.pittman@yahoo.com,404 Cherry Hill Road ,Jamaica,NY,11432
206,Stephaine,Riddle,unknown,stephaine.riddle@hotmail.com,199 Vermont Court ,Brooklyn,NY,11201
207,Michel,Blankenship,unknown,michel.blankenship@msn.com,382 West Hill Dr. ,Forney,TX,75126
208,Denis,Logan,unknown,denis.logan@msn.com,121 Rockcrest Street ,Ridgecrest,CA,93555
209,Jutta,Everett,unknown,jutta.everett@gmail.com,27 Taylor Ave. ,Selden,NY,11784
210,Priscilla,Wilkins,(229) 322-2269,priscilla.wilkins@aol.com,653 Pawnee Rd. ,Albany,NY,12203
211,Gilma,Dejesus,unknown,gilma.dejesus@yahoo.com,777 Thompson Ave. ,Scarsdale,NY,10583
212,Buford,Bridges,(248) 604-7346,buford.bridges@msn.com,239 Oak Valley Court ,Troy,NY,12180
213,Elenore,Hensley,unknown,elenore.hensley@hotmail.com,7037 Aspen St. ,Hamburg,NY,14075
214,Ross,Pugh,unknown,ross.pugh@msn.com,8598 Saxon St. ,North Tonawanda,NY,14120
215,Judith,Finley,unknown,judith.finley@hotmail.com,474 West Bank Road ,Whitestone,NY,11357
216,Wai,Soto,unknown,wai.soto@msn.com,30 Arch Drive ,Bethpage,NY,11714
217,Carline,Collier,(559) 810-6070,carline.collier@msn.com,28 Trenton Lane ,Fresno,CA,93706
218,Casey,Gill,unknown,casey.gill@gmail.com,636 Prospect Avenue ,Port Washington,NY,11050
219,Darcie,Morgan,(442) 618-7068,darcie.morgan@aol.com,476 East Adams Ave. ,Oceanside,NY,11572
220,Lucio,Sherman,unknown,lucio.sherman@gmail.com,842 Corona Ave. ,Smithtown,NY,11787
221,Clementine,Mooney,unknown,clementine.mooney@yahoo.com,678 Charles Court ,Mcallen,TX,78501
222,Anya,Contreras,unknown,anya.contreras@msn.com,38 Old Fairground St. ,East Northport,NY,11731
223,Scarlet,Yates,unknown,scarlet.yates@hotmail.com,687 Shirley St. ,Patchogue,NY,11772
224,Moses,Pope,unknown,moses.pope@yahoo.com,654 Theatre Street ,Lawndale,CA,90260
225,Barbera,Riggs,unknown,barbera.riggs@aol.com,12 Gartner Drive ,Plainview,NY,11803
226,Kiana,Rivera,unknown,kiana.rivera@gmail.com,9 Sheffield Dr. ,Richmond Hill,NY,11418
227,Danielle,Bond,unknown,danielle.bond@msn.com,8589 Shub Farm Street ,Patchogue,NY,11772
228,Whitney,Estes,(631) 315-4020,whitney.estes@gmail.com,454 Bear Hill Street ,Brentwood,NY,11717
229,Molly,Langley,unknown,molly.langley@aol.com,63 Bridgeton Street ,Holbrook,NY,11741
230,Chelsey,Hardin,unknown,chelsey.hardin@hotmail.com,13 Brickyard Street ,Deer Park,NY,11729
231,Jenee,Rasmussen,(916) 219-1774,jenee.rasmussen@hotmail.com,19 George Lane ,Sacramento,CA,95820
232,Freddie,Mathis,unknown,freddie.mathis@hotmail.com,31 Shady St. ,Euless,TX,76039
233,Mariana,Strong,unknown,mariana.strong@msn.com,972 Dunbar Dr. ,Santa Clara,CA,95050
234,Winfred,Harris,unknown,winfred.harris@msn.com,734 Glen Eagles St. ,East Meadow,NY,11554
235,Jeromy,Elliott,unknown,jeromy.elliott@gmail.com,7112 Laurel Street ,Bay Shore,NY,11706
236,Verona,O'neill,unknown,verona.o'neill@hotmail.com,8279 W. Sussex St. ,Selden,NY,11784
237,Elvera,Peck,unknown,elvera.peck@yahoo.com,759 Lakewood Street ,Banning,CA,92220
238,Cindi,Larson,unknown,cindi.larson@msn.com,896 Golden Star Rd. ,Howard Beach,NY,11414
239,Felice,Guzman,unknown,felice.guzman@hotmail.com,7 Creekside Lane ,Canyon Country,CA,91387
240,Le,Deleon,unknown,le.deleon@msn.com,58 Clark Court ,Banning,CA,92220
241,Manie,Sanchez,unknown,manie.sanchez@hotmail.com,471 Illinois Ave. ,Queensbury,NY,12804
242,Rutha,Howell,unknown,rutha.howell@gmail.com,9247 Jones Street ,Canyon Country,CA,91387
243,Natosha,Rowland,unknown,natosha.rowland@aol.com,51 Elmwood St. ,Ballston Spa,NY,12020
244,Jessika,Bray,unknown,jessika.bray@yahoo.com,37 East Greystone St. ,San Pablo,CA,94806
245,Delila,Hamilton,unknown,delila.hamilton@yahoo.com,7451 East James Ave. ,Palos Verdes Peninsula,CA,90274
246,Dionne,Norris,unknown,dionne.norris@yahoo.com,9993 Greenview Circle ,Niagara Falls,NY,14304
247,Muriel,Juarez,unknown,muriel.juarez@gmail.com,8073 Cemetery Drive ,Palos Verdes Peninsula,CA,90274
248,Cecelia,Gill,unknown,cecelia.gill@aol.com,372 Silver Spear Dr. ,Mcallen,TX,78501
249,Magda,Eaton,unknown,magda.eaton@aol.com,860 Middle River Street ,Ossining,NY,10562
250,Ivonne,Yang,(915) 181-1950,ivonne.yang@gmail.com,7359 North Lake View St. ,El Paso,TX,79930
251,Kasie,Rodriquez,unknown,kasie.rodriquez@aol.com,7 North Beech St. ,Ballston Spa,NY,12020
252,Eleni,Gordon,unknown,eleni.gordon@hotmail.com,583 W. San Carlos Street ,Richmond Hill,NY,11418
253,Maurice,Norton,unknown,maurice.norton@hotmail.com,32 Mayflower Dr. ,Atwater,CA,95301
254,Cristobal,Hutchinson,unknown,cristobal.hutchinson@gmail.com,58 Washington Avenue ,Lawndale,CA,90260
255,Flossie,Holder,unknown,flossie.holder@msn.com,8459 W. Newport Court ,Massapequa Park,NY,11762
256,Erma,Salinas,unknown,erma.salinas@gmail.com,347 Sheffield St. ,Merrick,NY,11566
257,Earl,Stanley,unknown,earl.stanley@gmail.com,569 Lake Lane ,Elmhurst,NY,11373
258,Maribel,William,unknown,maribel.william@aol.com,65 Magnolia Ave. ,Torrance,CA,90505
259,Johnathan,Velazquez,unknown,johnathan.velazquez@hotmail.com,9680 E. Somerset Street ,Pleasanton,CA,94566
260,Rodrick,Shelton,unknown,rodrick.shelton@hotmail.com,7157 Addison Street ,Canyon Country,CA,91387
261,Ferne,Kline,unknown,ferne.kline@hotmail.com,303 Shady St. ,Fullerton,CA,92831
262,Rubin,Decker,(716) 950-9835,rubin.decker@gmail.com,9875 Shady Ave. ,Buffalo,NY,14215
263,Dortha,Jarvis,(442) 919-8256,dortha.jarvis@yahoo.com,76 Prince Drive ,Oceanside,NY,11572
264,Mariela,Huffman,unknown,mariela.huffman@gmail.com,531 Fieldstone Road ,Garden City,NY,11530
265,Mellisa,Farley,unknown,mellisa.farley@yahoo.com,21 West Princess St. ,Central Islip,NY,11722
266,Myung,Hooper,unknown,myung.hooper@gmail.com,951 Mill Road ,Elmont,NY,11003
267,Angelina,Lloyd,unknown,angelina.lloyd@yahoo.com,9593 North Sherman Dr. ,Apple Valley,CA,92307
268,Trinity,Riddle,unknown,trinity.riddle@aol.com,23 Oakland Lane ,Ballston Spa,NY,12020
269,Barton,Crosby,unknown,barton.crosby@msn.com,896 Edgewater St. ,Bellmore,NY,11710
270,Claudio,Wise,unknown,claudio.wise@hotmail.com,810 Oxford Ave. ,Kingston,NY,12401
271,Katheleen,Marks,unknown,katheleen.marks@yahoo.com,69 North Tower St. ,Longview,TX,75604
272,Deja,Chaney,unknown,deja.chaney@hotmail.com,52 Woodside Ave. ,Jamaica,NY,11432
273,Queenie,Vance,unknown,queenie.vance@gmail.com,172 Arcadia Ave. ,Ozone Park,NY,11417
274,Josh,Shaw,unknown,josh.shaw@gmail.com,212 North Leeton Ridge Street ,Hopewell Junction,NY,12533
275,Pinkie,Kirkland,unknown,pinkie.kirkland@yahoo.com,18 Myers St. ,San Angelo,TX,76901
276,Lavette,Wright,unknown,lavette.wright@msn.com,6 Windsor Street ,Ronkonkoma,NY,11779
277,Mark,Garrett,unknown,mark.garrett@msn.com,285 Rosewood Dr. ,Monroe,NY,10950
278,Myesha,Burgess,unknown,myesha.burgess@gmail.com,306 Trenton Rd. ,Campbell,CA,95008
279,Justina,Long,unknown,justina.long@aol.com,39 Littleton Ave. ,South El Monte,CA,91733
280,Brenda,Tate,unknown,brenda.tate@msn.com,36 Hilltop Street ,San Angelo,TX,76901
281,Rayna,Perry,unknown,rayna.perry@hotmail.com,7238 Oakland St. ,Ozone Park,NY,11417
282,Randolph,Chase,unknown,randolph.chase@yahoo.com,828 Bridle Ave. ,San Lorenzo,CA,94580
283,Jaimee,Day,unknown,jaimee.day@aol.com,7534 Whitemarsh Ave. ,Poughkeepsie,NY,12601
284,Susann,Bass,unknown,susann.bass@msn.com,21 Old Rock Maple Ave. ,Commack,NY,11725
285,Leola,Gould,unknown,leola.gould@gmail.com,8 Kirkland St. ,Astoria,NY,11102
286,Virgil,Frost,unknown,virgil.frost@gmail.com,9798 Beacon St. ,Levittown,NY,11756
287,Mireille,Puckett,(805) 961-9909,mireille.puckett@hotmail.com,378 Purple Finch Drive ,Oxnard,CA,93035
288,Keturah,Massey,unknown,keturah.massey@msn.com,189 Arnold Drive ,Banning,CA,92220
289,Charmain,Webster,unknown,charmain.webster@hotmail.com,36 East Stonybrook Rd. ,Richardson,TX,75080
290,Barry,Buckner,unknown,barry.buckner@gmail.com,8779 High Noon Rd. ,Centereach,NY,11720
291,Boyce,Burks,unknown,boyce.burks@gmail.com,879 Harvey Dr. ,Sunnyside,NY,11104
292,Monty,Frost,(516) 460-5396,monty.frost@aol.com,76 Foxrun Dr. ,Hempstead,NY,11550
293,Tiny,French,unknown,tiny.french@hotmail.com,7163 Hall St. ,Plainview,NY,11803
294,Clementina,Sargent,unknown,clementina.sargent@hotmail.com,9853 Catherine Road ,Rome,NY,13440
295,Danny,Kim,unknown,danny.kim@msn.com,74 Essex Drive ,South Ozone Park,NY,11420
296,Sophia,Mcmillan,unknown,sophia.mcmillan@msn.com,8541 S. Pleasant Street ,Uniondale,NY,11553
297,Christia,Carson,unknown,christia.carson@gmail.com,220 Orchard Street ,Helotes,TX,78023
298,Jennie,Middleton,unknown,jennie.middleton@gmail.com,95 High Noon Dr. ,Upland,CA,91784
299,Jame,Riggs,unknown,jame.riggs@hotmail.com,9237 Hudson Drive ,Bay Shore,NY,11706
300,Rayford,Simon,unknown,rayford.simon@msn.com,998 Whitemarsh Road ,Mountain View,CA,94043
301,Annett,Garrett,unknown,annett.garrett@yahoo.com,19 Euclid Lane ,Scarsdale,NY,10583
302,Hayden,Cross,unknown,hayden.cross@gmail.com,90 Pumpkin Hill St. ,Apple Valley,CA,92307
303,Rolanda,Larsen,unknown,rolanda.larsen@yahoo.com,5 West University Court ,Woodhaven,NY,11421
304,Jayme,Zamora,unknown,jayme.zamora@gmail.com,2 Ridge Lane ,Springfield Gardens,NY,11413
305,Hope,Cotton,unknown,hope.cotton@aol.com,9092 Blue Spring Dr. ,Redondo Beach,CA,90278
306,Vikki,Erickson,unknown,vikki.erickson@yahoo.com,24 Jones Street ,Kingston,NY,12401
307,Fransisca,Nicholson,unknown,fransisca.nicholson@aol.com,945 Schoolhouse Street ,Glendora,CA,91740
308,Mazie,Fernandez,unknown,mazie.fernandez@hotmail.com,583 Harvard Ave. ,Webster,NY,14580
309,Anderson,Martin,unknown,anderson.martin@hotmail.com,9051 Hillside Dr. ,Canandaigua,NY,14424
310,Gilberto,Parsons,unknown,gilberto.parsons@gmail.com,8115 North Edgewater Drive ,Middle Village,NY,11379
311,Charise,Burt,(559) 888-2229,charise.burt@aol.com,582 Creek St. ,Fresno,CA,93706
312,Cameron,Carroll,unknown,cameron.carroll@yahoo.com,9133 South Halifax Ave. ,Longview,TX,75604
313,Melani,Jarvis,unknown,melani.jarvis@hotmail.com,8 Tunnel St. ,Maspeth,NY,11378
314,Javier,Nichols,unknown,javier.nichols@msn.com,8944 Marconi St. ,Rowlett,TX,75088
315,Justina,Jenkins,unknown,justina.jenkins@yahoo.com,8236 Creek St. ,Baldwin,NY,11510
316,Hortencia,Graham,unknown,hortencia.graham@aol.com,7764 Greenrose Street ,Euless,TX,76039
317,Christia,Wilkins,unknown,christia.wilkins@msn.com,7062 Willow Court ,Woodside,NY,11377
318,Eliz,Whitney,unknown,eliz.whitney@msn.com,523 Crescent Court ,Fullerton,CA,92831
319,Justin,Newton,unknown,justin.newton@hotmail.com,93 Shore Rd. ,Apple Valley,CA,92307
320,Aron,Wiggins,(442) 497-3353,aron.wiggins@aol.com,6 Bradford St. ,Oceanside,NY,11572
321,Chere,Hardin,unknown,chere.hardin@yahoo.com,763 Fulton Road ,Brooklyn,NY,11201
322,Merideth,Preston,unknown,merideth.preston@yahoo.com,794 Rockaway St. ,Poughkeepsie,NY,12601
323,Jeniffer,Slater,unknown,jeniffer.slater@aol.com,30 Old Orange Lane ,Schenectady,NY,12302
324,Laureen,Paul,unknown,laureen.paul@yahoo.com,617 Squaw Creek Rd. ,Bellmore,NY,11710
325,Berna,Moore,unknown,berna.moore@hotmail.com,7230 Lafayette Drive ,Bronx,NY,10451
326,Shiela,Calderon,unknown,shiela.calderon@msn.com,844 Albany St. ,Rocklin,CA,95677
327,Sharie,Alvarez,(212) 211-7621,sharie.alvarez@msn.com,987 West Leatherwood Dr. ,New York,NY,10002
328,Bettie,Glover,unknown,bettie.glover@gmail.com,9083 Addison Dr. ,Euless,TX,76039
329,Marilyn,Frank,unknown,marilyn.frank@aol.com,8878 Branch Street ,Port Chester,NY,10573
330,Sheba,Knapp,unknown,sheba.knapp@aol.com,86 Gates Street ,Woodside,NY,11377
331,Aleta,Mack,unknown,aleta.mack@yahoo.com,8869 W. Edgemont Lane ,Bay Shore,NY,11706
332,Reena,Higgins,unknown,reena.higgins@gmail.com,900 South Columbia Street ,Canyon Country,CA,91387
333,Ami,Mcmahon,unknown,ami.mcmahon@aol.com,566 Hilldale Drive ,Sunnyside,NY,11104
334,Somer,Jordan,unknown,somer.jordan@msn.com,7046 Helen Avenue ,Huntington Station,NY,11746
335,Scarlet,Reed,unknown,scarlet.reed@hotmail.com,151 S. Myers Court ,Bronx,NY,10451
336,Trisha,Johnson,(717) 126-8787,trisha.johnson@msn.com,59 Wild Horse St. ,Lancaster,NY,14086
337,Majorie,Wyatt,unknown,majorie.wyatt@yahoo.com,8507 Miller St. ,South Ozone Park,NY,11420
338,Abbey,Pugh,unknown,abbey.pugh@gmail.com,26 Market Drive ,Forest Hills,NY,11375
339,Tamela,Harrell,unknown,tamela.harrell@aol.com,7316 Cypress Rd. ,Central Islip,NY,11722
340,Yanira,Bradshaw,unknown,yanira.bradshaw@gmail.com,7484 Ann Court ,Smithtown,NY,11787
341,Delana,Scott,unknown,delana.scott@yahoo.com,7372 Ridgeview St. ,Mount Vernon,NY,10550
342,Cassondra,Pruitt,unknown,cassondra.pruitt@aol.com,4 Alderwood Circle ,Merrick,NY,11566
343,Jesica,Fields,unknown,jesica.fields@yahoo.com,318 Country Dr. ,Commack,NY,11725
344,Herta,Rollins,unknown,herta.rollins@msn.com,287 1st Drive ,Mountain View,CA,94043
345,Mi,Gray,(229) 813-2130,mi.gray@aol.com,27 Roehampton Dr. ,Albany,NY,12203
346,Jacalyn,Barnett,unknown,jacalyn.barnett@gmail.com,7537 Swanson Street ,Maspeth,NY,11378
347,Kanesha,Hudson,(510) 788-7298,kanesha.hudson@gmail.com,8293 Gartner Drive ,Oakland,CA,94603
348,Darren,Witt,unknown,darren.witt@aol.com,916 Hillcrest Ave. ,Coachella,CA,92236
349,Mable,Pratt,unknown,mable.pratt@gmail.com,254 SW. Temple Street ,Coachella,CA,92236
350,Christoper,Mccall,unknown,christoper.mccall@msn.com,72 Summit St. ,Bay Shore,NY,11706
351,Margorie,Wynn,unknown,margorie.wynn@gmail.com,707 Schoolhouse St. ,Monsey,NY,10952
352,Josef,Greer,unknown,josef.greer@gmail.com,92 Summer Court ,Jamaica,NY,11432
353,Tisa,Whitney,unknown,tisa.whitney@yahoo.com,549 Newbridge Dr. ,Monsey,NY,10952
354,Tonda,Armstrong,unknown,tonda.armstrong@aol.com,19 Forest Rd. ,Sunnyside,NY,11104
355,Arvilla,Weiss,unknown,arvilla.weiss@msn.com,477 Blue Spring St. ,Bay Shore,NY,11706
356,Vashti,Rosario,unknown,vashti.rosario@yahoo.com,623 Johnson Circle ,Bronx,NY,10451
357,Sheri,Cole,(408) 658-2285,sheri.cole@aol.com,479 Chapel Court ,San Jose,CA,95127
358,Kandace,Giles,unknown,kandace.giles@msn.com,30 NE. Walt Whitman Drive ,Wantagh,NY,11793
359,Angie,Powers,unknown,angie.powers@aol.com,6 Rockland Dr. ,Pomona,CA,91768
360,Van,Peters,(281) 658-7772,van.peters@yahoo.com,45 Fifth Dr. ,Houston,TX,77016
361,Virgina,Berg,unknown,virgina.berg@yahoo.com,804 South Purple Finch Drive ,Valley Stream,NY,11580
362,Olevia,Noel,unknown,olevia.noel@yahoo.com,39 N. Rosewood Dr. ,Kingston,NY,12401
363,Kaci,Gallegos,unknown,kaci.gallegos@gmail.com,8573 Halifax St. ,Ballston Spa,NY,12020
364,Bev,Chang,unknown,bev.chang@yahoo.com,104 Rockville St. ,Ithaca,NY,14850
365,Rodger,Rojas,unknown,rodger.rojas@yahoo.com,8442 Cooper Ave. ,Bayside,NY,11361
366,Lavonne,Anderson,unknown,lavonne.anderson@aol.com,9420 Wintergreen Court ,Floral Park,NY,11001
367,Blanca,Hooper,unknown,blanca.hooper@msn.com,340 Bald Hill St. ,Ozone Park,NY,11417
368,Alysha,Powers,unknown,alysha.powers@msn.com,39 West Marshall Ave. ,Forest Hills,NY,11375
369,Mary,Singleton,unknown,mary.singleton@hotmail.com,474 Amerige Ave. ,Woodside,NY,11377
370,Jina,Cooper,unknown,jina.cooper@aol.com,8947 W. Lexington Rd. ,Howard Beach,NY,11414
371,Loni,Duncan,unknown,loni.duncan@gmail.com,80 Saxton Lane ,Rosedale,NY,11422
372,Collene,Roman,unknown,collene.roman@aol.com,30 North Argyle Dr. ,Wappingers Falls,NY,12590
373,Mariette,Trevino,unknown,mariette.trevino@aol.com,4 Border Court ,Utica,NY,13501
374,Candelaria,Coffey,unknown,candelaria.coffey@aol.com,45 Newport Lane ,Merrick,NY,11566
375,Yan,Trevino,unknown,yan.trevino@gmail.com,796 Jefferson Rd. ,Uniondale,NY,11553
376,Elanor,Patrick,unknown,elanor.patrick@aol.com,51 Howard Ave. ,Victoria,TX,77904
377,Klara,Mosley,unknown,klara.mosley@gmail.com,518 Devon Court ,Port Chester,NY,10573
378,Rosalba,O'neal,unknown,rosalba.o'neal@yahoo.com,7517 Pennsylvania St. ,Mount Vernon,NY,10550
379,Mina,Carrillo,unknown,mina.carrillo@aol.com,8659 Trenton Lane ,Uniondale,NY,11553
380,Alesia,Horne,unknown,alesia.horne@aol.com,9229 Amherst Lane ,Selden,NY,11784
381,Kristen,Alvarez,unknown,kristen.alvarez@aol.com,9778 North River St. ,Bronx,NY,10451
382,Collin,Webster,unknown,collin.webster@aol.com,475 Cottage Rd. ,Howard Beach,NY,11414
383,Ashlee,Pena,unknown,ashlee.pena@aol.com,966 Highland St. ,Whitestone,NY,11357
384,Aimee,Merritt,unknown,aimee.merritt@yahoo.com,537 East Meadowbrook St. ,Flushing,NY,11354
385,Rochelle,Ward,unknown,rochelle.ward@yahoo.com,7855 La Sierra Street ,Glendora,CA,91740
386,Nelle,Beck,unknown,nelle.beck@aol.com,8998 Wakehurst Drive ,Upland,CA,91784
387,Kaila,Walters,unknown,kaila.walters@msn.com,57 Gates Drive ,Elmhurst,NY,11373
388,Aleta,Stone,unknown,aleta.stone@aol.com,8 Elm Dr. ,Whitestone,NY,11357
389,Leif,Short,unknown,leif.short@gmail.com,962 Carpenter Ave. ,San Angelo,TX,76901
390,Lorrie,Pollard,unknown,lorrie.pollard@yahoo.com,7834 Shore Ave. ,Ronkonkoma,NY,11779
391,Vernita,Ball,unknown,vernita.ball@gmail.com,126 Arnold Dr. ,Los Banos,CA,93635
392,Cyndi,Bush,unknown,cyndi.bush@gmail.com,18 Smoky Hollow Drive ,Elmhurst,NY,11373
393,Gertrude,Terry,unknown,gertrude.terry@hotmail.com,34 Airport Dr. ,Upland,CA,91784
394,Virgen,Clemons,unknown,virgen.clemons@gmail.com,354 Cactus Drive ,South El Monte,CA,91733
395,Fairy,Robinson,unknown,fairy.robinson@msn.com,8837 Joy Ridge St. ,Liverpool,NY,13090
396,Laverna,Hernandez,unknown,laverna.hernandez@hotmail.com,34 South Longfellow St. ,Niagara Falls,NY,14304
397,Jeannie,Wilcox,unknown,jeannie.wilcox@yahoo.com,7744 Miles Dr. ,Franklin Square,NY,11010
398,Suellen,Mercado,unknown,suellen.mercado@yahoo.com,3 Taylor Drive ,Sunnyside,NY,11104
399,Bart,Hess,unknown,bart.hess@aol.com,799 N. Maiden Street ,Kingston,NY,12401
400,Alfredo,Dodson,unknown,alfredo.dodson@hotmail.com,8960 Glenholme Dr. ,Depew,NY,14043
401,Shaunda,Barnett,unknown,shaunda.barnett@gmail.com,9366 San Carlos Lane ,Longview,TX,75604
402,Kerrie,Morton,unknown,kerrie.morton@hotmail.com,8772 State St. ,Pittsford,NY,14534
403,Elouise,Fry,unknown,elouise.fry@aol.com,49 Bohemia Street ,Canyon Country,CA,91387
404,Augustus,Steele,unknown,augustus.steele@aol.com,7474 N. Orchard St. ,Ballston Spa,NY,12020
405,Greta,Page,unknown,greta.page@hotmail.com,8316 Augusta Drive ,Commack,NY,11725
406,Kerrie,O'neill,unknown,kerrie.o'neill@gmail.com,69 Wellington Ave. ,Shirley,NY,11967
407,Dannette,Guerrero,unknown,dannette.guerrero@gmail.com,68 Carriage Street ,San Pablo,CA,94806
408,Edra,Fitzgerald,unknown,edra.fitzgerald@msn.com,8892 Birchwood St. ,Central Islip,NY,11722
409,Jerome,Bolton,unknown,jerome.bolton@msn.com,9921 Argyle Street ,Carmel,NY,10512
410,Conception,Slater,unknown,conception.slater@gmail.com,5 Sunset Street ,Bellmore,NY,11710
411,Octavia,Case,(212) 171-1335,octavia.case@aol.com,40 Charles Road ,New York,NY,10002
412,Dexter,Roberts,unknown,dexter.roberts@gmail.com,84 Thatcher Court ,Sunnyside,NY,11104
413,Ginette,Edwards,unknown,ginette.edwards@hotmail.com,9262 NW. Center Ave. ,Baldwin,NY,11510
414,Romaine,Haley,unknown,romaine.haley@aol.com,737 Edgefield Drive ,Ithaca,NY,14850
415,Gwendolyn,Miller,unknown,gwendolyn.miller@msn.com,90 Fordham Ave. ,Harlingen,TX,78552
416,Luke,Fuller,(516) 363-2253,luke.fuller@hotmail.com,576 Cleveland Lane ,Hempstead,NY,11550
417,Zoraida,Patton,unknown,zoraida.patton@aol.com,95 Grand Dr. ,Huntington Station,NY,11746
418,Georgeanna,Webster,(805) 885-8830,georgeanna.webster@msn.com,40 Creekside Circle ,Oxnard,CA,93035
419,Krystin,Marshall,unknown,krystin.marshall@hotmail.com,10 Old Proctor Lane ,Poughkeepsie,NY,12601
420,Vince,Schneider,unknown,vince.schneider@hotmail.com,473 Corona Ave. ,Merrick,NY,11566
421,Iola,Rasmussen,unknown,iola.rasmussen@yahoo.com,283 N. Manor Station Dr. ,Monroe,NY,10950
422,Valery,Saunders,unknown,valery.saunders@msn.com,42 Marlborough St. ,Victoria,TX,77904
423,Johna,Powers,unknown,johna.powers@hotmail.com,379 Central Ave. ,Deer Park,NY,11729
424,Charleen,Hurst,unknown,charleen.hurst@yahoo.com,87 Country Avenue ,Utica,NY,13501
425,Augustina,Joyner,unknown,augustina.joyner@aol.com,7931 Honey Creek Court ,Mount Vernon,NY,10550
426,Daisy,Ward,unknown,daisy.ward@msn.com,45 Silver Spear Ave. ,Pomona,CA,91768
427,Latonya,Dixon,unknown,latonya.dixon@hotmail.com,9399 Evergreen Street ,Garland,TX,75043
428,Hipolito,Padilla,unknown,hipolito.padilla@hotmail.com,311 E. Rose Avenue ,New Rochelle,NY,10801
429,Emmett,Casey,unknown,emmett.casey@yahoo.com,893 Logan St. ,Valley Stream,NY,11580
430,Kandi,Mcneil,unknown,kandi.mcneil@msn.com,402 Border Street ,Massapequa Park,NY,11762
431,Luciano,Marsh,unknown,luciano.marsh@aol.com,7685 South Willow Drive ,Bellmore,NY,11710
432,Julius,Holt,unknown,julius.holt@aol.com,386 Lower River Street ,East Meadow,NY,11554
433,Holly,Nieves,unknown,holly.nieves@aol.com,60 Cleveland St. ,Longview,TX,75604
434,Douglass,Little,unknown,douglass.little@hotmail.com,294 Harvey Drive ,Duarte,CA,91010
435,Izola,Hobbs,unknown,izola.hobbs@gmail.com,685 Beacon Dr. ,Woodhaven,NY,11421
436,Honey,Camacho,unknown,honey.camacho@gmail.com,934 2nd St. ,Bayside,NY,11361
437,Laureen,Barry,unknown,laureen.barry@yahoo.com,909 Ridge St. ,Orchard Park,NY,14127
438,Katharine,Herrera,unknown,katharine.herrera@hotmail.com,395 SE. Branch St. ,Queensbury,NY,12804
439,Sunshine,Rosario,unknown,sunshine.rosario@aol.com,1 Chestnut Lane ,Jamaica,NY,11432
440,Yevette,Todd,unknown,yevette.todd@aol.com,119 Lakewood Rd. ,Ballston Spa,NY,12020
441,Dorthea,Walker,unknown,dorthea.walker@aol.com,11 Third St. ,Port Washington,NY,11050
442,Alane,Munoz,(914) 706-7576,alane.munoz@gmail.com,8 Strawberry Dr. ,Yonkers,NY,10701
443,Ayana,Keith,(805) 230-2101,ayana.keith@hotmail.com,182 Thorne Road ,Oxnard,CA,93035
444,Caridad,Compton,unknown,caridad.compton@aol.com,9575 SW. Kingston Court ,San Lorenzo,CA,94580
445,Earline,Ballard,unknown,earline.ballard@hotmail.com,939 Lyme Road ,Mount Vernon,NY,10550
446,Nathanael,Bradley,unknown,nathanael.bradley@aol.com,58 Third St. ,Amsterdam,NY,12010
447,Chasidy,Tran,unknown,chasidy.tran@msn.com,9286 Anderson Street ,Vista,CA,92083
448,Janella,Bright,(507) 616-2958,janella.bright@aol.com,7317 Tower Dr. ,Rochester,NY,14606
449,Josie,Schultz,unknown,josie.schultz@hotmail.com,225 Mammoth Street ,Canyon Country,CA,91387
450,Ellsworth,Michael,unknown,ellsworth.michael@yahoo.com,9982 White St. ,Carmel,NY,10512
451,Jennette,Wooten,unknown,jennette.wooten@msn.com,8221 Bow Ridge Lane ,Rowlett,TX,75088
452,Cassandra,Nichols,unknown,cassandra.nichols@yahoo.com,4 Glenwood Circle ,Hicksville,NY,11801
453,Courtney,Wyatt,unknown,courtney.wyatt@gmail.com,369 Arrowhead St. ,Garden City,NY,11530
454,Terese,Palmer,unknown,terese.palmer@hotmail.com,8 Sugar Drive ,Bay Shore,NY,11706
455,Sherita,Cherry,unknown,sherita.cherry@gmail.com,9636 Old Cedarwood Street ,Liverpool,NY,13090
456,Serina,Hensley,unknown,serina.hensley@yahoo.com,53 Proctor Drive ,Jamaica,NY,11432
457,Jeni,Farley,unknown,jeni.farley@aol.com,4 Mill Lane ,Richmond Hill,NY,11418
458,Everett,Vega,unknown,everett.vega@yahoo.com,7859 James Ave. ,Holbrook,NY,11741
459,Latosha,Dalton,(661) 529-4501,latosha.dalton@yahoo.com,59 E. Wintergreen Ave. ,Bakersfield,CA,93306
460,Romelia,Myers,unknown,romelia.myers@msn.com,8630 Brook St. ,Garden City,NY,11530
461,Effie,Jenkins,(631) 477-1277,effie.jenkins@msn.com,75 South Glen Eagles Court ,Brentwood,NY,11717
462,Efren,Oliver,unknown,efren.oliver@gmail.com,9343 1st Rd. ,Nanuet,NY,10954
463,Jerlene,Rios,unknown,jerlene.rios@yahoo.com,32 Griffin St. ,Plainview,NY,11803
464,Bess,Mcbride,unknown,bess.mcbride@yahoo.com,9832 Winchester St. ,Garden City,NY,11530
465,Birdie,Kramer,(248) 725-2174,birdie.kramer@hotmail.com,311 Newcastle Dr. ,Troy,NY,12180
466,Collen,Hayes,unknown,collen.hayes@yahoo.com,117 Eagle St. ,Smithtown,NY,11787
467,Clare,Neal,unknown,clare.neal@msn.com,8922 Shady Ave. ,Mahopac,NY,10541
468,Jeanett,Herman,unknown,jeanett.herman@hotmail.com,839 East Arch Street ,Lindenhurst,NY,11757
469,Micki,Rutledge,unknown,micki.rutledge@aol.com,9868 Marvon Street ,Richmond Hill,NY,11418
470,Loise,Walker,unknown,loise.walker@aol.com,201 Glen Eagles St. ,Shirley,NY,11967
471,Burma,Summers,unknown,burma.summers@yahoo.com,890 East Elmwood Street ,Freeport,NY,11520
472,Myron,Ruiz,unknown,myron.ruiz@gmail.com,45 Shadow Brook Lane ,Amityville,NY,11701
473,Lashawna,Richardson,unknown,lashawna.richardson@hotmail.com,9920 Purple Finch St. ,Baldwin,NY,11510
474,Lavern,Orr,unknown,lavern.orr@hotmail.com,913 N. Young Street ,Webster,NY,14580
475,Alec,Peck,unknown,alec.peck@hotmail.com,4 W. Belmont St. ,Victoria,TX,77904
476,Christopher,Richardson,unknown,christopher.richardson@gmail.com,7846 Windfall Dr. ,Santa Cruz,CA,95060
477,Arminda,Weber,unknown,arminda.weber@yahoo.com,6 Hill Field St. ,Bellmore,NY,11710
478,Emmett,Hahn,unknown,emmett.hahn@hotmail.com,7727 6th St. ,Freeport,NY,11520
479,Gertha,Mejia,unknown,gertha.mejia@yahoo.com,518 Orchard St. ,Flushing,NY,11354
480,Garland,Weaver,unknown,garland.weaver@gmail.com,7161 Goldfield Court ,Amsterdam,NY,12010
481,Jayson,Rutledge,unknown,jayson.rutledge@yahoo.com,8672 Coffee St. ,Lake Jackson,TX,77566
482,Narcisa,Knapp,unknown,narcisa.knapp@aol.com,435 Dogwood Dr. ,Amarillo,TX,79106
483,Gayla,Sims,unknown,gayla.sims@gmail.com,98 Hall Street ,Lindenhurst,NY,11757
484,Chelsey,Boyd,unknown,chelsey.boyd@yahoo.com,9569 Birchpond Ave. ,Euless,TX,76039
485,Catherine,Miles,unknown,catherine.miles@msn.com,7189 Elm Dr. ,East Elmhurst,NY,11369
486,Valeri,Marshall,unknown,valeri.marshall@hotmail.com,494 East Brewery Dr. ,East Meadow,NY,11554
487,Grace,Madden,unknown,grace.madden@gmail.com,606 East Rocky River St. ,San Pablo,CA,94806
488,Joaquin,Hawkins,(657) 557-1746,joaquin.hawkins@aol.com,3 Oklahoma Lane ,Anaheim,CA,92806
489,Kirstie,Vazquez,unknown,kirstie.vazquez@gmail.com,8006 Rockland Ave. ,Saratoga Springs,NY,12866
490,Yu,Mcdonald,unknown,yu.mcdonald@aol.com,784 Pheasant Rd. ,Ossining,NY,10562
491,Celestine,Jacobs,unknown,celestine.jacobs@gmail.com,87 Hanover Rd. ,Massapequa,NY,11758
492,Justa,Thompson,unknown,justa.thompson@aol.com,43 Manor Ave. ,Corona,NY,11368
493,Lise,Alvarado,unknown,lise.alvarado@gmail.com,9816 Newcastle Dr. ,Hamburg,NY,14075
494,Pearl,Fox,unknown,pearl.fox@yahoo.com,9415 Honey Creek Dr. ,Uniondale,NY,11553
495,Travis,Goodman,unknown,travis.goodman@yahoo.com,65 Rockcrest Dr. ,Los Banos,CA,93635
496,Shu,Mays,unknown,shu.mays@gmail.com,996 St Margarets Lane ,Astoria,NY,11102
497,Ezra,Fowler,unknown,ezra.fowler@hotmail.com,16 Pearl St. ,Nanuet,NY,10954
498,Edda,Young,unknown,edda.young@gmail.com,50 S. Airport Street ,North Tonawanda,NY,14120
499,Lidia,Ashley,unknown,lidia.ashley@hotmail.com,8436 Meadow St. ,Baldwinsville,NY,13027
500,Moira,Lester,unknown,moira.lester@msn.com,496 Greystone Court ,Jackson Heights,NY,11372
501,Tony,Hicks,(657) 260-6783,tony.hicks@gmail.com,226 Carriage Street ,Anaheim,CA,92806
502,Malinda,Baxter,unknown,malinda.baxter@yahoo.com,7698 Briarwood Ave. ,Whitestone,NY,11357
503,Marlo,Jefferson,unknown,marlo.jefferson@gmail.com,39 Trenton Rd. ,Niagara Falls,NY,14304
504,Tiana,Henderson,unknown,tiana.henderson@aol.com,62 Orange St. ,Franklin Square,NY,11010
505,Wilda,Petersen,unknown,wilda.petersen@aol.com,899 Helen St. ,Jamaica,NY,11432
506,Irving,Pitts,unknown,irving.pitts@msn.com,346 College Court ,Torrance,CA,90505
507,Sheree,Pena,unknown,sheree.pena@yahoo.com,822 Virginia Court ,Staten Island,NY,10301
508,Vance,Taylor,(717) 218-5607,vance.taylor@msn.com,8279 Military Dr. ,Lancaster,NY,14086
509,Terra,Pickett,unknown,terra.pickett@aol.com,7822 Depot Avenue ,Amsterdam,NY,12010
510,Faustino,Delacruz,unknown,faustino.delacruz@msn.com,88 West Greenview Street ,South Richmond Hill,NY,11419
511,Julienne,Moody,(682) 841-4643,julienne.moody@hotmail.com,35 South Oxford Rd. ,Fort Worth,TX,76110
512,Hee,Greer,unknown,hee.greer@hotmail.com,41 North Garfield Ave. ,Selden,NY,11784
513,Whitney,Cash,unknown,whitney.cash@gmail.com,8 Surrey Street ,Hamburg,NY,14075
514,Clarita,Curry,unknown,clarita.curry@hotmail.com,661 Tanglewood Street ,Hollis,NY,11423
515,Reita,Dickson,unknown,reita.dickson@hotmail.com,7506 Mechanic Dr. ,Scarsdale,NY,10583
516,Rosa,Kinney,unknown,rosa.kinney@yahoo.com,330 Highland Drive ,Brooklyn,NY,11201
517,Buford,Gilbert,unknown,buford.gilbert@yahoo.com,9 East Ketch Harbour Street ,Bellmore,NY,11710
518,Homer,Powers,unknown,homer.powers@msn.com,8207 East El Dorado Ave. ,Palos Verdes Peninsula,CA,90274
519,Rudolf,Gilliam,unknown,rudolf.gilliam@aol.com,17 Marlborough Circle ,Palos Verdes Peninsula,CA,90274
520,Andreas,Herman,unknown,andreas.herman@msn.com,456 Rock Creek Street ,Mount Vernon,NY,10550
521,Max,Charles,unknown,max.charles@gmail.com,695 St Paul Street ,Glen Cove,NY,11542
522,Tammera,Fischer,(510) 534-8845,tammera.fischer@hotmail.com,405 Olive St. ,Oakland,CA,94603
523,Joshua,Robertson,unknown,joshua.robertson@gmail.com,81 Campfire Court ,Patchogue,NY,11772
524,Larraine,Horn,unknown,larraine.horn@msn.com,368 South Summerhouse Dr. ,Utica,NY,13501
525,Andreas,Mayer,unknown,andreas.mayer@hotmail.com,8577 Galvin Circle ,New Rochelle,NY,10801
526,Lazaro,Moran,unknown,lazaro.moran@gmail.com,83 E. Buttonwood Street ,Sugar Land,TX,77478
527,Afton,Juarez,unknown,afton.juarez@gmail.com,8330 Riverview Drive ,Coram,NY,11727
528,Angele,Schroeder,(845) 804-6312,angele.schroeder@yahoo.com,33 S. Shadow Brook Street ,New City,NY,10956
529,Ellena,Clements,unknown,ellena.clements@aol.com,7918 Mulberry Street ,Santa Monica,CA,90403
530,Selene,Austin,unknown,selene.austin@msn.com,9042 Linda Circle ,Duarte,CA,91010
531,Kimberely,Bowen,(248) 199-2582,kimberely.bowen@hotmail.com,88 Belmont Street ,Troy,NY,12180
532,Mia,Delgado,unknown,mia.delgado@yahoo.com,850 Wakehurst Drive ,Coachella,CA,92236
533,Garret,Clay,(361) 687-9477,garret.clay@yahoo.com,9516 College Drive ,Corpus Christi,TX,78418
534,Alejandro,Haney,unknown,alejandro.haney@msn.com,3 Griffin Street ,Wantagh,NY,11793
535,Inge,Olsen,(562) 719-5041,inge.olsen@msn.com,295 Iroquois Rd. ,Long Beach,NY,11561
536,Christiane,Bradford,unknown,christiane.bradford@gmail.com,9043 Woodland Ave. ,Orchard Park,NY,14127
537,Carter,Bentley,unknown,carter.bentley@yahoo.com,145 North Bridle Ave. ,Carmel,NY,10512
538,Sherie,Ayala,unknown,sherie.ayala@msn.com,5 Beech Ave. ,South El Monte,CA,91733
539,Jamika,Acevedo,unknown,jamika.acevedo@yahoo.com,8027 NW. Poplar St. ,Ozone Park,NY,11417
540,Shery,Randolph,unknown,shery.randolph@hotmail.com,602 Laurel Street ,Ontario,CA,91762
541,Lanita,Burton,unknown,lanita.burton@msn.com,8980 Aspen Avenue ,Coachella,CA,92236
542,Timothy,Byers,unknown,timothy.byers@msn.com,8645 Devonshire Lane ,Ronkonkoma,NY,11779
543,Jasmin,Young,unknown,jasmin.young@gmail.com,337 Beach Street ,Helotes,TX,78023
544,Catarina,Mendez,unknown,catarina.mendez@hotmail.com,444 Hanover Court ,West Islip,NY,11795
545,Tajuana,Rollins,unknown,tajuana.rollins@msn.com,724 N. Glen Creek Street ,Oswego,NY,13126
546,Thad,Castro,(631) 943-1407,thad.castro@msn.com,71 Surrey Ave. ,Brentwood,NY,11717
547,Tena,Huber,unknown,tena.huber@gmail.com,185 East Littleton St. ,Newburgh,NY,12550
548,Dori,Alvarez,unknown,dori.alvarez@msn.com,8208 Brandywine St. ,Kingston,NY,12401
549,Elmo,Arnold,(562) 841-9339,elmo.arnold@aol.com,7616 Lyme Rd. ,Long Beach,NY,11561
550,Felicidad,Golden,unknown,felicidad.golden@yahoo.com,9712 Coffee Ave. ,Lockport,NY,14094
551,Jenine,Crane,(682) 183-6555,jenine.crane@msn.com,7381 Alderwood Drive ,Fort Worth,TX,76110
552,Lea,Key,unknown,lea.key@yahoo.com,7 Ocean St. ,Banning,CA,92220
553,Rory,Cooper,unknown,rory.cooper@gmail.com,459 West Street ,Rocklin,CA,95677
554,Hilde,Nieves,unknown,hilde.nieves@gmail.com,9437 Fordham Lane ,Campbell,CA,95008
555,Marry,Benjamin,unknown,marry.benjamin@yahoo.com,33 Amerige Street ,Forney,TX,75126
556,Vernell,Goff,unknown,vernell.goff@msn.com,77 Cobblestone St. ,Monroe,NY,10950
557,Erlene,Cook,unknown,erlene.cook@gmail.com,89 Blue Spring Street ,Mount Vernon,NY,10550
558,Carroll,Kelly,unknown,carroll.kelly@yahoo.com,346 Grant Circle ,Monroe,NY,10950
559,Basilia,Thornton,(631) 592-9548,basilia.thornton@hotmail.com,9033 Pine Dr. ,Brentwood,NY,11717
560,Tricia,Daniels,unknown,tricia.daniels@gmail.com,8628 Crescent Court ,Forney,TX,75126
561,Kandace,Hughes,unknown,kandace.hughes@hotmail.com,482 Ryan Ave. ,San Lorenzo,CA,94580
562,Alejandro,Norman,unknown,alejandro.norman@yahoo.com,8918 Marsh Lane ,Upland,CA,91784
563,Rodney,Odom,unknown,rodney.odom@yahoo.com,7782 North Deerfield Lane ,Richmond Hill,NY,11418
564,Bettie,Pierce,unknown,bettie.pierce@gmail.com,787 North Vernon Lane ,Farmingdale,NY,11735
565,Dagny,Owen,unknown,dagny.owen@hotmail.com,8028 Thompson Drive ,San Angelo,TX,76901
566,Cinthia,Poole,unknown,cinthia.poole@aol.com,7 Central Ave. ,Lake Jackson,TX,77566
567,Sheila,Travis,unknown,sheila.travis@yahoo.com,9285 Front St. ,Longview,TX,75604
568,Arcelia,Vinson,unknown,arcelia.vinson@gmail.com,40 Dogwood St. ,West Islip,NY,11795
569,Lucas,Estes,unknown,lucas.estes@yahoo.com,99 Old Church St. ,Santa Monica,CA,90403
570,Marissa,Summers,unknown,marissa.summers@msn.com,81 Carpenter St. ,Saint Albans,NY,11412
571,Kaley,Blanchard,unknown,kaley.blanchard@msn.com,74 Evergreen Court ,Palos Verdes Peninsula,CA,90274
572,Wm,Pope,unknown,wm.pope@msn.com,212 Marsh Court ,Auburn,NY,13021
573,Rubye,Mccall,(248) 764-3359,rubye.mccall@hotmail.com,71 Sherwood Dr. ,Troy,NY,12180
574,Adriene,Rivera,unknown,adriene.rivera@hotmail.com,973 Yukon Avenue ,Encino,CA,91316
575,Laurence,Christian,unknown,laurence.christian@gmail.com,2 Maple St. ,Jamaica,NY,11432
576,Shirely,Stanley,(915) 437-6113,shirely.stanley@gmail.com,73 White Avenue ,El Paso,TX,79930
577,Danille,Mcfarland,unknown,danille.mcfarland@msn.com,14 Tailwater St. ,Rocklin,CA,95677
578,Salena,Day,unknown,salena.day@msn.com,8067 Park Court ,San Lorenzo,CA,94580
579,Matilda,Larson,unknown,matilda.larson@hotmail.com,336 Saxon Court ,Harlingen,TX,78552
580,Mellisa,Kim,(424) 151-6481,mellisa.kim@aol.com,17 Lyme Dr. ,Los Angeles,CA,90008
581,Vonda,Berger,unknown,vonda.berger@yahoo.com,615 S. Proctor Ave. ,Santa Clara,CA,95050
582,Soledad,Moses,unknown,soledad.moses@yahoo.com,85 Hickory Ave. ,Jackson Heights,NY,11372
583,Lashandra,Turner,(562) 327-9469,lashandra.turner@hotmail.com,11 Marlborough Rd. ,Long Beach,NY,11561
584,Lynne,Anderson,(915) 789-6666,lynne.anderson@msn.com,325 Inverness St. ,El Paso,TX,79930
585,Chasidy,Webster,unknown,chasidy.webster@msn.com,8296 S. Lookout Lane ,Rocklin,CA,95677
586,Ulysses,Gaines,unknown,ulysses.gaines@aol.com,22 Gregory Lane ,Monsey,NY,10952
587,Euna,Lopez,unknown,euna.lopez@gmail.com,7979 South Mountainview Ave. ,Carmel,NY,10512
588,Cherelle,Key,unknown,cherelle.key@msn.com,7739 Snake Hill Lane ,Valley Stream,NY,11580
589,Jeffry,Church,unknown,jeffry.church@msn.com,426 Grandrose Ave. ,Pleasanton,CA,94566
590,Cyndi,Dyer,unknown,cyndi.dyer@msn.com,313 West Argyle Ave. ,Baldwin,NY,11510
591,Danilo,Holmes,unknown,danilo.holmes@gmail.com,657 Manor Station Dr. ,Hicksville,NY,11801
592,Joni,Lee,unknown,joni.lee@gmail.com,8573 Proctor Street ,Centereach,NY,11720
593,Antony,Atkinson,unknown,antony.atkinson@msn.com,680 East Birchwood Lane ,Smithtown,NY,11787
594,Deanne,Parsons,unknown,deanne.parsons@aol.com,76 Amherst Drive ,Lindenhurst,NY,11757
595,Frederica,Rojas,unknown,frederica.rojas@yahoo.com,7835 West Jockey Hollow Rd. ,Ithaca,NY,14850
596,Emelda,Dickerson,unknown,emelda.dickerson@aol.com,7457 6th St. ,Hamburg,NY,14075
597,Rudolf,Moran,unknown,rudolf.moran@gmail.com,5 Birchwood Rd. ,Maspeth,NY,11378
598,Benito,Hendrix,unknown,benito.hendrix@gmail.com,676 S. Bowman Lane ,Depew,NY,14043
599,Jonell,Rivas,unknown,jonell.rivas@msn.com,8415 East High Point St. ,Amarillo,TX,79106
600,Joi,Reeves,(619) 952-9613,joi.reeves@msn.com,9101 Williams Court ,San Diego,CA,92111
601,Leland,Mcdowell,unknown,leland.mcdowell@gmail.com,8034 E. Washington Lane ,Encino,CA,91316
602,Delaine,Estes,unknown,delaine.estes@yahoo.com,8916 Hartford Rd. ,Amarillo,TX,79106
603,Genevieve,Juarez,unknown,genevieve.juarez@gmail.com,93 Goldfield Drive ,New Hyde Park,NY,11040
604,Kylee,Dickson,unknown,kylee.dickson@gmail.com,7908 Sherwood Street ,Amityville,NY,11701
605,Renita,Henry,unknown,renita.henry@msn.com,474 Woodland Ave. ,New Rochelle,NY,10801
606,Sarah,Kirkland,unknown,sarah.kirkland@aol.com,42 N. Glendale Avenue ,Wappingers Falls,NY,12590
607,Paul,Lester,unknown,paul.lester@gmail.com,275 Clay St. ,Vista,CA,92083
608,Taisha,Vang,unknown,taisha.vang@yahoo.com,660 East Foster Lane ,Shirley,NY,11967
609,Eliana,Reese,unknown,eliana.reese@hotmail.com,7079 NE. Cross Drive ,Woodhaven,NY,11421
610,Leonore,Dorsey,unknown,leonore.dorsey@yahoo.com,8213 South Branch Avenue ,Jackson Heights,NY,11372
611,Ashleigh,Frank,unknown,ashleigh.frank@gmail.com,9008 Plymouth Street ,Levittown,NY,11756
612,Gabriel,Wagner,unknown,gabriel.wagner@msn.com,7921 Manhattan Ave. ,Ballston Spa,NY,12020
613,Margene,Eaton,unknown,margene.eaton@yahoo.com,43 Sugar Street ,Wantagh,NY,11793
614,Toshia,Cardenas,unknown,toshia.cardenas@gmail.com,878 Bayberry Street ,Amsterdam,NY,12010
615,Jamika,Blanchard,unknown,jamika.blanchard@gmail.com,420 Cambridge Street ,Fresh Meadows,NY,11365
616,Shery,Acosta,unknown,shery.acosta@yahoo.com,17 Canal Ave. ,Saratoga Springs,NY,12866
617,Jenna,Saunders,unknown,jenna.saunders@aol.com,4 Young St. ,Yorktown Heights,NY,10598
618,Skye,Pope,unknown,skye.pope@yahoo.com,121 S. Bay Meadows Ave. ,Richmond Hill,NY,11418
619,Ana,Palmer,(657) 323-8684,ana.palmer@yahoo.com,7 Buckingham St. ,Anaheim,CA,92806
620,Eric,Hardin,unknown,eric.hardin@gmail.com,39 S. Parker Drive ,Jamaica,NY,11432
621,Basil,Ballard,unknown,basil.ballard@yahoo.com,7477 Belmont Ave. ,San Lorenzo,CA,94580
622,Gabriel,Pitts,unknown,gabriel.pitts@gmail.com,8462 Marshall Drive ,Clifton Park,NY,12065
623,Cayla,Johnson,unknown,cayla.johnson@msn.com,7091 Rockaway Avenue ,Coram,NY,11727
624,Sharika,Colon,(562) 452-6136,sharika.colon@gmail.com,509 Henry Smith St. ,Long Beach,NY,11561
625,Donnetta,Henson,unknown,donnetta.henson@hotmail.com,2 Tallwood Drive ,Webster,NY,14580
626,Leigh,Burke,unknown,leigh.burke@hotmail.com,7651 Creek St. ,Schenectady,NY,12302
627,Deloris,Larson,unknown,deloris.larson@aol.com,242 Branch Street ,Duarte,CA,91010
628,Ehtel,Cobb,unknown,ehtel.cobb@hotmail.com,741 Rockville Drive ,Lockport,NY,14094
629,Evelina,Byrd,(716) 601-7704,evelina.byrd@msn.com,628 S. Church St. ,Buffalo,NY,14215
630,Zulema,Browning,unknown,zulema.browning@gmail.com,12 NW. Lafayette St. ,Amsterdam,NY,12010
631,Tressa,Weiss,unknown,tressa.weiss@msn.com,52 Wild Rose Avenue ,Ossining,NY,10562
632,Yvette,Rogers,unknown,yvette.rogers@aol.com,3 SE. Oklahoma Drive ,Franklin Square,NY,11010
633,Kiara,Deleon,(657) 378-8011,kiara.deleon@gmail.com,164 Addison Drive ,Anaheim,CA,92806
634,Taylor,Cole,unknown,taylor.cole@gmail.com,9408 Holly Lane ,Carmel,NY,10512
635,Myrtie,James,unknown,myrtie.james@yahoo.com,566 North Livingston Ave. ,Merrick,NY,11566
636,Ashton,Lott,unknown,ashton.lott@hotmail.com,609 Windfall Lane ,Floral Park,NY,11001
637,Kara,Higgins,unknown,kara.higgins@aol.com,758 Jennings Street ,Ossining,NY,10562
638,Tomeka,Higgins,unknown,tomeka.higgins@msn.com,591 W. Corona St. ,Poughkeepsie,NY,12601
639,Ronald,Parsons,unknown,ronald.parsons@msn.com,268 Pin Oak Rd. ,Maspeth,NY,11378
640,Allison,Nolan,(845) 276-5729,allison.nolan@gmail.com,7421 Victoria St. ,New City,NY,10956
641,Derrick,Marks,unknown,derrick.marks@yahoo.com,7247 East Prairie Lane ,Glendora,CA,91740
642,Yang,Roth,unknown,yang.roth@aol.com,234 E. Shub Farm Ave. ,Webster,NY,14580
643,Melba,Wilkinson,unknown,melba.wilkinson@gmail.com,255 Harvard Dr. ,Floral Park,NY,11001
644,Valentin,Mclaughlin,unknown,valentin.mclaughlin@hotmail.com,56 Squaw Creek Street ,Lindenhurst,NY,11757
645,Lewis,Garner,(631) 871-2512,lewis.garner@gmail.com,9550 East Greenrose St. ,Brentwood,NY,11717
646,Ann,Heath,unknown,ann.heath@msn.com,413 East St. ,South El Monte,CA,91733
647,Janelle,Maldonado,unknown,janelle.maldonado@gmail.com,34 Mammoth Street ,Richmond Hill,NY,11418
648,Catrice,Hicks,unknown,catrice.hicks@yahoo.com,403 Inverness Street ,San Pablo,CA,94806
649,Eli,Contreras,unknown,eli.contreras@hotmail.com,35 Highland Ave. ,Ronkonkoma,NY,11779
650,Rita,Bailey,unknown,rita.bailey@hotmail.com,69 Glenwood Street ,Ossining,NY,10562
651,Laure,Pena,unknown,laure.pena@yahoo.com,9849 West Elmwood St. ,Wappingers Falls,NY,12590
652,Tilda,Melton,(248) 767-4165,tilda.melton@msn.com,237 Elmwood Drive ,Troy,NY,12180
653,Florencio,Davenport,unknown,florencio.davenport@yahoo.com,8759 Brookside Ave. ,Jamestown,NY,14701
654,Eun,Harris,(619) 378-2432,eun.harris@gmail.com,623 Jones St. ,San Diego,CA,92111
655,Marylyn,Browning,unknown,marylyn.browning@msn.com,915 Lakeshore Street ,Scarsdale,NY,10583
656,Romana,Barnes,unknown,romana.barnes@yahoo.com,9776 Shipley Rd. ,Floral Park,NY,11001
657,Sam,Lester,unknown,sam.lester@gmail.com,563 South Beacon Lane ,Baldwin,NY,11510
658,Nicki,Larson,unknown,nicki.larson@yahoo.com,8317 West Leatherwood Dr. ,Monsey,NY,10952
659,Antonetta,Rocha,unknown,antonetta.rocha@yahoo.com,9858 Newcastle St. ,Port Chester,NY,10573
660,Shara,Pope,unknown,shara.pope@msn.com,194 Amherst Dr. ,Ridgecrest,CA,93555
661,Trena,Hudson,unknown,trena.hudson@hotmail.com,135 Grand Ave. ,Monroe,NY,10950
662,Loraine,Sykes,unknown,loraine.sykes@yahoo.com,9239 Windsor Ave. ,Scarsdale,NY,10583
663,Alissa,Hood,unknown,alissa.hood@gmail.com,8032 Maple Drive ,New Windsor,NY,12553
664,Augustus,Schmidt,unknown,augustus.schmidt@msn.com,624 Jones Dr. ,Corona,NY,11368
665,Stacie,Sims,(510) 194-5117,stacie.sims@hotmail.com,47 Orange Ave. ,Oakland,CA,94603
666,Brittni,Green,unknown,brittni.green@msn.com,842 El Dorado Lane ,Floral Park,NY,11001
667,Etsuko,Garrison,unknown,etsuko.garrison@yahoo.com,1 Arrowhead Street ,Richmond Hill,NY,11418
668,Calandra,Stanton,unknown,calandra.stanton@aol.com,36 Livingston Dr. ,Lake Jackson,TX,77566
669,Willis,Randolph,unknown,willis.randolph@yahoo.com,332 Constitution St. ,Harlingen,TX,78552
670,Shawnda,Glover,unknown,shawnda.glover@gmail.com,138 Belmont Ave. ,Liverpool,NY,13090
671,Jennette,Baker,unknown,jennette.baker@gmail.com,798 Marvon St. ,Banning,CA,92220
672,Elma,Molina,unknown,elma.molina@msn.com,8565 Devon Ave. ,New Rochelle,NY,10801
673,Adam,Henderson,unknown,adam.henderson@hotmail.com,167 James St. ,Los Banos,CA,93635
674,Ira,Moore,unknown,ira.moore@gmail.com,1 Pineknoll Court ,Saratoga Springs,NY,12866
675,Kermit,Bowman,(915) 996-5952,kermit.bowman@gmail.com,3 Airport Street ,El Paso,TX,79930
676,Gayle,Wilkinson,unknown,gayle.wilkinson@yahoo.com,4 Riverside Ave. ,Lindenhurst,NY,11757
677,Launa,Hull,unknown,launa.hull@yahoo.com,936 Grove Street ,Helotes,TX,78023
678,Myron,Johns,unknown,myron.johns@msn.com,5 N. Woodsman Rd. ,Whitestone,NY,11357
679,Tuan,Wolfe,unknown,tuan.wolfe@aol.com,7641 Oak Meadow Dr. ,West Babylon,NY,11704
680,Mathilda,Pennington,(845) 407-9524,mathilda.pennington@gmail.com,14 S. Argyle Ave. ,New City,NY,10956
681,Reatha,Perez,unknown,reatha.perez@aol.com,9917 1st St. ,Holbrook,NY,11741
682,Arnita,Thomas,unknown,arnita.thomas@gmail.com,154 2nd St. ,Orchard Park,NY,14127
683,Amparo,Burks,unknown,amparo.burks@aol.com,7781 Augusta St. ,Merrick,NY,11566
684,Jenny,Bell,unknown,jenny.bell@hotmail.com,38 Crescent St. ,Niagara Falls,NY,14304
685,Laverne,Craft,unknown,laverne.craft@aol.com,829 N. Pierce Street ,Forest Hills,NY,11375
686,Darcel,Harmon,unknown,darcel.harmon@msn.com,966 Hickory Street ,Santa Clara,CA,95050
687,Cecilia,Camacho,unknown,cecilia.camacho@yahoo.com,682 Mountainview Rd. ,Desoto,TX,75115
688,Pearlie,Cochran,unknown,pearlie.cochran@msn.com,23 Homewood Rd. ,Campbell,CA,95008
689,Deirdre,Ryan,unknown,deirdre.ryan@yahoo.com,83 Jefferson Lane ,Utica,NY,13501
690,Yevette,Elliott,unknown,yevette.elliott@aol.com,182 Euclid Street ,Jackson Heights,NY,11372
691,Ladawn,Downs,(281) 165-2090,ladawn.downs@yahoo.com,7452 S. Airport Court ,Houston,TX,77016
692,Dorothea,Chang,unknown,dorothea.chang@gmail.com,75 Oak Ave. ,Astoria,NY,11102
693,Merlin,Foreman,(516) 150-1321,merlin.foreman@msn.com,8198 North Rockaway St. ,Hempstead,NY,11550
694,Lanie,Dunn,unknown,lanie.dunn@gmail.com,7583 Pilgrim Ave. ,North Tonawanda,NY,14120
695,Christoper,Gould,unknown,christoper.gould@aol.com,8718 South Constitution St. ,Shirley,NY,11967
696,Norine,Huffman,unknown,norine.huffman@aol.com,363 Dunbar Drive ,Encino,CA,91316
697,Alane,Mccarty,(619) 377-8586,alane.mccarty@hotmail.com,8254 Hilldale Street ,San Diego,CA,92111
698,Charleen,Joyner,unknown,charleen.joyner@aol.com,735 N. John Dr. ,Corona,NY,11368
699,Zella,Fernandez,unknown,zella.fernandez@yahoo.com,8 Marshall Dr. ,Rockville Centre,NY,11570
700,Collene,Knox,(361) 760-1523,collene.knox@msn.com,7 North Branch Lane ,Corpus Christi,TX,78418
701,Alysia,Nicholson,(805) 493-7311,alysia.nicholson@hotmail.com,868 Trusel St. ,Oxnard,CA,93035
702,Sharie,Whitaker,unknown,sharie.whitaker@hotmail.com,7 Bayport Lane ,Merrick,NY,11566
703,Diana,Cobb,unknown,diana.cobb@hotmail.com,558 Vale St. ,Fullerton,CA,92831
704,Morton,Barron,(661) 386-4884,morton.barron@msn.com,542 Circle Rd. ,Bakersfield,CA,93306
705,Camille,Harvey,unknown,camille.harvey@hotmail.com,859 Beaver Ridge Ave. ,Huntington,NY,11743
706,Lolita,O'neill,unknown,lolita.o'neill@aol.com,36 Prairie Dr. ,Massapequa Park,NY,11762
707,Terese,Briggs,unknown,terese.briggs@msn.com,16 N. Oak Valley St. ,Woodside,NY,11377
708,Majorie,Glover,unknown,majorie.glover@msn.com,4 Garden Ave. ,Apple Valley,CA,92307
709,Vinnie,Chan,unknown,vinnie.chan@aol.com,8750 Surrey St. ,Forest Hills,NY,11375
710,Ezra,Silva,unknown,ezra.silva@msn.com,8629 Catherine Rd. ,New Windsor,NY,12553
711,Jovita,Bishop,unknown,jovita.bishop@aol.com,8123 Wild Horse St. ,Staten Island,NY,10301
712,Kecia,Olsen,unknown,kecia.olsen@msn.com,8389 Central St. ,Santa Cruz,CA,95060
713,Ilona,Spears,unknown,ilona.spears@gmail.com,984 Canterbury Lane ,Port Jefferson Station,NY,11776
714,Senaida,Thompson,unknown,senaida.thompson@msn.com,578 Golf Drive ,Bronx,NY,10451
715,Larae,Carney,unknown,larae.carney@msn.com,9322 Glen Ridge Dr. ,Sunnyside,NY,11104
716,Sebrina,Hart,unknown,sebrina.hart@yahoo.com,7679 Pacific St. ,Coram,NY,11727
717,Kristofer,Craig,unknown,kristofer.craig@yahoo.com,6 Delaware Lane ,Plainview,NY,11803
718,Luciana,Mcgee,unknown,luciana.mcgee@msn.com,8002 Cross St. ,Selden,NY,11784
719,Nicki,Fry,unknown,nicki.fry@hotmail.com,950 Snake Hill Lane ,Endicott,NY,13760
720,Devin,Shaffer,(507) 557-2191,devin.shaffer@gmail.com,382 Third Ave. ,Rochester,NY,14606
721,Erlinda,Osborne,unknown,erlinda.osborne@yahoo.com,148 Elm St. ,West Islip,NY,11795
722,Camila,Carroll,(210) 436-8676,camila.carroll@yahoo.com,72 Shub Farm Avenue ,San Antonio,TX,78213
723,Vicki,Wiggins,unknown,vicki.wiggins@hotmail.com,71 Broad Ave. ,Wappingers Falls,NY,12590
724,Lois,Steele,unknown,lois.steele@yahoo.com,7501 South Marlborough Street ,Ossining,NY,10562
725,Carola,Mcpherson,unknown,carola.mcpherson@hotmail.com,578 Shirley Dr. ,Rego Park,NY,11374
726,Rochell,Cantrell,unknown,rochell.cantrell@yahoo.com,437 Water Dr. ,Port Jefferson Station,NY,11776
727,Kasha,Sullivan,unknown,kasha.sullivan@hotmail.com,48 Foster Rd. ,Scarsdale,NY,10583
728,Viva,Dawson,unknown,viva.dawson@yahoo.com,446 Princess Ave. ,Orchard Park,NY,14127
729,Hue,Dalton,unknown,hue.dalton@hotmail.com,7940 Oakwood Street ,Apple Valley,CA,92307
730,Andria,Rivers,unknown,andria.rivers@aol.com,183 Ohio Ave. ,Amarillo,TX,79106
731,Hilary,Savage,(805) 753-6881,hilary.savage@yahoo.com,696 Howard Court ,Oxnard,CA,93035
732,Lavona,Austin,unknown,lavona.austin@yahoo.com,926 South Euclid St. ,Utica,NY,13501
733,Doreatha,Ford,unknown,doreatha.ford@yahoo.com,9413 Ryan Ave. ,Huntington,NY,11743
734,Alina,Mcleod,unknown,alina.mcleod@msn.com,20 Winchester Street ,Patchogue,NY,11772
735,Aide,Franco,unknown,aide.franco@msn.com,8017 Lake Forest St. ,Atwater,CA,95301
736,Genny,Hensley,unknown,genny.hensley@yahoo.com,8849 Marconi Ave. ,Redondo Beach,CA,90278
737,Melita,Dominguez,unknown,melita.dominguez@msn.com,9903 Santa Clara Lane ,Auburn,NY,13021
738,Fannie,Jenkins,(805) 774-5696,fannie.jenkins@msn.com,7858 E. Pawnee Dr. ,Oxnard,CA,93035
739,Bobbi,Banks,unknown,bobbi.banks@yahoo.com,396 Wagon Rd. ,Bayside,NY,11361
740,Gwenn,Melton,unknown,gwenn.melton@yahoo.com,9545 Wakehurst Drive ,Centereach,NY,11720
741,Laci,Castro,unknown,laci.castro@hotmail.com,130 Birchpond Street ,Saint Albans,NY,11412
742,Evelina,Manning,unknown,evelina.manning@aol.com,7515 Spring St. ,Mount Vernon,NY,10550
743,Tania,Swanson,unknown,tania.swanson@yahoo.com,8646 Glen Eagles Ave. ,Longview,TX,75604
744,Laurel,Schultz,unknown,laurel.schultz@hotmail.com,812 E. 1st Lane ,Mount Vernon,NY,10550
745,Carolyne,Conley,unknown,carolyne.conley@gmail.com,431 Lees Creek Drive ,Floral Park,NY,11001
746,Eldridge,Greer,unknown,eldridge.greer@aol.com,131 E. Madison St. ,Central Islip,NY,11722
747,Margret,Barnett,unknown,margret.barnett@gmail.com,7509 Depot Rd. ,Forney,TX,75126
748,Oliva,Blackwell,unknown,oliva.blackwell@hotmail.com,54 Ramblewood St. ,Elmhurst,NY,11373
749,Oralia,Farley,unknown,oralia.farley@hotmail.com,747B E. Coffee Street ,Upland,CA,91784
750,Romaine,Salazar,unknown,romaine.salazar@yahoo.com,7700 Wentworth Rd. ,Monsey,NY,10952
751,Hermila,Mckay,unknown,hermila.mckay@yahoo.com,23 Garfield Dr. ,Coachella,CA,92236
752,Lloyd,Miranda,unknown,lloyd.miranda@hotmail.com,9098 Jennings St. ,Encino,CA,91316
753,Mandi,Gibbs,unknown,mandi.gibbs@gmail.com,80 Sycamore Drive ,East Elmhurst,NY,11369
754,Hue,May,unknown,hue.may@aol.com,19 S. Lawrence Dr. ,Valley Stream,NY,11580
755,Tomika,Wilder,unknown,tomika.wilder@aol.com,142 South Ocean St. ,New Hyde Park,NY,11040
756,Graig,Roth,unknown,graig.roth@aol.com,7516 Wrangler Street ,West Babylon,NY,11704
757,Lamar,Greer,unknown,lamar.greer@gmail.com,7909 Golden Star Ave. ,Levittown,NY,11756
758,Raymonde,Garcia,unknown,raymonde.garcia@aol.com,55 NE. North St. ,Queensbury,NY,12804
759,Cira,Downs,(510) 788-4456,cira.downs@gmail.com,672 Sussex Ave. ,Oakland,CA,94603
760,Marisa,Chambers,unknown,marisa.chambers@msn.com,15 E. Rock Creek Ave. ,Amityville,NY,11701
761,Rod,Hatfield,unknown,rod.hatfield@hotmail.com,7090 Bridge Dr. ,Ronkonkoma,NY,11779
762,Quyen,Houston,unknown,quyen.houston@gmail.com,7758 Homewood Dr. ,Central Islip,NY,11722
763,Han,Schneider,unknown,han.schneider@gmail.com,40 Holly Street ,Elmhurst,NY,11373
764,Terrell,Mathis,unknown,terrell.mathis@aol.com,9320 Center Ave. ,Selden,NY,11784
765,Spring,Hayes,unknown,spring.hayes@hotmail.com,8591 Wentworth St. ,Ossining,NY,10562
766,Lecia,Hancock,unknown,lecia.hancock@hotmail.com,9167 Pineknoll St. ,Schenectady,NY,12302
767,Twana,Arnold,(657) 988-1904,twana.arnold@msn.com,47 North Fairground Lane ,Anaheim,CA,92806
768,Yvone,Yates,unknown,yvone.yates@gmail.com,9269 Blue Spring Ave. ,San Pablo,CA,94806
769,Agatha,Melton,unknown,agatha.melton@yahoo.com,89 East Illinois Street ,Springfield Gardens,NY,11413
770,Lavonda,Stephenson,unknown,lavonda.stephenson@gmail.com,37 Birchwood Dr. ,Bay Shore,NY,11706
771,Agnes,Sims,(716) 780-9901,agnes.sims@aol.com,170 Queen Lane ,Buffalo,NY,14215
772,Latricia,Lindsey,unknown,latricia.lindsey@hotmail.com,288 Campfire Dr. ,Yorktown Heights,NY,10598
773,Yolando,Wade,unknown,yolando.wade@hotmail.com,310 Wilson Ave. ,Massapequa,NY,11758
774,Nenita,Mooney,unknown,nenita.mooney@hotmail.com,10 W. Bishop Street ,Lawndale,CA,90260
775,Kermit,Hyde,unknown,kermit.hyde@hotmail.com,87 SE. Carson St. ,Patchogue,NY,11772
776,Angelique,Merrill,unknown,angelique.merrill@gmail.com,8490 West High Noon Ave. ,South El Monte,CA,91733
777,Ilda,Roberson,unknown,ilda.roberson@aol.com,8853 Lake St. ,Kingston,NY,12401
778,Corrinne,Garrison,unknown,corrinne.garrison@yahoo.com,81 East Glenwood Ave. ,Victoria,TX,77904
779,Major,Merrill,unknown,major.merrill@aol.com,78 Thatcher Court ,Astoria,NY,11102
780,Ouida,Gregory,unknown,ouida.gregory@aol.com,7984 8th Street ,Merrick,NY,11566
781,Tajuana,Riddle,unknown,tajuana.riddle@hotmail.com,24 St Margarets Ave. ,Bayside,NY,11361
782,Ricki,Bullock,unknown,ricki.bullock@hotmail.com,79 Pennington Rd. ,Woodside,NY,11377
783,Celestine,Kent,(717) 890-4260,celestine.kent@aol.com,697 Fordham Street ,Lancaster,NY,14086
784,Debbra,Jacobson,unknown,debbra.jacobson@yahoo.com,8316 West Bedford Ave. ,Ballston Spa,NY,12020
785,Kandis,Mills,unknown,kandis.mills@hotmail.com,64 Beechwood Drive ,Hamburg,NY,14075
786,Wallace,Lane,unknown,wallace.lane@aol.com,901 Liberty St. ,South Richmond Hill,NY,11419
787,Malisa,Mitchell,unknown,malisa.mitchell@msn.com,87 Ridgewood Court ,Mount Vernon,NY,10550
788,Lilliam,Nolan,unknown,lilliam.nolan@msn.com,8976 Berkshire Court ,Copperas Cove,TX,76522
789,Tad,Gardner,unknown,tad.gardner@hotmail.com,9745 E. Wilson St. ,Niagara Falls,NY,14304
790,Petronila,Gallegos,unknown,petronila.gallegos@gmail.com,8053 Aspen St. ,Howard Beach,NY,11414
791,Yun,Nelson,unknown,yun.nelson@hotmail.com,529 Durham Street ,Ballston Spa,NY,12020
792,Edgar,Horn,unknown,edgar.horn@aol.com,7270 W. Cherry Hill Lane ,West Babylon,NY,11704
793,Chantay,Maynard,unknown,chantay.maynard@gmail.com,7483 1st Ave. ,Elmhurst,NY,11373
794,Donette,Mccarthy,unknown,donette.mccarthy@yahoo.com,500 NW. Maiden Dr. ,Redondo Beach,CA,90278
795,Mariam,Miranda,unknown,mariam.miranda@aol.com,18 East Washington Avenue ,Franklin Square,NY,11010
796,Rosalie,Coffey,unknown,rosalie.coffey@gmail.com,789 Amerige Dr. ,Upland,CA,91784
797,Cathey,Lamb,unknown,cathey.lamb@msn.com,9621 Ryan Drive ,Bayside,NY,11361
798,Alyse,Jacobson,unknown,alyse.jacobson@yahoo.com,10 West Devon Lane ,Massapequa Park,NY,11762
799,India,Barron,unknown,india.barron@msn.com,834 W. Pleasant Rd. ,Huntington,NY,11743
800,Cris,Dunn,unknown,cris.dunn@yahoo.com,1 Pawnee Street ,Pittsford,NY,14534
801,Ophelia,Rodgers,unknown,ophelia.rodgers@gmail.com,133 Joy Ridge Drive ,Hopewell Junction,NY,12533
802,Barrett,Sanders,unknown,barrett.sanders@aol.com,32 Hawthorne St. ,Longview,TX,75604
803,Bernardina,Cooper,unknown,bernardina.cooper@msn.com,223 Glen Creek Ave. ,Whitestone,NY,11357
804,Douglas,Richards,unknown,douglas.richards@hotmail.com,221 Arcadia Lane ,Valley Stream,NY,11580
805,Phillis,Fowler,unknown,phillis.fowler@aol.com,8976 N. Hall Street ,Clifton Park,NY,12065
806,Reyes,Merritt,unknown,reyes.merritt@yahoo.com,48 Lexington Rd. ,Staten Island,NY,10301
807,Nathalie,Knowles,unknown,nathalie.knowles@aol.com,4 Cactus Street ,West Islip,NY,11795
808,Vallie,Dixon,unknown,vallie.dixon@yahoo.com,85 E. Ann Drive ,Rowlett,TX,75088
809,Elnora,Simpson,unknown,elnora.simpson@yahoo.com,7157 Shore Ave. ,Bellmore,NY,11710
810,Ivelisse,Nixon,(281) 941-4933,ivelisse.nixon@aol.com,782 Boston Ave. ,Houston,TX,77016
811,Shanti,Johnston,unknown,shanti.johnston@gmail.com,722 Alderwood Drive ,Staten Island,NY,10301
812,Martha,Burgess,unknown,martha.burgess@msn.com,9631 St Margarets Lane ,Woodhaven,NY,11421
813,Neville,Mcclain,unknown,neville.mcclain@yahoo.com,781 Buttonwood Ave. ,West Hempstead,NY,11552
814,Ghislaine,Compton,unknown,ghislaine.compton@aol.com,8930 Princess St. ,Lindenhurst,NY,11757
815,Leanna,Manning,unknown,leanna.manning@yahoo.com,39 E. Stillwater Ave. ,Hicksville,NY,11801
816,Marshall,Johnson,unknown,marshall.johnson@yahoo.com,44 Greenview St. ,Vista,CA,92083
817,Zelda,Pratt,(717) 428-4018,zelda.pratt@gmail.com,74 Trusel Drive ,Lancaster,NY,14086
818,Joel,Wynn,(619) 210-6032,joel.wynn@aol.com,7 North Oak Ave. ,San Diego,CA,92111
819,Yahaira,Robertson,unknown,yahaira.robertson@yahoo.com,142 Roehampton Dr. ,Endicott,NY,13760
820,Sandy,Mills,unknown,sandy.mills@gmail.com,333 Olive Ave. ,Schenectady,NY,12302
821,Cassidy,Clark,unknown,cassidy.clark@hotmail.com,9879 Old Kingston Road ,Astoria,NY,11102
822,Kristy,Watkins,unknown,kristy.watkins@gmail.com,977 South Brook Ave. ,Howard Beach,NY,11414
823,Tina,Bush,unknown,tina.bush@aol.com,8038 Bellevue Street ,Maspeth,NY,11378
824,Veronika,Rollins,unknown,veronika.rollins@yahoo.com,94 Arnold Ave. ,Webster,NY,14580
825,Kristel,Byrd,unknown,kristel.byrd@hotmail.com,9967 Piper Street ,Hicksville,NY,11801
826,Shay,Stephenson,unknown,shay.stephenson@aol.com,9569 4th Lane ,Smithtown,NY,11787
827,George,Pickett,unknown,george.pickett@msn.com,691 Rocky River St. ,Sunnyside,NY,11104
828,Renato,Morton,unknown,renato.morton@msn.com,8526 Sherwood Street ,Mount Vernon,NY,10550
829,Marcy,Rodriguez,unknown,marcy.rodriguez@gmail.com,97 Trusel Drive ,Lockport,NY,14094
830,Edmund,Gaines,unknown,edmund.gaines@gmail.com,8643 Gartner St. ,Copperas Cove,TX,76522
831,Lory,Berg,unknown,lory.berg@aol.com,64 Vine Drive ,Oswego,NY,13126
832,Pamala,Fowler,unknown,pamala.fowler@gmail.com,399 Leatherwood St. ,Ballston Spa,NY,12020
833,Leone,Emerson,unknown,leone.emerson@msn.com,460 Smith Store Ave. ,Whitestone,NY,11357
834,Brain,Skinner,unknown,brain.skinner@hotmail.com,8676 Ketch Harbour Ave. ,Euless,TX,76039
835,Roseanne,Maynard,unknown,roseanne.maynard@yahoo.com,219 Old Paris Hill Dr. ,Euless,TX,76039
836,Corinna,Adams,unknown,corinna.adams@msn.com,38 Trenton Court ,Rosedale,NY,11422
837,Kellye,Campbell,unknown,kellye.campbell@gmail.com,75 Marsh St. ,Baldwinsville,NY,13027
838,Erna,Sloan,unknown,erna.sloan@aol.com,9449 Fifth Avenue ,Howard Beach,NY,11414
839,Carolann,Russell,unknown,carolann.russell@hotmail.com,9308 Selby Ave. ,Glen Cove,NY,11542
840,Gilbert,Calhoun,unknown,gilbert.calhoun@msn.com,7339 Summer Drive ,East Elmhurst,NY,11369
841,Manie,Maxwell,unknown,manie.maxwell@gmail.com,85 Brickell Ave. ,Ronkonkoma,NY,11779
842,Giselle,Robles,unknown,giselle.robles@hotmail.com,9747 N. El Dorado Dr. ,San Angelo,TX,76901
843,Tessie,Farmer,unknown,tessie.farmer@msn.com,870 Cottage Ave. ,Plattsburgh,NY,12901
844,Felica,Munoz,unknown,felica.munoz@aol.com,24 West Rockwell Dr. ,South Ozone Park,NY,11420
845,Kathyrn,Bush,unknown,kathyrn.bush@gmail.com,90 Devon St. ,Bronx,NY,10451
846,Sylvester,Chan,unknown,sylvester.chan@hotmail.com,659 Arcadia Street ,Rocklin,CA,95677
847,Lizette,Ellison,unknown,lizette.ellison@hotmail.com,865 Sunbeam Street ,Port Washington,NY,11050
848,Ernestina,Skinner,unknown,ernestina.skinner@hotmail.com,52 Spring Drive ,Elmhurst,NY,11373
849,Phyllis,Hill,unknown,phyllis.hill@yahoo.com,576 Devon Ave. ,Syosset,NY,11791
850,Stephanie,Browning,unknown,stephanie.browning@yahoo.com,9156 Lantern St. ,Rowlett,TX,75088
851,Arlena,Buckner,unknown,arlena.buckner@hotmail.com,629 Locust Ave. ,New Hyde Park,NY,11040
852,Lezlie,Thompson,unknown,lezlie.thompson@yahoo.com,73 Vernon St. ,Freeport,NY,11520
853,Brittney,Rojas,unknown,brittney.rojas@aol.com,2 E. Overlook Ave. ,Kingston,NY,12401
854,Phylis,Adkins,(212) 325-9145,phylis.adkins@msn.com,7781 James Ave. ,New York,NY,10002
855,Lean,Stark,unknown,lean.stark@msn.com,215 Old Pumpkin Hill St. ,Upland,CA,91784
856,Lara,Guy,unknown,lara.guy@aol.com,9809 E. Walnut Drive ,Ronkonkoma,NY,11779
857,Inga,Koch,unknown,inga.koch@msn.com,8445 South New Court ,New Windsor,NY,12553
858,Klara,Kim,unknown,klara.kim@gmail.com,9660 Sherman Lane ,Rome,NY,13440
859,Julianne,Shannon,unknown,julianne.shannon@hotmail.com,28 Applegate Street ,Sugar Land,TX,77478
860,Loni,Mullen,unknown,loni.mullen@msn.com,55 Thompson Avenue ,South Ozone Park,NY,11420
861,Olympia,Figueroa,unknown,olympia.figueroa@hotmail.com,587 Surrey St. ,Hopewell Junction,NY,12533
862,Mellie,Puckett,unknown,mellie.puckett@yahoo.com,64 Van Dyke St. ,Fresh Meadows,NY,11365
863,Shonta,Preston,unknown,shonta.preston@msn.com,74 Division St. ,Utica,NY,13501
864,Lore,Sykes,(716) 382-5169,lore.sykes@aol.com,7050 Beach Drive ,Buffalo,NY,14215
865,Julia,Joyner,unknown,julia.joyner@msn.com,2 Valley View Dr. ,Astoria,NY,11102
866,Lynwood,Jackson,unknown,lynwood.jackson@aol.com,9449 Linda Street ,Longview,TX,75604
867,Rosalva,Hamilton,unknown,rosalva.hamilton@aol.com,9883 Cedar Dr. ,Campbell,CA,95008
868,Domingo,Casey,(408) 761-9212,domingo.casey@msn.com,8665 Cypress Street ,San Jose,CA,95127
869,Rodrigo,Durham,unknown,rodrigo.durham@aol.com,82 Old Church Road ,Richmond Hill,NY,11418
870,Dwain,Carlson,unknown,dwain.carlson@gmail.com,951 North Trusel Ave. ,Smithtown,NY,11787
871,Erlinda,Humphrey,unknown,erlinda.humphrey@hotmail.com,532 South Victoria St. ,New Windsor,NY,12553
872,Silas,Tate,(361) 219-2149,silas.tate@yahoo.com,9754 53rd Court ,Corpus Christi,TX,78418
873,Patience,Clayton,unknown,patience.clayton@hotmail.com,68 Chestnut Dr. ,Niagara Falls,NY,14304
874,Mila,Good,unknown,mila.good@yahoo.com,812 East Longbranch Ave. ,Plattsburgh,NY,12901
875,Tanesha,Sawyer,unknown,tanesha.sawyer@aol.com,9B Kingston Lane ,Rosedale,NY,11422
876,Onita,Macdonald,unknown,onita.macdonald@yahoo.com,94 Wood St. ,Glen Cove,NY,11542
877,Janine,Manning,unknown,janine.manning@gmail.com,9118B Campfire St. ,Howard Beach,NY,11414
878,Melodie,Melton,unknown,melodie.melton@yahoo.com,12 S. 8th Road ,Smithtown,NY,11787
879,Ethelyn,Ray,unknown,ethelyn.ray@yahoo.com,80 South Sutor Lane ,Garden City,NY,11530
880,Phebe,Turner,unknown,phebe.turner@aol.com,4 West York Street ,Sunnyside,NY,11104
881,Chloe,Patel,unknown,chloe.patel@yahoo.com,407 Homewood Street ,Santa Monica,CA,90403
882,Hilda,Harvey,unknown,hilda.harvey@gmail.com,9808 W. Cleveland Ave. ,Ballston Spa,NY,12020
883,Gilberte,Duke,(915) 903-7860,gilberte.duke@gmail.com,12 Birchwood Dr. ,El Paso,TX,79930
884,Willian,Hardin,unknown,willian.hardin@msn.com,836 West Street ,Oswego,NY,13126
885,Janna,Hayden,unknown,janna.hayden@msn.com,32 Hilldale Street ,Longview,TX,75604
886,Letisha,May,unknown,letisha.may@yahoo.com,9965 Princeton Lane ,North Tonawanda,NY,14120
887,Graig,Cannon,unknown,graig.cannon@gmail.com,36 Oklahoma Ave. ,Syosset,NY,11791
888,Coleen,Navarro,unknown,coleen.navarro@aol.com,990 Broad Rd. ,Webster,NY,14580
889,Lucilla,Williams,unknown,lucilla.williams@hotmail.com,42 Cedar Street ,San Carlos,CA,94070
890,Rosanne,George,unknown,rosanne.george@yahoo.com,38 Pleasant St. ,Ossining,NY,10562
891,Ashlie,Parrish,unknown,ashlie.parrish@hotmail.com,48 Mill Drive ,Monsey,NY,10952
892,Alissa,Craft,unknown,alissa.craft@hotmail.com,249 Maple Street ,Ossining,NY,10562
893,Letty,Cobb,unknown,letty.cobb@msn.com,8652 Wellington Street ,Depew,NY,14043
894,Nathaniel,Richard,unknown,nathaniel.richard@gmail.com,3 Nicolls Lane ,New Windsor,NY,12553
895,Elaina,Key,unknown,elaina.key@msn.com,1 Main St. ,Plainview,NY,11803
896,Stefani,Gamble,(845) 724-2996,stefani.gamble@aol.com,9119 W. Victoria St. ,New City,NY,10956
897,Bettyann,Acosta,(717) 746-6658,bettyann.acosta@gmail.com,7949 Chapel St. ,Lancaster,NY,14086
898,Crysta,Velez,(281) 529-3469,crysta.velez@yahoo.com,64 South Front Street ,Houston,TX,77016
899,Carisa,Carpenter,unknown,carisa.carpenter@hotmail.com,551 Belmont Lane ,Victoria,TX,77904
900,Jule,Davenport,unknown,jule.davenport@aol.com,19 River St. ,San Carlos,CA,94070
901,Lonna,Franks,unknown,lonna.franks@yahoo.com,667 Brickyard Street ,Ontario,CA,91762
902,Elease,Dejesus,unknown,elease.dejesus@gmail.com,7800 Magnolia Street ,Oswego,NY,13126
903,Maira,Long,unknown,maira.long@msn.com,7587 Bear Hill Street ,Hicksville,NY,11801
904,Jana,Thomas,(408) 624-8137,jana.thomas@yahoo.com,283 E. Spring Dr. ,San Jose,CA,95127
905,Hae,Ramirez,unknown,hae.ramirez@hotmail.com,9367 Lake Street ,Baldwinsville,NY,13027
906,Erik,Leblanc,unknown,erik.leblanc@aol.com,7 East Nut Swamp Street ,Sugar Land,TX,77478
907,Daina,Sampson,unknown,daina.sampson@msn.com,556 Wellington St. ,Longview,TX,75604
908,Delmar,Wise,unknown,delmar.wise@yahoo.com,8355 Kingston Avenue ,Lockport,NY,14094
909,Alita,Salinas,unknown,alita.salinas@hotmail.com,8550 Bear Hill Ave. ,Uniondale,NY,11553
910,Elenore,William,unknown,elenore.william@msn.com,23 Rockland St. ,Mcallen,TX,78501
911,Nikita,Roy,unknown,nikita.roy@aol.com,9703 N. Snake Hill St. ,Pittsford,NY,14534
912,Inocencia,Key,unknown,inocencia.key@hotmail.com,36 Wild Rose Ave. ,Massapequa Park,NY,11762
913,Liliana,Kerr,unknown,liliana.kerr@yahoo.com,3 Cherry Drive ,Desoto,TX,75115
914,Hortencia,O'neil,unknown,hortencia.o'neil@hotmail.com,1 Gulf Rd. ,Rockville Centre,NY,11570
915,Beryl,Bennett,(916) 422-6956,beryl.bennett@aol.com,9563 Edgemont St. ,Sacramento,CA,95820
916,Alishia,Elliott,unknown,alishia.elliott@aol.com,8905 Courtland Ave. ,Mount Vernon,NY,10550
917,Vernia,Madden,(248) 206-3697,vernia.madden@aol.com,5 Iroquois Street ,Troy,NY,12180
918,Kristel,Bullock,unknown,kristel.bullock@yahoo.com,7292 Armstrong Drive ,Smithtown,NY,11787
919,Ruthanne,Hoover,unknown,ruthanne.hoover@aol.com,835 Paris Hill Road ,Torrance,CA,90505
920,James,Robles,unknown,james.robles@aol.com,9 Chapel Lane ,North Tonawanda,NY,14120
921,Evelin,Vargas,unknown,evelin.vargas@msn.com,7049 Pin Oak Ave. ,Webster,NY,14580
922,Elvia,Cardenas,unknown,elvia.cardenas@hotmail.com,8 Paris Hill St. ,Massapequa,NY,11758
923,Randee,Pitts,unknown,randee.pitts@msn.com,7371B Essex Street ,Canyon Country,CA,91387
924,Lea,Irwin,unknown,lea.irwin@gmail.com,845 Adams Lane ,New Windsor,NY,12553
925,Bryce,Monroe,unknown,bryce.monroe@aol.com,52 Cooper Lane ,Kingston,NY,12401
926,Katina,Mcintosh,(661) 464-1523,katina.mcintosh@yahoo.com,263 Swanson Dr. ,Bakersfield,CA,93306
927,Guillermo,Hart,(212) 652-7198,guillermo.hart@hotmail.com,81 Indian Summer Drive ,New York,NY,10002
928,Joann,Barber,unknown,joann.barber@gmail.com,8945 Courtland Street ,Santa Monica,CA,90403
929,Thurman,Ellis,unknown,thurman.ellis@gmail.com,20 Augusta Road ,Pleasanton,CA,94566
930,Delana,Wagner,unknown,delana.wagner@aol.com,8499 Mill Pond Road ,Clifton Park,NY,12065
931,Porter,Bass,unknown,porter.bass@hotmail.com,370 North Alderwood Dr. ,San Angelo,TX,76901
932,Yvonne,Bean,unknown,yvonne.bean@yahoo.com,20 W. Marsh Ave. ,Wappingers Falls,NY,12590
933,Lurline,Rivers,unknown,lurline.rivers@msn.com,69 Pine Street ,Howard Beach,NY,11414
934,Ocie,Slater,unknown,ocie.slater@msn.com,7799 W. Bohemia Dr. ,Hamburg,NY,14075
935,Genevie,Miles,unknown,genevie.miles@aol.com,45 West Sulphur Springs Ave. ,Monroe,NY,10950
936,Sherilyn,Wilcox,unknown,sherilyn.wilcox@gmail.com,905 North Buckingham Lane ,Ossining,NY,10562
937,Aida,Koch,unknown,aida.koch@gmail.com,9778 3rd Drive ,West Hempstead,NY,11552
938,Emory,O'connor,(507) 606-2192,emory.o'connor@gmail.com,34 Foxrun Street ,Rochester,NY,14606
939,Maximina,Hutchinson,(361) 164-3098,maximina.hutchinson@hotmail.com,53 Stillwater Avenue ,Corpus Christi,TX,78418
940,Marina,Hinton,unknown,marina.hinton@yahoo.com,7440 North Oxford St. ,Encino,CA,91316
941,Danyell,Dickerson,unknown,danyell.dickerson@msn.com,8306 Fieldstone Dr. ,Central Islip,NY,11722
942,Davis,Long,(717) 653-1755,davis.long@msn.com,929 Elmwood Dr. ,Lancaster,NY,14086
943,Lynn,Mcmahon,unknown,lynn.mcmahon@msn.com,9 Surrey St. ,Scarsdale,NY,10583
944,Tonja,Henderson,unknown,tonja.henderson@aol.com,82 Alton St. ,Scarsdale,NY,10583
945,Krissy,Ochoa,unknown,krissy.ochoa@msn.com,80 Queen Ave. ,Port Washington,NY,11050
946,Angella,Bridges,unknown,angella.bridges@yahoo.com,8708 Sycamore St. ,Pittsford,NY,14534
947,Angele,Castro,unknown,angele.castro@yahoo.com,15 Acacia Drive ,Palos Verdes Peninsula,CA,90274
948,Siobhan,Lang,unknown,siobhan.lang@gmail.com,3 Monroe Lane ,Levittown,NY,11756
949,Venessa,Frost,unknown,venessa.frost@msn.com,621 West School Rd. ,Scarsdale,NY,10583
950,Verna,Solis,(507) 115-1633,verna.solis@yahoo.com,7 Lincoln Lane ,Rochester,NY,14606
951,Steve,Bender,unknown,steve.bender@gmail.com,908 N. Pennington Dr. ,Scarsdale,NY,10583
952,Aileen,Marquez,unknown,aileen.marquez@msn.com,8899 Newbridge Street ,Torrance,CA,90505
953,Kattie,Stevenson,unknown,kattie.stevenson@aol.com,52 Carson Street ,Helotes,TX,78023
954,Hassan,Nash,unknown,hassan.nash@yahoo.com,8105 University Lane ,Hicksville,NY,11801
955,Delfina,Gilliam,unknown,delfina.gilliam@hotmail.com,9463 Bayberry Rd. ,West Babylon,NY,11704
956,Venus,Hewitt,unknown,venus.hewitt@msn.com,9835 Old Cemetery Lane ,Farmingdale,NY,11735
957,Stephen,Vega,(657) 288-3778,stephen.vega@msn.com,5 Briarwood St. ,Anaheim,CA,92806
958,Ciera,Koch,unknown,ciera.koch@gmail.com,881 Lawrence Drive ,Euless,TX,76039
959,Christel,Barber,(916) 679-3547,christel.barber@hotmail.com,320 Briarwood Lane ,Sacramento,CA,95820
960,Arline,Lawson,(516) 792-3395,arline.lawson@gmail.com,48 Whitemarsh Lane ,Hempstead,NY,11550
961,Iva,Wilcox,unknown,iva.wilcox@aol.com,452 South Mayflower Drive ,Kingston,NY,12401
962,Maple,Griffin,unknown,maple.griffin@gmail.com,20 Glendale Drive ,Copperas Cove,TX,76522
963,Anisha,Lang,unknown,anisha.lang@aol.com,265 Peachtree St. ,Rome,NY,13440
964,Brent,Calderon,(361) 981-8725,brent.calderon@aol.com,3 Thomas St. ,Corpus Christi,TX,78418
965,Margit,Osborn,unknown,margit.osborn@yahoo.com,909 Gulf Drive ,Plainview,NY,11803
966,Novella,Patel,unknown,novella.patel@gmail.com,500 Livingston Street ,Glen Cove,NY,11542
967,Laurette,Hebert,unknown,laurette.hebert@msn.com,18 South Constitution Court ,Canandaigua,NY,14424
968,Jonna,Brown,unknown,jonna.brown@aol.com,1 Spring Drive ,Mahopac,NY,10541
969,Jennell,Solis,(507) 421-7354,jennell.solis@hotmail.com,194 2nd Rd. ,Rochester,NY,14606
970,Ruth,Horton,unknown,ruth.horton@gmail.com,488 Mulberry Ave. ,Hollis,NY,11423
971,Samual,Warner,(631) 151-4988,samual.warner@gmail.com,8735 Thatcher Dr. ,Brentwood,NY,11717
972,Damian,Mills,(562) 924-3079,damian.mills@yahoo.com,7747 Elm Dr. ,Long Beach,NY,11561
973,Margaretta,Clayton,unknown,margaretta.clayton@yahoo.com,524 San Pablo Ave. ,Ridgecrest,CA,93555
974,Marcell,Barrett,unknown,marcell.barrett@gmail.com,266 Elm Drive ,Astoria,NY,11102
975,Annis,Sanchez,(424) 352-6275,annis.sanchez@aol.com,4 Edgewater Road ,Los Angeles,CA,90008
976,Ayanna,Cherry,unknown,ayanna.cherry@yahoo.com,8829 Galvin Rd. ,Smithtown,NY,11787
977,Barton,Cox,unknown,barton.cox@yahoo.com,8220 Creekside Street ,Amityville,NY,11701
978,Diana,Reyes,unknown,diana.reyes@msn.com,7415 Annadale St. ,Bronx,NY,10451
979,Ingeborg,Ellison,unknown,ingeborg.ellison@yahoo.com,360 Trusel St. ,Ithaca,NY,14850
980,Carter,Booth,unknown,carter.booth@msn.com,82 Beech Drive ,Port Chester,NY,10573
981,Christel,Cardenas,(562) 342-8083,christel.cardenas@aol.com,428 S. Swanson Drive ,Long Beach,NY,11561
982,Orval,Hunter,unknown,orval.hunter@aol.com,35 Wagon Drive ,San Angelo,TX,76901
983,Marguerite,Berger,unknown,marguerite.berger@aol.com,875 Arch Lane ,Fullerton,CA,92831
984,Ivette,Warren,unknown,ivette.warren@gmail.com,8408 Thomas Street ,Franklin Square,NY,11010
985,Milagros,Weber,unknown,milagros.weber@hotmail.com,7591 Glendale Ave. ,Harlingen,TX,78552
986,Marcel,Lindsay,unknown,marcel.lindsay@hotmail.com,249 Peninsula St. ,Ossining,NY,10562
987,Louis,Powell,unknown,louis.powell@aol.com,368 Sugar Rd. ,Staten Island,NY,10301
988,Vanda,Holmes,unknown,vanda.holmes@aol.com,9835 Wild Rose Drive ,Syosset,NY,11791
989,Loreen,Byers,unknown,loreen.byers@yahoo.com,83 S. Rockledge Circle ,South Ozone Park,NY,11420
990,Casimira,Chapman,unknown,casimira.chapman@yahoo.com,67 Snake Hill St. ,Monroe,NY,10950
991,Brigida,Larson,unknown,brigida.larson@hotmail.com,8789 Sycamore Lane ,Canyon Country,CA,91387
992,Chere,Alston,unknown,chere.alston@gmail.com,16 Lower River Street ,Patchogue,NY,11772
993,Giovanna,Jefferson,unknown,giovanna.jefferson@gmail.com,9394 Riverside St. ,Ridgecrest,CA,93555
994,Demarcus,Reese,unknown,demarcus.reese@gmail.com,8087 Armstrong Dr. ,Yorktown Heights,NY,10598
995,Amina,Salazar,unknown,amina.salazar@aol.com,944 Wellington Street ,Canandaigua,NY,14424
996,Serafina,Clemons,unknown,serafina.clemons@gmail.com,851 Brown Ave. ,Shirley,NY,11967
997,Trinidad,Mcclain,unknown,trinidad.mcclain@msn.com,98 Tunnel Drive ,Baldwin,NY,11510
998,Heather,Chaney,unknown,heather.chaney@yahoo.com,4 Morris Dr. ,Jamestown,NY,14701
999,Latoya,Johns,unknown,latoya.johns@hotmail.com,7914 W. Woodsman St. ,Ballston Spa,NY,12020
1000,Shiloh,Reeves,unknown,shiloh.reeves@msn.com,818 Kirkland Lane ,West Babylon,NY,11704
1001,Lee,Roman,(631) 913-6967,lee.roman@gmail.com,4 Canal Ave. ,Brentwood,NY,11717
1002,Cami,Williamson,unknown,cami.williamson@hotmail.com,9511A Windsor Drive ,Massapequa,NY,11758
1003,Sharell,Ross,unknown,sharell.ross@msn.com,7830 Devonshire Ave. ,Vista,CA,92083
1004,Jerald,Blackwell,unknown,jerald.blackwell@hotmail.com,8364 South Wakehurst Ave. ,East Elmhurst,NY,11369
1005,Ruthanne,Franco,unknown,ruthanne.franco@yahoo.com,61 Applegate St. ,Astoria,NY,11102
1006,Marjory,Leonard,unknown,marjory.leonard@msn.com,800 Greystone Lane ,Apple Valley,CA,92307
1007,Jimmy,Russell,unknown,jimmy.russell@hotmail.com,33 Iroquois Ave. ,Howard Beach,NY,11414
1008,Berneice,Pollard,unknown,berneice.pollard@hotmail.com,607 Bohemia Street ,Forney,TX,75126
1009,Deangelo,Cooley,unknown,deangelo.cooley@aol.com,3 NE. Edgewood Rd. ,Rosedale,NY,11422
1010,Katia,Henry,unknown,katia.henry@msn.com,69 E. Columbia Ave. ,Bethpage,NY,11714
1011,Sebrina,Gross,unknown,sebrina.gross@yahoo.com,993 Glendale Drive ,Garland,TX,75043
1012,Josephine,Dale,unknown,josephine.dale@aol.com,8214 West Drive ,Baldwinsville,NY,13027
1013,Alma,Peck,unknown,alma.peck@aol.com,298 South Bay Meadows Drive ,Corona,NY,11368
1014,Ling,Newman,unknown,ling.newman@msn.com,832 Spring Road ,South Richmond Hill,NY,11419
1015,Nichelle,Rosario,unknown,nichelle.rosario@hotmail.com,709 Dunbar Ave. ,Garden City,NY,11530
1016,Shenna,Benton,(212) 578-2912,shenna.benton@msn.com,57 Shadow Brook Road ,New York,NY,10002
1017,Philip,Bryan,(510) 533-4262,philip.bryan@hotmail.com,914 Devonshire Court ,Oakland,CA,94603
1018,Carita,Salinas,unknown,carita.salinas@yahoo.com,90 Griffin Street ,Maspeth,NY,11378
1019,Janie,Herrera,unknown,janie.herrera@gmail.com,652 Westport Street ,Elmhurst,NY,11373
1020,Lorraine,Marks,unknown,lorraine.marks@msn.com,160 North Pearl Street ,San Carlos,CA,94070
1021,Nicolas,Carlson,unknown,nicolas.carlson@yahoo.com,7899 Spruce Street ,Saint Albans,NY,11412
1022,Hye,Mercer,unknown,hye.mercer@gmail.com,9681 Redwood St. ,Mahopac,NY,10541
1023,Adena,Blake,unknown,adena.blake@hotmail.com,684 Westport Drive ,Ballston Spa,NY,12020
1024,Coleman,Boyd,(915) 607-6336,coleman.boyd@yahoo.com,9740 Bay Meadows Drive ,El Paso,TX,79930
1025,Daphine,Willis,unknown,daphine.willis@msn.com,152 Shady St. ,Farmingdale,NY,11735
1026,Jenine,Dawson,unknown,jenine.dawson@msn.com,17 Park Street ,Endicott,NY,13760
1027,Shanita,Wiley,unknown,shanita.wiley@yahoo.com,121 Bridge Lane ,Saint Albans,NY,11412
1028,Shanna,Bonner,unknown,shanna.bonner@msn.com,386 Lafayette Road ,Canandaigua,NY,14424
1029,Ping,Quinn,unknown,ping.quinn@gmail.com,9051 Hanover Dr. ,Rowlett,TX,75088
1030,Saran,Moses,unknown,saran.moses@yahoo.com,94 Hall Dr. ,Brooklyn,NY,11201
1031,Tonja,Bean,unknown,tonja.bean@aol.com,9 Middle River St. ,Fairport,NY,14450
1032,Vernon,Knowles,unknown,vernon.knowles@yahoo.com,5 Olive Lane ,Huntington Station,NY,11746
1033,Jeannette,Skinner,unknown,jeannette.skinner@yahoo.com,8886 High Point Drive ,Forest Hills,NY,11375
1034,Rico,Salas,unknown,rico.salas@msn.com,8041 Walt Whitman St. ,Centereach,NY,11720
1035,Tangela,Hurley,unknown,tangela.hurley@msn.com,49 North Cross St. ,Campbell,CA,95008
1036,Randee,Lester,unknown,randee.lester@gmail.com,81 Bear Hill Street ,Centereach,NY,11720
1037,Ashanti,Hammond,unknown,ashanti.hammond@msn.com,9202 W. Lyme Ave. ,Nanuet,NY,10954
1038,Garry,Juarez,unknown,garry.juarez@hotmail.com,670 Nut Swamp Drive ,Forest Hills,NY,11375
1039,Bee,Baker,unknown,bee.baker@aol.com,307 E. Magnolia St. ,Liverpool,NY,13090
1040,Shantae,Hammond,unknown,shantae.hammond@hotmail.com,526 Harvard Drive ,Victoria,TX,77904
1041,Bettye,Espinoza,unknown,bettye.espinoza@yahoo.com,76 Rockwell Street ,Oswego,NY,13126
1042,Larissa,Hays,unknown,larissa.hays@aol.com,66 2nd Drive ,Elmont,NY,11003
1043,Diane,Jones,unknown,diane.jones@gmail.com,859 Prince St. ,Fresh Meadows,NY,11365
1044,Zenia,Bruce,unknown,zenia.bruce@aol.com,349 James Road ,Rosedale,NY,11422
1045,Pasquale,Hogan,unknown,pasquale.hogan@aol.com,403 Bank St. ,Vista,CA,92083
1046,Dane,Mcdaniel,unknown,dane.mcdaniel@hotmail.com,891 Court Ave. ,Canandaigua,NY,14424
1047,Jamaal,Baker,unknown,jamaal.baker@hotmail.com,186 Big Rock Cove Ave. ,Elmhurst,NY,11373
1048,Ji,Burt,unknown,ji.burt@hotmail.com,40 S. Roberts Street ,Apple Valley,CA,92307
1049,Marcelino,Mcbride,unknown,marcelino.mcbride@hotmail.com,29 Oxford Ave. ,Clifton Park,NY,12065
1050,Rozella,Fitzgerald,unknown,rozella.fitzgerald@yahoo.com,7795 Myers Ave. ,Shirley,NY,11967
1051,Tonisha,Fowler,unknown,tonisha.fowler@msn.com,9270 Valley View Lane ,Huntington Station,NY,11746
1052,Zora,Ford,(916) 192-3196,zora.ford@gmail.com,7416 La Sierra Dr. ,Sacramento,CA,95820
1053,Parthenia,Figueroa,unknown,parthenia.figueroa@msn.com,550 Theatre Dr. ,Mahopac,NY,10541
1054,Arielle,Levine,unknown,arielle.levine@yahoo.com,7100 High Ridge St. ,Garland,TX,75043
1055,Hildegarde,Christensen,unknown,hildegarde.christensen@hotmail.com,488 East Mill Pond Ave. ,Maspeth,NY,11378
1056,Rebbecca,Espinoza,unknown,rebbecca.espinoza@hotmail.com,8266 Valley Farms Road ,Mount Vernon,NY,10550
1057,Conchita,Boone,unknown,conchita.boone@gmail.com,814 Birchpond Lane ,Mount Vernon,NY,10550
1058,Aisha,Woods,unknown,aisha.woods@gmail.com,9292 Bear Hill Ave. ,Webster,NY,14580
1059,Season,Harvey,unknown,season.harvey@yahoo.com,388 Arnold Court ,East Northport,NY,11731
1060,Tommie,Cooley,(717) 634-4113,tommie.cooley@yahoo.com,92 Hickory St. ,Lancaster,NY,14086
1061,Alanna,Barry,unknown,alanna.barry@yahoo.com,33 Laurel Avenue ,Euless,TX,76039
1062,Jerri,Guthrie,unknown,jerri.guthrie@msn.com,95 Sugar Dr. ,Carmel,NY,10512
1063,Tammy,Austin,unknown,tammy.austin@yahoo.com,182 Stillwater Ave. ,Lake Jackson,TX,77566
1064,Patsy,Russo,unknown,patsy.russo@gmail.com,8438 Fairway Avenue ,Rowlett,TX,75088
1065,Desiree,Branch,unknown,desiree.branch@msn.com,67 Bayport Drive ,San Lorenzo,CA,94580
1066,Raeann,Duncan,(657) 256-2008,raeann.duncan@aol.com,126 Edgewood St. ,Anaheim,CA,92806
1067,Lillia,Gillespie,unknown,lillia.gillespie@hotmail.com,382 Cardinal Dr. ,Rego Park,NY,11374
1068,Doris,Kaufman,unknown,doris.kaufman@gmail.com,69 Fairground Dr. ,Duarte,CA,91010
1069,Rodolfo,Buck,unknown,rodolfo.buck@gmail.com,8359 Brewery Street ,Shirley,NY,11967
1070,Olimpia,Mays,unknown,olimpia.mays@aol.com,42 Nichols Lane ,Oakland Gardens,NY,11364
1071,Shemeka,Lyons,unknown,shemeka.lyons@msn.com,97 South Jockey Hollow St. ,Pomona,CA,91768
1072,Maryalice,Henry,unknown,maryalice.henry@msn.com,85 Prince Street ,Richardson,TX,75080
1073,Leeanne,Cross,unknown,leeanne.cross@yahoo.com,424 Newcastle Road ,Bayside,NY,11361
1074,Lanelle,Guerra,unknown,lanelle.guerra@yahoo.com,989 Wrangler St. ,Floral Park,NY,11001
1075,Dann,Huff,unknown,dann.huff@gmail.com,475 S. Rockville St. ,Huntington Station,NY,11746
1076,Sherise,Mercer,unknown,sherise.mercer@gmail.com,9401 Catherine Dr. ,Vista,CA,92083
1077,Heather,Perry,unknown,heather.perry@gmail.com,982 Durham Street ,Sunnyside,NY,11104
1078,Theresia,Barron,unknown,theresia.barron@aol.com,951 Wild Rose Street ,Forest Hills,NY,11375
1079,Cindi,Ellis,unknown,cindi.ellis@yahoo.com,6 Cypress Lane ,Floral Park,NY,11001
1080,Mirella,Duffy,unknown,mirella.duffy@yahoo.com,43 University Ave. ,Longview,TX,75604
1081,Carson,Macias,unknown,carson.macias@gmail.com,7 Pennington St. ,New Rochelle,NY,10801
1082,Divina,Madden,(562) 264-3998,divina.madden@gmail.com,7314 Armstrong St. ,Long Beach,NY,11561
1083,Cher,Alston,unknown,cher.alston@msn.com,38 Wild Horse Road ,Wantagh,NY,11793
1084,Regine,Odom,unknown,regine.odom@msn.com,684 N. Mayfield Ave. ,Franklin Square,NY,11010
1085,Adam,Thornton,unknown,adam.thornton@hotmail.com,755 East Henry Lane ,Central Islip,NY,11722
1086,Cori,Schwartz,unknown,cori.schwartz@msn.com,43 Lancaster Lane ,Jamaica,NY,11432
1087,Willow,Gardner,unknown,willow.gardner@gmail.com,57 S. Lakewood Dr. ,Pleasanton,CA,94566
1088,Jane,Henderson,unknown,jane.henderson@hotmail.com,46 Carson Drive ,Apple Valley,CA,92307
1089,Chere,Mcfadden,unknown,chere.mcfadden@yahoo.com,695 San Pablo Drive ,Orchard Park,NY,14127
1090,Ira,Erickson,unknown,ira.erickson@aol.com,6 Lake Forest St. ,Port Jefferson Station,NY,11776
1091,Risa,Gallagher,unknown,risa.gallagher@yahoo.com,8281 Edgefield Drive ,Rocklin,CA,95677
1092,Lavinia,Cotton,unknown,lavinia.cotton@yahoo.com,7485 Bridle Street ,East Northport,NY,11731
1093,Alejandrina,Hodges,unknown,alejandrina.hodges@msn.com,7598 Shadow Brook St. ,Deer Park,NY,11729
1094,Keitha,Black,unknown,keitha.black@yahoo.com,7670 Hilldale Ave. ,Lindenhurst,NY,11757
1095,Corene,Swanson,unknown,corene.swanson@aol.com,597 Lakeshore Lane ,Rego Park,NY,11374
1096,Tonda,Webb,unknown,tonda.webb@yahoo.com,53 SW. Edgemont Rd. ,Baldwinsville,NY,13027
1097,Collen,Dennis,unknown,collen.dennis@gmail.com,284 E. Mill Street ,San Pablo,CA,94806
1098,Treasa,Dickerson,unknown,treasa.dickerson@hotmail.com,70 W. Creekside Road ,Rockville Centre,NY,11570
1099,Jewell,Reyes,unknown,jewell.reyes@hotmail.com,8711 Glen Creek Drive ,Jackson Heights,NY,11372
1100,Penny,Acevedo,unknown,penny.acevedo@yahoo.com,318 Mulberry Drive ,Ballston Spa,NY,12020
1101,Louise,Flowers,unknown,louise.flowers@yahoo.com,28 N. Gregory Court ,Depew,NY,14043
1102,Henrietta,Wagner,(682) 143-2224,henrietta.wagner@hotmail.com,54 Brickyard St. ,Fort Worth,TX,76110
1103,Ardelia,Cooley,unknown,ardelia.cooley@aol.com,59 Henry Smith St. ,Canyon Country,CA,91387
1104,Khalilah,Robertson,unknown,khalilah.robertson@aol.com,22 Longbranch Rd. ,Spring Valley,NY,10977
1105,Armando,Black,unknown,armando.black@gmail.com,8611 N. Poor House St. ,Richardson,TX,75080
1106,Jerri,Henry,unknown,jerri.henry@msn.com,141 N. Purple Finch Avenue ,Spring Valley,NY,10977
1107,Lynda,Newman,unknown,lynda.newman@msn.com,44 SW. Thomas Ave. ,Saratoga Springs,NY,12866
1108,Bao,Wade,unknown,bao.wade@gmail.com,7587 Church St. ,Desoto,TX,75115
1109,Gussie,Harding,unknown,gussie.harding@gmail.com,41 Edgefield Avenue ,Deer Park,NY,11729
1110,Shirely,Cantrell,unknown,shirely.cantrell@aol.com,6 Kent Street ,West Hempstead,NY,11552
1111,Caroline,Jenkins,unknown,caroline.jenkins@msn.com,86 River Lane ,Richardson,TX,75080
1112,Hollis,Rasmussen,unknown,hollis.rasmussen@yahoo.com,8949 S. Gates Road ,Massapequa,NY,11758
1113,Kendra,Harrington,unknown,kendra.harrington@yahoo.com,768 Cooper Street ,Jamestown,NY,14701
1114,Douglass,Blankenship,(229) 891-2087,douglass.blankenship@hotmail.com,409 W. Rock Maple Lane ,Albany,NY,12203
1115,Lina,Meadows,unknown,lina.meadows@aol.com,7020 Ashley Rd. ,Glen Cove,NY,11542
1116,Patria,Harper,unknown,patria.harper@msn.com,90 Arlington St. ,Astoria,NY,11102
1117,Jeffrey,Hill,unknown,jeffrey.hill@gmail.com,2 Shub Farm St. ,Rosedale,NY,11422
1118,Ja,Dillard,unknown,ja.dillard@yahoo.com,25 Orchard St. ,Canyon Country,CA,91387
1119,Tora,Dunlap,unknown,tora.dunlap@hotmail.com,9903 North Halifax Ave. ,Monsey,NY,10952
1120,Karole,Alvarez,unknown,karole.alvarez@gmail.com,69 Woodland St. ,East Northport,NY,11731
1121,Shasta,Combs,unknown,shasta.combs@yahoo.com,726 James Dr. ,Yorktown Heights,NY,10598
1122,Cicely,Deleon,unknown,cicely.deleon@yahoo.com,751 Newbridge Ave. ,Massapequa Park,NY,11762
1123,Raphael,O'neil,unknown,raphael.o'neil@aol.com,762 East Lantern Dr. ,Fairport,NY,14450
1124,Hubert,Reilly,unknown,hubert.reilly@hotmail.com,9004 N. Lake Rd. ,Amityville,NY,11701
1125,Caleb,England,unknown,caleb.england@gmail.com,649 Marvon St. ,Pleasanton,CA,94566
1126,Elmira,Levy,unknown,elmira.levy@gmail.com,6 Columbia Dr. ,Spring Valley,NY,10977
1127,Waldo,Hart,unknown,waldo.hart@yahoo.com,9782 Pineknoll Lane ,Queensbury,NY,12804
1128,Bea,Kane,unknown,bea.kane@aol.com,398 Green Lake Ave. ,Mahopac,NY,10541
1129,Gilberto,Sanders,unknown,gilberto.sanders@hotmail.com,186 Roehampton Ave. ,Woodside,NY,11377
1130,Benny,Bender,unknown,benny.bender@aol.com,520 W. Hamilton St. ,Elmont,NY,11003
1131,Desmond,Rose,unknown,desmond.rose@hotmail.com,9956 Lexington Rd. ,Mount Vernon,NY,10550
1132,Parthenia,Holman,unknown,parthenia.holman@gmail.com,17 Orange Court ,Ithaca,NY,14850
1133,Dung,King,unknown,dung.king@aol.com,523 Prairie St. ,West Islip,NY,11795
1134,Sherril,Alvarado,unknown,sherril.alvarado@hotmail.com,9434 Cypress Court ,Desoto,TX,75115
1135,Alisia,Albert,unknown,alisia.albert@gmail.com,9490 Coffee St. ,Garland,TX,75043
1136,Kallie,Best,(507) 997-4112,kallie.best@aol.com,9842 Fairview St. ,Rochester,NY,14606
1137,Dottie,Roberts,unknown,dottie.roberts@aol.com,8252 Theatre St. ,Port Washington,NY,11050
1138,Hubert,Stone,unknown,hubert.stone@hotmail.com,203 Penn St. ,Ridgecrest,CA,93555
1139,Gabriella,Jones,unknown,gabriella.jones@hotmail.com,9100 Gates Ave. ,Mount Vernon,NY,10550
1140,Penney,Hall,unknown,penney.hall@msn.com,8306 Jockey Hollow Street ,Liverpool,NY,13090
1141,Mallie,Osborn,unknown,mallie.osborn@gmail.com,9022 Bridgeton St. ,Newburgh,NY,12550
1142,Britteny,Schroeder,unknown,britteny.schroeder@aol.com,855 Bohemia Dr. ,Pittsford,NY,14534
1143,Sommer,Hopkins,unknown,sommer.hopkins@gmail.com,827 Laurel Ave. ,Tonawanda,NY,14150
1144,Jewel,Sparks,unknown,jewel.sparks@aol.com,12 Vine Road ,Oakland Gardens,NY,11364
1145,Deandrea,Vega,(914) 818-7312,deandrea.vega@gmail.com,613 Mill Pond St. ,Yonkers,NY,10701
1146,Charlsie,Carson,unknown,charlsie.carson@hotmail.com,3 South Grant Avenue ,Saint Albans,NY,11412
1147,Kandace,Ayers,unknown,kandace.ayers@gmail.com,9005 Lookout Lane ,Santa Monica,CA,90403
1148,Lenore,Valdez,unknown,lenore.valdez@msn.com,829 Birchpond Street ,Spring Valley,NY,10977
1149,Drucilla,Gilliam,unknown,drucilla.gilliam@hotmail.com,8257 E. Westminster Ave. ,Santa Clara,CA,95050
1150,Keturah,Reid,(361) 394-2024,keturah.reid@yahoo.com,747 SE. Beech Ave. ,Corpus Christi,TX,78418
1151,Herminia,Reyes,unknown,herminia.reyes@gmail.com,782 Stonybrook Street ,Centereach,NY,11720
1152,Tuyet,Rosa,unknown,tuyet.rosa@aol.com,9038 Golden Star Street ,South El Monte,CA,91733
1153,Ara,Vazquez,unknown,ara.vazquez@msn.com,343 2nd Court ,San Carlos,CA,94070
1154,Barry,Albert,unknown,barry.albert@gmail.com,13 Grand St. ,Auburn,NY,13021
1155,Verdell,Joyner,unknown,verdell.joyner@aol.com,9191 Sierra St. ,Far Rockaway,NY,11691
1156,Han,Wade,unknown,han.wade@hotmail.com,587 Sulphur Springs St. ,Howard Beach,NY,11414
1157,Anton,Barton,(716) 472-3707,anton.barton@msn.com,7284 East Indian Spring Rd. ,Buffalo,NY,14215
1158,Vito,Pickett,unknown,vito.pickett@hotmail.com,93 High Point Street ,Canandaigua,NY,14424
1159,Charlene,Norris,unknown,charlene.norris@msn.com,972 South Sierra Drive ,Syosset,NY,11791
1160,Efren,Whitfield,unknown,efren.whitfield@gmail.com,139 Union Rd. ,Euless,TX,76039
1161,Santa,Larson,unknown,santa.larson@gmail.com,5 Bellevue Dr. ,Valley Stream,NY,11580
1162,Carmelina,Sellers,unknown,carmelina.sellers@hotmail.com,12 Race St. ,Ithaca,NY,14850
1163,Carmela,Hays,unknown,carmela.hays@aol.com,149 Pennington Ave. ,Lawndale,CA,90260
1164,Patrina,Tanner,unknown,patrina.tanner@gmail.com,7136 Selby Road ,Scarsdale,NY,10583
1165,Rikki,Morrow,(682) 936-1482,rikki.morrow@hotmail.com,7096 Plumb Branch Road ,Fort Worth,TX,76110
1166,Junita,Reese,unknown,junita.reese@gmail.com,8773 North Walt Whitman Court ,Bay Shore,NY,11706
1167,Ryan,Carter,unknown,ryan.carter@yahoo.com,8684 Studebaker Road ,Nanuet,NY,10954
1168,Almeta,Benjamin,unknown,almeta.benjamin@aol.com,8456 Oakwood St. ,Sunnyside,NY,11104
1169,Beatris,Joyner,unknown,beatris.joyner@gmail.com,7463 Gonzales Rd. ,Spring Valley,NY,10977
1170,Mechelle,Chan,unknown,mechelle.chan@gmail.com,458 Overlook Street ,Richmond Hill,NY,11418
1171,Earlean,Pena,unknown,earlean.pena@yahoo.com,7698 Fulton St. ,Rome,NY,13440
1172,Katherin,Clark,unknown,katherin.clark@yahoo.com,996 Iroquois Street ,Pittsford,NY,14534
1173,Chanel,May,unknown,chanel.may@msn.com,806 Saxton Court ,Garden City,NY,11530
1174,Aaron,Knapp,(914) 402-4335,aaron.knapp@yahoo.com,807 Grandrose Ave. ,Yonkers,NY,10701
1175,Sindy,Anderson,unknown,sindy.anderson@gmail.com,543 Halifax Ave. ,Pomona,CA,91768
1176,Sheree,Blanchard,unknown,sheree.blanchard@gmail.com,41 Glenwood Ave. ,Queensbury,NY,12804
1177,Charlesetta,Soto,unknown,charlesetta.soto@yahoo.com,25 South Colonial Drive ,Poughkeepsie,NY,12601
1178,Wendie,Nash,(805) 389-2549,wendie.nash@hotmail.com,9 South Road ,Oxnard,CA,93035
1179,Vernetta,Banks,unknown,vernetta.banks@aol.com,7633 Albany St. ,Brooklyn,NY,11201
1180,Myrtle,Gardner,unknown,myrtle.gardner@aol.com,303 Creekside Street ,Farmingdale,NY,11735
1181,Agustina,Lawrence,unknown,agustina.lawrence@yahoo.com,9347 Delaware Ave. ,Brooklyn,NY,11201
1182,Trinidad,Chapman,unknown,trinidad.chapman@aol.com,7371 Glen Eagles Street ,Ronkonkoma,NY,11779
1183,Kim,Clark,unknown,kim.clark@msn.com,19 Liberty St. ,Merrick,NY,11566
1184,Annabelle,Hebert,unknown,annabelle.hebert@aol.com,9745 Nicolls Lane ,Spring Valley,NY,10977
1185,Corine,Stuart,unknown,corine.stuart@msn.com,5 Penn Street ,Clifton Park,NY,12065
1186,Kiesha,Bond,unknown,kiesha.bond@aol.com,29 Marvon St. ,San Carlos,CA,94070
1187,Kenyetta,Mason,unknown,kenyetta.mason@msn.com,98 Poplar Ave. ,Flushing,NY,11354
1188,Marcene,Curtis,(914) 361-6045,marcene.curtis@msn.com,7699 Illinois Lane ,Yonkers,NY,10701
1189,Sheila,Goodman,unknown,sheila.goodman@msn.com,9586 Chestnut St. ,Uniondale,NY,11553
1190,Romeo,Steele,unknown,romeo.steele@msn.com,162 Crescent Lane ,Port Jefferson Station,NY,11776
1191,Tam,Fisher,(507) 351-9375,tam.fisher@aol.com,8000 Woodsman Lane ,Rochester,NY,14606
1192,Gena,Owens,unknown,gena.owens@gmail.com,43 Buckingham St. ,Desoto,TX,75115
1193,Phebe,Soto,unknown,phebe.soto@hotmail.com,9239 Leatherwood Rd. ,South Ozone Park,NY,11420
1194,Leticia,Snyder,unknown,leticia.snyder@yahoo.com,173 Lyme Dr. ,Pittsford,NY,14534
1195,Chantell,Bridges,(716) 941-6072,chantell.bridges@yahoo.com,8478 N. Wrangler Dr. ,Buffalo,NY,14215
1196,Ileana,Holt,unknown,ileana.holt@msn.com,817 Adams St. ,Patchogue,NY,11772
1197,Nakisha,Clay,unknown,nakisha.clay@gmail.com,8996 Beechwood Ave. ,Port Washington,NY,11050
1198,Cheryll,Snyder,unknown,cheryll.snyder@yahoo.com,77 E. Liberty St. ,Brooklyn,NY,11201
1199,Consuela,Collier,unknown,consuela.collier@msn.com,338 S. Holly Avenue ,North Tonawanda,NY,14120
1200,Aubrey,Durham,unknown,aubrey.durham@aol.com,14 Foster Ave. ,Port Washington,NY,11050
1201,Nita,Guy,unknown,nita.guy@hotmail.com,75 Academy Street ,Port Chester,NY,10573
1202,Carmina,Emerson,unknown,carmina.emerson@hotmail.com,7137 Monroe Road ,Banning,CA,92220
1203,Georgeann,Rojas,unknown,georgeann.rojas@msn.com,691 Devon Ave. ,Desoto,TX,75115
1204,Leslie,Higgins,unknown,leslie.higgins@hotmail.com,805 Logan Ave. ,Saratoga Springs,NY,12866
1205,Emmaline,Huber,unknown,emmaline.huber@gmail.com,7975 Harrison Rd. ,Mount Vernon,NY,10550
1206,Mercy,Brown,unknown,mercy.brown@msn.com,8207 Central Street ,Hollis,NY,11423
1207,Jenell,Crosby,(631) 544-4772,jenell.crosby@hotmail.com,507 Fulton Street ,Brentwood,NY,11717
1208,Leila,Barr,unknown,leila.barr@yahoo.com,120 Fremont Rd. ,Carmel,NY,10512
1209,Deandrea,Cox,unknown,deandrea.cox@msn.com,617 Sycamore Street ,Huntington,NY,11743
1210,Shawnna,Frank,unknown,shawnna.frank@hotmail.com,17 NW. Cottage Lane ,Woodside,NY,11377
1211,Brenton,Whitaker,unknown,brenton.whitaker@gmail.com,25 Elmwood Rd. ,Niagara Falls,NY,14304
1212,Jaqueline,Cummings,unknown,jaqueline.cummings@hotmail.com,478 Wrangler St. ,Huntington Station,NY,11746
1213,Yang,Giles,unknown,yang.giles@gmail.com,25 Bridle Lane ,San Angelo,TX,76901
1214,Brigid,Sharp,unknown,brigid.sharp@hotmail.com,495 Sleepy Hollow Court ,Santa Clara,CA,95050
1215,Karl,Stephens,unknown,karl.stephens@gmail.com,208 Thatcher Rd. ,Rockville Centre,NY,11570
1216,Elvina,Gates,unknown,elvina.gates@hotmail.com,112 Smith St. ,Pleasanton,CA,94566
1217,Carlie,Terrell,(914) 517-8036,carlie.terrell@yahoo.com,7437 Snake Hill Road ,Yonkers,NY,10701
1218,Donovan,Cantrell,(510) 624-3824,donovan.cantrell@msn.com,601 Winchester Dr. ,Oakland,CA,94603
1219,Alden,Atkinson,unknown,alden.atkinson@gmail.com,46 Valley St. ,Shirley,NY,11967
1220,Carissa,Cross,unknown,carissa.cross@yahoo.com,9335 West Main Dr. ,Huntington Station,NY,11746
1221,Joy,Underwood,unknown,joy.underwood@gmail.com,7297 Armstrong Dr. ,Apple Valley,CA,92307
1222,Geraldine,O'donnell,unknown,geraldine.o'donnell@hotmail.com,8241 Lookout Rd. ,Flushing,NY,11354
1223,Bronwyn,Vargas,unknown,bronwyn.vargas@msn.com,35 James Street ,New Windsor,NY,12553
1224,Abram,Copeland,unknown,abram.copeland@gmail.com,9782 Indian Spring Lane ,Harlingen,TX,78552
1225,Mellisa,Griffin,unknown,mellisa.griffin@msn.com,49 Alton Circle ,Los Banos,CA,93635
1226,Qiana,Jackson,unknown,qiana.jackson@gmail.com,56 Galvin Street ,East Northport,NY,11731
1227,Magali,Dixon,(248) 279-5331,magali.dixon@msn.com,815 Del Monte Court ,Troy,NY,12180
1228,Zulema,Clemons,(510) 565-8496,zulema.clemons@aol.com,75 W. Howard St. ,Oakland,CA,94603
1229,Carina,Lynch,unknown,carina.lynch@gmail.com,64 Jennings Road ,Wappingers Falls,NY,12590
1230,Jesus,Burch,unknown,jesus.burch@hotmail.com,7024 Squaw Creek Street ,Desoto,TX,75115
1231,Selene,Vega,unknown,selene.vega@gmail.com,11 Sierra St. ,Campbell,CA,95008
1232,Jong,Guthrie,unknown,jong.guthrie@hotmail.com,889 Leatherwood Drive ,Bethpage,NY,11714
1233,Lise,Hebert,unknown,lise.hebert@gmail.com,140 East Broad Lane ,Vista,CA,92083
1234,Joshua,Berg,unknown,joshua.berg@hotmail.com,16 East St. ,Ossining,NY,10562
1235,Georgina,Gonzales,unknown,georgina.gonzales@yahoo.com,307 Chapel St. ,Endicott,NY,13760
1236,Rudolph,Velez,unknown,rudolph.velez@yahoo.com,9397 Pleasant Drive ,Mount Vernon,NY,10550
1237,Luke,Kramer,unknown,luke.kramer@hotmail.com,7955 Delaware Drive ,Bethpage,NY,11714
1238,Edgar,Quinn,unknown,edgar.quinn@aol.com,556 Dogwood Ave. ,Harlingen,TX,78552
1239,Tara,Maynard,unknown,tara.maynard@hotmail.com,9375 Fordham Street ,Lindenhurst,NY,11757
1240,Bella,Perez,unknown,bella.perez@msn.com,43 Green Lake Street ,Duarte,CA,91010
1241,Nathaniel,Davidson,unknown,nathaniel.davidson@hotmail.com,7476 Henry Smith Street ,Rome,NY,13440
1242,Chauncey,Donaldson,unknown,chauncey.donaldson@aol.com,7412 Golf Ave. ,Franklin Square,NY,11010
1243,Heide,Reed,unknown,heide.reed@yahoo.com,9174 Coffee Drive ,Floral Park,NY,11001
1244,Trang,Hardin,unknown,trang.hardin@yahoo.com,9255 Myers Drive ,Depew,NY,14043
1245,Gabriela,Warren,(562) 986-2247,gabriela.warren@aol.com,9947 Brewery Ave. ,Long Beach,NY,11561
1246,Dale,Rasmussen,unknown,dale.rasmussen@aol.com,8590 Adams Street ,Kingston,NY,12401
1247,Tammie,Cherry,unknown,tammie.cherry@hotmail.com,791 Wakehurst Dr. ,Massapequa,NY,11758
1248,Bethany,Herring,unknown,bethany.herring@yahoo.com,7563 High Point Street ,Port Jefferson Station,NY,11776
1249,Barbra,Dickerson,unknown,barbra.dickerson@gmail.com,8424 E. Rockcrest Dr. ,Ridgecrest,CA,93555
1250,Neoma,Daugherty,unknown,neoma.daugherty@gmail.com,80 Spring Street ,Mount Vernon,NY,10550
1251,Nanette,Roman,unknown,nanette.roman@yahoo.com,8254 North Riverview Street ,Glendora,CA,91740
1252,Adriene,Rollins,unknown,adriene.rollins@msn.com,55 Cambridge Street ,Plainview,NY,11803
1253,Susannah,Fields,unknown,susannah.fields@hotmail.com,17 Railroad Street ,Far Rockaway,NY,11691
1254,Dung,Reid,unknown,dung.reid@msn.com,468 West Washington Ave. ,Canyon Country,CA,91387
1255,Ben,Stone,unknown,ben.stone@gmail.com,8855 University St. ,Ithaca,NY,14850
1256,Nubia,Anderson,unknown,nubia.anderson@aol.com,584 NW. Hilldale Drive ,Ronkonkoma,NY,11779
1257,Rosamaria,Meyer,unknown,rosamaria.meyer@yahoo.com,446 Elizabeth St. ,Webster,NY,14580
1258,Todd,Waters,unknown,todd.waters@yahoo.com,92 Cedar Swamp Street ,Bay Shore,NY,11706
1259,Kimbery,Nieves,unknown,kimbery.nieves@msn.com,768 Roehampton St. ,San Carlos,CA,94070
1260,Phuong,Wolf,unknown,phuong.wolf@yahoo.com,7765 N. Annadale Dr. ,Schenectady,NY,12302
1261,Adelaida,Hancock,unknown,adelaida.hancock@aol.com,669 S. Gartner Street ,San Pablo,CA,94806
1262,Brianne,Hays,unknown,brianne.hays@gmail.com,88 Tailwater Ave. ,San Pablo,CA,94806
1263,Rufina,Chandler,unknown,rufina.chandler@aol.com,7985 Alderwood Street ,New Hyde Park,NY,11040
1264,Devin,Velazquez,(631) 254-8497,devin.velazquez@aol.com,61 Redwood St. ,Brentwood,NY,11717
1265,Bonita,Marshall,unknown,bonita.marshall@msn.com,48 Bald Hill Drive ,Endicott,NY,13760
1266,Myrl,Gay,unknown,myrl.gay@hotmail.com,8708 Taylor Lane ,Garland,TX,75043
1267,Earline,Gordon,unknown,earline.gordon@gmail.com,81 Railroad Drive ,Ronkonkoma,NY,11779
1268,Sung,Chambers,unknown,sung.chambers@gmail.com,369 N. Virginia Street ,Kingston,NY,12401
1269,Gustavo,Gamble,unknown,gustavo.gamble@msn.com,8054 W. Meadowbrook Street ,Port Washington,NY,11050
1270,Ciera,Webb,unknown,ciera.webb@yahoo.com,958 Anderson Ave. ,Orchard Park,NY,14127
1271,Roy,Chan,unknown,roy.chan@hotmail.com,7578 Middle River St. ,Pomona,CA,91768
1272,Houston,Vasquez,unknown,houston.vasquez@msn.com,845 Aspen Street ,Fullerton,CA,92831
1273,Cheree,Hale,unknown,cheree.hale@yahoo.com,95 Lyme Avenue ,Oswego,NY,13126
1274,Odette,Moses,unknown,odette.moses@gmail.com,899 Overlook Lane ,Newburgh,NY,12550
1275,Lenita,Bonner,unknown,lenita.bonner@aol.com,7286 Swanson Drive ,Los Banos,CA,93635
1276,Shona,Mcmillan,unknown,shona.mcmillan@msn.com,57 West Maple Dr. ,Apple Valley,CA,92307
1277,Piedad,Irwin,unknown,piedad.irwin@hotmail.com,581 Garden St. ,Coram,NY,11727
1278,Loan,Graham,unknown,loan.graham@yahoo.com,57 Glen Eagles St. ,Jackson Heights,NY,11372
1279,Stan,Saunders,unknown,stan.saunders@yahoo.com,407 Essex Dr. ,Canandaigua,NY,14424
1280,Jackeline,Colon,unknown,jackeline.colon@msn.com,9916 Cedarwood Drive ,Wappingers Falls,NY,12590
1281,Marlen,Dawson,unknown,marlen.dawson@msn.com,67 Oak Valley Street ,Woodside,NY,11377
1282,Alexis,Mack,(845) 707-6088,alexis.mack@aol.com,7767 Sutor Ave. ,New City,NY,10956
1283,Mica,Barry,unknown,mica.barry@yahoo.com,3 SE. Sugar St. ,Hopewell Junction,NY,12533
1284,Shanice,Spears,unknown,shanice.spears@msn.com,5 Piper Ave. ,Brooklyn,NY,11201
1285,Garth,Huff,unknown,garth.huff@yahoo.com,794 East University St. ,Glendora,CA,91740
1286,Dione,Pratt,unknown,dione.pratt@msn.com,864 Winding Way St. ,Pleasanton,CA,94566
1287,Victor,Pittman,unknown,victor.pittman@aol.com,9294 Devon Dr. ,Astoria,NY,11102
1288,Allie,Conley,unknown,allie.conley@msn.com,96 High Point Road ,Lawndale,CA,90260
1289,Shanelle,Anderson,unknown,shanelle.anderson@yahoo.com,646 Surrey Street ,Bethpage,NY,11714
1290,Minnie,Compton,unknown,minnie.compton@gmail.com,185 Hudson Street ,South Richmond Hill,NY,11419
1291,Shiloh,Bates,unknown,shiloh.bates@msn.com,15 Wellington Dr. ,Monsey,NY,10952
1292,Lakenya,Oliver,unknown,lakenya.oliver@yahoo.com,82 Bayport Court ,San Lorenzo,CA,94580
1293,Sally,Kinney,unknown,sally.kinney@msn.com,7565 High Dr. ,Floral Park,NY,11001
1294,Edith,Davenport,unknown,edith.davenport@gmail.com,685 Alton Road ,Ontario,CA,91762
1295,Alline,Beasley,unknown,alline.beasley@yahoo.com,8704 NE. Olive Ave. ,North Tonawanda,NY,14120
1296,Travis,Whitley,unknown,travis.whitley@aol.com,60 Euclid Ave. ,Saint Albans,NY,11412
1297,Vanessa,West,unknown,vanessa.west@gmail.com,34 Prairie Lane ,New Rochelle,NY,10801
1298,Trudy,Riddle,unknown,trudy.riddle@aol.com,8943 Johnson Street ,Schenectady,NY,12302
1299,Shauna,Edwards,unknown,shauna.edwards@msn.com,8 Dogwood Ave. ,Yorktown Heights,NY,10598
1300,Clorinda,Donovan,unknown,clorinda.donovan@msn.com,9690 E. Morris Ave. ,Jamestown,NY,14701
1301,Raven,Curtis,unknown,raven.curtis@aol.com,18 Summit Lane ,Lawndale,CA,90260
1302,Verda,Gilbert,unknown,verda.gilbert@gmail.com,54 Hillcrest Drive ,East Northport,NY,11731
1303,Renay,Atkins,unknown,renay.atkins@aol.com,7146 Leeton Ridge Ave. ,Woodside,NY,11377
1304,Tama,Berg,unknown,tama.berg@hotmail.com,3 Cardinal Avenue ,Hollis,NY,11423
1305,Dalia,Carson,(507) 186-2004,dalia.carson@aol.com,7175 Galvin St. ,Rochester,NY,14606
1306,America,Swanson,unknown,america.swanson@msn.com,83 South Arlington Lane ,Webster,NY,14580
1307,Cinda,Rocha,unknown,cinda.rocha@hotmail.com,926 North Oklahoma Dr. ,Los Banos,CA,93635
1308,Shea,Howell,unknown,shea.howell@msn.com,67 Arch Rd. ,South El Monte,CA,91733
1309,Kimberli,Cline,unknown,kimberli.cline@yahoo.com,7115 Stonybrook Court ,Centereach,NY,11720
1310,Emanuel,Mckee,unknown,emanuel.mckee@yahoo.com,9411 Lake Dr. ,Schenectady,NY,12302
1311,Whitley,Cannon,unknown,whitley.cannon@msn.com,614 High Point Lane ,Coram,NY,11727
1312,Tereasa,Bird,unknown,tereasa.bird@aol.com,7526 Vine Drive ,Ronkonkoma,NY,11779
1313,Dante,Grimes,unknown,dante.grimes@yahoo.com,23 Shore St. ,Duarte,CA,91010
1314,Joeann,Garrison,unknown,joeann.garrison@yahoo.com,1 Harrison St. ,Ontario,CA,91762
1315,Omega,Johnston,unknown,omega.johnston@gmail.com,9935 Tarkiln Hill St. ,Canyon Country,CA,91387
1316,Conrad,Mueller,unknown,conrad.mueller@yahoo.com,3 Myrtle St. ,Massapequa,NY,11758
1317,Glady,Wells,unknown,glady.wells@gmail.com,627 Ramblewood Ave. ,Syosset,NY,11791
1318,Tisha,Petty,(210) 851-3122,tisha.petty@msn.com,9083 Lake View Ave. ,San Antonio,TX,78213
1319,Claris,Santiago,unknown,claris.santiago@msn.com,763 Mountainview Dr. ,Newburgh,NY,12550
1320,Obdulia,Barber,unknown,obdulia.barber@gmail.com,878 Lexington Rd. ,Newburgh,NY,12550
1321,Shantel,Gregory,unknown,shantel.gregory@yahoo.com,7722 Second Lane ,West Islip,NY,11795
1322,Ai,Forbes,unknown,ai.forbes@yahoo.com,254 Central St. ,Franklin Square,NY,11010
1323,Ebony,Cotton,unknown,ebony.cotton@yahoo.com,8979 Miller St. ,West Babylon,NY,11704
1324,Arla,Ellis,unknown,arla.ellis@yahoo.com,127 Crescent Ave. ,Utica,NY,13501
1325,Magdalena,Sherman,unknown,magdalena.sherman@gmail.com,176 Sunbeam St. ,Oswego,NY,13126
1326,Tarra,Guerrero,unknown,tarra.guerrero@aol.com,10 Baker St. ,Auburn,NY,13021
1327,Consuela,Romero,unknown,consuela.romero@hotmail.com,54 Elm Court ,Monroe,NY,10950
1328,Cindie,Franklin,unknown,cindie.franklin@yahoo.com,7249 Franklin St. ,Lawndale,CA,90260
1329,Sharyn,Brewer,unknown,sharyn.brewer@aol.com,70 Columbia Ave. ,Hollis,NY,11423
1330,Karren,Stevenson,unknown,karren.stevenson@aol.com,155 Old York St. ,San Carlos,CA,94070
1331,Divina,Reeves,unknown,divina.reeves@hotmail.com,767 Bradford Dr. ,Newburgh,NY,12550
1332,Novella,Ross,unknown,novella.ross@gmail.com,9418 Acacia Drive ,Glendora,CA,91740
1333,Omega,Huff,unknown,omega.huff@aol.com,63 Devon St. ,Santa Monica,CA,90403
1334,Ashleigh,Finch,unknown,ashleigh.finch@yahoo.com,82 Hudson Court ,Newburgh,NY,12550
1335,Corina,Lynch,unknown,corina.lynch@msn.com,44 Sunbeam Dr. ,Rosedale,NY,11422
1336,Joe,Melton,unknown,joe.melton@gmail.com,8998 Hartford Street ,New Windsor,NY,12553
1337,Bernetta,Summers,unknown,bernetta.summers@aol.com,1 Young Ave. ,Longview,TX,75604
1338,Inez,Snider,unknown,inez.snider@gmail.com,837 Catherine Lane ,Ronkonkoma,NY,11779
1339,Neida,King,(442) 778-1121,neida.king@aol.com,137 Bohemia St. ,Oceanside,NY,11572
1340,Tona,Velasquez,unknown,tona.velasquez@msn.com,9166 Trout St. ,Whitestone,NY,11357
1341,Rozanne,Reyes,unknown,rozanne.reyes@aol.com,11 W. Surrey Drive ,Garden City,NY,11530
1342,Lekisha,Pope,unknown,lekisha.pope@msn.com,390 Livingston Avenue ,Freeport,NY,11520
1343,Jama,Rodriquez,unknown,jama.rodriquez@msn.com,681 Smith Dr. ,Upland,CA,91784
1344,Eloisa,Tucker,unknown,eloisa.tucker@hotmail.com,7268 Leatherwood Ave. ,Howard Beach,NY,11414
1345,Arie,Hunter,unknown,arie.hunter@msn.com,66 Old State Rd. ,Flushing,NY,11354
1346,Sanora,Webster,(424) 464-7290,sanora.webster@msn.com,74 Beach St. ,Los Angeles,CA,90008
1347,Kate,Barber,unknown,kate.barber@hotmail.com,46 W. Oak Valley Ave. ,Saratoga Springs,NY,12866
1348,Yvone,Guerrero,unknown,yvone.guerrero@aol.com,8548 Jackson Ave. ,Merrick,NY,11566
1349,Kami,Rios,unknown,kami.rios@yahoo.com,8400 8th Dr. ,Encino,CA,91316
1350,Annett,Rush,unknown,annett.rush@hotmail.com,758 Fordham Lane ,Rosedale,NY,11422
1351,Carman,Hardy,unknown,carman.hardy@yahoo.com,800 Whitemarsh St. ,Jamestown,NY,14701
1352,Dorothea,Miranda,unknown,dorothea.miranda@aol.com,7882 Parker St. ,Upland,CA,91784
1353,Agatha,Daniels,unknown,agatha.daniels@yahoo.com,125 Canal St. ,South El Monte,CA,91733
1354,Alexandria,Zamora,unknown,alexandria.zamora@yahoo.com,95 Cherry Circle ,Schenectady,NY,12302
1355,Thad,Gilliam,unknown,thad.gilliam@hotmail.com,8844 Gonzales Court ,Levittown,NY,11756
1356,Inger,Jennings,unknown,inger.jennings@yahoo.com,38 NW. Shore Lane ,Patchogue,NY,11772
1357,Karren,Lamb,(559) 628-2239,karren.lamb@aol.com,35 N. Chapel St. ,Fresno,CA,93706
1358,Noble,Glover,unknown,noble.glover@gmail.com,728 W. Rocky River Street ,Orchard Park,NY,14127
1359,Octavia,Donaldson,unknown,octavia.donaldson@hotmail.com,8095 Wayne Ave. ,Levittown,NY,11756
1360,Latashia,Travis,unknown,latashia.travis@yahoo.com,7877 King Rd. ,Upland,CA,91784
1361,Destiny,Goodman,unknown,destiny.goodman@msn.com,29 Smoky Hollow St. ,Westbury,NY,11590
1362,Christiana,Gross,unknown,christiana.gross@yahoo.com,645 North Richardson Road ,Orchard Park,NY,14127
1363,Nestor,Haynes,(281) 969-4579,nestor.haynes@msn.com,27 Nut Swamp Street ,Houston,TX,77016
1364,Grisel,Maynard,unknown,grisel.maynard@msn.com,353 North Arch St. ,Ballston Spa,NY,12020
1365,Shenna,Espinoza,unknown,shenna.espinoza@gmail.com,202 North George Street ,Queensbury,NY,12804
1366,Trena,Rogers,unknown,trena.rogers@aol.com,502 Sherwood St. ,Campbell,CA,95008
1367,Lucile,Manning,unknown,lucile.manning@yahoo.com,511 Livingston Lane ,Campbell,CA,95008
1368,Veronique,Fulton,unknown,veronique.fulton@yahoo.com,81 Hilldale Ave. ,Ballston Spa,NY,12020
1369,Starr,Schneider,unknown,starr.schneider@aol.com,77 Mulberry Street ,Shirley,NY,11967
1370,Rona,Rojas,(408) 611-3553,rona.rojas@gmail.com,815 Riverview St. ,San Jose,CA,95127
1371,Pandora,Estes,unknown,pandora.estes@aol.com,228 Shadow Brook Drive ,New Hyde Park,NY,11040
1372,Renna,Williams,unknown,renna.williams@hotmail.com,7398 SW. Glen Ridge Road ,South Ozone Park,NY,11420
1373,Lanora,Robbins,unknown,lanora.robbins@hotmail.com,31 W. Maiden Lane ,West Babylon,NY,11704
1374,Juliane,Dillard,unknown,juliane.dillard@aol.com,63 Birchwood Court ,Glendora,CA,91740
1375,Carlena,Salinas,unknown,carlena.salinas@gmail.com,1 Wagon Street ,Jamaica,NY,11432
1376,Kimberley,Reynolds,unknown,kimberley.reynolds@aol.com,8475 Homewood Street ,Port Washington,NY,11050
1377,Johana,Jacobson,(507) 407-9384,johana.jacobson@gmail.com,29 San Juan St. ,Rochester,NY,14606
1378,Enoch,Rosario,(559) 329-7615,enoch.rosario@hotmail.com,186 Arlington St. ,Fresno,CA,93706
1379,Dorine,Thornton,unknown,dorine.thornton@gmail.com,8730 N. Atlantic Street ,Sunnyside,NY,11104
1380,Eliz,Lynch,unknown,eliz.lynch@hotmail.com,717 West Deerfield Ave. ,Uniondale,NY,11553
1381,Mercedez,Brooks,unknown,mercedez.brooks@hotmail.com,7483 Ann St. ,Duarte,CA,91010
1382,Wynona,Douglas,unknown,wynona.douglas@msn.com,6 Country Ave. ,Harlingen,TX,78552
1383,Desire,Mcgowan,(661) 800-8091,desire.mcgowan@msn.com,942 North Ohio Road ,Bakersfield,CA,93306
1384,Elmo,Sweeney,unknown,elmo.sweeney@yahoo.com,43 Arch Ave. ,San Carlos,CA,94070
1385,Kenton,Hughes,unknown,kenton.hughes@gmail.com,632 Sleepy Hollow Drive ,Canandaigua,NY,14424
1386,Cesar,Wilkins,(619) 685-5786,cesar.wilkins@hotmail.com,7 Inverness St. ,San Diego,CA,92111
1387,Phylicia,Stout,unknown,phylicia.stout@aol.com,8842 Littleton Lane ,Canandaigua,NY,14424
1388,Nanette,Harris,unknown,nanette.harris@hotmail.com,26 Pin Oak Lane ,East Meadow,NY,11554
1389,Ulrike,Chan,unknown,ulrike.chan@aol.com,7949 Lancaster St. ,Port Chester,NY,10573
1390,Genoveva,Lloyd,unknown,genoveva.lloyd@aol.com,706 Devonshire St. ,Bayside,NY,11361
1391,Sheryl,Chase,unknown,sheryl.chase@gmail.com,388 Cedar Avenue ,Floral Park,NY,11001
1392,Trista,Lambert,unknown,trista.lambert@gmail.com,79 River Street ,Fairport,NY,14450
1393,Vivian,Deleon,unknown,vivian.deleon@msn.com,9925 Hamilton Street ,Jamaica,NY,11432
1394,Genny,Fields,unknown,genny.fields@msn.com,9145 San Juan Dr. ,Amityville,NY,11701
1395,Eliseo,Knight,unknown,eliseo.knight@msn.com,693 Holly Street ,Woodhaven,NY,11421
1396,Delma,Bailey,(657) 454-8493,delma.bailey@gmail.com,9883 West King Lane ,Anaheim,CA,92806
1397,Dewayne,Herring,unknown,dewayne.herring@aol.com,9015 Willow Lane ,Webster,NY,14580
1398,Nevada,Hood,unknown,nevada.hood@aol.com,515 Bank Rd. ,Hopewell Junction,NY,12533
1399,Angelika,Perry,unknown,angelika.perry@msn.com,7684 South Branch Drive ,Canandaigua,NY,14424
1400,Shayla,Hart,unknown,shayla.hart@msn.com,9092 Aspen St. ,Woodhaven,NY,11421
1401,Willetta,Murphy,unknown,willetta.murphy@msn.com,436 Devonshire Street ,East Elmhurst,NY,11369
1402,Sandee,Alvarado,unknown,sandee.alvarado@aol.com,69 Bowman Street ,Depew,NY,14043
1403,Mila,Moody,(248) 234-5902,mila.moody@gmail.com,675 Williams St. ,Troy,NY,12180
1404,Loyce,Conway,unknown,loyce.conway@aol.com,729 State Lane ,Central Islip,NY,11722
1405,Thanh,Figueroa,unknown,thanh.figueroa@yahoo.com,6 Roberts Drive ,Mount Vernon,NY,10550
1406,Farrah,Orr,unknown,farrah.orr@msn.com,8711 W. Ashley St. ,New Hyde Park,NY,11040
1407,Hugh,Craft,unknown,hugh.craft@msn.com,8716 Homewood Court ,Centereach,NY,11720
1408,Eleanor,Mendez,unknown,eleanor.mendez@yahoo.com,4 West St. ,Port Chester,NY,10573
1409,Lamar,Bush,(716) 294-7174,lamar.bush@msn.com,76 Lilac Drive ,Buffalo,NY,14215
1410,Lurlene,Finch,(914) 367-7691,lurlene.finch@msn.com,849 Magnolia St. ,Yonkers,NY,10701
1411,Shanda,Stevenson,unknown,shanda.stevenson@yahoo.com,9547 N. Courtland St. ,Freeport,NY,11520
1412,Adrien,Hunter,unknown,adrien.hunter@yahoo.com,720 Thompson Lane ,Rego Park,NY,11374
1413,Ophelia,Decker,unknown,ophelia.decker@yahoo.com,69 Rockwell Court ,New Windsor,NY,12553
1414,Sonja,Walls,unknown,sonja.walls@aol.com,30 Marshall Dr. ,Queensbury,NY,12804
1415,Harold,O'connor,unknown,harold.o'connor@gmail.com,9530 Summerhouse Street ,Santa Cruz,CA,95060
1416,Miranda,Kennedy,unknown,miranda.kennedy@gmail.com,726 East High St. ,Astoria,NY,11102
1417,Jasper,Castro,unknown,jasper.castro@aol.com,977 SE. Railroad Road ,Forney,TX,75126
1418,Penni,Best,(657) 611-2991,penni.best@msn.com,875 Second Drive ,Anaheim,CA,92806
1419,Lurlene,Cotton,unknown,lurlene.cotton@yahoo.com,8218 George St. ,Pleasanton,CA,94566
1420,Kelsey,Noble,unknown,kelsey.noble@hotmail.com,36 Pearl Court ,Mount Vernon,NY,10550
1421,Edris,Barrett,unknown,edris.barrett@hotmail.com,36 Pulaski Drive ,Plattsburgh,NY,12901
1422,Tempie,Jacobson,unknown,tempie.jacobson@hotmail.com,136 Old Fairview St. ,Smithtown,NY,11787
1423,Dollie,Cervantes,(682) 362-7457,dollie.cervantes@aol.com,8828 Applegate Drive ,Fort Worth,TX,76110
1424,Lashunda,Cole,unknown,lashunda.cole@hotmail.com,783 Baker St. ,Monsey,NY,10952
1425,Justina,Jenkins,unknown,justina.jenkins@msn.com,345 SE. Green Lane ,Shirley,NY,11967
1426,Londa,Gould,(361) 206-5550,londa.gould@aol.com,9169 Beech Lane ,Corpus Christi,TX,78418
1427,Mikel,Wilkerson,unknown,mikel.wilkerson@msn.com,9233 Clinton St. ,Atwater,CA,95301
1428,Carola,Johns,unknown,carola.johns@msn.com,7077 Fordham Rd. ,Santa Cruz,CA,95060
1429,Lorrie,Justice,unknown,lorrie.justice@gmail.com,8396 Brook Drive ,Pomona,CA,91768
1430,Tayna,Wade,(661) 858-1224,tayna.wade@hotmail.com,65 Smith Store Dr. ,Bakersfield,CA,93306
1431,Mark,Benton,unknown,mark.benton@aol.com,83 Eagle St. ,East Elmhurst,NY,11369
1432,Zona,Cameron,unknown,zona.cameron@aol.com,42 Bridle Court ,East Northport,NY,11731
1433,Nicola,Knight,unknown,nicola.knight@aol.com,25 SE. Miles Lane ,Scarsdale,NY,10583
1434,Elana,Miles,unknown,elana.miles@yahoo.com,7077 Euclid Ave. ,Liverpool,NY,13090
1435,Merrie,Fowler,unknown,merrie.fowler@aol.com,532 Leatherwood Ave. ,Scarsdale,NY,10583
1436,Macie,Ayers,unknown,macie.ayers@msn.com,8730 Longfellow St. ,Bellmore,NY,11710
1437,Son,Warner,unknown,son.warner@hotmail.com,20 W. Rosewood Ave. ,Rockville Centre,NY,11570
1438,Lee,Dunn,(408) 807-6157,lee.dunn@aol.com,8626 Grand Ave. ,San Jose,CA,95127
1439,Florrie,Little,unknown,florrie.little@yahoo.com,8330 Marsh St. ,New Rochelle,NY,10801
1440,Ernest,Rollins,unknown,ernest.rollins@yahoo.com,4 West Ridge Dr. ,Oakland Gardens,NY,11364
1441,Jamaal,Morrison,unknown,jamaal.morrison@msn.com,796 SE. Nut Swamp St. ,Staten Island,NY,10301
1442,Cassie,Cline,unknown,cassie.cline@gmail.com,947 Lafayette Drive ,Brooklyn,NY,11201
1443,Lezlie,Lamb,unknown,lezlie.lamb@gmail.com,401 Brandywine Street ,Central Islip,NY,11722
1444,Ivette,Estes,unknown,ivette.estes@gmail.com,88 N. Canterbury Ave. ,Canandaigua,NY,14424
1445,Ester,Acevedo,unknown,ester.acevedo@gmail.com,671 Miles Court ,San Lorenzo,CA,94580