"customer_id";"customer_name";"email";"city";"state";"total_orders";"gross_spent";"net_spent";"first_order_date";"last_order_date";"customer_type"
1;"Debra Burks";"debra.burks@yahoo.com";"Orchard Park";"NY";3;30645.87;27888.1834;"2016-12-09";"2018-11-18";"Returning"
2;"Kasha Todd";"kasha.todd@yahoo.com";"Campbell";"CA";3;21653.85;19329.0849;"2017-02-05";"2018-04-09";"Returning"
3;"Tameka Fisher";"tameka.fisher@aol.com";"Redondo Beach";"CA";3;26249.81;24051.5279;"2018-03-27";"2018-10-21";"Returning"
4;"Daryl Spence";"daryl.spence@aol.com";"Uniondale";"NY";3;24198.88;21150.8927;"2017-02-07";"2018-04-18";"Returning"
5;"Charolette Rice";"charolette.rice@msn.com";"Sacramento";"CA";3;19442.88;17520.2919;"2016-06-10";"2018-04-17";"Returning"
6;"Lyndsey Bean";"lyndsey.bean@hotmail.com";"Fairport";"NY";3;35857.86;32675.0725;"2017-08-14";"2018-09-06";"Returning"
7;"Latasha Hays";"latasha.hays@hotmail.com";"Buffalo";"NY";3;7707.96;7147.1629;"2016-03-03";"2018-06-17";"Returning"
8;"Jacquline Duncan";"jacquline.duncan@yahoo.com";"Jackson Heights";"NY";3;2603.95;2201.6567;"2016-10-19";"2018-04-12";"Returning"
9;"Genoveva Baldwin";"genoveva.baldwin@msn.com";"Port Washington";"NY";3;26679.78;24433.8818;"2016-02-16";"2018-04-27";"Returning"
10;"Pamelia Newman";"pamelia.newman@gmail.com";"Monroe";"NY";3;37801.84;33634.2604;"2017-04-07";"2018-08-23";"Returning"
11;"Deshawn Mendoza";"deshawn.mendoza@yahoo.com";"Monsey";"NY";3;4079.93;3690.2361;"2017-08-19";"2018-04-26";"Returning"
12;"Robby Sykes";"robby.sykes@hotmail.com";"Hempstead";"NY";3;27157.88;24305.1394;"2016-03-06";"2018-04-23";"Returning"
13;"Lashawn Ortiz";"lashawn.ortiz@msn.com";"Longview";"TX";3;15830.88;14774.4583;"2016-05-27";"2018-04-12";"Returning"
14;"Garry Espinoza";"garry.espinoza@hotmail.com";"Forney";"TX";3;17307.89;15766.7006;"2016-08-05";"2018-04-22";"Returning"
15;"Linnie Branch";"linnie.branch@gmail.com";"Plattsburgh";"NY";3;11392.9;9586.8018;"2018-02-18";"2018-08-25";"Returning"
16;"Emmitt Sanchez";"emmitt.sanchez@hotmail.com";"New York";"NY";3;34503.82;31925.8857;"2016-08-03";"2018-04-09";"Returning"
17;"Caren Stephens";"caren.stephens@msn.com";"Scarsdale";"NY";3;5927.92;5275.327;"2016-05-30";"2018-04-17";"Returning"
18;"Georgetta Hardin";"georgetta.hardin@aol.com";"Canandaigua";"NY";3;17306.87;14877.289;"2016-12-11";"2018-04-14";"Returning"
19;"Lizzette Stein";"lizzette.stein@yahoo.com";"Orchard Park";"NY";3;18223.86;16739.9958;"2017-10-27";"2018-04-14";"Returning"
20;"Aleta Shepard";"aleta.shepard@aol.com";"Sugar Land";"TX";3;12474.92;11102.47;"2016-11-09";"2018-04-12";"Returning"
21;"Tobie Little";"tobie.little@gmail.com";"Victoria";"TX";3;18298.89;17123.9975;"2017-10-12";"2018-04-28";"Returning"
22;"Adelle Larsen";"adelle.larsen@gmail.com";"East Northport";"NY";2;18099.9;16651.0484;"2016-04-19";"2018-04-08";"Returning"
23;"Kaylee English";"kaylee.english@msn.com";"Hollis";"NY";2;5139.96;4775.9635;"2017-09-03";"2018-04-01";"Returning"
24;"Corene Wall";"corene.wall@msn.com";"Atwater";"CA";3;15455.84;14199.9558;"2016-04-20";"2018-04-23";"Returning"
25;"Regenia Vaughan";"regenia.vaughan@gmail.com";"Mahopac";"NY";2;16419.91;14529.2583;"2017-08-17";"2018-04-09";"Returning"
26;"Theo Reese";"theo.reese@gmail.com";"Long Beach";"NY";2;11035.92;9514.0705;"2016-06-04";"2018-04-11";"Returning"
27;"Santos Valencia";"santos.valencia@yahoo.com";"Sunnyside";"NY";2;11509.89;10719.0988;"2016-12-29";"2018-04-01";"Returning"
28;"Jeanice Frost";"jeanice.frost@hotmail.com";"Ossining";"NY";2;22231.85;19992.8648;"2017-12-20";"2018-04-13";"Returning"
29;"Syreeta Hendricks";"syreeta.hendricks@msn.com";"Mahopac";"NY";2;13599.94;11979.9467;"2017-01-21";"2018-04-22";"Returning"
30;"Jamaal Albert";"jamaal.albert@gmail.com";"Torrance";"CA";3;11677.88;10355.3908;"2016-08-03";"2018-04-18";"Returning"
31;"Williemae Holloway";"williemae.holloway@msn.com";"Oakland";"CA";3;21928.86;19756.6432;"2016-04-06";"2018-04-06";"Returning"
32;"Araceli Golden";"araceli.golden@msn.com";"Fullerton";"CA";3;19575.94;18037.285;"2016-04-04";"2018-04-10";"Returning"
33;"Deloris Burke";"deloris.burke@hotmail.com";"Palos Verdes Peninsula";"CA";3;20949.89;19043.9036;"2016-11-27";"2018-07-11";"Returning"
34;"Brittney Woodward";"brittney.woodward@aol.com";"East Northport";"NY";2;12816.94;11035.7581;"2017-10-16";"2018-04-14";"Returning"
35;"Guillermina Noble";"guillermina.noble@msn.com";"Baldwinsville";"NY";2;24779.86;22061.0729;"2018-03-31";"2018-04-02";"Returning"
36;"Bernita Mcdaniel";"bernita.mcdaniel@hotmail.com";"Liverpool";"NY";2;6399.94;6079.943;"2016-07-07";"2018-04-15";"Returning"
37;"Melia Brady";"melia.brady@gmail.com";"Maspeth";"NY";2;17156.91;14011.8265;"2017-12-11";"2018-04-12";"Returning"
38;"Zelma Browning";"zelma.browning@aol.com";"Astoria";"NY";2;23397.92;21535.6665;"2017-02-16";"2018-04-12";"Returning"
39;"Janetta Aguirre";"janetta.aguirre@aol.com";"Lancaster";"NY";2;19143.88;17783.4874;"2017-12-31";"2018-04-17";"Returning"
40;"Ronna Butler";"ronna.butler@gmail.com";"Encino";"CA";3;18768.85;17240.5623;"2016-12-09";"2018-04-27";"Returning"
41;"Kathie Freeman";"kathie.freeman@msn.com";"Queensbury";"NY";2;4413.92;3962.0287;"2017-10-01";"2018-04-04";"Returning"
42;"Tangela Quinn";"tangela.quinn@aol.com";"Richmond Hill";"NY";2;10138.91;9205.1175;"2017-08-19";"2018-04-20";"Returning"
43;"Mozelle Carter";"mozelle.carter@aol.com";"Houston";"TX";3;25382.84;23049.057;"2016-04-03";"2018-04-29";"Returning"
44;"Onita Johns";"onita.johns@msn.com";"Elmont";"NY";2;2569.93;2270.5392;"2017-11-18";"2018-04-25";"Returning"
45;"Bennett Armstrong";"bennett.armstrong@aol.com";"Bethpage";"NY";2;3912.94;3347.648;"2017-04-07";"2018-04-28";"Returning"
46;"Monika Berg";"monika.berg@gmail.com";"Encino";"CA";3;9589.9;8902.5066;"2016-03-20";"2018-04-21";"Returning"
47;"Bridgette Guerra";"bridgette.guerra@hotmail.com";"San Lorenzo";"CA";3;19539.84;16935.6408;"2017-05-20";"2018-04-11";"Returning"
48;"Cesar Jackson";"cesar.jackson@gmail.com";"Liverpool";"NY";2;13459.9;11705.852;"2017-10-23";"2018-04-23";"Returning"
49;"Caroll Hays";"caroll.hays@yahoo.com";"Fairport";"NY";2;1963.97;1571.176;"2017-02-28";"2018-04-29";"Returning"
50;"Cleotilde Booth";"cleotilde.booth@gmail.com";"Sugar Land";"TX";3;17848.91;16179.1167;"2016-02-11";"2018-04-12";"Returning"
51;"Gertrud Rhodes";"gertrud.rhodes@aol.com";"Merrick";"NY";2;8368.95;7000.058;"2016-05-13";"2018-04-02";"Returning"
52;"Tu Ramirez";"tu.ramirez@hotmail.com";"East Elmhurst";"NY";2;6931.94;6467.6551;"2017-09-08";"2018-04-06";"Returning"
53;"Saturnina Garner";"saturnina.garner@gmail.com";"Glendora";"CA";3;16138.87;14068.2366;"2016-08-22";"2018-07-12";"Returning"
54;"Fran Yang";"fran.yang@hotmail.com";"Utica";"NY";2;18567.94;17225.4439;"2016-10-22";"2018-04-22";"Returning"
55;"Diana Guerra";"diana.guerra@hotmail.com";"Merrick";"NY";2;4673.91;4183.6207;"2016-03-28";"2018-04-30";"Returning"
56;"Lolita Mosley";"lolita.mosley@hotmail.com";"Houston";"TX";3;7179.94;6680.4439;"2017-03-15";"2018-04-28";"Returning"
57;"Pamala Henry";"pamala.henry@aol.com";"Bronx";"NY";2;8239.93;6981.9401;"2016-01-19";"2018-04-20";"Returning"
58;"Damien Dorsey";"damien.dorsey@yahoo.com";"Central Islip";"NY";2;24686.84;21514.4615;"2017-02-05";"2018-04-16";"Returning"
59;"Latasha Stanley";"latasha.stanley@gmail.com";"Rockville Centre";"NY";2;15419.89;13854.6016;"2016-06-25";"2018-04-12";"Returning"
60;"Neil Mccall";"neil.mccall@gmail.com";"San Carlos";"CA";2;11149.92;9919.3294;"2016-01-05";"2018-04-21";"Returning"
61;"Elinore Aguilar";"elinore.aguilar@msn.com";"San Angelo";"TX";3;29661.83;25636.4531;"2016-08-23";"2018-04-10";"Returning"
62;"Alica Hunter";"alica.hunter@hotmail.com";"East Elmhurst";"NY";2;4568.94;4122.1454;"2016-11-06";"2018-04-01";"Returning"
63;"Tenisha Lyons";"tenisha.lyons@aol.com";"Amityville";"NY";2;21941.86;20086.3708;"2018-02-12";"2018-04-19";"Returning"
64;"Bobbie Foster";"bobbie.foster@yahoo.com";"Desoto";"TX";3;9491.89;8778.1311;"2016-11-12";"2018-04-04";"Returning"
65;"Kanesha Vega";"kanesha.vega@gmail.com";"Rome";"NY";2;11978.93;11151.6045;"2016-05-27";"2018-04-20";"Returning"
66;"Lorrie Becker";"lorrie.becker@yahoo.com";"Garland";"TX";3;25940.88;23026.2923;"2016-06-01";"2018-04-11";"Returning"
67;"Tommie Melton";"tommie.melton@gmail.com";"Sacramento";"CA";2;1609.97;1472.4725;"2016-09-08";"2018-04-17";"Returning"
68;"Jayne Kirkland";"jayne.kirkland@hotmail.com";"Rowlett";"TX";3;11842.92;10802.6294;"2017-06-02";"2018-04-09";"Returning"
69;"Katelin Kennedy";"katelin.kennedy@gmail.com";"Rocklin";"CA";2;9259.92;7568.931;"2017-09-18";"2018-04-05";"Returning"
70;"Tomasa Carson";"tomasa.carson@aol.com";"East Elmhurst";"NY";2;18709.93;16338.9384;"2017-08-04";"2018-04-17";"Returning"
71;"Takako Casey";"takako.casey@aol.com";"Bronx";"NY";2;2012.98;1855.3325;"2018-01-22";"2018-04-28";"Returning"
72;"Petronila Norris";"petronila.norris@aol.com";"South El Monte";"CA";2;14837.93;13914.3345;"2016-09-05";"2018-04-21";"Returning"
73;"Melanie Hayes";"melanie.hayes@msn.com";"Liverpool";"NY";2;34390.88;31913.6902;"2017-06-11";"2018-04-17";"Returning"
74;"Georgeann Waller";"georgeann.waller@yahoo.com";"North Tonawanda";"NY";2;4459.97;4036.972;"2016-09-28";"2018-04-30";"Returning"
75;"Abby Gamble";"abby.gamble@aol.com";"Amityville";"NY";2;37500.89;32803.0062;"2017-12-27";"2018-04-08";"Returning"
76;"Parker Prince";"parker.prince@hotmail.com";"Port Jefferson Station";"NY";2;8209.86;7168.4778;"2016-03-29";"2018-04-16";"Returning"
77;"Keri Bridges";"keri.bridges@gmail.com";"Richardson";"TX";3;9139.95;8522.9542;"2016-09-01";"2018-04-20";"Returning"
78;"Chi Goff";"chi.goff@aol.com";"Palos Verdes Peninsula";"CA";2;3709.96;3441.2631;"2017-03-28";"2018-04-12";"Returning"
79;"Ashanti Parks";"ashanti.parks@hotmail.com";"Baldwin";"NY";2;17641.86;16025.0715;"2017-02-09";"2018-04-15";"Returning"
80;"Sarai Mckee";"sarai.mckee@msn.com";"Buffalo";"NY";2;10715.93;9563.3381;"2016-01-22";"2018-04-22";"Returning"
81;"Zina Bonner";"zina.bonner@hotmail.com";"San Lorenzo";"CA";2;6159.93;5660.9369;"2017-01-29";"2018-04-06";"Returning"
82;"Lizzie Joyner";"lizzie.joyner@msn.com";"Coachella";"CA";2;21997.88;18995.0137;"2017-06-19";"2018-04-04";"Returning"
83;"Tiesha Daniel";"tiesha.daniel@yahoo.com";"Scarsdale";"NY";2;8487.9;7793.1507;"2016-07-21";"2018-04-06";"Returning"
84;"Armand Whitehead";"armand.whitehead@hotmail.com";"Lindenhurst";"NY";2;7748.94;7154.5445;"2016-03-19";"2018-04-02";"Returning"
85;"Teofila Fischer";"teofila.fischer@aol.com";"Huntington Station";"NY";2;25772.86;23195.0754;"2017-12-04";"2018-04-08";"Returning"
86;"Lissa Vargas";"lissa.vargas@yahoo.com";"Oswego";"NY";2;14938.88;12551.997;"2016-03-18";"2018-04-05";"Returning"
87;"Yan Mcgowan";"yan.mcgowan@msn.com";"Duarte";"CA";2;14460.91;13546.9484;"2017-03-03";"2018-04-10";"Returning"
88;"Titus Bullock";"titus.bullock@gmail.com";"Hollis";"NY";2;11000.94;9805.2464;"2016-09-04";"2018-04-20";"Returning"
89;"Arvilla Osborn";"arvilla.osborn@gmail.com";"Upland";"CA";2;11985.95;10805.3354;"2017-11-05";"2018-04-21";"Returning"
90;"Marjorie Logan";"marjorie.logan@msn.com";"Franklin Square";"NY";2;9840.94;8956.785;"2016-11-19";"2018-04-29";"Returning"
91;"Marvin Mullins";"marvin.mullins@aol.com";"San Diego";"CA";2;20830.92;18856.877;"2016-01-06";"2018-04-17";"Returning"
92;"Tena Cruz";"tena.cruz@yahoo.com";"Farmingdale";"NY";2;3278.93;3037.1355;"2018-01-28";"2018-04-08";"Returning"
93;"Corrina Sawyer";"corrina.sawyer@yahoo.com";"Troy";"NY";2;29214.89;25612.7021;"2017-06-09";"2018-04-23";"Returning"
94;"Sharyn Hopkins";"sharyn.hopkins@hotmail.com";"Baldwinsville";"NY";2;37138.86;34807.9392;"2016-01-04";"2018-04-01";"Returning"
95;"Letitia Franco";"letitia.franco@aol.com";"Saratoga Springs";"NY";1;13169.95;12433.4557;"2017-03-29";"2017-03-29";"One Time"
96;"Floretta Higgins";"floretta.higgins@hotmail.com";"Bayside";"NY";1;9097.98;7681.124;"2016-12-10";"2016-12-10";"One Time"
97;"Louanne Martin";"louanne.martin@hotmail.com";"Yuba City";"CA";2;6899.95;6450.9529;"2017-05-01";"2018-04-11";"Returning"
98;"Violet Valenzuela";"violet.valenzuela@msn.com";"Plattsburgh";"NY";1;3079.96;2546.4665;"2016-04-23";"2016-04-23";"One Time"
99;"Carie Kidd";"carie.kidd@yahoo.com";"Monroe";"NY";1;6290.94;5431.8955;"2016-04-10";"2016-04-10";"One Time"
100;"Kellie Franco";"kellie.franco@yahoo.com";"Commack";"NY";1;5999.98;5399.982;"2018-02-25";"2018-02-25";"One Time"
101;"Nichelle Howell";"nichelle.howell@aol.com";"Scarsdale";"NY";1;1479.96;1405.962;"2016-09-21";"2016-09-21";"One Time"
102;"Marisol Goodman";"marisol.goodman@gmail.com";"Canandaigua";"NY";1;3397.99;3121.132;"2016-12-06";"2016-12-06";"One Time"
103;"Sylvie Wilkerson";"sylvie.wilkerson@yahoo.com";"Syosset";"NY";1;3397.99;2718.392;"2016-08-30";"2016-08-30";"One Time"
104;"Katharina Bates";"katharina.bates@gmail.com";"Campbell";"CA";2;13443.9;11776.4101;"2016-11-13";"2018-04-24";"Returning"
105;"Marget Hodge";"marget.hodge@msn.com";"Woodhaven";"NY";1;13782.93;12461.5479;"2016-05-05";"2016-05-05";"One Time"
106;"Raul Melendez";"raul.melendez@hotmail.com";"Elmhurst";"NY";1;3019.96;2770.963;"2017-08-17";"2017-08-17";"One Time"
107;"Cecil Hopper";"cecil.hopper@yahoo.com";"Central Islip";"NY";1;7397.97;6961.0917;"2016-06-06";"2016-06-06";"One Time"
108;"Shae Hickman";"shae.hickman@hotmail.com";"Floral Park";"NY";1;19263.95;18281.4729;"2017-12-14";"2017-12-14";"One Time"
109;"Monica Sears";"monica.sears@aol.com";"San Jose";"CA";2;19739.89;17193.9034;"2018-03-01";"2018-04-26";"Returning"
110;"Ollie Zimmerman";"ollie.zimmerman@yahoo.com";"Anaheim";"CA";2;5802.93;5371.338;"2017-11-18";"2018-04-13";"Returning"
111;"Shila White";"shila.white@msn.com";"Orchard Park";"NY";1;6641.97;6177.7725;"2016-10-21";"2016-10-21";"One Time"
112;"Yuk Vega";"yuk.vega@yahoo.com";"West Hempstead";"NY";1;8597.94;7952.0464;"2018-03-30";"2018-03-30";"One Time"
113;"Eliana Silva";"eliana.silva@gmail.com";"Farmingdale";"NY";1;4815.94;4236.3466;"2017-11-24";"2017-11-24";"One Time"
114;"Thalia Horne";"thalia.horne@yahoo.com";"Amityville";"NY";1;909.98;727.984;"2018-03-29";"2018-03-29";"One Time"
115;"Rey Lindsay";"rey.lindsay@gmail.com";"Monroe";"NY";1;9519.94;8327.9477;"2018-01-28";"2018-01-28";"One Time"
116;"Merlene Vinson";"merlene.vinson@gmail.com";"Euless";"TX";3;14090.87;12793.6337;"2016-10-28";"2018-04-15";"Returning"
117;"Dacia William";"dacia.william@msn.com";"Sugar Land";"TX";2;2619.95;2371.4545;"2016-04-04";"2016-04-11";"Returning"
118;"Le Wood";"le.wood@yahoo.com";"Pittsford";"NY";1;4421.96;3974.6254;"2016-12-21";"2016-12-21";"One Time"
119;"Thalia Dillard";"thalia.dillard@yahoo.com";"San Angelo";"TX";2;17709.92;16764.1256;"2017-02-28";"2018-07-10";"Returning"
120;"Luz House";"luz.house@gmail.com";"Fresno";"CA";2;10307.9;9425.1668;"2017-05-24";"2018-04-06";"Returning"
121;"Lucy Woods";"lucy.woods@gmail.com";"Palos Verdes Peninsula";"CA";2;3897.98;3589.122;"2016-04-16";"2018-04-19";"Returning"
122;"Shena Carter";"shena.carter@yahoo.com";"Howard Beach";"NY";1;27618.95;24890.6244;"2018-01-25";"2018-01-25";"One Time"
123;"Robena Hill";"robena.hill@hotmail.com";"Corpus Christi";"TX";2;16075.89;13783.7813;"2017-12-01";"2018-07-01";"Returning"
124;"Jeni Booker";"jeni.booker@gmail.com";"South El Monte";"CA";2;6889.93;6235.5381;"2017-02-28";"2018-04-23";"Returning"
125;"Herlinda Stone";"herlinda.stone@msn.com";"Canandaigua";"NY";1;7599.96;7067.9628;"2017-07-23";"2017-07-23";"One Time"
126;"Lavina Dejesus";"lavina.dejesus@msn.com";"Newburgh";"NY";1;10939.92;10314.9248;"2018-03-07";"2018-03-07";"One Time"
127;"Erlinda Nielsen";"erlinda.nielsen@aol.com";"Maspeth";"NY";1;7299.96;6034.9654;"2016-04-30";"2016-04-30";"One Time"
128;"Terrance Lynn";"terrance.lynn@yahoo.com";"Plattsburgh";"NY";1;7939.96;7536.1622;"2017-12-04";"2017-12-04";"One Time"
129;"Walton Dejesus";"walton.dejesus@yahoo.com";"Lockport";"NY";1;3169.98;3011.481;"2017-06-11";"2017-06-11";"One Time"
130;"Wes Stanton";"wes.stanton@msn.com";"Troy";"NY";1;529.99;423.992;"2016-12-25";"2016-12-25";"One Time"
131;"Tanesha Hampton";"tanesha.hampton@hotmail.com";"Syosset";"NY";1;2538.99;2335.5207;"2016-12-21";"2016-12-21";"One Time"
132;"Boyd Irwin";"boyd.irwin@hotmail.com";"Hamburg";"NY";1;3541.96;3271.8135;"2016-08-16";"2016-08-16";"One Time"
133;"Delbert Wilkins";"delbert.wilkins@aol.com";"Coram";"NY";1;4219.97;3810.823;"2016-06-25";"2016-06-25";"One Time"
134;"Brianna Moss";"brianna.moss@msn.com";"Hempstead";"NY";1;4490.97;3751.874;"2016-04-19";"2016-04-19";"One Time"
135;"Dorthey Jackson";"dorthey.jackson@msn.com";"Houston";"TX";2;13323.91;12026.9409;"2017-03-09";"2018-11-28";"Returning"
136;"Sarita Parks";"sarita.parks@msn.com";"Forney";"TX";2;17327.9;15314.0132;"2018-01-14";"2018-12-28";"Returning"
137;"Shonta Mercer";"shonta.mercer@aol.com";"Massapequa";"NY";1;761.99;723.8905;"2017-03-01";"2017-03-01";"One Time"
138;"Jone Bernard";"jone.bernard@hotmail.com";"Anaheim";"CA";2;13313.86;12010.4969;"2017-06-14";"2018-04-27";"Returning"
139;"Wanita Davenport";"wanita.davenport@aol.com";"Spring Valley";"NY";1;2899.97;2319.976;"2018-03-22";"2018-03-22";"One Time"
140;"Cleopatra Tate";"cleopatra.tate@aol.com";"East Elmhurst";"NY";1;14239.91;12909.9214;"2017-08-12";"2017-08-12";"One Time"
141;"Ramiro Byers";"ramiro.byers@gmail.com";"Saint Albans";"NY";1;470.99;376.792;"2017-03-09";"2017-03-09";"One Time"
142;"Nicholas Vazquez";"nicholas.vazquez@hotmail.com";"West Hempstead";"NY";1;5499.99;5224.9905;"2017-06-16";"2017-06-16";"One Time"
143;"Janae Doyle";"janae.doyle@gmail.com";"Jackson Heights";"NY";1;4303.96;3920.663;"2017-09-11";"2017-09-11";"One Time"
144;"Hans Price";"hans.price@hotmail.com";"Port Chester";"NY";1;269.99;256.4905;"2016-08-26";"2016-08-26";"One Time"
145;"Miquel Neal";"miquel.neal@hotmail.com";"Staten Island";"NY";1;9167.97;8696.072;"2016-06-01";"2016-06-01";"One Time"
146;"Stefany Potter";"stefany.potter@gmail.com";"Saratoga Springs";"NY";1;7017.96;6183.5624;"2018-02-16";"2018-02-16";"One Time"
147;"Bernetta Marquez";"bernetta.marquez@hotmail.com";"Smithtown";"NY";1;11099.97;10322.9721;"2017-02-26";"2017-02-26";"One Time"
148;"Julee Woodard";"julee.woodard@yahoo.com";"Richmond Hill";"NY";1;1369.97;1260.973;"2016-10-11";"2016-10-11";"One Time"
149;"Meredith Bryan";"meredith.bryan@hotmail.com";"Spring Valley";"NY";1;8939.96;8474.1624;"2016-09-17";"2016-09-17";"One Time"
150;"Weldon Michael";"weldon.michael@hotmail.com";"Huntington";"NY";1;4219.98;3840.882;"2016-06-01";"2016-06-01";"One Time"
151;"Joesph Delacruz";"joesph.delacruz@aol.com";"Atwater";"CA";2;7499.92;6863.6268;"2016-02-06";"2018-04-06";"Returning"
152;"Katherina Odom";"katherina.odom@yahoo.com";"Plainview";"NY";1;4388.97;3643.544;"2018-03-26";"2018-03-26";"One Time"
153;"Laraine Robbins";"laraine.robbins@yahoo.com";"San Angelo";"TX";2;18706.88;17068.4922;"2016-09-10";"2017-04-01";"Returning"
154;"Jenise Preston";"jenise.preston@yahoo.com";"Helotes";"TX";1;939.98;751.984;"2017-03-23";"2017-03-23";"One Time"
155;"Lory Page";"lory.page@hotmail.com";"Bay Shore";"NY";1;4569.97;4214.9734;"2016-10-19";"2016-10-19";"One Time"
156;"Charlyn Cantrell";"charlyn.cantrell@yahoo.com";"West Islip";"NY";1;5167.98;4534.383;"2016-07-11";"2016-07-11";"One Time"
157;"Carola Rodriquez";"carola.rodriquez@hotmail.com";"Banning";"CA";2;19879.89;17861.1996;"2016-05-17";"2018-04-26";"Returning"
158;"Alane Kennedy";"alane.kennedy@yahoo.com";"Spring Valley";"NY";1;1479.96;1395.1624;"2016-06-29";"2016-06-29";"One Time"
159;"Regina Burns";"regina.burns@aol.com";"Garland";"TX";1;11799.93;11013.9345;"2016-06-22";"2016-06-22";"One Time"
160;"Omer Estrada";"omer.estrada@gmail.com";"Rowlett";"TX";1;8469.97;7975.973;"2016-11-27";"2016-11-27";"One Time"
161;"Crystle Gilliam";"crystle.gilliam@yahoo.com";"Smithtown";"NY";1;4717.98;4296.1815;"2017-07-29";"2017-07-29";"One Time"
162;"Kam Wilder";"kam.wilder@hotmail.com";"Newburgh";"NY";1;4830.94;4094.8481;"2017-04-25";"2017-04-25";"One Time"
163;"Margert Stevens";"margert.stevens@aol.com";"Rome";"NY";1;5401.93;4851.1372;"2016-12-27";"2016-12-27";"One Time"
164;"Tomika Larson";"tomika.larson@yahoo.com";"Woodside";"NY";1;1199.98;1139.981;"2016-01-25";"2016-01-25";"One Time"
165;"Jeromy Burch";"jeromy.burch@msn.com";"San Jose";"CA";2;12989.89;11907.9041;"2017-11-29";"2018-04-27";"Returning"
166;"Lena Mills";"lena.mills@yahoo.com";"Woodhaven";"NY";1;939.98;751.984;"2017-03-01";"2017-03-01";"One Time"
167;"Loreta Johnston";"loreta.johnston@yahoo.com";"Spring Valley";"NY";1;15053.91;14172.2185;"2017-06-14";"2017-06-14";"One Time"
168;"Nettie Mcdaniel";"nettie.mcdaniel@hotmail.com";"South Ozone Park";"NY";1;4517.94;3801.6487;"2017-07-20";"2017-07-20";"One Time"
169;"Karla Kirk";"karla.kirk@yahoo.com";"Palos Verdes Peninsula";"CA";2;15597.95;13678.357;"2016-09-12";"2018-04-17";"Returning"
170;"Regine Gonzales";"regine.gonzales@gmail.com";"Oxnard";"CA";2;15980.92;13801.2997;"2016-03-26";"2018-04-17";"Returning"
171;"Miriam Baker";"miriam.baker@hotmail.com";"Uniondale";"NY";1;4088.92;3723.8275;"2017-05-15";"2017-05-15";"One Time"
172;"Jeanie Kirkland";"jeanie.kirkland@aol.com";"Santa Clara";"CA";2;17911.93;15841.0992;"2017-07-02";"2018-04-18";"Returning"
173;"Marquerite Dawson";"marquerite.dawson@gmail.com";"Garland";"TX";1;8892.92;8072.331;"2017-02-13";"2017-02-13";"One Time"
174;"Babara Ochoa";"babara.ochoa@aol.com";"Scarsdale";"NY";1;3119.98;2963.981;"2017-07-19";"2017-07-19";"One Time"
175;"Nova Hess";"nova.hess@msn.com";"Duarte";"CA";2;13859.92;13023.926;"2016-01-03";"2018-04-11";"Returning"
176;"Carley Reynolds";"carley.reynolds@gmail.com";"South El Monte";"CA";2;7802.9;6829.7092;"2016-08-23";"2018-04-26";"Returning"
177;"Carissa Foreman";"carissa.foreman@msn.com";"Maspeth";"NY";1;189.99;170.991;"2017-04-22";"2017-04-22";"One Time"
178;"Genoveva Tyler";"genoveva.tyler@gmail.com";"New York";"NY";1;4901.95;4125.5565;"2016-11-24";"2016-11-24";"One Time"
179;"Deane Sears";"deane.sears@hotmail.com";"Pittsford";"NY";1;6265.96;5887.3424;"2017-05-22";"2017-05-22";"One Time"
180;"Karey Steele";"karey.steele@gmail.com";"Farmingdale";"NY";1;3098.0;2478.4;"2018-03-31";"2018-03-31";"One Time"
181;"Olevia Pitts";"olevia.pitts@gmail.com";"Redondo Beach";"CA";2;8999.95;8273.9559;"2016-06-23";"2018-04-03";"Returning"
182;"Jenniffer Bullock";"jenniffer.bullock@msn.com";"Bay Shore";"NY";1;19361.93;17746.5951;"2017-08-15";"2017-08-15";"One Time"
183;"Jeniffer Ratliff";"jeniffer.ratliff@gmail.com";"Floral Park";"NY";1;1320.99;1254.9405;"2016-04-22";"2016-04-22";"One Time"
184;"Klara Stanley";"klara.stanley@aol.com";"Webster";"NY";1;18428.96;16436.065;"2017-02-27";"2017-02-27";"One Time"
185;"Morton Lee";"morton.lee@yahoo.com";"San Angelo";"TX";1;3463.97;3290.7715;"2017-08-07";"2017-08-07";"One Time"
186;"Ken Charles";"ken.charles@msn.com";"Monsey";"NY";1;10909.95;9833.6547;"2017-10-17";"2017-10-17";"One Time"
187;"Hedwig Paul";"hedwig.paul@msn.com";"Apple Valley";"CA";2;14461.92;13611.6259;"2016-08-09";"2018-04-16";"Returning"
188;"Sharla Flynn";"sharla.flynn@hotmail.com";"Oxnard";"CA";2;2100.97;1729.775;"2017-05-26";"2018-04-25";"Returning"
189;"Damian Dawson";"damian.dawson@hotmail.com";"Liverpool";"NY";1;2265.97;2069.3725;"2017-08-11";"2017-08-11";"One Time"
190;"Toya Pratt";"toya.pratt@yahoo.com";"Long Beach";"NY";1;2212.94;2082.1435;"2017-01-11";"2017-01-11";"One Time"
191;"Graciela Barber";"graciela.barber@hotmail.com";"Oxnard";"CA";2;2849.92;2593.1289;"2016-10-09";"2018-04-24";"Returning"
192;"Bong Hebert";"bong.hebert@gmail.com";"Torrance";"CA";2;16028.91;14208.3881;"2017-10-19";"2018-04-21";"Returning"
193;"Ayanna Rhodes";"ayanna.rhodes@msn.com";"Hicksville";"NY";1;1109.96;914.967;"2016-10-10";"2016-10-10";"One Time"
194;"Dorine Roberson";"dorine.roberson@msn.com";"Santa Cruz";"CA";2;13799.91;12320.1207;"2017-08-09";"2018-04-03";"Returning"
195;"Addie Hahn";"addie.hahn@hotmail.com";"Franklin Square";"NY";1;17369.92;14935.0311;"2018-03-08";"2018-03-08";"One Time"
196;"Edythe Valencia";"edythe.valencia@yahoo.com";"North Tonawanda";"NY";1;11899.94;10949.9468;"2017-05-09";"2017-05-09";"One Time"
197;"Andy O'neill";"andy.o'neill@msn.com";"Rego Park";"NY";1;5520.93;4655.0404;"2016-09-25";"2016-09-25";"One Time"
198;"Luis Tyler";"luis.tyler@gmail.com";"Amarillo";"TX";1;3159.94;2749.3474;"2017-08-16";"2017-08-16";"One Time"
199;"Clelia Workman";"clelia.workman@yahoo.com";"New Windsor";"NY";1;5069.97;4571.0727;"2016-08-20";"2016-08-20";"One Time"
200;"Ashely Holmes";"ashely.holmes@aol.com";"Farmingdale";"NY";1;489.99;391.992;"2017-02-16";"2017-02-16";"One Time"
201;"Candis Harding";"candis.harding@gmail.com";"Ballston Spa";"NY";1;2925.97;2548.9732;"2017-10-23";"2017-10-23";"One Time"
202;"Marni Bolton";"marni.bolton@msn.com";"Lancaster";"NY";1;4411.95;4095.0138;"2016-06-28";"2016-06-28";"One Time"
203;"Minerva Decker";"minerva.decker@yahoo.com";"Houston";"TX";1;13157.92;12369.6265;"2018-01-06";"2018-01-06";"One Time"
204;"Alpha King";"alpha.king@hotmail.com";"Rockville Centre";"NY";1;3338.95;2813.5587;"2016-02-28";"2016-02-28";"One Time"
205;"Harris Pittman";"harris.pittman@yahoo.com";"Jamaica";"NY";1;3908.96;3642.0126;"2016-04-04";"2016-04-04";"One Time"
206;"Stephaine Riddle";"stephaine.riddle@hotmail.com";"Brooklyn";"NY";1;9299.94;8429.9454;"2016-05-25";"2016-05-25";"One Time"
207;"Michel Blankenship";"michel.blankenship@msn.com";"Forney";"TX";1;2769.93;2500.4381;"2017-02-13";"2017-02-13";"One Time"
208;"Denis Logan";"denis.logan@msn.com";"Ridgecrest";"CA";2;6219.92;5651.0267;"2016-02-07";"2018-04-07";"Returning"
209;"Jutta Everett";"jutta.everett@gmail.com";"Selden";"NY";1;1409.99;1127.992;"2017-08-10";"2017-08-10";"One Time"
210;"Priscilla Wilkins";"priscilla.wilkins@aol.com";"Albany";"NY";1;3999.99;3599.991;"2017-11-07";"2017-11-07";"One Time"
211;"Gilma Dejesus";"gilma.dejesus@yahoo.com";"Scarsdale";"NY";1;1549.98;1472.481;"2016-07-11";"2016-07-11";"One Time"
212;"Buford Bridges";"buford.bridges@msn.com";"Troy";"NY";1;6999.96;6155.9644;"2016-11-13";"2016-11-13";"One Time"
213;"Elenore Hensley";"elenore.hensley@hotmail.com";"Hamburg";"NY";1;5099.93;4789.7348;"2017-10-27";"2017-10-27";"One Time"
214;"Ross Pugh";"ross.pugh@msn.com";"North Tonawanda";"NY";1;3439.93;3032.7401;"2017-05-08";"2017-05-08";"One Time"
215;"Judith Finley";"judith.finley@hotmail.com";"Whitestone";"NY";1;5039.96;4397.9639;"2017-05-28";"2017-05-28";"One Time"
216;"Wai Soto";"wai.soto@msn.com";"Bethpage";"NY";1;5963.95;4912.157;"2017-10-14";"2017-10-14";"One Time"
217;"Carline Collier";"carline.collier@msn.com";"Fresno";"CA";2;5618.93;5073.0365;"2017-12-30";"2018-04-03";"Returning"
218;"Casey Gill";"casey.gill@gmail.com";"Port Washington";"NY";1;8346.96;6902.465;"2016-02-27";"2016-02-27";"One Time"
219;"Darcie Morgan";"darcie.morgan@aol.com";"Oceanside";"NY";1;1733.97;1567.173;"2017-07-12";"2017-07-12";"One Time"
220;"Lucio Sherman";"lucio.sherman@gmail.com";"Smithtown";"NY";1;7319.95;6672.2947;"2017-08-21";"2017-08-21";"One Time"
221;"Clementine Mooney";"clementine.mooney@yahoo.com";"Mcallen";"TX";1;249.99;199.992;"2017-04-04";"2017-04-04";"One Time"
222;"Anya Contreras";"anya.contreras@msn.com";"East Northport";"NY";1;1749.98;1497.4827;"2017-10-26";"2017-10-26";"One Time"
223;"Scarlet Yates";"scarlet.yates@hotmail.com";"Patchogue";"NY";1;4897.99;4563.091;"2016-05-29";"2016-05-29";"One Time"
224;"Moses Pope";"moses.pope@yahoo.com";"Lawndale";"CA";2;12829.88;11471.8954;"2017-05-07";"2018-04-23";"Returning"
225;"Barbera Riggs";"barbera.riggs@aol.com";"Plainview";"NY";1;9059.92;7486.3314;"2017-08-17";"2017-08-17";"One Time"
226;"Kiana Rivera";"kiana.rivera@gmail.com";"Richmond Hill";"NY";1;14101.93;13033.5961;"2017-11-04";"2017-11-04";"One Time"
227;"Danielle Bond";"danielle.bond@msn.com";"Patchogue";"NY";1;22000.92;18553.73;"2017-12-01";"2017-12-01";"One Time"
228;"Whitney Estes";"whitney.estes@gmail.com";"Brentwood";"NY";1;749.99;674.991;"2018-03-18";"2018-03-18";"One Time"
229;"Molly Langley";"molly.langley@aol.com";"Holbrook";"NY";1;875.99;814.6707;"2017-10-19";"2017-10-19";"One Time"
230;"Chelsey Hardin";"chelsey.hardin@hotmail.com";"Deer Park";"NY";1;10148.97;9211.523;"2016-07-07";"2016-07-07";"One Time"
231;"Jenee Rasmussen";"jenee.rasmussen@hotmail.com";"Sacramento";"CA";2;13687.87;12861.8789;"2017-12-14";"2018-04-26";"Returning"
232;"Freddie Mathis";"freddie.mathis@hotmail.com";"Euless";"TX";1;1915.97;1755.3725;"2017-03-04";"2017-03-04";"One Time"
233;"Mariana Strong";"mariana.strong@msn.com";"Santa Clara";"CA";2;2658.98;2317.084;"2017-06-03";"2018-04-13";"Returning"
234;"Winfred Harris";"winfred.harris@msn.com";"East Meadow";"NY";1;4389.91;3804.9214;"2017-03-30";"2017-03-30";"One Time"
235;"Jeromy Elliott";"jeromy.elliott@gmail.com";"Bay Shore";"NY";1;6399.96;5989.965;"2016-10-16";"2016-10-16";"One Time"
236;"Verona O'neill";"verona.o'neill@hotmail.com";"Selden";"NY";1;4599.97;4157.9724;"2016-01-21";"2016-01-21";"One Time"
237;"Elvera Peck";"elvera.peck@yahoo.com";"Banning";"CA";2;2119.98;2007.5812;"2016-04-11";"2018-04-08";"Returning"
238;"Cindi Larson";"cindi.larson@msn.com";"Howard Beach";"NY";1;21816.93;20177.7457;"2017-06-24";"2017-06-24";"One Time"
239;"Felice Guzman";"felice.guzman@hotmail.com";"Canyon Country";"CA";2;11369.88;10156.8968;"2017-08-09";"2018-04-29";"Returning"
240;"Le Deleon";"le.deleon@msn.com";"Banning";"CA";2;11239.88;9959.0962;"2016-09-05";"2018-04-25";"Returning"
241;"Manie Sanchez";"manie.sanchez@hotmail.com";"Queensbury";"NY";1;2557.97;2157.916;"2016-10-01";"2016-10-01";"One Time"
242;"Rutha Howell";"rutha.howell@gmail.com";"Canyon Country";"CA";1;7782.96;7143.6644;"2017-05-30";"2017-05-30";"One Time"
243;"Natosha Rowland";"natosha.rowland@aol.com";"Ballston Spa";"NY";1;2849.96;2658.7627;"2017-11-08";"2017-11-08";"One Time"
244;"Jessika Bray";"jessika.bray@yahoo.com";"San Pablo";"CA";1;1291.96;1113.2655;"2017-12-28";"2017-12-28";"One Time"
245;"Delila Hamilton";"delila.hamilton@yahoo.com";"Palos Verdes Peninsula";"CA";1;12199.96;10869.9637;"2017-01-29";"2017-01-29";"One Time"
246;"Dionne Norris";"dionne.norris@yahoo.com";"Niagara Falls";"NY";1;6949.95;6261.9574;"2017-04-09";"2017-04-09";"One Time"
247;"Muriel Juarez";"muriel.juarez@gmail.com";"Palos Verdes Peninsula";"CA";1;11349.97;10570.4719;"2018-01-15";"2018-01-15";"One Time"
248;"Cecelia Gill";"cecelia.gill@aol.com";"Mcallen";"TX";1;1272.98;1101.683;"2017-06-21";"2017-06-21";"One Time"
249;"Magda Eaton";"magda.eaton@aol.com";"Ossining";"NY";1;761.99;723.8905;"2017-03-18";"2017-03-18";"One Time"
250;"Ivonne Yang";"ivonne.yang@gmail.com";"El Paso";"TX";1;2511.96;2371.1624;"2017-01-28";"2017-01-28";"One Time"
251;"Kasie Rodriquez";"kasie.rodriquez@aol.com";"Ballston Spa";"NY";1;9369.95;8879.4529;"2016-04-04";"2016-04-04";"One Time"
252;"Eleni Gordon";"eleni.gordon@hotmail.com";"Richmond Hill";"NY";1;10330.94;8587.397;"2016-01-19";"2016-01-19";"One Time"
253;"Maurice Norton";"maurice.norton@hotmail.com";"Atwater";"CA";1;1799.98;1439.984;"2018-01-21";"2018-01-21";"One Time"
254;"Cristobal Hutchinson";"cristobal.hutchinson@gmail.com";"Lawndale";"CA";1;1817.95;1716.553;"2017-09-21";"2017-09-21";"One Time"
255;"Flossie Holder";"flossie.holder@msn.com";"Massapequa Park";"NY";1;11452.95;10269.8557;"2017-03-04";"2017-03-04";"One Time"
256;"Erma Salinas";"erma.salinas@gmail.com";"Merrick";"NY";1;2909.94;2658.1454;"2018-01-06";"2018-01-06";"One Time"
257;"Earl Stanley";"earl.stanley@gmail.com";"Elmhurst";"NY";1;5710.95;5315.9042;"2017-12-17";"2017-12-17";"One Time"
258;"Maribel William";"maribel.william@aol.com";"Torrance";"CA";1;469.99;437.0907;"2016-01-09";"2016-01-09";"One Time"
259;"Johnathan Velazquez";"johnathan.velazquez@hotmail.com";"Pleasanton";"CA";1;11397.94;10231.0464;"2016-01-01";"2016-01-01";"One Time"
260;"Rodrick Shelton";"rodrick.shelton@hotmail.com";"Canyon Country";"CA";1;3950.94;3349.6487;"2016-10-11";"2016-10-11";"One Time"
261;"Ferne Kline";"ferne.kline@hotmail.com";"Fullerton";"CA";1;1949.97;1837.4717;"2016-09-02";"2016-09-02";"One Time"
262;"Rubin Decker";"rubin.decker@gmail.com";"Buffalo";"NY";1;2809.94;2484.4274;"2017-12-04";"2017-12-04";"One Time"
263;"Dortha Jarvis";"dortha.jarvis@yahoo.com";"Oceanside";"NY";1;16358.94;14405.0464;"2018-03-15";"2018-03-15";"One Time"
264;"Mariela Huffman";"mariela.huffman@gmail.com";"Garden City";"NY";1;1669.97;1577.0717;"2016-02-13";"2016-02-13";"One Time"
265;"Mellisa Farley";"mellisa.farley@yahoo.com";"Central Islip";"NY";1;1199.98;1096.1817;"2017-06-10";"2017-06-10";"One Time"
266;"Myung Hooper";"myung.hooper@gmail.com";"Elmont";"NY";1;3039.95;2681.957;"2017-07-15";"2017-07-15";"One Time"
267;"Angelina Lloyd";"angelina.lloyd@yahoo.com";"Apple Valley";"CA";1;1739.96;1625.963;"2016-05-11";"2016-05-11";"One Time"
268;"Trinity Riddle";"trinity.riddle@aol.com";"Ballston Spa";"NY";1;7810.96;7211.7234;"2017-09-01";"2017-09-01";"One Time"
269;"Barton Crosby";"barton.crosby@msn.com";"Bellmore";"NY";1;8069.93;7526.0367;"2017-10-21";"2017-10-21";"One Time"
270;"Claudio Wise";"claudio.wise@hotmail.com";"Kingston";"NY";1;3989.98;3646.9827;"2017-06-23";"2017-06-23";"One Time"
271;"Katheleen Marks";"katheleen.marks@yahoo.com";"Longview";"TX";1;1099.98;879.984;"2016-03-01";"2016-03-01";"One Time"
272;"Deja Chaney";"deja.chaney@hotmail.com";"Jamaica";"NY";1;10360.92;8561.2627;"2016-09-11";"2016-09-11";"One Time"
273;"Queenie Vance";"queenie.vance@gmail.com";"Ozone Park";"NY";1;3259.96;3056.9624;"2017-12-31";"2017-12-31";"One Time"
274;"Josh Shaw";"josh.shaw@gmail.com";"Hopewell Junction";"NY";1;6068.93;5701.1054;"2016-07-24";"2016-07-24";"One Time"
275;"Pinkie Kirkland";"pinkie.kirkland@yahoo.com";"San Angelo";"TX";1;12543.91;11476.5364;"2017-09-13";"2017-09-13";"One Time"
276;"Lavette Wright";"lavette.wright@msn.com";"Ronkonkoma";"NY";1;7669.93;6866.9384;"2016-02-21";"2016-02-21";"One Time"
277;"Mark Garrett";"mark.garrett@msn.com";"Monroe";"NY";1;4201.95;3570.556;"2016-02-06";"2016-02-06";"One Time"
278;"Myesha Burgess";"myesha.burgess@gmail.com";"Campbell";"CA";1;5609.96;5226.6626;"2017-06-15";"2017-06-15";"One Time"
279;"Justina Long";"justina.long@aol.com";"South El Monte";"CA";1;10531.93;9327.738;"2017-12-07";"2017-12-07";"One Time"
280;"Brenda Tate";"brenda.tate@msn.com";"San Angelo";"TX";1;5518.96;4616.0145;"2016-05-01";"2016-05-01";"One Time"
281;"Rayna Perry";"rayna.perry@hotmail.com";"Ozone Park";"NY";1;6459.98;5672.281;"2016-07-05";"2016-07-05";"One Time"
282;"Randolph Chase";"randolph.chase@yahoo.com";"San Lorenzo";"CA";1;9959.92;9163.4289;"2016-06-11";"2016-06-11";"One Time"
283;"Jaimee Day";"jaimee.day@aol.com";"Poughkeepsie";"NY";1;1269.97;1172.9724;"2017-01-09";"2017-01-09";"One Time"
284;"Susann Bass";"susann.bass@msn.com";"Commack";"NY";1;1067.97;1001.6117;"2017-03-07";"2017-03-07";"One Time"
285;"Leola Gould";"leola.gould@gmail.com";"Astoria";"NY";1;659.99;613.7907;"2017-12-10";"2017-12-10";"One Time"
286;"Virgil Frost";"virgil.frost@gmail.com";"Levittown";"NY";1;1103.98;1026.7014;"2017-10-03";"2017-10-03";"One Time"
287;"Mireille Puckett";"mireille.puckett@hotmail.com";"Oxnard";"CA";1;2633.93;2320.5564;"2018-03-20";"2018-03-20";"One Time"
288;"Keturah Massey";"keturah.massey@msn.com";"Banning";"CA";1;5439.92;4765.4287;"2016-03-28";"2016-03-28";"One Time"
289;"Charmain Webster";"charmain.webster@hotmail.com";"Richardson";"TX";1;19499.96;17834.9634;"2017-11-17";"2017-11-17";"One Time"
290;"Barry Buckner";"barry.buckner@gmail.com";"Centereach";"NY";1;1649.95;1467.9554;"2017-07-22";"2017-07-22";"One Time"
291;"Boyce Burks";"boyce.burks@gmail.com";"Sunnyside";"NY";1;1767.97;1600.093;"2017-01-28";"2017-01-28";"One Time"
292;"Monty Frost";"monty.frost@aol.com";"Hempstead";"NY";1;14946.94;13947.5449;"2017-10-09";"2017-10-09";"One Time"
293;"Tiny French";"tiny.french@hotmail.com";"Plainview";"NY";1;6739.96;6102.963;"2018-03-03";"2018-03-03";"One Time"
294;"Clementina Sargent";"clementina.sargent@hotmail.com";"Rome";"NY";1;1369.98;1208.4825;"2017-04-06";"2017-04-06";"One Time"
295;"Danny Kim";"danny.kim@msn.com";"South Ozone Park";"NY";1;12919.93;11055.941;"2017-02-13";"2017-02-13";"One Time"
296;"Sophia Mcmillan";"sophia.mcmillan@msn.com";"Uniondale";"NY";1;15249.92;13773.6277;"2018-03-19";"2018-03-19";"One Time"
297;"Christia Carson";"christia.carson@gmail.com";"Helotes";"TX";1;3897.98;3658.181;"2017-01-22";"2017-01-22";"One Time"
298;"Jennie Middleton";"jennie.middleton@gmail.com";"Upland";"CA";1;11439.93;9474.9404;"2016-11-22";"2016-11-22";"One Time"
299;"Jame Riggs";"jame.riggs@hotmail.com";"Bay Shore";"NY";1;2839.94;2687.1434;"2016-07-13";"2016-07-13";"One Time"
300;"Rayford Simon";"rayford.simon@msn.com";"Mountain View";"CA";1;1279.98;1023.984;"2018-03-04";"2018-03-04";"One Time"
301;"Annett Garrett";"annett.garrett@yahoo.com";"Scarsdale";"NY";1;4397.95;4156.6929;"2017-04-04";"2017-04-04";"One Time"
302;"Hayden Cross";"hayden.cross@gmail.com";"Apple Valley";"CA";1;709.97;631.6747;"2018-03-30";"2018-03-30";"One Time"
303;"Rolanda Larsen";"rolanda.larsen@yahoo.com";"Woodhaven";"NY";1;3458.97;3136.0432;"2017-11-11";"2017-11-11";"One Time"
304;"Jayme Zamora";"jayme.zamora@gmail.com";"Springfield Gardens";"NY";1;539.98;502.1814;"2016-10-02";"2016-10-02";"One Time"
305;"Hope Cotton";"hope.cotton@aol.com";"Redondo Beach";"CA";1;1431.96;1238.566;"2017-08-21";"2017-08-21";"One Time"
306;"Vikki Erickson";"vikki.erickson@yahoo.com";"Kingston";"NY";1;7361.96;6489.565;"2016-03-03";"2016-03-03";"One Time"
307;"Fransisca Nicholson";"fransisca.nicholson@aol.com";"Glendora";"CA";1;3269.98;2942.982;"2016-05-17";"2016-05-17";"One Time"
308;"Mazie Fernandez";"mazie.fernandez@hotmail.com";"Webster";"NY";1;8499.96;7394.9644;"2018-03-11";"2018-03-11";"One Time"
309;"Anderson Martin";"anderson.martin@hotmail.com";"Canandaigua";"NY";1;4831.95;3900.6587;"2016-12-11";"2016-12-11";"One Time"
310;"Gilberto Parsons";"gilberto.parsons@gmail.com";"Middle Village";"NY";1;14999.94;12935.9494;"2018-01-23";"2018-01-23";"One Time"
311;"Charise Burt";"charise.burt@aol.com";"Fresno";"CA";1;1371.96;1250.8637;"2017-12-25";"2017-12-25";"One Time"
312;"Cameron Carroll";"cameron.carroll@yahoo.com";"Longview";"TX";1;6099.97;5419.973;"2018-01-30";"2018-01-30";"One Time"
313;"Melani Jarvis";"melani.jarvis@hotmail.com";"Maspeth";"NY";1;5697.96;4918.366;"2016-11-04";"2016-11-04";"One Time"
314;"Javier Nichols";"javier.nichols@msn.com";"Rowlett";"TX";1;7309.94;6872.9437;"2016-09-16";"2016-09-16";"One Time"
315;"Justina Jenkins";"justina.jenkins@yahoo.com";"Baldwin";"NY";1;2376.97;2258.1215;"2017-03-31";"2017-03-31";"One Time"
316;"Hortencia Graham";"hortencia.graham@aol.com";"Euless";"TX";1;7439.94;6815.9474;"2016-03-19";"2016-03-19";"One Time"
317;"Christia Wilkins";"christia.wilkins@msn.com";"Woodside";"NY";1;1659.96;1543.7628;"2016-02-20";"2016-02-20";"One Time"
318;"Eliz Whitney";"eliz.whitney@msn.com";"Fullerton";"CA";1;1803.95;1662.0539;"2017-10-23";"2017-10-23";"One Time"
319;"Justin Newton";"justin.newton@hotmail.com";"Apple Valley";"CA";1;2499.96;2337.4625;"2016-06-25";"2016-06-25";"One Time"
320;"Aron Wiggins";"aron.wiggins@aol.com";"Oceanside";"NY";1;12470.97;10047.4245;"2017-12-03";"2017-12-03";"One Time"
321;"Chere Hardin";"chere.hardin@yahoo.com";"Brooklyn";"NY";1;1248.98;1165.081;"2016-11-06";"2016-11-06";"One Time"
322;"Merideth Preston";"merideth.preston@yahoo.com";"Poughkeepsie";"NY";1;12749.95;11832.4539;"2017-12-16";"2017-12-16";"One Time"
323;"Jeniffer Slater";"jeniffer.slater@aol.com";"Schenectady";"NY";1;2999.99;2699.991;"2018-02-09";"2018-02-09";"One Time"
324;"Laureen Paul";"laureen.paul@yahoo.com";"Bellmore";"NY";1;2387.98;2165.0817;"2016-01-04";"2016-01-04";"One Time"
325;"Berna Moore";"berna.moore@hotmail.com";"Bronx";"NY";1;999.99;949.9905;"2017-08-12";"2017-08-12";"One Time"
326;"Shiela Calderon";"shiela.calderon@msn.com";"Rocklin";"CA";1;3017.96;2768.3634;"2017-08-25";"2017-08-25";"One Time"
327;"Sharie Alvarez";"sharie.alvarez@msn.com";"New York";"NY";1;6206.94;5716.596;"2016-03-14";"2016-03-14";"One Time"
328;"Bettie Glover";"bettie.glover@gmail.com";"Euless";"TX";1;10489.96;8740.966;"2017-06-26";"2017-06-26";"One Time"
329;"Marilyn Frank";"marilyn.frank@aol.com";"Port Chester";"NY";1;9999.98;9499.981;"2017-04-18";"2017-04-18";"One Time"
330;"Sheba Knapp";"sheba.knapp@aol.com";"Woodside";"NY";1;13139.92;11972.9271;"2018-03-18";"2018-03-18";"One Time"
331;"Aleta Mack";"aleta.mack@yahoo.com";"Bay Shore";"NY";1;2068.94;1929.514;"2016-08-20";"2016-08-20";"One Time"
332;"Reena Higgins";"reena.higgins@gmail.com";"Canyon Country";"CA";1;6428.96;5728.9344;"2016-03-29";"2016-03-29";"One Time"
333;"Ami Mcmahon";"ami.mcmahon@aol.com";"Sunnyside";"NY";1;3199.94;2840.0461;"2017-11-12";"2017-11-12";"One Time"
334;"Somer Jordan";"somer.jordan@msn.com";"Huntington Station";"NY";1;14109.95;12663.956;"2017-09-08";"2017-09-08";"One Time"
335;"Scarlet Reed";"scarlet.reed@hotmail.com";"Bronx";"NY";1;4365.96;4147.662;"2017-03-05";"2017-03-05";"One Time"
336;"Trisha Johnson";"trisha.johnson@msn.com";"Lancaster";"NY";1;799.98;754.5812;"2016-03-02";"2016-03-02";"One Time"
337;"Majorie Wyatt";"majorie.wyatt@yahoo.com";"South Ozone Park";"NY";1;5587.95;5119.354;"2016-08-16";"2016-08-16";"One Time"
338;"Abbey Pugh";"abbey.pugh@gmail.com";"Forest Hills";"NY";1;4778.99;4132.992;"2016-04-08";"2016-04-08";"One Time"
339;"Tamela Harrell";"tamela.harrell@aol.com";"Central Islip";"NY";1;20199.95;17479.957;"2017-06-16";"2017-06-16";"One Time"
340;"Yanira Bradshaw";"yanira.bradshaw@gmail.com";"Smithtown";"NY";1;10165.95;9157.756;"2017-03-28";"2017-03-28";"One Time"
341;"Delana Scott";"delana.scott@yahoo.com";"Mount Vernon";"NY";1;1499.98;1199.984;"2016-11-02";"2016-11-02";"One Time"
342;"Cassondra Pruitt";"cassondra.pruitt@aol.com";"Merrick";"NY";1;299.99;269.991;"2017-05-26";"2017-05-26";"One Time"
343;"Jesica Fields";"jesica.fields@yahoo.com";"Commack";"NY";1;1989.98;1800.4815;"2017-02-02";"2017-02-02";"One Time"
344;"Herta Rollins";"herta.rollins@msn.com";"Mountain View";"CA";1;4914.95;4464.6642;"2017-01-20";"2017-01-20";"One Time"
345;"Mi Gray";"mi.gray@aol.com";"Albany";"NY";1;11299.98;9728.9827;"2017-05-21";"2017-05-21";"One Time"
346;"Jacalyn Barnett";"jacalyn.barnett@gmail.com";"Maspeth";"NY";1;539.99;502.1907;"2017-11-11";"2017-11-11";"One Time"
347;"Kanesha Hudson";"kanesha.hudson@gmail.com";"Oakland";"CA";1;250.99;225.891;"2017-01-16";"2017-01-16";"One Time"
348;"Darren Witt";"darren.witt@aol.com";"Coachella";"CA";1;4028.98;3223.184;"2016-01-27";"2016-01-27";"One Time"
349;"Mable Pratt";"mable.pratt@gmail.com";"Coachella";"CA";1;7275.97;6912.1715;"2017-01-17";"2017-01-17";"One Time"
350;"Christoper Mccall";"christoper.mccall@msn.com";"Bay Shore";"NY";1;12571.93;11462.5954;"2016-06-13";"2016-06-13";"One Time"
351;"Margorie Wynn";"margorie.wynn@gmail.com";"Monsey";"NY";1;9114.96;8498.463;"2017-09-19";"2017-09-19";"One Time"
352;"Josef Greer";"josef.greer@gmail.com";"Jamaica";"NY";1;7173.93;5925.5601;"2017-05-20";"2017-05-20";"One Time"
353;"Tisa Whitney";"tisa.whitney@yahoo.com";"Monsey";"NY";1;3547.96;3196.2044;"2017-07-23";"2017-07-23";"One Time"
354;"Tonda Armstrong";"tonda.armstrong@aol.com";"Sunnyside";"NY";1;7830.95;7179.9832;"2017-07-13";"2017-07-13";"One Time"
355;"Arvilla Weiss";"arvilla.weiss@msn.com";"Bay Shore";"NY";1;3199.97;3015.9719;"2017-06-16";"2017-06-16";"One Time"
356;"Vashti Rosario";"vashti.rosario@yahoo.com";"Bronx";"NY";1;10949.97;9865.4727;"2017-07-23";"2017-07-23";"One Time"
357;"Sheri Cole";"sheri.cole@aol.com";"San Jose";"CA";1;2225.99;1970.5907;"2016-04-03";"2016-04-03";"One Time"
358;"Kandace Giles";"kandace.giles@msn.com";"Wantagh";"NY";1;3833.94;3247.248;"2017-05-02";"2017-05-02";"One Time"
359;"Angie Powers";"angie.powers@aol.com";"Pomona";"CA";1;2139.96;1990.1628;"2016-09-04";"2016-09-04";"One Time"
360;"Van Peters";"van.peters@yahoo.com";"Houston";"TX";1;6895.99;6448.2907;"2016-06-29";"2016-06-29";"One Time"
361;"Virgina Berg";"virgina.berg@yahoo.com";"Valley Stream";"NY";1;5653.94;5154.1467;"2017-01-24";"2017-01-24";"One Time"
362;"Olevia Noel";"olevia.noel@yahoo.com";"Kingston";"NY";1;4899.97;3997.9747;"2016-09-19";"2016-09-19";"One Time"
363;"Kaci Gallegos";"kaci.gallegos@gmail.com";"Ballston Spa";"NY";1;269.99;242.991;"2016-05-10";"2016-05-10";"One Time"
364;"Bev Chang";"bev.chang@yahoo.com";"Ithaca";"NY";1;6359.96;5291.965;"2018-03-04";"2018-03-04";"One Time"
365;"Rodger Rojas";"rodger.rojas@yahoo.com";"Bayside";"NY";1;1928.96;1758.514;"2016-11-20";"2016-11-20";"One Time"
366;"Lavonne Anderson";"lavonne.anderson@aol.com";"Floral Park";"NY";1;7680.97;6744.774;"2016-03-27";"2016-03-27";"One Time"
367;"Blanca Hooper";"blanca.hooper@msn.com";"Ozone Park";"NY";1;8189.94;6602.9505;"2017-03-15";"2017-03-15";"One Time"
368;"Alysha Powers";"alysha.powers@msn.com";"Forest Hills";"NY";1;939.98;751.984;"2016-08-25";"2016-08-25";"One Time"
369;"Mary Singleton";"mary.singleton@hotmail.com";"Woodside";"NY";1;1616.97;1536.1215;"2017-10-14";"2017-10-14";"One Time"
370;"Jina Cooper";"jina.cooper@aol.com";"Howard Beach";"NY";1;569.98;521.9817;"2016-03-23";"2016-03-23";"One Time"
371;"Loni Duncan";"loni.duncan@gmail.com";"Rosedale";"NY";1;1799.99;1619.991;"2016-04-02";"2016-04-02";"One Time"
372;"Collene Roman";"collene.roman@aol.com";"Wappingers Falls";"NY";1;7199.96;6578.9654;"2017-04-15";"2017-04-15";"One Time"
373;"Mariette Trevino";"mariette.trevino@aol.com";"Utica";"NY";1;999.98;949.981;"2016-08-12";"2016-08-12";"One Time"
374;"Candelaria Coffey";"candelaria.coffey@aol.com";"Merrick";"NY";1;15937.93;14735.4152;"2017-03-24";"2017-03-24";"One Time"
375;"Yan Trevino";"yan.trevino@gmail.com";"Uniondale";"NY";1;13749.92;11391.43;"2017-11-19";"2017-11-19";"One Time"
376;"Elanor Patrick";"elanor.patrick@aol.com";"Victoria";"TX";1;2248.98;2136.531;"2017-05-19";"2017-05-19";"One Time"
377;"Klara Mosley";"klara.mosley@gmail.com";"Port Chester";"NY";1;809.97;755.972;"2016-10-18";"2016-10-18";"One Time"
378;"Rosalba O'neal";"rosalba.o'neal@yahoo.com";"Mount Vernon";"NY";1;499.99;464.9907;"2016-06-21";"2016-06-21";"One Time"
379;"Mina Carrillo";"mina.carrillo@aol.com";"Uniondale";"NY";1;7033.98;6671.6012;"2017-08-29";"2017-08-29";"One Time"
380;"Alesia Horne";"alesia.horne@aol.com";"Selden";"NY";1;3359.95;2787.959;"2017-02-01";"2017-02-01";"One Time"
381;"Kristen Alvarez";"kristen.alvarez@aol.com";"Bronx";"NY";1;968.98;888.2814;"2016-02-10";"2016-02-10";"One Time"
382;"Collin Webster";"collin.webster@aol.com";"Howard Beach";"NY";1;940.98;861.0117;"2017-02-16";"2017-02-16";"One Time"
383;"Ashlee Pena";"ashlee.pena@aol.com";"Whitestone";"NY";1;18799.93;17305.9384;"2017-01-18";"2017-01-18";"One Time"
384;"Aimee Merritt";"aimee.merritt@yahoo.com";"Flushing";"NY";1;8969.94;8096.4455;"2017-05-15";"2017-05-15";"One Time"
385;"Rochelle Ward";"rochelle.ward@yahoo.com";"Glendora";"CA";1;2799.95;2427.9567;"2016-02-16";"2016-02-16";"One Time"
386;"Nelle Beck";"nelle.beck@aol.com";"Upland";"CA";1;4442.94;4012.6457;"2017-05-05";"2017-05-05";"One Time"
387;"Kaila Walters";"kaila.walters@msn.com";"Elmhurst";"NY";1;1709.98;1367.984;"2017-11-25";"2017-11-25";"One Time"
388;"Aleta Stone";"aleta.stone@aol.com";"Whitestone";"NY";1;449.99;418.4907;"2017-09-06";"2017-09-06";"One Time"
389;"Leif Short";"leif.short@gmail.com";"San Angelo";"TX";1;939.98;877.9812;"2017-06-20";"2017-06-20";"One Time"
390;"Lorrie Pollard";"lorrie.pollard@yahoo.com";"Ronkonkoma";"NY";1;7999.98;7439.9814;"2016-04-22";"2016-04-22";"One Time"
391;"Vernita Ball";"vernita.ball@gmail.com";"Los Banos";"CA";1;299.99;269.991;"2017-03-02";"2017-03-02";"One Time"
392;"Cyndi Bush";"cyndi.bush@gmail.com";"Elmhurst";"NY";1;1979.97;1681.974;"2018-03-31";"2018-03-31";"One Time"
393;"Gertrude Terry";"gertrude.terry@hotmail.com";"Upland";"CA";1;2599.97;2379.973;"2016-02-19";"2016-02-19";"One Time"
394;"Virgen Clemons";"virgen.clemons@gmail.com";"South El Monte";"CA";1;7749.97;7184.9724;"2017-05-03";"2017-05-03";"One Time"
395;"Fairy Robinson";"fairy.robinson@msn.com";"Liverpool";"NY";1;4584.95;4041.1537;"2018-03-20";"2018-03-20";"One Time"
396;"Laverna Hernandez";"laverna.hernandez@hotmail.com";"Niagara Falls";"NY";1;5199.95;4699.9557;"2016-08-31";"2016-08-31";"One Time"
397;"Jeannie Wilcox";"jeannie.wilcox@yahoo.com";"Franklin Square";"NY";1;1578.98;1378.182;"2016-02-17";"2016-02-17";"One Time"
398;"Suellen Mercado";"suellen.mercado@yahoo.com";"Sunnyside";"NY";1;1199.98;1139.981;"2016-09-06";"2016-09-06";"One Time"
399;"Bart Hess";"bart.hess@aol.com";"Kingston";"NY";1;1469.97;1331.9734;"2016-09-19";"2016-09-19";"One Time"
400;"Alfredo Dodson";"alfredo.dodson@hotmail.com";"Depew";"NY";1;5109.93;4766.8345;"2017-06-26";"2017-06-26";"One Time"
401;"Shaunda Barnett";"shaunda.barnett@gmail.com";"Longview";"TX";1;269.99;256.4905;"2016-10-12";"2016-10-12";"One Time"
402;"Kerrie Morton";"kerrie.morton@hotmail.com";"Pittsford";"NY";1;2699.96;2282.965;"2017-05-25";"2017-05-25";"One Time"
403;"Elouise Fry";"elouise.fry@aol.com";"Canyon Country";"CA";1;11499.96;10866.9622;"2016-03-16";"2016-03-16";"One Time"
404;"Augustus Steele";"augustus.steele@aol.com";"Ballston Spa";"NY";1;649.98;519.984;"2017-06-20";"2017-06-20";"One Time"
405;"Greta Page";"greta.page@hotmail.com";"Commack";"NY";1;1429.97;1245.973;"2018-03-20";"2018-03-20";"One Time"
406;"Kerrie O'neill";"kerrie.o'neill@gmail.com";"Shirley";"NY";1;1199.98;1139.981;"2017-04-12";"2017-04-12";"One Time"
407;"Dannette Guerrero";"dannette.guerrero@gmail.com";"San Pablo";"CA";1;9199.95;7719.957;"2017-07-29";"2017-07-29";"One Time"
408;"Edra Fitzgerald";"edra.fitzgerald@msn.com";"Central Islip";"NY";1;2675.95;2297.7575;"2017-07-22";"2017-07-22";"One Time"
409;"Jerome Bolton";"jerome.bolton@msn.com";"Carmel";"NY";1;809.97;728.973;"2016-03-20";"2016-03-20";"One Time"
410;"Conception Slater";"conception.slater@gmail.com";"Bellmore";"NY";1;6369.94;5478.9485;"2016-08-20";"2016-08-20";"One Time"
411;"Octavia Case";"octavia.case@aol.com";"New York";"NY";1;10361.94;9673.8444;"2016-06-17";"2016-06-17";"One Time"
412;"Dexter Roberts";"dexter.roberts@gmail.com";"Sunnyside";"NY";1;3119.98;2963.981;"2017-08-19";"2017-08-19";"One Time"
413;"Ginette Edwards";"ginette.edwards@hotmail.com";"Baldwin";"NY";1;5939.94;5225.9475;"2016-06-06";"2016-06-06";"One Time"
414;"Romaine Haley";"romaine.haley@aol.com";"Ithaca";"NY";1;1469.98;1337.0817;"2016-02-23";"2016-02-23";"One Time"
415;"Gwendolyn Miller";"gwendolyn.miller@msn.com";"Harlingen";"TX";1;12399.95;11349.9574;"2017-04-06";"2017-04-06";"One Time"
416;"Luke Fuller";"luke.fuller@hotmail.com";"Hempstead";"NY";1;1999.96;1709.3652;"2016-09-01";"2016-09-01";"One Time"
417;"Zoraida Patton";"zoraida.patton@aol.com";"Huntington Station";"NY";1;8661.93;7004.841;"2017-02-08";"2017-02-08";"One Time"
418;"Georgeanna Webster";"georgeanna.webster@msn.com";"Oxnard";"CA";1;659.99;593.991;"2017-12-27";"2017-12-27";"One Time"
419;"Krystin Marshall";"krystin.marshall@hotmail.com";"Poughkeepsie";"NY";1;1880.96;1613.3947;"2017-07-09";"2017-07-09";"One Time"
420;"Vince Schneider";"vince.schneider@hotmail.com";"Merrick";"NY";1;9899.92;8204.5302;"2017-03-29";"2017-03-29";"One Time"
421;"Iola Rasmussen";"iola.rasmussen@yahoo.com";"Monroe";"NY";1;10619.94;9838.4455;"2016-10-06";"2016-10-06";"One Time"
422;"Valery Saunders";"valery.saunders@msn.com";"Victoria";"TX";1;968.98;872.082;"2016-03-04";"2016-03-04";"One Time"
423;"Johna Powers";"johna.powers@hotmail.com";"Deer Park";"NY";1;749.99;599.992;"2016-11-24";"2016-11-24";"One Time"
424;"Charleen Hurst";"charleen.hurst@yahoo.com";"Utica";"NY";1;1818.99;1490.2907;"2016-07-09";"2016-07-09";"One Time"
425;"Augustina Joyner";"augustina.joyner@aol.com";"Mount Vernon";"NY";1;21789.92;20509.4254;"2018-01-07";"2018-01-07";"One Time"
426;"Daisy Ward";"daisy.ward@msn.com";"Pomona";"CA";1;6659.95;6023.9545;"2017-11-16";"2017-11-16";"One Time"
427;"Latonya Dixon";"latonya.dixon@hotmail.com";"Garland";"TX";1;3499.99;3149.991;"2018-01-29";"2018-01-29";"One Time"
428;"Hipolito Padilla";"hipolito.padilla@hotmail.com";"New Rochelle";"NY";1;6130.93;5062.3384;"2017-04-15";"2017-04-15";"One Time"
429;"Emmett Casey";"emmett.casey@yahoo.com";"Valley Stream";"NY";1;3548.98;3194.082;"2017-07-30";"2017-07-30";"One Time"
430;"Kandi Mcneil";"kandi.mcneil@msn.com";"Massapequa Park";"NY";1;2109.96;1847.0647;"2017-03-16";"2017-03-16";"One Time"
431;"Luciano Marsh";"luciano.marsh@aol.com";"Bellmore";"NY";1;2339.94;1999.3494;"2017-04-11";"2017-04-11";"One Time"
432;"Julius Holt";"julius.holt@aol.com";"East Meadow";"NY";1;4199.97;3489.9734;"2017-03-20";"2017-03-20";"One Time"
433;"Holly Nieves";"holly.nieves@aol.com";"Longview";"TX";1;1703.97;1601.3717;"2017-02-28";"2017-02-28";"One Time"
434;"Douglass Little";"douglass.little@hotmail.com";"Duarte";"CA";1;3359.94;3092.9448;"2016-09-09";"2016-09-09";"One Time"
435;"Izola Hobbs";"izola.hobbs@gmail.com";"Woodhaven";"NY";1;3919.95;3439.4575;"2017-11-23";"2017-11-23";"One Time"
436;"Honey Camacho";"honey.camacho@gmail.com";"Bayside";"NY";1;2482.96;2200.8641;"2017-07-02";"2017-07-02";"One Time"
437;"Laureen Barry";"laureen.barry@yahoo.com";"Orchard Park";"NY";1;4449.92;3859.928;"2016-01-20";"2016-01-20";"One Time"
438;"Katharine Herrera";"katharine.herrera@hotmail.com";"Queensbury";"NY";1;1669.97;1455.974;"2016-03-23";"2016-03-23";"One Time"
439;"Sunshine Rosario";"sunshine.rosario@aol.com";"Jamaica";"NY";1;2999.99;2789.9907;"2017-01-08";"2017-01-08";"One Time"
440;"Yevette Todd";"yevette.todd@aol.com";"Ballston Spa";"NY";1;6079.96;4863.968;"2018-01-20";"2018-01-20";"One Time"
441;"Dorthea Walker";"dorthea.walker@aol.com";"Port Washington";"NY";1;15059.94;12965.7468;"2016-08-07";"2016-08-07";"One Time"
442;"Alane Munoz";"alane.munoz@gmail.com";"Yonkers";"NY";1;269.99;242.991;"2016-01-05";"2016-01-05";"One Time"
443;"Ayana Keith";"ayana.keith@hotmail.com";"Oxnard";"CA";1;5126.94;4685.0969;"2018-01-04";"2018-01-04";"One Time"
444;"Caridad Compton";"caridad.compton@aol.com";"San Lorenzo";"CA";1;10761.94;8945.75;"2017-12-24";"2017-12-24";"One Time"
445;"Earline Ballard";"earline.ballard@hotmail.com";"Mount Vernon";"NY";1;1999.98;1599.984;"2016-11-27";"2016-11-27";"One Time"
446;"Nathanael Bradley";"nathanael.bradley@aol.com";"Amsterdam";"NY";1;419.98;377.982;"2017-04-28";"2017-04-28";"One Time"
447;"Chasidy Tran";"chasidy.tran@msn.com";"Vista";"CA";1;5426.97;5080.623;"2016-08-29";"2016-08-29";"One Time"
448;"Janella Bright";"janella.bright@aol.com";"Rochester";"NY";1;551.99;513.3507;"2017-03-11";"2017-03-11";"One Time"
449;"Josie Schultz";"josie.schultz@hotmail.com";"Canyon Country";"CA";1;2018.99;1894.541;"2016-10-02";"2016-10-02";"One Time"
450;"Ellsworth Michael";"ellsworth.michael@yahoo.com";"Carmel";"NY";1;4397.95;4030.0561;"2016-01-09";"2016-01-09";"One Time"
451;"Jennette Wooten";"jennette.wooten@msn.com";"Rowlett";"TX";1;449.0;359.2;"2016-08-20";"2016-08-20";"One Time"
452;"Cassandra Nichols";"cassandra.nichols@yahoo.com";"Hicksville";"NY";1;419.98;377.982;"2018-02-21";"2018-02-21";"One Time"
453;"Courtney Wyatt";"courtney.wyatt@gmail.com";"Garden City";"NY";1;9779.93;7823.944;"2017-08-17";"2017-08-17";"One Time"
454;"Terese Palmer";"terese.palmer@hotmail.com";"Bay Shore";"NY";1;499.99;464.9907;"2016-12-22";"2016-12-22";"One Time"
455;"Sherita Cherry";"sherita.cherry@gmail.com";"Liverpool";"NY";1;899.98;719.984;"2017-04-13";"2017-04-13";"One Time"
456;"Serina Hensley";"serina.hensley@yahoo.com";"Jamaica";"NY";1;1863.96;1690.6635;"2017-08-12";"2017-08-12";"One Time"
457;"Jeni Farley";"jeni.farley@aol.com";"Richmond Hill";"NY";1;419.98;377.982;"2017-06-20";"2017-06-20";"One Time"
458;"Everett Vega";"everett.vega@yahoo.com";"Holbrook";"NY";1;1569.97;1304.975;"2017-11-19";"2017-11-19";"One Time"
459;"Latosha Dalton";"latosha.dalton@yahoo.com";"Bakersfield";"CA";1;5389.95;4877.406;"2016-04-18";"2016-04-18";"One Time"
460;"Romelia Myers";"romelia.myers@msn.com";"Garden City";"NY";1;5751.96;5440.3624;"2017-08-10";"2017-08-10";"One Time"
461;"Effie Jenkins";"effie.jenkins@msn.com";"Brentwood";"NY";1;6537.95;5768.2144;"2017-06-30";"2017-06-30";"One Time"
462;"Efren Oliver";"efren.oliver@gmail.com";"Nanuet";"NY";1;13079.95;11463.958;"2017-11-06";"2017-11-06";"One Time"
463;"Jerlene Rios";"jerlene.rios@yahoo.com";"Plainview";"NY";1;10869.95;10266.9542;"2018-03-15";"2018-03-15";"One Time"
464;"Bess Mcbride";"bess.mcbride@yahoo.com";"Garden City";"NY";1;21097.95;18853.3544;"2018-01-15";"2018-01-15";"One Time"
465;"Birdie Kramer";"birdie.kramer@hotmail.com";"Troy";"NY";1;1469.97;1382.972;"2016-10-06";"2016-10-06";"One Time"
466;"Collen Hayes";"collen.hayes@yahoo.com";"Smithtown";"NY";1;2641.98;2113.584;"2016-12-22";"2016-12-22";"One Time"
467;"Clare Neal";"clare.neal@msn.com";"Mahopac";"NY";1;2619.96;2357.9642;"2017-11-25";"2017-11-25";"One Time"
468;"Jeanett Herman";"jeanett.herman@hotmail.com";"Lindenhurst";"NY";1;1069.97;962.973;"2016-09-30";"2016-09-30";"One Time"
469;"Micki Rutledge";"micki.rutledge@aol.com";"Richmond Hill";"NY";1;4020.93;3511.7384;"2016-03-08";"2016-03-08";"One Time"
470;"Loise Walker";"loise.walker@aol.com";"Shirley";"NY";1;3555.99;3270.231;"2016-11-09";"2016-11-09";"One Time"
471;"Burma Summers";"burma.summers@yahoo.com";"Freeport";"NY";1;599.99;569.9905;"2016-03-10";"2016-03-10";"One Time"
472;"Myron Ruiz";"myron.ruiz@gmail.com";"Amityville";"NY";1;8209.96;7350.4645;"2017-06-05";"2017-06-05";"One Time"
473;"Lashawna Richardson";"lashawna.richardson@hotmail.com";"Baldwin";"NY";1;12669.92;11596.4289;"2017-04-27";"2017-04-27";"One Time"
474;"Lavern Orr";"lavern.orr@hotmail.com";"Webster";"NY";1;4198.97;3644.045;"2018-03-04";"2018-03-04";"One Time"
475;"Alec Peck";"alec.peck@hotmail.com";"Victoria";"TX";1;1199.98;1139.981;"2016-08-17";"2016-08-17";"One Time"
476;"Christopher Richardson";"christopher.richardson@gmail.com";"Santa Cruz";"CA";1;1499.98;1394.9814;"2018-01-19";"2018-01-19";"One Time"
477;"Arminda Weber";"arminda.weber@yahoo.com";"Bellmore";"NY";1;1099.98;1044.981;"2017-04-23";"2017-04-23";"One Time"
478;"Emmett Hahn";"emmett.hahn@hotmail.com";"Freeport";"NY";1;5189.96;4700.0627;"2018-03-16";"2018-03-16";"One Time"
479;"Gertha Mejia";"gertha.mejia@yahoo.com";"Flushing";"NY";1;9949.94;8109.9505;"2017-03-22";"2017-03-22";"One Time"
480;"Garland Weaver";"garland.weaver@gmail.com";"Amsterdam";"NY";1;3467.95;3074.2065;"2016-07-20";"2016-07-20";"One Time"
481;"Jayson Rutledge";"jayson.rutledge@yahoo.com";"Lake Jackson";"TX";1;7739.94;6947.9474;"2016-10-04";"2016-10-04";"One Time"
482;"Narcisa Knapp";"narcisa.knapp@aol.com";"Amarillo";"TX";1;349.99;279.992;"2017-11-01";"2017-11-01";"One Time"
483;"Gayla Sims";"gayla.sims@gmail.com";"Lindenhurst";"NY";1;1899.0;1519.2;"2018-03-11";"2018-03-11";"One Time"
484;"Chelsey Boyd";"chelsey.boyd@yahoo.com";"Euless";"TX";1;6828.97;6332.9424;"2016-03-17";"2016-03-17";"One Time"
485;"Catherine Miles";"catherine.miles@msn.com";"East Elmhurst";"NY";1;1907.94;1635.5468;"2017-07-11";"2017-07-11";"One Time"
486;"Valeri Marshall";"valeri.marshall@hotmail.com";"East Meadow";"NY";1;6468.94;5834.1357;"2017-10-15";"2017-10-15";"One Time"
487;"Grace Madden";"grace.madden@gmail.com";"San Pablo";"CA";1;1568.97;1450.023;"2016-12-06";"2016-12-06";"One Time"
488;"Joaquin Hawkins";"joaquin.hawkins@aol.com";"Anaheim";"CA";1;7693.96;6259.265;"2018-02-07";"2018-02-07";"One Time"
489;"Kirstie Vazquez";"kirstie.vazquez@gmail.com";"Saratoga Springs";"NY";1;3059.96;2853.963;"2016-05-17";"2016-05-17";"One Time"
490;"Yu Mcdonald";"yu.mcdonald@aol.com";"Ossining";"NY";1;8349.95;6804.958;"2017-03-13";"2017-03-13";"One Time"
491;"Celestine Jacobs";"celestine.jacobs@gmail.com";"Massapequa";"NY";1;7379.95;6971.5537;"2018-02-11";"2018-02-11";"One Time"
492;"Justa Thompson";"justa.thompson@aol.com";"Corona";"NY";1;10807.95;9927.5559;"2016-09-21";"2016-09-21";"One Time"
493;"Lise Alvarado";"lise.alvarado@gmail.com";"Hamburg";"NY";1;626.98;576.7917;"2017-08-17";"2017-08-17";"One Time"
494;"Pearl Fox";"pearl.fox@yahoo.com";"Uniondale";"NY";1;1679.95;1494.9554;"2017-09-15";"2017-09-15";"One Time"
495;"Travis Goodman";"travis.goodman@yahoo.com";"Los Banos";"CA";1;2889.93;2446.941;"2017-07-18";"2017-07-18";"One Time"
496;"Shu Mays";"shu.mays@gmail.com";"Astoria";"NY";1;10070.96;8056.768;"2017-03-13";"2017-03-13";"One Time"
497;"Ezra Fowler";"ezra.fowler@hotmail.com";"Nanuet";"NY";1;3180.97;2958.3021;"2016-06-15";"2016-06-15";"One Time"
498;"Edda Young";"edda.young@gmail.com";"North Tonawanda";"NY";1;3459.96;3238.9624;"2016-03-30";"2016-03-30";"One Time"
499;"Lidia Ashley";"lidia.ashley@hotmail.com";"Baldwinsville";"NY";1;11099.94;9704.9449;"2017-01-29";"2017-01-29";"One Time"
500;"Moira Lester";"moira.lester@msn.com";"Jackson Heights";"NY";1;6572.94;6196.6444;"2017-02-21";"2017-02-21";"One Time"
501;"Tony Hicks";"tony.hicks@gmail.com";"Anaheim";"CA";1;749.99;712.4905;"2016-05-17";"2016-05-17";"One Time"
502;"Malinda Baxter";"malinda.baxter@yahoo.com";"Whitestone";"NY";1;2573.94;2312.4447;"2018-01-17";"2018-01-17";"One Time"
503;"Marlo Jefferson";"marlo.jefferson@gmail.com";"Niagara Falls";"NY";1;13939.96;13242.962;"2017-07-14";"2017-07-14";"One Time"
504;"Tiana Henderson";"tiana.henderson@aol.com";"Franklin Square";"NY";1;1288.97;1200.542;"2016-02-05";"2016-02-05";"One Time"
505;"Wilda Petersen";"wilda.petersen@aol.com";"Jamaica";"NY";1;7221.95;6813.7535;"2018-03-28";"2018-03-28";"One Time"
506;"Irving Pitts";"irving.pitts@msn.com";"Torrance";"CA";1;10246.97;8359.216;"2016-10-27";"2016-10-27";"One Time"
507;"Sheree Pena";"sheree.pena@yahoo.com";"Staten Island";"NY";1;3181.97;3022.8715;"2017-05-11";"2017-05-11";"One Time"
508;"Vance Taylor";"vance.taylor@msn.com";"Lancaster";"NY";1;749.99;697.4907;"2017-10-19";"2017-10-19";"One Time"
509;"Terra Pickett";"terra.pickett@aol.com";"Amsterdam";"NY";1;12655.95;11787.5533;"2017-11-23";"2017-11-23";"One Time"
510;"Faustino Delacruz";"faustino.delacruz@msn.com";"South Richmond Hill";"NY";1;2489.96;2346.6624;"2016-06-03";"2016-06-03";"One Time"
511;"Julienne Moody";"julienne.moody@hotmail.com";"Fort Worth";"TX";1;1479.96;1277.966;"2017-06-24";"2017-06-24";"One Time"
512;"Hee Greer";"hee.greer@hotmail.com";"Selden";"NY";1;3899.97;3509.973;"2017-01-03";"2017-01-03";"One Time"
513;"Whitney Cash";"whitney.cash@gmail.com";"Hamburg";"NY";1;539.98;458.983;"2016-10-05";"2016-10-05";"One Time"
514;"Clarita Curry";"clarita.curry@hotmail.com";"Hollis";"NY";1;269.99;242.991;"2016-05-07";"2016-05-07";"One Time"
515;"Reita Dickson";"reita.dickson@hotmail.com";"Scarsdale";"NY";1;4155.95;3766.6347;"2018-03-17";"2018-03-17";"One Time"
516;"Rosa Kinney";"rosa.kinney@yahoo.com";"Brooklyn";"NY";1;1799.96;1499.966;"2016-02-21";"2016-02-21";"One Time"
517;"Buford Gilbert";"buford.gilbert@yahoo.com";"Bellmore";"NY";1;10148.95;9044.927;"2017-09-19";"2017-09-19";"One Time"
518;"Homer Powers";"homer.powers@msn.com";"Palos Verdes Peninsula";"CA";1;3199.98;3039.981;"2018-03-15";"2018-03-15";"One Time"
519;"Rudolf Gilliam";"rudolf.gilliam@aol.com";"Palos Verdes Peninsula";"CA";1;3213.93;2747.2395;"2017-05-27";"2017-05-27";"One Time"
520;"Andreas Herman";"andreas.herman@msn.com";"Mount Vernon";"NY";1;2899.99;2754.9905;"2016-12-30";"2016-12-30";"One Time"
521;"Max Charles";"max.charles@gmail.com";"Glen Cove";"NY";1;4697.96;3998.362;"2016-02-17";"2016-02-17";"One Time"
522;"Tammera Fischer";"tammera.fischer@hotmail.com";"Oakland";"CA";1;1439.96;1196.9665;"2016-08-26";"2016-08-26";"One Time"
523;"Joshua Robertson";"joshua.robertson@gmail.com";"Patchogue";"NY";1;1599.98;1519.981;"2016-01-02";"2016-01-02";"One Time"
524;"Larraine Horn";"larraine.horn@msn.com";"Utica";"NY";1;5850.95;5017.8551;"2017-04-01";"2017-04-01";"One Time"
525;"Andreas Mayer";"andreas.mayer@hotmail.com";"New Rochelle";"NY";1;19699.92;18114.9309;"2017-06-14";"2017-06-14";"One Time"
526;"Lazaro Moran";"lazaro.moran@gmail.com";"Sugar Land";"TX";1;5060.93;4422.94;"2016-02-09";"2016-02-09";"One Time"
527;"Afton Juarez";"afton.juarez@gmail.com";"Coram";"NY";1;4567.97;4279.5725;"2016-08-14";"2016-08-14";"One Time"
528;"Angele Schroeder";"angele.schroeder@yahoo.com";"New City";"NY";1;939.98;845.982;"2016-07-23";"2016-07-23";"One Time"
529;"Ellena Clements";"ellena.clements@aol.com";"Santa Monica";"CA";1;8327.95;7568.0544;"2016-02-17";"2016-02-17";"One Time"
530;"Selene Austin";"selene.austin@msn.com";"Duarte";"CA";1;6091.94;5382.0464;"2017-02-02";"2017-02-02";"One Time"
531;"Kimberely Bowen";"kimberely.bowen@hotmail.com";"Troy";"NY";1;16123.94;15087.2644;"2017-03-06";"2017-03-06";"One Time"
532;"Mia Delgado";"mia.delgado@yahoo.com";"Coachella";"CA";1;659.98;527.984;"2017-01-03";"2017-01-03";"One Time"
533;"Garret Clay";"garret.clay@yahoo.com";"Corpus Christi";"TX";1;3541.97;3346.0319;"2017-12-14";"2017-12-14";"One Time"
534;"Alejandro Haney";"alejandro.haney@msn.com";"Wantagh";"NY";1;18129.95;16846.954;"2017-10-05";"2017-10-05";"One Time"
535;"Inge Olsen";"inge.olsen@msn.com";"Long Beach";"NY";1;2199.97;1759.976;"2016-02-04";"2016-02-04";"One Time"
536;"Christiane Bradford";"christiane.bradford@gmail.com";"Orchard Park";"NY";1;8939.92;8376.9244;"2016-08-17";"2016-08-17";"One Time"
537;"Carter Bentley";"carter.bentley@yahoo.com";"Carmel";"NY";1;4629.92;4318.0054;"2017-06-13";"2017-06-13";"One Time"
538;"Sherie Ayala";"sherie.ayala@msn.com";"South El Monte";"CA";1;7546.96;7042.6724;"2016-12-08";"2016-12-08";"One Time"
539;"Jamika Acevedo";"jamika.acevedo@yahoo.com";"Ozone Park";"NY";1;299.99;269.991;"2017-08-06";"2017-08-06";"One Time"
540;"Shery Randolph";"shery.randolph@hotmail.com";"Ontario";"CA";1;7939.96;7251.9655;"2016-06-11";"2016-06-11";"One Time"
541;"Lanita Burton";"lanita.burton@msn.com";"Coachella";"CA";1;12769.92;11406.4285;"2016-01-14";"2016-01-14";"One Time"
542;"Timothy Byers";"timothy.byers@msn.com";"Ronkonkoma";"NY";1;2870.96;2501.764;"2016-08-27";"2016-08-27";"One Time"
543;"Jasmin Young";"jasmin.young@gmail.com";"Helotes";"TX";1;10899.96;10336.9624;"2017-02-06";"2017-02-06";"One Time"
544;"Catarina Mendez";"catarina.mendez@hotmail.com";"West Islip";"NY";1;10919.96;9908.4642;"2017-11-03";"2017-11-03";"One Time"
545;"Tajuana Rollins";"tajuana.rollins@msn.com";"Oswego";"NY";1;8981.97;7782.873;"2017-11-17";"2017-11-17";"One Time"
546;"Thad Castro";"thad.castro@msn.com";"Brentwood";"NY";1;2679.94;2197.95;"2016-06-19";"2016-06-19";"One Time"
547;"Tena Huber";"tena.huber@gmail.com";"Newburgh";"NY";1;11789.94;11183.0434;"2018-02-14";"2018-02-14";"One Time"
548;"Dori Alvarez";"dori.alvarez@msn.com";"Kingston";"NY";1;2282.96;1949.6365;"2017-10-08";"2017-10-08";"One Time"
549;"Elmo Arnold";"elmo.arnold@aol.com";"Long Beach";"NY";1;599.99;557.9907;"2016-09-30";"2016-09-30";"One Time"
550;"Felicidad Golden";"felicidad.golden@yahoo.com";"Lockport";"NY";1;11899.95;10794.3537;"2017-01-06";"2017-01-06";"One Time"
551;"Jenine Crane";"jenine.crane@msn.com";"Fort Worth";"TX";1;718.99;642.542;"2016-08-03";"2016-08-03";"One Time"
552;"Lea Key";"lea.key@yahoo.com";"Banning";"CA";1;2879.95;2449.7546;"2016-01-12";"2016-01-12";"One Time"
553;"Rory Cooper";"rory.cooper@gmail.com";"Rocklin";"CA";1;2578.99;2197.892;"2016-10-01";"2016-10-01";"One Time"
554;"Hilde Nieves";"hilde.nieves@gmail.com";"Campbell";"CA";1;4913.91;4459.2184;"2017-09-23";"2017-09-23";"One Time"
555;"Marry Benjamin";"marry.benjamin@yahoo.com";"Forney";"TX";1;5076.97;4654.953;"2016-09-28";"2016-09-28";"One Time"
556;"Vernell Goff";"vernell.goff@msn.com";"Monroe";"NY";1;2037.96;1902.5629;"2017-06-30";"2017-06-30";"One Time"
557;"Erlene Cook";"erlene.cook@gmail.com";"Mount Vernon";"NY";1;449.0;359.2;"2016-03-25";"2016-03-25";"One Time"
558;"Carroll Kelly";"carroll.kelly@yahoo.com";"Monroe";"NY";1;539.98;431.984;"2016-04-28";"2016-04-28";"One Time"
559;"Basilia Thornton";"basilia.thornton@hotmail.com";"Brentwood";"NY";1;10901.92;9408.7878;"2016-10-01";"2016-10-01";"One Time"
560;"Tricia Daniels";"tricia.daniels@gmail.com";"Forney";"TX";1;3818.96;3502.4932;"2016-12-19";"2016-12-19";"One Time"
561;"Kandace Hughes";"kandace.hughes@hotmail.com";"San Lorenzo";"CA";1;1059.98;953.982;"2016-12-26";"2016-12-26";"One Time"
562;"Alejandro Norman";"alejandro.norman@yahoo.com";"Upland";"CA";1;2641.98;2509.881;"2017-02-06";"2017-02-06";"One Time"
563;"Rodney Odom";"rodney.odom@yahoo.com";"Richmond Hill";"NY";1;1877.98;1703.6815;"2016-02-05";"2016-02-05";"One Time"
564;"Bettie Pierce";"bettie.pierce@gmail.com";"Farmingdale";"NY";1;9039.94;8392.9437;"2017-03-09";"2017-03-09";"One Time"
565;"Dagny Owen";"dagny.owen@hotmail.com";"San Angelo";"TX";1;5997.99;5578.1307;"2016-07-14";"2016-07-14";"One Time"
566;"Cinthia Poole";"cinthia.poole@aol.com";"Lake Jackson";"TX";1;5319.95;4458.955;"2018-03-03";"2018-03-03";"One Time"
567;"Sheila Travis";"sheila.travis@yahoo.com";"Longview";"TX";1;5999.96;5579.9628;"2018-01-01";"2018-01-01";"One Time"
568;"Arcelia Vinson";"arcelia.vinson@gmail.com";"West Islip";"NY";1;8099.93;6479.944;"2016-07-19";"2016-07-19";"One Time"
569;"Lucas Estes";"lucas.estes@yahoo.com";"Santa Monica";"CA";1;8030.94;7105.7751;"2016-10-25";"2016-10-25";"One Time"
570;"Marissa Summers";"marissa.summers@msn.com";"Saint Albans";"NY";1;1673.96;1556.7828;"2017-06-19";"2017-06-19";"One Time"
571;"Kaley Blanchard";"kaley.blanchard@msn.com";"Palos Verdes Peninsula";"CA";1;7179.92;6578.9291;"2017-11-09";"2017-11-09";"One Time"
572;"Wm Pope";"wm.pope@msn.com";"Auburn";"NY";1;979.98;930.981;"2017-03-08";"2017-03-08";"One Time"
573;"Rubye Mccall";"rubye.mccall@hotmail.com";"Troy";"NY";1;1367.99;1229.092;"2016-06-30";"2016-06-30";"One Time"
574;"Adriene Rivera";"adriene.rivera@hotmail.com";"Encino";"CA";1;6849.96;6462.4635;"2016-04-08";"2016-04-08";"One Time"
575;"Laurence Christian";"laurence.christian@gmail.com";"Jamaica";"NY";1;2420.97;2222.8722;"2016-09-21";"2016-09-21";"One Time"
576;"Shirely Stanley";"shirely.stanley@gmail.com";"El Paso";"TX";1;11299.96;10574.9624;"2016-08-22";"2016-08-22";"One Time"
577;"Danille Mcfarland";"danille.mcfarland@msn.com";"Rocklin";"CA";1;6418.94;5909.6148;"2016-03-12";"2016-03-12";"One Time"
578;"Salena Day";"salena.day@msn.com";"San Lorenzo";"CA";1;10189.93;8342.939;"2016-08-31";"2016-08-31";"One Time"
579;"Matilda Larson";"matilda.larson@hotmail.com";"Harlingen";"TX";1;6749.97;6397.4717;"2016-06-08";"2016-06-08";"One Time"
580;"Mellisa Kim";"mellisa.kim@aol.com";"Los Angeles";"CA";1;3199.99;2975.9907;"2018-01-11";"2018-01-11";"One Time"
581;"Vonda Berger";"vonda.berger@yahoo.com";"Santa Clara";"CA";1;8718.93;7824.0401;"2016-11-30";"2016-11-30";"One Time"
582;"Soledad Moses";"soledad.moses@yahoo.com";"Jackson Heights";"NY";1;3433.95;3168.5541;"2017-07-30";"2017-07-30";"One Time"
583;"Lashandra Turner";"lashandra.turner@hotmail.com";"Long Beach";"NY";1;12447.95;11578.6544;"2016-01-25";"2016-01-25";"One Time"
584;"Lynne Anderson";"lynne.anderson@msn.com";"El Paso";"TX";1;2267.96;2090.6642;"2016-08-01";"2016-08-01";"One Time"
585;"Chasidy Webster";"chasidy.webster@msn.com";"Rocklin";"CA";1;1199.98;959.984;"2017-06-12";"2017-06-12";"One Time"
586;"Ulysses Gaines";"ulysses.gaines@aol.com";"Monsey";"NY";1;429.0;386.1;"2016-10-17";"2016-10-17";"One Time"
587;"Euna Lopez";"euna.lopez@gmail.com";"Carmel";"NY";1;9529.96;8763.9644;"2016-02-14";"2016-02-14";"One Time"
588;"Cherelle Key";"cherelle.key@msn.com";"Valley Stream";"NY";1;1139.96;1052.963;"2017-07-26";"2017-07-26";"One Time"
589;"Jeffry Church";"jeffry.church@msn.com";"Pleasanton";"CA";1;1680.99;1512.891;"2017-08-27";"2017-08-27";"One Time"
590;"Cyndi Dyer";"cyndi.dyer@msn.com";"Baldwin";"NY";1;1769.97;1655.0719;"2017-07-12";"2017-07-12";"One Time"
591;"Danilo Holmes";"danilo.holmes@gmail.com";"Hicksville";"NY";1;1797.98;1646.3814;"2016-05-04";"2016-05-04";"One Time"
592;"Joni Lee";"joni.lee@gmail.com";"Centereach";"NY";1;469.99;422.991;"2017-03-15";"2017-03-15";"One Time"
593;"Antony Atkinson";"antony.atkinson@msn.com";"Smithtown";"NY";1;219.98;208.981;"2017-10-24";"2017-10-24";"One Time"
594;"Deanne Parsons";"deanne.parsons@aol.com";"Lindenhurst";"NY";1;11853.93;9942.14;"2018-01-13";"2018-01-13";"One Time"
595;"Frederica Rojas";"frederica.rojas@yahoo.com";"Ithaca";"NY";1;14419.93;13191.9384;"2018-03-14";"2018-03-14";"One Time"
596;"Emelda Dickerson";"emelda.dickerson@aol.com";"Hamburg";"NY";1;1618.98;1422.4825;"2017-08-17";"2017-08-17";"One Time"
597;"Rudolf Moran";"rudolf.moran@gmail.com";"Maspeth";"NY";1;4509.93;4017.4401;"2017-04-18";"2017-04-18";"One Time"
598;"Benito Hendrix";"benito.hendrix@gmail.com";"Depew";"NY";1;10693.96;9645.3834;"2017-09-13";"2017-09-13";"One Time"
599;"Jonell Rivas";"jonell.rivas@msn.com";"Amarillo";"TX";1;4043.95;3535.2759;"2018-03-05";"2018-03-05";"One Time"
600;"Joi Reeves";"joi.reeves@msn.com";"San Diego";"CA";1;4288.95;4038.5027;"2016-05-03";"2016-05-03";"One Time"
601;"Leland Mcdowell";"leland.mcdowell@gmail.com";"Encino";"CA";1;419.98;377.982;"2018-03-20";"2018-03-20";"One Time"
602;"Delaine Estes";"delaine.estes@yahoo.com";"Amarillo";"TX";1;999.98;799.984;"2017-08-17";"2017-08-17";"One Time"
603;"Genevieve Juarez";"genevieve.juarez@gmail.com";"New Hyde Park";"NY";1;5637.96;4890.3654;"2016-08-31";"2016-08-31";"One Time"
604;"Kylee Dickson";"kylee.dickson@gmail.com";"Amityville";"NY";1;949.98;837.9827;"2017-12-27";"2017-12-27";"One Time"
605;"Renita Henry";"renita.henry@msn.com";"New Rochelle";"NY";1;6098.97;5442.074;"2017-05-20";"2017-05-20";"One Time"
606;"Sarah Kirkland";"sarah.kirkland@aol.com";"Wappingers Falls";"NY";1;5319.96;4387.966;"2017-02-05";"2017-02-05";"One Time"
607;"Paul Lester";"paul.lester@gmail.com";"Vista";"CA";1;19081.91;17580.7168;"2017-03-27";"2017-03-27";"One Time"
608;"Taisha Vang";"taisha.vang@yahoo.com";"Shirley";"NY";1;539.98;502.1814;"2016-01-31";"2016-01-31";"One Time"
609;"Eliana Reese";"eliana.reese@hotmail.com";"Woodhaven";"NY";1;12450.94;11035.848;"2017-05-23";"2017-05-23";"One Time"
610;"Leonore Dorsey";"leonore.dorsey@yahoo.com";"Jackson Heights";"NY";1;9167.97;8696.072;"2016-04-07";"2016-04-07";"One Time"
611;"Ashleigh Frank";"ashleigh.frank@gmail.com";"Levittown";"NY";1;5799.98;5219.982;"2017-06-17";"2017-06-17";"One Time"
612;"Gabriel Wagner";"gabriel.wagner@msn.com";"Ballston Spa";"NY";1;4569.92;4196.0278;"2016-02-12";"2016-02-12";"One Time"
613;"Margene Eaton";"margene.eaton@yahoo.com";"Wantagh";"NY";1;539.98;502.1814;"2016-10-21";"2016-10-21";"One Time"
614;"Toshia Cardenas";"toshia.cardenas@gmail.com";"Amsterdam";"NY";1;4919.96;3935.968;"2017-01-29";"2017-01-29";"One Time"
615;"Jamika Blanchard";"jamika.blanchard@gmail.com";"Fresh Meadows";"NY";1;5769.93;4911.4379;"2016-05-17";"2016-05-17";"One Time"
616;"Shery Acosta";"shery.acosta@yahoo.com";"Saratoga Springs";"NY";1;3888.93;3372.138;"2016-04-17";"2016-04-17";"One Time"
617;"Jenna Saunders";"jenna.saunders@aol.com";"Yorktown Heights";"NY";1;1067.98;993.2214;"2017-09-25";"2017-09-25";"One Time"
618;"Skye Pope";"skye.pope@yahoo.com";"Richmond Hill";"NY";1;3799.91;3159.926;"2017-06-15";"2017-06-15";"One Time"
619;"Ana Palmer";"ana.palmer@yahoo.com";"Anaheim";"CA";1;4709.93;4100.4359;"2017-03-26";"2017-03-26";"One Time"
620;"Eric Hardin";"eric.hardin@gmail.com";"Jamaica";"NY";1;2289.98;2065.9827;"2017-07-18";"2017-07-18";"One Time"
621;"Basil Ballard";"basil.ballard@yahoo.com";"San Lorenzo";"CA";1;1749.96;1553.965;"2017-07-11";"2017-07-11";"One Time"
622;"Gabriel Pitts";"gabriel.pitts@gmail.com";"Clifton Park";"NY";1;539.98;512.981;"2016-07-24";"2016-07-24";"One Time"
623;"Cayla Johnson";"cayla.johnson@msn.com";"Coram";"NY";1;1319.98;1253.981;"2018-03-25";"2018-03-25";"One Time"
624;"Sharika Colon";"sharika.colon@gmail.com";"Long Beach";"NY";1;4997.97;4271.1134;"2016-12-09";"2016-12-09";"One Time"
625;"Donnetta Henson";"donnetta.henson@hotmail.com";"Webster";"NY";1;4199.94;3860.1454;"2017-02-16";"2017-02-16";"One Time"
626;"Leigh Burke";"leigh.burke@hotmail.com";"Schenectady";"NY";1;7539.96;7022.9624;"2017-01-18";"2017-01-18";"One Time"
627;"Deloris Larson";"deloris.larson@aol.com";"Duarte";"CA";1;12981.93;11479.5394;"2016-07-12";"2016-07-12";"One Time"
628;"Ehtel Cobb";"ehtel.cobb@hotmail.com";"Lockport";"NY";1;3499.96;3105.9644;"2017-05-31";"2017-05-31";"One Time"
629;"Evelina Byrd";"evelina.byrd@msn.com";"Buffalo";"NY";1;1970.94;1754.146;"2017-04-02";"2017-04-02";"One Time"
630;"Zulema Browning";"zulema.browning@gmail.com";"Amsterdam";"NY";1;1369.97;1265.9724;"2016-03-07";"2016-03-07";"One Time"
631;"Tressa Weiss";"tressa.weiss@msn.com";"Ossining";"NY";1;7299.97;6749.9734;"2017-06-07";"2017-06-07";"One Time"
632;"Yvette Rogers";"yvette.rogers@aol.com";"Franklin Square";"NY";1;3248.96;2599.168;"2016-06-06";"2016-06-06";"One Time"
633;"Kiara Deleon";"kiara.deleon@gmail.com";"Anaheim";"CA";1;988.98;845.182;"2016-03-06";"2016-03-06";"One Time"
634;"Taylor Cole";"taylor.cole@gmail.com";"Carmel";"NY";1;1568.97;1364.944;"2016-12-16";"2016-12-16";"One Time"
635;"Myrtie James";"myrtie.james@yahoo.com";"Merrick";"NY";1;1639.96;1502.963;"2016-05-04";"2016-05-04";"One Time"
636;"Ashton Lott";"ashton.lott@hotmail.com";"Floral Park";"NY";1;2897.98;2635.122;"2016-01-18";"2016-01-18";"One Time"
637;"Kara Higgins";"kara.higgins@aol.com";"Ossining";"NY";1;8789.94;8127.9469;"2018-01-15";"2018-01-15";"One Time"
638;"Tomeka Higgins";"tomeka.higgins@msn.com";"Poughkeepsie";"NY";1;1969.96;1832.0628;"2016-06-21";"2016-06-21";"One Time"
639;"Ronald Parsons";"ronald.parsons@msn.com";"Maspeth";"NY";1;2698.98;2420.553;"2016-10-23";"2016-10-23";"One Time"
640;"Allison Nolan";"allison.nolan@gmail.com";"New City";"NY";1;6708.92;5809.4774;"2016-05-01";"2016-05-01";"One Time"
641;"Derrick Marks";"derrick.marks@yahoo.com";"Glendora";"CA";1;4318.97;3563.0245;"2016-09-30";"2016-09-30";"One Time"
642;"Yang Roth";"yang.roth@aol.com";"Webster";"NY";1;858.0;772.2;"2016-07-24";"2016-07-24";"One Time"
643;"Melba Wilkinson";"melba.wilkinson@gmail.com";"Floral Park";"NY";1;6061.94;5224.5464;"2016-04-15";"2016-04-15";"One Time"
644;"Valentin Mclaughlin";"valentin.mclaughlin@hotmail.com";"Lindenhurst";"NY";1;4409.91;4001.9184;"2017-04-25";"2017-04-25";"One Time"
645;"Lewis Garner";"lewis.garner@gmail.com";"Brentwood";"NY";1;4062.95;3818.293;"2017-07-12";"2017-07-12";"One Time"
646;"Ann Heath";"ann.heath@msn.com";"South El Monte";"CA";1;7481.92;6468.2263;"2017-03-06";"2017-03-06";"One Time"
647;"Janelle Maldonado";"janelle.maldonado@gmail.com";"Richmond Hill";"NY";1;1581.94;1353.748;"2017-10-15";"2017-10-15";"One Time"
648;"Catrice Hicks";"catrice.hicks@yahoo.com";"San Pablo";"CA";1;3780.94;3475.8443;"2016-02-25";"2016-02-25";"One Time"
649;"Eli Contreras";"eli.contreras@hotmail.com";"Ronkonkoma";"NY";1;9009.95;8550.0527;"2016-05-24";"2016-05-24";"One Time"
650;"Rita Bailey";"rita.bailey@hotmail.com";"Ossining";"NY";1;2966.96;2701.1742;"2017-06-18";"2017-06-18";"One Time"
651;"Laure Pena";"laure.pena@yahoo.com";"Wappingers Falls";"NY";1;19022.94;16890.1469;"2017-05-15";"2017-05-15";"One Time"
652;"Tilda Melton";"tilda.melton@msn.com";"Troy";"NY";1;1143.97;1063.8921;"2017-10-02";"2017-10-02";"One Time"
653;"Florencio Davenport";"florencio.davenport@yahoo.com";"Jamestown";"NY";1;3359.95;3191.9525;"2017-03-23";"2017-03-23";"One Time"
654;"Eun Harris";"eun.harris@gmail.com";"San Diego";"CA";1;718.99;660.5905;"2016-12-18";"2016-12-18";"One Time"
655;"Marylyn Browning";"marylyn.browning@msn.com";"Scarsdale";"NY";1;718.99;655.1907;"2017-08-15";"2017-08-15";"One Time"
656;"Romana Barnes";"romana.barnes@yahoo.com";"Floral Park";"NY";1;1349.97;1094.975;"2017-05-31";"2017-05-31";"One Time"
657;"Sam Lester";"sam.lester@gmail.com";"Baldwin";"NY";1;4507.95;3633.359;"2016-01-18";"2016-01-18";"One Time"
658;"Nicki Larson";"nicki.larson@yahoo.com";"Monsey";"NY";1;599.98;557.9814;"2017-06-16";"2017-06-16";"One Time"
659;"Antonetta Rocha";"antonetta.rocha@yahoo.com";"Port Chester";"NY";1;898.0;853.1;"2016-07-24";"2016-07-24";"One Time"
660;"Shara Pope";"shara.pope@msn.com";"Ridgecrest";"CA";1;6709.96;5959.0657;"2017-02-10";"2017-02-10";"One Time"
661;"Trena Hudson";"trena.hudson@hotmail.com";"Monroe";"NY";1;9849.94;9287.9439;"2017-05-04";"2017-05-04";"One Time"
662;"Loraine Sykes";"loraine.sykes@yahoo.com";"Scarsdale";"NY";1;4689.92;3960.4315;"2017-04-17";"2017-04-17";"One Time"
663;"Alissa Hood";"alissa.hood@gmail.com";"New Windsor";"NY";1;16333.95;14567.157;"2017-09-17";"2017-09-17";"One Time"
664;"Augustus Schmidt";"augustus.schmidt@msn.com";"Corona";"NY";1;1590.98;1272.784;"2016-10-23";"2016-10-23";"One Time"
665;"Stacie Sims";"stacie.sims@hotmail.com";"Oakland";"CA";1;7681.94;7040.8464;"2017-11-06";"2017-11-06";"One Time"
666;"Brittni Green";"brittni.green@msn.com";"Floral Park";"NY";1;9719.96;8570.9665;"2017-04-07";"2017-04-07";"One Time"
667;"Etsuko Garrison";"etsuko.garrison@yahoo.com";"Richmond Hill";"NY";1;3339.94;2827.9494;"2016-09-18";"2016-09-18";"One Time"
668;"Calandra Stanton";"calandra.stanton@aol.com";"Lake Jackson";"TX";1;2260.97;2100.9225;"2016-02-21";"2016-02-21";"One Time"
669;"Willis Randolph";"willis.randolph@yahoo.com";"Harlingen";"TX";1;3137.94;2899.4846;"2017-10-27";"2017-10-27";"One Time"
670;"Shawnda Glover";"shawnda.glover@gmail.com";"Liverpool";"NY";1;4177.95;3586.707;"2016-07-17";"2016-07-17";"One Time"
671;"Jennette Baker";"jennette.baker@gmail.com";"Banning";"CA";1;729.97;583.976;"2017-03-11";"2017-03-11";"One Time"
672;"Elma Molina";"elma.molina@msn.com";"New Rochelle";"NY";1;7564.93;7111.0354;"2017-02-15";"2017-02-15";"One Time"
673;"Adam Henderson";"adam.henderson@hotmail.com";"Los Banos";"CA";1;4519.97;3695.4745;"2017-01-07";"2017-01-07";"One Time"
674;"Ira Moore";"ira.moore@gmail.com";"Saratoga Springs";"NY";1;1619.97;1402.774;"2017-04-09";"2017-04-09";"One Time"
675;"Kermit Bowman";"kermit.bowman@gmail.com";"El Paso";"TX";1;8083.91;7253.6195;"2017-08-22";"2017-08-22";"One Time"
676;"Gayle Wilkinson";"gayle.wilkinson@yahoo.com";"Lindenhurst";"NY";1;539.98;512.981;"2016-10-28";"2016-10-28";"One Time"
677;"Launa Hull";"launa.hull@yahoo.com";"Helotes";"TX";1;269.99;242.991;"2016-03-06";"2016-03-06";"One Time"
678;"Myron Johns";"myron.johns@msn.com";"Whitestone";"NY";1;1799.99;1673.9907;"2016-12-24";"2016-12-24";"One Time"
679;"Tuan Wolfe";"tuan.wolfe@aol.com";"West Babylon";"NY";1;3295.98;3038.3214;"2016-03-20";"2016-03-20";"One Time"
680;"Mathilda Pennington";"mathilda.pennington@gmail.com";"New City";"NY";1;2259.96;1987.966;"2018-02-05";"2018-02-05";"One Time"
681;"Reatha Perez";"reatha.perez@aol.com";"Holbrook";"NY";1;15052.93;13130.8288;"2017-01-20";"2017-01-20";"One Time"
682;"Arnita Thomas";"arnita.thomas@gmail.com";"Orchard Park";"NY";1;5999.98;4799.984;"2016-06-10";"2016-06-10";"One Time"
683;"Amparo Burks";"amparo.burks@aol.com";"Merrick";"NY";1;1099.98;879.984;"2016-12-09";"2016-12-09";"One Time"
684;"Jenny Bell";"jenny.bell@hotmail.com";"Niagara Falls";"NY";1;549.99;511.4907;"2017-01-09";"2017-01-09";"One Time"
685;"Laverne Craft";"laverne.craft@aol.com";"Forest Hills";"NY";1;429.0;386.1;"2016-03-16";"2016-03-16";"One Time"
686;"Darcel Harmon";"darcel.harmon@msn.com";"Santa Clara";"CA";1;4029.96;3816.4624;"2016-10-04";"2016-10-04";"One Time"
687;"Cecilia Camacho";"cecilia.camacho@yahoo.com";"Desoto";"TX";1;8638.92;7971.2261;"2017-06-26";"2017-06-26";"One Time"
688;"Pearlie Cochran";"pearlie.cochran@msn.com";"Campbell";"CA";1;3599.98;3347.9814;"2016-12-03";"2016-12-03";"One Time"
689;"Deirdre Ryan";"deirdre.ryan@yahoo.com";"Utica";"NY";1;7299.97;6803.9719;"2018-01-25";"2018-01-25";"One Time"
690;"Yevette Elliott";"yevette.elliott@aol.com";"Jackson Heights";"NY";1;13362.93;12104.786;"2017-03-12";"2017-03-12";"One Time"
691;"Ladawn Downs";"ladawn.downs@yahoo.com";"Houston";"TX";1;4786.97;4067.664;"2016-09-25";"2016-09-25";"One Time"
692;"Dorothea Chang";"dorothea.chang@gmail.com";"Astoria";"NY";1;14548.98;13821.531;"2018-03-23";"2018-03-23";"One Time"
693;"Merlin Foreman";"merlin.foreman@msn.com";"Hempstead";"NY";1;469.99;375.992;"2016-03-26";"2016-03-26";"One Time"
694;"Lanie Dunn";"lanie.dunn@gmail.com";"North Tonawanda";"NY";1;3843.96;3531.3039;"2017-02-27";"2017-02-27";"One Time"
695;"Christoper Gould";"christoper.gould@aol.com";"Shirley";"NY";1;1059.98;1006.981;"2016-07-09";"2016-07-09";"One Time"
696;"Norine Huffman";"norine.huffman@aol.com";"Encino";"CA";1;7548.98;6240.554;"2016-01-14";"2016-01-14";"One Time"
697;"Alane Mccarty";"alane.mccarty@hotmail.com";"San Diego";"CA";1;809.97;728.973;"2016-09-30";"2016-09-30";"One Time"
698;"Charleen Joyner";"charleen.joyner@aol.com";"Corona";"NY";1;1787.95;1585.156;"2017-03-01";"2017-03-01";"One Time"
699;"Zella Fernandez";"zella.fernandez@yahoo.com";"Rockville Centre";"NY";1;1519.96;1422.963;"2017-05-27";"2017-05-27";"One Time"
700;"Collene Knox";"collene.knox@msn.com";"Corpus Christi";"TX";1;13501.96;12541.7634;"2017-03-18";"2017-03-18";"One Time"
701;"Alysia Nicholson";"alysia.nicholson@hotmail.com";"Oxnard";"CA";1;5499.95;5126.9531;"2017-03-09";"2017-03-09";"One Time"
702;"Sharie Whitaker";"sharie.whitaker@hotmail.com";"Merrick";"NY";1;7959.93;6762.1399;"2017-11-04";"2017-11-04";"One Time"
703;"Diana Cobb";"diana.cobb@hotmail.com";"Fullerton";"CA";1;429.0;398.97;"2016-10-06";"2016-10-06";"One Time"
704;"Morton Barron";"morton.barron@msn.com";"Bakersfield";"CA";1;1079.98;988.4817;"2016-09-18";"2016-09-18";"One Time"
705;"Camille Harvey";"camille.harvey@hotmail.com";"Huntington";"NY";1;4018.97;3463.545;"2016-07-07";"2016-07-07";"One Time"
706;"Lolita O'neill";"lolita.o'neill@aol.com";"Massapequa Park";"NY";1;2829.94;2452.948;"2017-07-04";"2017-07-04";"One Time"
707;"Terese Briggs";"terese.briggs@msn.com";"Woodside";"NY";1;1699.97;1559.9725;"2016-11-23";"2016-11-23";"One Time"
708;"Majorie Glover";"majorie.glover@msn.com";"Apple Valley";"CA";1;1999.98;1899.981;"2017-09-29";"2017-09-29";"One Time"
709;"Vinnie Chan";"vinnie.chan@aol.com";"Forest Hills";"NY";1;3599.97;3359.9717;"2016-10-06";"2016-10-06";"One Time"
710;"Ezra Silva";"ezra.silva@msn.com";"New Windsor";"NY";1;1897.99;1765.1307;"2016-03-23";"2016-03-23";"One Time"
711;"Jovita Bishop";"jovita.bishop@aol.com";"Staten Island";"NY";1;4847.96;4436.6034;"2016-12-13";"2016-12-13";"One Time"
712;"Kecia Olsen";"kecia.olsen@msn.com";"Santa Cruz";"CA";1;3269.98;3065.9825;"2016-10-10";"2016-10-10";"One Time"
713;"Ilona Spears";"ilona.spears@gmail.com";"Port Jefferson Station";"NY";1;10126.94;8712.8466;"2017-12-22";"2017-12-22";"One Time"
714;"Senaida Thompson";"senaida.thompson@msn.com";"Bronx";"NY";1;269.99;256.4905;"2016-03-28";"2016-03-28";"One Time"
715;"Larae Carney";"larae.carney@msn.com";"Sunnyside";"NY";1;10880.92;10187.9451;"2017-04-17";"2017-04-17";"One Time"
716;"Sebrina Hart";"sebrina.hart@yahoo.com";"Coram";"NY";1;3976.0;3591.27;"2016-05-11";"2016-05-11";"One Time"
717;"Kristofer Craig";"kristofer.craig@yahoo.com";"Plainview";"NY";1;7099.96;6659.9627;"2016-09-02";"2016-09-02";"One Time"
718;"Luciana Mcgee";"luciana.mcgee@msn.com";"Selden";"NY";1;209.99;167.992;"2017-05-28";"2017-05-28";"One Time"
719;"Nicki Fry";"nicki.fry@hotmail.com";"Endicott";"NY";1;1059.98;1006.981;"2016-12-06";"2016-12-06";"One Time"
720;"Devin Shaffer";"devin.shaffer@gmail.com";"Rochester";"NY";1;1491.97;1389.772;"2017-09-30";"2017-09-30";"One Time"
721;"Erlinda Osborne";"erlinda.osborne@yahoo.com";"West Islip";"NY";1;599.99;479.992;"2016-10-14";"2016-10-14";"One Time"
722;"Camila Carroll";"camila.carroll@yahoo.com";"San Antonio";"TX";1;3481.92;3292.0046;"2017-06-17";"2017-06-17";"One Time"
723;"Vicki Wiggins";"vicki.wiggins@hotmail.com";"Wappingers Falls";"NY";1;6639.94;6074.0482;"2017-07-07";"2017-07-07";"One Time"
724;"Lois Steele";"lois.steele@yahoo.com";"Ossining";"NY";1;6609.95;6152.6533;"2016-10-23";"2016-10-23";"One Time"
725;"Carola Mcpherson";"carola.mcpherson@hotmail.com";"Rego Park";"NY";1;416.99;396.1405;"2017-04-05";"2017-04-05";"One Time"
726;"Rochell Cantrell";"rochell.cantrell@yahoo.com";"Port Jefferson Station";"NY";1;8129.95;7176.2149;"2016-09-13";"2016-09-13";"One Time"
727;"Kasha Sullivan";"kasha.sullivan@hotmail.com";"Scarsdale";"NY";1;9700.93;7855.2405;"2016-04-28";"2016-04-28";"One Time"
728;"Viva Dawson";"viva.dawson@yahoo.com";"Orchard Park";"NY";1;9047.94;7918.8446;"2016-04-27";"2016-04-27";"One Time"
729;"Hue Dalton";"hue.dalton@hotmail.com";"Apple Valley";"CA";1;999.99;799.992;"2017-01-11";"2017-01-11";"One Time"
730;"Andria Rivers";"andria.rivers@aol.com";"Amarillo";"TX";1;4611.92;4327.0254;"2017-10-26";"2017-10-26";"One Time"
731;"Hilary Savage";"hilary.savage@yahoo.com";"Oxnard";"CA";1;1739.98;1652.981;"2017-03-05";"2017-03-05";"One Time"
732;"Lavona Austin";"lavona.austin@yahoo.com";"Utica";"NY";1;9718.95;8975.157;"2016-07-01";"2016-07-01";"One Time"
733;"Doreatha Ford";"doreatha.ford@yahoo.com";"Huntington";"NY";1;1199.98;959.984;"2017-01-27";"2017-01-27";"One Time"
734;"Alina Mcleod";"alina.mcleod@msn.com";"Patchogue";"NY";1;14319.92;13287.5262;"2017-11-27";"2017-11-27";"One Time"
735;"Aide Franco";"aide.franco@msn.com";"Atwater";"CA";1;2763.96;2605.2824;"2017-09-03";"2017-09-03";"One Time"
736;"Genny Hensley";"genny.hensley@yahoo.com";"Redondo Beach";"CA";1;4841.95;4507.6134;"2017-06-12";"2017-06-12";"One Time"
737;"Melita Dominguez";"melita.dominguez@msn.com";"Auburn";"NY";1;3079.94;2748.7464;"2016-05-21";"2016-05-21";"One Time"
738;"Fannie Jenkins";"fannie.jenkins@msn.com";"Oxnard";"CA";1;10497.95;9532.3529;"2018-03-26";"2018-03-26";"One Time"
739;"Bobbi Banks";"bobbi.banks@yahoo.com";"Bayside";"NY";1;5161.97;4746.6324;"2016-11-11";"2016-11-11";"One Time"
740;"Gwenn Melton";"gwenn.melton@yahoo.com";"Centereach";"NY";1;1858.96;1644.5165;"2016-03-10";"2016-03-10";"One Time"
741;"Laci Castro";"laci.castro@hotmail.com";"Saint Albans";"NY";1;1499.98;1349.982;"2017-01-29";"2017-01-29";"One Time"
742;"Evelina Manning";"evelina.manning@aol.com";"Mount Vernon";"NY";1;5441.95;4617.758;"2016-05-19";"2016-05-19";"One Time"
743;"Tania Swanson";"tania.swanson@yahoo.com";"Longview";"TX";1;1099.98;954.9825;"2016-05-04";"2016-05-04";"One Time"
744;"Laurel Schultz";"laurel.schultz@hotmail.com";"Mount Vernon";"NY";1;6559.95;5923.9551;"2018-03-14";"2018-03-14";"One Time"
745;"Carolyne Conley";"carolyne.conley@gmail.com";"Floral Park";"NY";1;1819.97;1692.5721;"2017-01-23";"2017-01-23";"One Time"
746;"Eldridge Greer";"eldridge.greer@aol.com";"Central Islip";"NY";1;429.0;386.1;"2016-01-29";"2016-01-29";"One Time"
747;"Margret Barnett";"margret.barnett@gmail.com";"Forney";"TX";1;14225.95;11831.3359;"2017-09-01";"2017-09-01";"One Time"
748;"Oliva Blackwell";"oliva.blackwell@hotmail.com";"Elmhurst";"NY";1;6889.94;6382.9455;"2017-07-19";"2017-07-19";"One Time"
749;"Oralia Farley";"oralia.farley@hotmail.com";"Upland";"CA";1;6301.95;5893.555;"2017-09-10";"2017-09-10";"One Time"
750;"Romaine Salazar";"romaine.salazar@yahoo.com";"Monsey";"NY";1;1437.98;1307.6225;"2016-08-01";"2016-08-01";"One Time"
751;"Hermila Mckay";"hermila.mckay@yahoo.com";"Coachella";"CA";1;6872.96;5498.368;"2017-07-06";"2017-07-06";"One Time"
752;"Lloyd Miranda";"lloyd.miranda@hotmail.com";"Encino";"CA";1;189.99;170.991;"2017-08-28";"2017-08-28";"One Time"
753;"Mandi Gibbs";"mandi.gibbs@gmail.com";"East Elmhurst";"NY";1;1099.98;1022.9814;"2016-10-28";"2016-10-28";"One Time"
754;"Hue May";"hue.may@aol.com";"Valley Stream";"NY";1;7319.93;6887.1357;"2018-03-20";"2018-03-20";"One Time"
755;"Tomika Wilder";"tomika.wilder@aol.com";"New Hyde Park";"NY";1;10260.91;9210.7184;"2016-03-14";"2016-03-14";"One Time"
756;"Graig Roth";"graig.roth@aol.com";"West Babylon";"NY";1;5096.98;4318.4515;"2016-04-16";"2016-04-16";"One Time"
757;"Lamar Greer";"lamar.greer@gmail.com";"Levittown";"NY";1;3003.97;2511.4647;"2017-09-25";"2017-09-25";"One Time"
758;"Raymonde Garcia";"raymonde.garcia@aol.com";"Queensbury";"NY";1;6799.96;6169.963;"2016-08-15";"2016-08-15";"One Time"
759;"Cira Downs";"cira.downs@gmail.com";"Oakland";"CA";1;2389.95;2214.0537;"2016-10-31";"2016-10-31";"One Time"
760;"Marisa Chambers";"marisa.chambers@msn.com";"Amityville";"NY";1;4797.97;4105.113;"2016-05-01";"2016-05-01";"One Time"
761;"Rod Hatfield";"rod.hatfield@hotmail.com";"Ronkonkoma";"NY";1;3959.92;3546.929;"2018-01-04";"2018-01-04";"One Time"
762;"Quyen Houston";"quyen.houston@gmail.com";"Central Islip";"NY";1;5969.98;5537.9817;"2017-01-31";"2017-01-31";"One Time"
763;"Han Schneider";"han.schneider@gmail.com";"Elmhurst";"NY";1;1639.96;1525.1628;"2016-03-28";"2016-03-28";"One Time"
764;"Terrell Mathis";"terrell.mathis@aol.com";"Selden";"NY";1;3369.96;3163.0426;"2016-06-12";"2016-06-12";"One Time"
765;"Spring Hayes";"spring.hayes@hotmail.com";"Ossining";"NY";1;5730.96;4737.2644;"2018-01-27";"2018-01-27";"One Time"
766;"Lecia Hancock";"lecia.hancock@hotmail.com";"Schenectady";"NY";1;1099.98;989.982;"2016-03-15";"2016-03-15";"One Time"
767;"Twana Arnold";"twana.arnold@msn.com";"Anaheim";"CA";1;499.99;464.9907;"2016-02-03";"2016-02-03";"One Time"
768;"Yvone Yates";"yvone.yates@gmail.com";"San Pablo";"CA";1;7239.95;6515.955;"2017-11-04";"2017-11-04";"One Time"
769;"Agatha Melton";"agatha.melton@yahoo.com";"Springfield Gardens";"NY";1;1349.97;1258.972;"2017-05-31";"2017-05-31";"One Time"
770;"Lavonda Stephenson";"lavonda.stephenson@gmail.com";"Bay Shore";"NY";1;2479.97;2208.9745;"2017-01-21";"2017-01-21";"One Time"
771;"Agnes Sims";"agnes.sims@aol.com";"Buffalo";"NY";1;3199.95;2891.7542;"2017-10-12";"2017-10-12";"One Time"
772;"Latricia Lindsey";"latricia.lindsey@hotmail.com";"Yorktown Heights";"NY";1;1399.96;1174.5654;"2017-03-19";"2017-03-19";"One Time"
773;"Yolando Wade";"yolando.wade@hotmail.com";"Massapequa";"NY";1;5339.95;4873.9557;"2016-10-28";"2016-10-28";"One Time"
774;"Nenita Mooney";"nenita.mooney@hotmail.com";"Lawndale";"CA";1;6969.93;5806.0375;"2017-11-26";"2017-11-26";"One Time"
775;"Kermit Hyde";"kermit.hyde@hotmail.com";"Patchogue";"NY";1;1078.97;908.076;"2017-04-22";"2017-04-22";"One Time"
776;"Angelique Merrill";"angelique.merrill@gmail.com";"South El Monte";"CA";1;416.99;333.592;"2017-04-19";"2017-04-19";"One Time"
777;"Ilda Roberson";"ilda.roberson@aol.com";"Kingston";"NY";1;2629.96;2379.4635;"2017-08-08";"2017-08-08";"One Time"
778;"Corrinne Garrison";"corrinne.garrison@yahoo.com";"Victoria";"TX";1;9587.95;8481.898;"2017-12-07";"2017-12-07";"One Time"
779;"Major Merrill";"major.merrill@aol.com";"Astoria";"NY";1;5497.97;5055.113;"2016-07-25";"2016-07-25";"One Time"
780;"Ouida Gregory";"ouida.gregory@aol.com";"Merrick";"NY";1;12448.97;11314.073;"2016-06-25";"2016-06-25";"One Time"
781;"Tajuana Riddle";"tajuana.riddle@hotmail.com";"Bayside";"NY";1;4539.98;4205.9817;"2017-05-30";"2017-05-30";"One Time"
782;"Ricki Bullock";"ricki.bullock@hotmail.com";"Woodside";"NY";1;7851.96;7183.3227;"2017-08-13";"2017-08-13";"One Time"
783;"Celestine Kent";"celestine.kent@aol.com";"Lancaster";"NY";1;12371.92;10998.0295;"2017-10-28";"2017-10-28";"One Time"
784;"Debbra Jacobson";"debbra.jacobson@yahoo.com";"Ballston Spa";"NY";1;1301.98;1194.2817;"2017-05-06";"2017-05-06";"One Time"
785;"Kandis Mills";"kandis.mills@hotmail.com";"Hamburg";"NY";1;999.98;929.9814;"2016-10-10";"2016-10-10";"One Time"
786;"Wallace Lane";"wallace.lane@aol.com";"South Richmond Hill";"NY";1;599.99;539.991;"2016-03-14";"2016-03-14";"One Time"
787;"Malisa Mitchell";"malisa.mitchell@msn.com";"Mount Vernon";"NY";1;8059.94;7575.3454;"2017-09-27";"2017-09-27";"One Time"
788;"Lilliam Nolan";"lilliam.nolan@msn.com";"Copperas Cove";"TX";1;269.99;242.991;"2016-05-08";"2016-05-08";"One Time"
789;"Tad Gardner";"tad.gardner@hotmail.com";"Niagara Falls";"NY";1;2490.97;2195.5747;"2017-09-30";"2017-09-30";"One Time"
790;"Petronila Gallegos";"petronila.gallegos@gmail.com";"Howard Beach";"NY";1;3173.95;2719.4764;"2017-01-28";"2017-01-28";"One Time"
791;"Yun Nelson";"yun.nelson@hotmail.com";"Ballston Spa";"NY";1;1299.98;1189.9825;"2016-09-16";"2016-09-16";"One Time"
792;"Edgar Horn";"edgar.horn@aol.com";"West Babylon";"NY";1;1059.98;847.984;"2016-12-04";"2016-12-04";"One Time"
793;"Chantay Maynard";"chantay.maynard@gmail.com";"Elmhurst";"NY";1;8587.93;7327.0401;"2017-08-19";"2017-08-19";"One Time"
794;"Donette Mccarthy";"donette.mccarthy@yahoo.com";"Redondo Beach";"CA";1;10699.96;9274.9654;"2017-03-18";"2017-03-18";"One Time"
795;"Mariam Miranda";"mariam.miranda@aol.com";"Franklin Square";"NY";1;2888.96;2431.165;"2016-07-17";"2016-07-17";"One Time"
796;"Rosalie Coffey";"rosalie.coffey@gmail.com";"Upland";"CA";1;2027.98;1926.581;"2016-10-09";"2016-10-09";"One Time"
797;"Cathey Lamb";"cathey.lamb@msn.com";"Bayside";"NY";1;2198.97;1984.073;"2016-02-11";"2016-02-11";"One Time"
798;"Alyse Jacobson";"alyse.jacobson@yahoo.com";"Massapequa Park";"NY";1;12155.91;11062.4171;"2017-09-05";"2017-09-05";"One Time"
799;"India Barron";"india.barron@msn.com";"Huntington";"NY";1;3389.93;2873.94;"2017-07-19";"2017-07-19";"One Time"
800;"Cris Dunn";"cris.dunn@yahoo.com";"Pittsford";"NY";1;8809.95;8177.0541;"2016-06-21";"2016-06-21";"One Time"
801;"Ophelia Rodgers";"ophelia.rodgers@gmail.com";"Hopewell Junction";"NY";1;4681.94;4044.8487;"2016-06-03";"2016-06-03";"One Time"
802;"Barrett Sanders";"barrett.sanders@aol.com";"Longview";"TX";1;9897.96;9385.102;"2016-05-27";"2016-05-27";"One Time"
803;"Bernardina Cooper";"bernardina.cooper@msn.com";"Whitestone";"NY";1;14759.95;12867.958;"2017-10-31";"2017-10-31";"One Time"
804;"Douglas Richards";"douglas.richards@hotmail.com";"Valley Stream";"NY";1;439.99;417.9905;"2017-06-07";"2017-06-07";"One Time"
805;"Phillis Fowler";"phillis.fowler@aol.com";"Clifton Park";"NY";1;419.98;335.984;"2017-02-14";"2017-02-14";"One Time"
806;"Reyes Merritt";"reyes.merritt@yahoo.com";"Staten Island";"NY";1;4799.96;4037.9647;"2016-07-31";"2016-07-31";"One Time"
807;"Nathalie Knowles";"nathalie.knowles@aol.com";"West Islip";"NY";1;4597.98;4231.122;"2017-10-28";"2017-10-28";"One Time"
808;"Vallie Dixon";"vallie.dixon@yahoo.com";"Rowlett";"TX";1;8599.96;8083.9627;"2016-09-20";"2016-09-20";"One Time"
809;"Elnora Simpson";"elnora.simpson@yahoo.com";"Bellmore";"NY";1;16767.91;15416.1565;"2017-01-28";"2017-01-28";"One Time"
810;"Ivelisse Nixon";"ivelisse.nixon@aol.com";"Houston";"TX";1;13553.93;10951.5614;"2017-09-20";"2017-09-20";"One Time"
811;"Shanti Johnston";"shanti.johnston@gmail.com";"Staten Island";"NY";1;2179.96;1863.966;"2017-04-03";"2017-04-03";"One Time"
812;"Martha Burgess";"martha.burgess@msn.com";"Woodhaven";"NY";1;1319.98;1227.5814;"2017-08-19";"2017-08-19";"One Time"
813;"Neville Mcclain";"neville.mcclain@yahoo.com";"West Hempstead";"NY";1;3779.94;3376.5951;"2016-01-22";"2016-01-22";"One Time"
814;"Ghislaine Compton";"ghislaine.compton@aol.com";"Lindenhurst";"NY";1;1949.94;1754.0464;"2016-12-24";"2016-12-24";"One Time"
815;"Leanna Manning";"leanna.manning@yahoo.com";"Hicksville";"NY";1;11387.94;10620.0449;"2016-05-06";"2016-05-06";"One Time"
816;"Marshall Johnson";"marshall.johnson@yahoo.com";"Vista";"CA";1;1899.98;1669.9825;"2018-03-30";"2018-03-30";"One Time"
817;"Zelda Pratt";"zelda.pratt@gmail.com";"Lancaster";"NY";1;2607.97;2252.915;"2016-10-29";"2016-10-29";"One Time"
818;"Joel Wynn";"joel.wynn@aol.com";"San Diego";"CA";1;2659.96;2419.7634;"2018-02-05";"2018-02-05";"One Time"
819;"Yahaira Robertson";"yahaira.robertson@yahoo.com";"Endicott";"NY";1;5767.95;4784.1587;"2016-11-27";"2016-11-27";"One Time"
820;"Sandy Mills";"sandy.mills@gmail.com";"Schenectady";"NY";1;3399.95;3229.9525;"2018-03-17";"2018-03-17";"One Time"
821;"Cassidy Clark";"cassidy.clark@hotmail.com";"Astoria";"NY";1;726.97;633.6245;"2017-12-22";"2017-12-22";"One Time"
822;"Kristy Watkins";"kristy.watkins@gmail.com";"Howard Beach";"NY";1;1469.99;1396.4905;"2018-03-19";"2018-03-19";"One Time"
823;"Tina Bush";"tina.bush@aol.com";"Maspeth";"NY";1;3701.96;3464.0224;"2016-12-09";"2016-12-09";"One Time"
824;"Veronika Rollins";"veronika.rollins@yahoo.com";"Webster";"NY";1;10679.96;10132.3624;"2017-12-15";"2017-12-15";"One Time"
825;"Kristel Byrd";"kristel.byrd@hotmail.com";"Hicksville";"NY";1;2099.96;1934.9634;"2016-08-17";"2016-08-17";"One Time"
826;"Shay Stephenson";"shay.stephenson@aol.com";"Smithtown";"NY";1;4017.96;3671.7054;"2017-10-05";"2017-10-05";"One Time"
827;"George Pickett";"george.pickett@msn.com";"Sunnyside";"NY";1;469.99;375.992;"2016-10-06";"2016-10-06";"One Time"
828;"Renato Morton";"renato.morton@msn.com";"Mount Vernon";"NY";1;3064.96;2716.765;"2017-08-25";"2017-08-25";"One Time"
829;"Marcy Rodriguez";"marcy.rodriguez@gmail.com";"Lockport";"NY";1;939.98;845.982;"2017-05-03";"2017-05-03";"One Time"
830;"Edmund Gaines";"edmund.gaines@gmail.com";"Copperas Cove";"TX";1;1099.98;989.982;"2017-05-14";"2017-05-14";"One Time"
831;"Lory Berg";"lory.berg@aol.com";"Oswego";"NY";1;4499.98;4169.9817;"2016-10-14";"2016-10-14";"One Time"
832;"Pamala Fowler";"pamala.fowler@gmail.com";"Ballston Spa";"NY";1;3789.96;3146.4645;"2017-02-26";"2017-02-26";"One Time"
833;"Leone Emerson";"leone.emerson@msn.com";"Whitestone";"NY";1;6201.91;5779.8175;"2016-11-26";"2016-11-26";"One Time"
834;"Brain Skinner";"brain.skinner@hotmail.com";"Euless";"TX";1;1939.95;1694.0557;"2016-08-11";"2016-08-11";"One Time"
835;"Roseanne Maynard";"roseanne.maynard@yahoo.com";"Euless";"TX";1;1619.96;1485.4635;"2016-10-29";"2016-10-29";"One Time"
836;"Corinna Adams";"corinna.adams@msn.com";"Rosedale";"NY";1;10179.94;9161.946;"2017-06-22";"2017-06-22";"One Time"
837;"Kellye Campbell";"kellye.campbell@gmail.com";"Baldwinsville";"NY";1;7511.92;6829.531;"2017-07-23";"2017-07-23";"One Time"
838;"Erna Sloan";"erna.sloan@aol.com";"Howard Beach";"NY";1;11198.97;9849.074;"2018-03-04";"2018-03-04";"One Time"
839;"Carolann Russell";"carolann.russell@hotmail.com";"Glen Cove";"NY";1;4854.95;4521.8839;"2018-03-03";"2018-03-03";"One Time"
840;"Gilbert Calhoun";"gilbert.calhoun@msn.com";"East Elmhurst";"NY";1;17857.96;15097.906;"2017-10-30";"2017-10-30";"One Time"
841;"Manie Maxwell";"manie.maxwell@gmail.com";"Ronkonkoma";"NY";1;1932.98;1546.384;"2017-03-09";"2017-03-09";"One Time"
842;"Giselle Robles";"giselle.robles@hotmail.com";"San Angelo";"TX";1;761.98;692.0817;"2017-03-08";"2017-03-08";"One Time"
843;"Tessie Farmer";"tessie.farmer@msn.com";"Plattsburgh";"NY";1;1458.97;1351.7224;"2016-09-08";"2016-09-08";"One Time"
844;"Felica Munoz";"felica.munoz@aol.com";"South Ozone Park";"NY";1;11463.92;10186.6285;"2017-05-01";"2017-05-01";"One Time"
845;"Kathyrn Bush";"kathyrn.bush@gmail.com";"Bronx";"NY";1;2149.96;2011.4626;"2017-02-19";"2017-02-19";"One Time"
846;"Sylvester Chan";"sylvester.chan@hotmail.com";"Rocklin";"CA";1;809.97;728.973;"2017-12-26";"2017-12-26";"One Time"
847;"Lizette Ellison";"lizette.ellison@hotmail.com";"Port Washington";"NY";1;899.98;836.9814;"2017-01-07";"2017-01-07";"One Time"
848;"Ernestina Skinner";"ernestina.skinner@hotmail.com";"Elmhurst";"NY";1;5489.96;4991.9665;"2016-07-20";"2016-07-20";"One Time"
849;"Phyllis Hill";"phyllis.hill@yahoo.com";"Syosset";"NY";1;1248.98;1034.2827;"2016-06-27";"2016-06-27";"One Time"
850;"Stephanie Browning";"stephanie.browning@yahoo.com";"Rowlett";"TX";1;109.99;104.4905;"2017-02-07";"2017-02-07";"One Time"
851;"Arlena Buckner";"arlena.buckner@hotmail.com";"New Hyde Park";"NY";1;1139.96;992.965;"2016-06-01";"2016-06-01";"One Time"
852;"Lezlie Thompson";"lezlie.thompson@yahoo.com";"Freeport";"NY";1;1099.98;989.982;"2016-09-27";"2016-09-27";"One Time"
853;"Brittney Rojas";"brittney.rojas@aol.com";"Kingston";"NY";1;8547.95;7601.1547;"2016-09-26";"2016-09-26";"One Time"
854;"Phylis Adkins";"phylis.adkins@msn.com";"New York";"NY";1;2099.96;1972.9624;"2016-04-18";"2016-04-18";"One Time"
855;"Lean Stark";"lean.stark@msn.com";"Upland";"CA";1;2159.96;2008.7628;"2016-12-27";"2016-12-27";"One Time"
856;"Lara Guy";"lara.guy@aol.com";"Ronkonkoma";"NY";1;4199.98;3659.9825;"2018-02-15";"2018-02-15";"One Time"
857;"Inga Koch";"inga.koch@msn.com";"New Windsor";"NY";1;449.99;418.4907;"2017-05-18";"2017-05-18";"One Time"
858;"Klara Kim";"klara.kim@gmail.com";"Rome";"NY";1;2142.95;1804.8565;"2017-01-22";"2017-01-22";"One Time"
859;"Julianne Shannon";"julianne.shannon@hotmail.com";"Sugar Land";"TX";1;8418.92;7659.3381;"2018-03-15";"2018-03-15";"One Time"
860;"Loni Mullen";"loni.mullen@msn.com";"South Ozone Park";"NY";1;501.98;451.782;"2018-01-24";"2018-01-24";"One Time"
861;"Olympia Figueroa";"olympia.figueroa@hotmail.com";"Hopewell Junction";"NY";1;4599.98;4169.9815;"2016-01-28";"2016-01-28";"One Time"
862;"Mellie Puckett";"mellie.puckett@yahoo.com";"Fresh Meadows";"NY";1;7150.95;5835.858;"2018-01-01";"2018-01-01";"One Time"
863;"Shonta Preston";"shonta.preston@msn.com";"Utica";"NY";1;6318.96;5801.934;"2017-03-23";"2017-03-23";"One Time"
864;"Lore Sykes";"lore.sykes@aol.com";"Buffalo";"NY";1;4089.96;3390.465;"2017-02-19";"2017-02-19";"One Time"
865;"Julia Joyner";"julia.joyner@msn.com";"Astoria";"NY";1;4272.93;3995.6247;"2017-09-30";"2017-09-30";"One Time"
866;"Lynwood Jackson";"lynwood.jackson@aol.com";"Longview";"TX";1;7399.94;6843.9442;"2018-02-08";"2018-02-08";"One Time"
867;"Rosalva Hamilton";"rosalva.hamilton@aol.com";"Campbell";"CA";1;11399.96;10529.963;"2017-06-16";"2017-06-16";"One Time"
868;"Domingo Casey";"domingo.casey@msn.com";"San Jose";"CA";1;1409.99;1311.2907;"2017-05-01";"2017-05-01";"One Time"
869;"Rodrigo Durham";"rodrigo.durham@aol.com";"Richmond Hill";"NY";1;1091.97;1037.3715;"2017-09-30";"2017-09-30";"One Time"
870;"Dwain Carlson";"dwain.carlson@gmail.com";"Smithtown";"NY";1;9159.94;8309.4449;"2017-02-19";"2017-02-19";"One Time"
871;"Erlinda Humphrey";"erlinda.humphrey@hotmail.com";"New Windsor";"NY";1;12742.92;11588.6474;"2017-05-11";"2017-05-11";"One Time"
872;"Silas Tate";"silas.tate@yahoo.com";"Corpus Christi";"TX";1;2739.95;2497.9559;"2016-01-31";"2016-01-31";"One Time"
873;"Patience Clayton";"patience.clayton@hotmail.com";"Niagara Falls";"NY";1;3527.95;3278.054;"2016-01-08";"2016-01-08";"One Time"
874;"Mila Good";"mila.good@yahoo.com";"Plattsburgh";"NY";1;1680.99;1344.792;"2016-09-25";"2016-09-25";"One Time"
875;"Tanesha Sawyer";"tanesha.sawyer@aol.com";"Rosedale";"NY";1;299.99;269.991;"2016-10-09";"2016-10-09";"One Time"
876;"Onita Macdonald";"onita.macdonald@yahoo.com";"Glen Cove";"NY";1;1659.95;1525.1539;"2016-10-07";"2016-10-07";"One Time"
877;"Janine Manning";"janine.manning@gmail.com";"Howard Beach";"NY";1;8529.91;7783.4219;"2017-05-23";"2017-05-23";"One Time"
878;"Melodie Melton";"melodie.melton@yahoo.com";"Smithtown";"NY";1;9649.93;7984.939;"2017-12-16";"2017-12-16";"One Time"
879;"Ethelyn Ray";"ethelyn.ray@yahoo.com";"Garden City";"NY";1;1529.97;1276.975;"2016-06-12";"2016-06-12";"One Time"
880;"Phebe Turner";"phebe.turner@aol.com";"Sunnyside";"NY";1;12605.94;11120.3254;"2017-06-17";"2017-06-17";"One Time"
881;"Chloe Patel";"chloe.patel@yahoo.com";"Santa Monica";"CA";1;1469.99;1367.0907;"2017-05-29";"2017-05-29";"One Time"
882;"Hilda Harvey";"hilda.harvey@gmail.com";"Ballston Spa";"NY";1;6697.98;6229.1214;"2016-09-17";"2016-09-17";"One Time"
883;"Gilberte Duke";"gilberte.duke@gmail.com";"El Paso";"TX";1;16239.93;13107.441;"2017-04-21";"2017-04-21";"One Time"
884;"Willian Hardin";"willian.hardin@msn.com";"Oswego";"NY";1;939.98;845.982;"2017-02-02";"2017-02-02";"One Time"
885;"Janna Hayden";"janna.hayden@msn.com";"Longview";"TX";1;5049.93;4624.9377;"2016-07-04";"2016-07-04";"One Time"
886;"Letisha May";"letisha.may@yahoo.com";"North Tonawanda";"NY";1;10870.94;9927.2049;"2017-10-28";"2017-10-28";"One Time"
887;"Graig Cannon";"graig.cannon@gmail.com";"Syosset";"NY";1;5151.94;4369.3445;"2017-05-26";"2017-05-26";"One Time"
888;"Coleen Navarro";"coleen.navarro@aol.com";"Webster";"NY";1;12909.93;10728.4385;"2017-10-01";"2017-10-01";"One Time"
889;"Lucilla Williams";"lucilla.williams@hotmail.com";"San Carlos";"CA";1;1039.97;949.1727;"2017-10-01";"2017-10-01";"One Time"
890;"Rosanne George";"rosanne.george@yahoo.com";"Ossining";"NY";1;4117.97;3750.8732;"2017-04-12";"2017-04-12";"One Time"
891;"Ashlie Parrish";"ashlie.parrish@hotmail.com";"Monsey";"NY";1;819.98;655.984;"2016-08-15";"2016-08-15";"One Time"
892;"Alissa Craft";"alissa.craft@hotmail.com";"Ossining";"NY";1;2899.99;2754.9905;"2016-11-12";"2016-11-12";"One Time"
893;"Letty Cobb";"letty.cobb@msn.com";"Depew";"NY";1;10593.94;8820.1505;"2017-11-30";"2017-11-30";"One Time"
894;"Nathaniel Richard";"nathaniel.richard@gmail.com";"New Windsor";"NY";1;4877.97;4495.2725;"2016-11-21";"2016-11-21";"One Time"
895;"Elaina Key";"elaina.key@msn.com";"Plainview";"NY";1;7571.94;6929.1049;"2017-07-30";"2017-07-30";"One Time"
896;"Stefani Gamble";"stefani.gamble@aol.com";"New City";"NY";1;7409.96;6715.434;"2016-12-12";"2016-12-12";"One Time"
897;"Bettyann Acosta";"bettyann.acosta@gmail.com";"Lancaster";"NY";1;679.98;611.982;"2017-02-20";"2017-02-20";"One Time"
898;"Crysta Velez";"crysta.velez@yahoo.com";"Houston";"TX";1;3948.99;3567.561;"2017-08-16";"2017-08-16";"One Time"
899;"Carisa Carpenter";"carisa.carpenter@hotmail.com";"Victoria";"TX";1;3599.98;3239.982;"2016-10-06";"2016-10-06";"One Time"
900;"Jule Davenport";"jule.davenport@aol.com";"San Carlos";"CA";1;4649.95;4298.4537;"2017-10-04";"2017-10-04";"One Time"
901;"Lonna Franks";"lonna.franks@yahoo.com";"Ontario";"CA";1;749.99;712.4905;"2017-01-08";"2017-01-08";"One Time"
902;"Elease Dejesus";"elease.dejesus@gmail.com";"Oswego";"NY";1;1343.96;1217.264;"2017-04-28";"2017-04-28";"One Time"
903;"Maira Long";"maira.long@msn.com";"Hicksville";"NY";1;6093.91;5588.5185;"2017-11-10";"2017-11-10";"One Time"
904;"Jana Thomas";"jana.thomas@yahoo.com";"San Jose";"CA";1;15839.93;14397.1379;"2018-01-09";"2018-01-09";"One Time"
905;"Hae Ramirez";"hae.ramirez@hotmail.com";"Baldwinsville";"NY";1;12999.98;12089.9814;"2018-01-10";"2018-01-10";"One Time"
906;"Erik Leblanc";"erik.leblanc@aol.com";"Sugar Land";"TX";1;4999.98;4749.981;"2018-02-14";"2018-02-14";"One Time"
907;"Daina Sampson";"daina.sampson@msn.com";"Longview";"TX";1;3701.96;3495.6624;"2016-08-02";"2016-08-02";"One Time"
908;"Delmar Wise";"delmar.wise@yahoo.com";"Lockport";"NY";1;16699.94;15439.9468;"2017-01-26";"2017-01-26";"One Time"
909;"Alita Salinas";"alita.salinas@hotmail.com";"Uniondale";"NY";1;2269.96;2099.9637;"2017-06-07";"2017-06-07";"One Time"
910;"Elenore William";"elenore.william@msn.com";"Mcallen";"TX";1;5351.95;4334.0585;"2017-02-25";"2017-02-25";"One Time"
911;"Nikita Roy";"nikita.roy@aol.com";"Pittsford";"NY";1;1969.97;1611.0747;"2017-08-18";"2017-08-18";"One Time"
912;"Inocencia Key";"inocencia.key@hotmail.com";"Massapequa Park";"NY";1;5499.99;4949.991;"2017-09-04";"2017-09-04";"One Time"
913;"Liliana Kerr";"liliana.kerr@yahoo.com";"Desoto";"TX";1;1997.98;1841.6217;"2016-11-12";"2016-11-12";"One Time"
914;"Hortencia O'neil";"hortencia.o'neil@hotmail.com";"Rockville Centre";"NY";1;2069.95;1793.7574;"2018-02-13";"2018-02-13";"One Time"
915;"Beryl Bennett";"beryl.bennett@aol.com";"Sacramento";"CA";1;1369.97;1301.4715;"2017-07-11";"2017-07-11";"One Time"
916;"Alishia Elliott";"alishia.elliott@aol.com";"Mount Vernon";"NY";1;8703.94;7951.1468;"2018-01-13";"2018-01-13";"One Time"
917;"Vernia Madden";"vernia.madden@aol.com";"Troy";"NY";1;5799.98;5219.982;"2016-09-03";"2016-09-03";"One Time"
918;"Kristel Bullock";"kristel.bullock@yahoo.com";"Smithtown";"NY";1;599.99;557.9907;"2016-04-17";"2016-04-17";"One Time"
919;"Ruthanne Hoover";"ruthanne.hoover@aol.com";"Torrance";"CA";1;6499.93;5989.9367;"2016-04-27";"2016-04-27";"One Time"
920;"James Robles";"james.robles@aol.com";"North Tonawanda";"NY";1;9985.93;9314.8357;"2018-02-15";"2018-02-15";"One Time"
921;"Evelin Vargas";"evelin.vargas@msn.com";"Webster";"NY";1;1409.95;1328.6529;"2016-10-06";"2016-10-06";"One Time"
922;"Elvia Cardenas";"elvia.cardenas@hotmail.com";"Massapequa";"NY";1;7850.94;6978.7151;"2017-01-25";"2017-01-25";"One Time"
923;"Randee Pitts";"randee.pitts@msn.com";"Canyon Country";"CA";1;6097.99;5671.1307;"2016-01-14";"2016-01-14";"One Time"
924;"Lea Irwin";"lea.irwin@gmail.com";"New Windsor";"NY";1;809.97;683.0747;"2016-07-19";"2016-07-19";"One Time"
925;"Bryce Monroe";"bryce.monroe@aol.com";"Kingston";"NY";1;499.99;474.9905;"2016-03-12";"2016-03-12";"One Time"
926;"Katina Mcintosh";"katina.mcintosh@yahoo.com";"Bakersfield";"CA";1;1028.99;926.091;"2016-03-29";"2016-03-29";"One Time"
927;"Guillermo Hart";"guillermo.hart@hotmail.com";"New York";"NY";1;1756.0;1516.34;"2016-10-19";"2016-10-19";"One Time"
928;"Joann Barber";"joann.barber@gmail.com";"Santa Monica";"CA";1;1499.98;1264.9827;"2016-05-30";"2016-05-30";"One Time"
929;"Thurman Ellis";"thurman.ellis@gmail.com";"Pleasanton";"CA";1;5670.95;4689.4559;"2016-02-27";"2016-02-27";"One Time"
930;"Delana Wagner";"delana.wagner@aol.com";"Clifton Park";"NY";1;1621.95;1464.2552;"2017-09-04";"2017-09-04";"One Time"
931;"Porter Bass";"porter.bass@hotmail.com";"San Angelo";"TX";1;4783.93;4305.9576;"2017-12-25";"2017-12-25";"One Time"
932;"Yvonne Bean";"yvonne.bean@yahoo.com";"Wappingers Falls";"NY";1;2088.98;1973.7314;"2016-10-13";"2016-10-13";"One Time"
933;"Lurline Rivers";"lurline.rivers@msn.com";"Howard Beach";"NY";1;1888.97;1708.3719;"2016-06-10";"2016-06-10";"One Time"
934;"Ocie Slater";"ocie.slater@msn.com";"Hamburg";"NY";1;8499.96;7999.963;"2017-10-01";"2017-10-01";"One Time"
935;"Genevie Miles";"genevie.miles@aol.com";"Monroe";"NY";1;2183.95;1850.0567;"2017-11-27";"2017-11-27";"One Time"
936;"Sherilyn Wilcox";"sherilyn.wilcox@gmail.com";"Ossining";"NY";1;2782.97;2411.4715;"2017-09-15";"2017-09-15";"One Time"
937;"Aida Koch";"aida.koch@gmail.com";"West Hempstead";"NY";1;4659.96;3865.7654;"2018-01-29";"2018-01-29";"One Time"
938;"Emory O'connor";"emory.o'connor@gmail.com";"Rochester";"NY";1;2269.96;2135.0624;"2018-03-07";"2018-03-07";"One Time"
939;"Maximina Hutchinson";"maximina.hutchinson@hotmail.com";"Corpus Christi";"TX";1;2513.94;2230.5485;"2017-02-26";"2017-02-26";"One Time"
940;"Marina Hinton";"marina.hinton@yahoo.com";"Encino";"CA";1;2103.96;1885.8839;"2017-04-13";"2017-04-13";"One Time"
941;"Danyell Dickerson";"danyell.dickerson@msn.com";"Central Islip";"NY";1;3310.95;3018.2852;"2016-07-18";"2016-07-18";"One Time"
942;"Davis Long";"davis.long@msn.com";"Lancaster";"NY";1;1599.97;1499.9719;"2016-11-19";"2016-11-19";"One Time"
943;"Lynn Mcmahon";"lynn.mcmahon@msn.com";"Scarsdale";"NY";1;809.97;683.0747;"2016-05-07";"2016-05-07";"One Time"
944;"Tonja Henderson";"tonja.henderson@aol.com";"Scarsdale";"NY";1;2148.98;1964.081;"2016-09-08";"2016-09-08";"One Time"
945;"Krissy Ochoa";"krissy.ochoa@msn.com";"Port Washington";"NY";1;5159.92;4814.6255;"2017-09-14";"2017-09-14";"One Time"
946;"Angella Bridges";"angella.bridges@yahoo.com";"Pittsford";"NY";1;4405.95;4062.3334;"2017-03-09";"2017-03-09";"One Time"
947;"Angele Castro";"angele.castro@yahoo.com";"Palos Verdes Peninsula";"CA";1;1139.97;1082.9715;"2017-12-11";"2017-12-11";"One Time"
948;"Siobhan Lang";"siobhan.lang@gmail.com";"Levittown";"NY";1;7229.96;6793.9655;"2017-04-13";"2017-04-13";"One Time"
949;"Venessa Frost";"venessa.frost@msn.com";"Scarsdale";"NY";1;1359.96;1279.0627;"2017-01-16";"2017-01-16";"One Time"
950;"Verna Solis";"verna.solis@yahoo.com";"Rochester";"NY";1;4179.96;3799.1634;"2017-11-24";"2017-11-24";"One Time"
951;"Steve Bender";"steve.bender@gmail.com";"Scarsdale";"NY";1;3809.95;3292.427;"2016-04-13";"2016-04-13";"One Time"
952;"Aileen Marquez";"aileen.marquez@msn.com";"Torrance";"CA";1;4920.96;4644.913;"2016-12-08";"2016-12-08";"One Time"
953;"Kattie Stevenson";"kattie.stevenson@aol.com";"Helotes";"TX";1;2950.93;2681.1565;"2017-03-06";"2017-03-06";"One Time"
954;"Hassan Nash";"hassan.nash@yahoo.com";"Hicksville";"NY";1;3599.98;3269.9827;"2016-08-18";"2016-08-18";"One Time"
955;"Delfina Gilliam";"delfina.gilliam@hotmail.com";"West Babylon";"NY";1;4499.98;4274.981;"2018-01-07";"2018-01-07";"One Time"
956;"Venus Hewitt";"venus.hewitt@msn.com";"Farmingdale";"NY";1;1218.98;1060.553;"2016-05-28";"2016-05-28";"One Time"
957;"Stephen Vega";"stephen.vega@msn.com";"Anaheim";"CA";1;983.97;912.273;"2017-06-05";"2017-06-05";"One Time"
958;"Ciera Koch";"ciera.koch@gmail.com";"Euless";"TX";1;6452.92;5557.3307;"2017-02-06";"2017-02-06";"One Time"
959;"Christel Barber";"christel.barber@hotmail.com";"Sacramento";"CA";1;9529.95;8816.9544;"2016-11-16";"2016-11-16";"One Time"
960;"Arline Lawson";"arline.lawson@gmail.com";"Hempstead";"NY";1;8929.96;7995.8047;"2017-10-14";"2017-10-14";"One Time"
961;"Iva Wilcox";"iva.wilcox@aol.com";"Kingston";"NY";1;5890.95;5338.9555;"2016-07-31";"2016-07-31";"One Time"
962;"Maple Griffin";"maple.griffin@gmail.com";"Copperas Cove";"TX";1;1967.97;1856.6117;"2017-02-19";"2017-02-19";"One Time"
963;"Anisha Lang";"anisha.lang@aol.com";"Rome";"NY";1;6968.94;6416.5944;"2016-07-29";"2016-07-29";"One Time"
964;"Brent Calderon";"brent.calderon@aol.com";"Corpus Christi";"TX";1;539.98;502.1814;"2016-09-27";"2016-09-27";"One Time"
965;"Margit Osborn";"margit.osborn@yahoo.com";"Plainview";"NY";1;5739.92;4781.931;"2016-02-03";"2016-02-03";"One Time"
966;"Novella Patel";"novella.patel@gmail.com";"Glen Cove";"NY";1;5471.94;5107.8638;"2017-05-30";"2017-05-30";"One Time"
967;"Laurette Hebert";"laurette.hebert@msn.com";"Canandaigua";"NY";1;2452.95;2309.3035;"2017-12-08";"2017-12-08";"One Time"
968;"Jonna Brown";"jonna.brown@aol.com";"Mahopac";"NY";1;1499.99;1394.9907;"2017-03-12";"2017-03-12";"One Time"
969;"Jennell Solis";"jennell.solis@hotmail.com";"Rochester";"NY";1;489.99;391.992;"2017-02-19";"2017-02-19";"One Time"
970;"Ruth Horton";"ruth.horton@gmail.com";"Hollis";"NY";1;4999.99;4499.991;"2018-01-09";"2018-01-09";"One Time"
971;"Samual Warner";"samual.warner@gmail.com";"Brentwood";"NY";1;16859.92;15876.4261;"2017-05-20";"2017-05-20";"One Time"
972;"Damian Mills";"damian.mills@yahoo.com";"Long Beach";"NY";1;7179.96;6396.9647;"2018-03-16";"2018-03-16";"One Time"
973;"Margaretta Clayton";"margaretta.clayton@yahoo.com";"Ridgecrest";"CA";1;5170.92;4835.376;"2016-12-26";"2016-12-26";"One Time"
974;"Marcell Barrett";"marcell.barrett@gmail.com";"Astoria";"NY";1;1303.97;1197.0725;"2017-04-29";"2017-04-29";"One Time"
975;"Annis Sanchez";"annis.sanchez@aol.com";"Los Angeles";"CA";1;4809.95;4269.9572;"2017-01-09";"2017-01-09";"One Time"
976;"Ayanna Cherry";"ayanna.cherry@yahoo.com";"Smithtown";"NY";1;17996.92;16950.077;"2017-01-31";"2017-01-31";"One Time"
977;"Barton Cox";"barton.cox@yahoo.com";"Amityville";"NY";1;3567.96;3328.0631;"2016-10-11";"2016-10-11";"One Time"
978;"Diana Reyes";"diana.reyes@msn.com";"Bronx";"NY";1;1182.98;1064.682;"2017-09-19";"2017-09-19";"One Time"
979;"Ingeborg Ellison";"ingeborg.ellison@yahoo.com";"Ithaca";"NY";1;3418.97;2867.275;"2016-01-27";"2016-01-27";"One Time"
980;"Carter Booth";"carter.booth@msn.com";"Port Chester";"NY";1;1573.97;1416.573;"2017-12-01";"2017-12-01";"One Time"
981;"Christel Cardenas";"christel.cardenas@aol.com";"Long Beach";"NY";1;1099.98;1022.9814;"2016-08-13";"2016-08-13";"One Time"
982;"Orval Hunter";"orval.hunter@aol.com";"San Angelo";"TX";1;3279.96;2877.7652;"2018-03-15";"2018-03-15";"One Time"
983;"Marguerite Berger";"marguerite.berger@aol.com";"Fullerton";"CA";1;10910.91;9712.9515;"2018-02-02";"2018-02-02";"One Time"
984;"Ivette Warren";"ivette.warren@gmail.com";"Franklin Square";"NY";1;6968.96;6335.6637;"2016-10-03";"2016-10-03";"One Time"
985;"Milagros Weber";"milagros.weber@hotmail.com";"Harlingen";"TX";1;8731.93;7130.5405;"2017-01-12";"2017-01-12";"One Time"
986;"Marcel Lindsay";"marcel.lindsay@hotmail.com";"Ossining";"NY";1;5060.94;4544.8471;"2016-10-19";"2016-10-19";"One Time"
987;"Louis Powell";"louis.powell@aol.com";"Staten Island";"NY";1;3359.94;2738.2497;"2018-02-17";"2018-02-17";"One Time"
988;"Vanda Holmes";"vanda.holmes@aol.com";"Syosset";"NY";1;2639.94;2432.9444;"2016-09-23";"2016-09-23";"One Time"
989;"Loreen Byers";"loreen.byers@yahoo.com";"South Ozone Park";"NY";1;5829.94;5090.4175;"2016-11-23";"2016-11-23";"One Time"
990;"Casimira Chapman";"casimira.chapman@yahoo.com";"Monroe";"NY";1;8891.92;8200.7267;"2016-12-06";"2016-12-06";"One Time"
991;"Brigida Larson";"brigida.larson@hotmail.com";"Canyon Country";"CA";1;8937.95;8062.1245;"2016-03-03";"2016-03-03";"One Time"
992;"Chere Alston";"chere.alston@gmail.com";"Patchogue";"NY";1;1199.96;1139.962;"2017-03-23";"2017-03-23";"One Time"
993;"Giovanna Jefferson";"giovanna.jefferson@gmail.com";"Ridgecrest";"CA";1;419.98;377.982;"2017-04-07";"2017-04-07";"One Time"
994;"Demarcus Reese";"demarcus.reese@gmail.com";"Yorktown Heights";"NY";1;3720.95;3403.854;"2016-08-08";"2016-08-08";"One Time"
995;"Amina Salazar";"amina.salazar@aol.com";"Canandaigua";"NY";1;5407.97;4447.724;"2016-08-14";"2016-08-14";"One Time"
996;"Serafina Clemons";"serafina.clemons@gmail.com";"Shirley";"NY";1;549.99;494.991;"2016-02-08";"2016-02-08";"One Time"
997;"Trinidad Mcclain";"trinidad.mcclain@msn.com";"Baldwin";"NY";1;12080.95;10986.904;"2016-09-22";"2016-09-22";"One Time"
998;"Heather Chaney";"heather.chaney@yahoo.com";"Jamestown";"NY";1;6209.95;5528.957;"2017-11-09";"2017-11-09";"One Time"
999;"Latoya Johns";"latoya.johns@hotmail.com";"Ballston Spa";"NY";1;6957.97;6530.9119;"2018-03-07";"2018-03-07";"One Time"
1000;"Shiloh Reeves";"shiloh.reeves@msn.com";"West Babylon";"NY";1;2381.97;1950.575;"2017-04-11";"2017-04-11";"One Time"
1001;"Lee Roman";"lee.roman@gmail.com";"Brentwood";"NY";1;4131.96;3911.8625;"2016-08-29";"2016-08-29";"One Time"
1002;"Cami Williamson";"cami.williamson@hotmail.com";"Massapequa";"NY";1;1333.97;1233.6722;"2017-10-26";"2017-10-26";"One Time"
1003;"Sharell Ross";"sharell.ross@msn.com";"Vista";"CA";1;3941.96;3594.863;"2017-08-19";"2017-08-19";"One Time"
1004;"Jerald Blackwell";"jerald.blackwell@hotmail.com";"East Elmhurst";"NY";1;299.99;278.9907;"2016-08-02";"2016-08-02";"One Time"
1005;"Ruthanne Franco";"ruthanne.franco@yahoo.com";"Astoria";"NY";1;20679.95;17611.957;"2018-02-27";"2018-02-27";"One Time"
1006;"Marjory Leonard";"marjory.leonard@msn.com";"Apple Valley";"CA";1;7396.92;6723.0765;"2017-09-21";"2017-09-21";"One Time"
1007;"Jimmy Russell";"jimmy.russell@hotmail.com";"Howard Beach";"NY";1;19419.94;18278.9436;"2018-02-01";"2018-02-01";"One Time"
1008;"Berneice Pollard";"berneice.pollard@hotmail.com";"Forney";"TX";1;939.98;892.981;"2018-01-21";"2018-01-21";"One Time"
1009;"Deangelo Cooley";"deangelo.cooley@aol.com";"Rosedale";"NY";1;349.99;314.991;"2017-09-02";"2017-09-02";"One Time"
1010;"Katia Henry";"katia.henry@msn.com";"Bethpage";"NY";1;11279.95;9479.9557;"2018-01-19";"2018-01-19";"One Time"
1011;"Sebrina Gross";"sebrina.gross@yahoo.com";"Garland";"TX";1;1139.97;1042.1724;"2016-08-03";"2016-08-03";"One Time"
1012;"Josephine Dale";"josephine.dale@aol.com";"Baldwinsville";"NY";1;7762.94;6712.8464;"2016-01-30";"2016-01-30";"One Time"
1013;"Alma Peck";"alma.peck@aol.com";"Corona";"NY";1;1389.97;1209.4747;"2018-01-29";"2018-01-29";"One Time"
1014;"Ling Newman";"ling.newman@msn.com";"South Richmond Hill";"NY";1;5999.98;5699.981;"2017-12-01";"2017-12-01";"One Time"
1015;"Nichelle Rosario";"nichelle.rosario@hotmail.com";"Garden City";"NY";1;7349.97;6824.9724;"2017-03-19";"2017-03-19";"One Time"
1016;"Shenna Benton";"shenna.benton@msn.com";"New York";"NY";1;2059.97;1797.975;"2018-01-16";"2018-01-16";"One Time"
1017;"Philip Bryan";"philip.bryan@hotmail.com";"Oakland";"CA";1;1449.97;1368.0717;"2017-10-30";"2017-10-30";"One Time"
1018;"Carita Salinas";"carita.salinas@yahoo.com";"Maspeth";"NY";1;12833.94;10792.247;"2017-03-15";"2017-03-15";"One Time"
1019;"Janie Herrera";"janie.herrera@gmail.com";"Elmhurst";"NY";1;12860.94;11950.4766;"2016-07-15";"2016-07-15";"One Time"
1020;"Lorraine Marks";"lorraine.marks@msn.com";"San Carlos";"CA";1;15355.93;14141.3394;"2017-05-23";"2017-05-23";"One Time"
1021;"Nicolas Carlson";"nicolas.carlson@yahoo.com";"Saint Albans";"NY";1;6456.94;5863.4454;"2017-12-24";"2017-12-24";"One Time"
1022;"Hye Mercer";"hye.mercer@gmail.com";"Mahopac";"NY";1;489.99;440.991;"2017-10-13";"2017-10-13";"One Time"
1023;"Adena Blake";"adena.blake@hotmail.com";"Ballston Spa";"NY";1;22999.94;19329.9492;"2017-09-08";"2017-09-08";"One Time"
1024;"Coleman Boyd";"coleman.boyd@yahoo.com";"El Paso";"TX";1;7720.95;6412.5547;"2017-05-08";"2017-05-08";"One Time"
1025;"Daphine Willis";"daphine.willis@msn.com";"Farmingdale";"NY";1;1159.98;927.984;"2017-06-13";"2017-06-13";"One Time"
1026;"Jenine Dawson";"jenine.dawson@msn.com";"Endicott";"NY";1;8819.93;7938.9374;"2018-01-02";"2018-01-02";"One Time"
1027;"Shanita Wiley";"shanita.wiley@yahoo.com";"Saint Albans";"NY";1;2365.96;2217.6427;"2017-12-25";"2017-12-25";"One Time"
1028;"Shanna Bonner";"shanna.bonner@msn.com";"Canandaigua";"NY";1;4399.96;3564.9665;"2016-09-22";"2016-09-22";"One Time"
1029;"Ping Quinn";"ping.quinn@gmail.com";"Rowlett";"TX";1;3019.94;2804.144;"2018-03-20";"2018-03-20";"One Time"
1030;"Saran Moses";"saran.moses@yahoo.com";"Brooklyn";"NY";1;3449.98;3049.983;"2016-07-26";"2016-07-26";"One Time"
1031;"Tonja Bean";"tonja.bean@aol.com";"Fairport";"NY";1;9653.92;8787.1297;"2017-10-04";"2017-10-04";"One Time"
1032;"Vernon Knowles";"vernon.knowles@yahoo.com";"Huntington Station";"NY";1;3449.98;3121.4817;"2016-12-09";"2016-12-09";"One Time"
1033;"Jeannette Skinner";"jeannette.skinner@yahoo.com";"Forest Hills";"NY";1;3223.95;2889.8561;"2017-12-04";"2017-12-04";"One Time"
1034;"Rico Salas";"rico.salas@msn.com";"Centereach";"NY";1;10638.95;9874.6525;"2016-04-08";"2016-04-08";"One Time"
1035;"Tangela Hurley";"tangela.hurley@msn.com";"Campbell";"CA";1;1329.97;1104.4745;"2016-01-16";"2016-01-16";"One Time"
1036;"Randee Lester";"randee.lester@gmail.com";"Centereach";"NY";1;875.99;700.792;"2017-09-06";"2017-09-06";"One Time"
1037;"Ashanti Hammond";"ashanti.hammond@msn.com";"Nanuet";"NY";1;20997.94;17758.349;"2018-01-14";"2018-01-14";"One Time"
1038;"Garry Juarez";"garry.juarez@hotmail.com";"Forest Hills";"NY";1;2139.96;1805.966;"2017-05-14";"2017-05-14";"One Time"
1039;"Bee Baker";"bee.baker@aol.com";"Liverpool";"NY";1;2911.97;2329.576;"2016-09-09";"2016-09-09";"One Time"
1040;"Shantae Hammond";"shantae.hammond@hotmail.com";"Victoria";"TX";1;7379.94;6068.949;"2016-12-28";"2016-12-28";"One Time"
1041;"Bettye Espinoza";"bettye.espinoza@yahoo.com";"Oswego";"NY";1;6809.95;5627.957;"2017-11-04";"2017-11-04";"One Time"
1042;"Larissa Hays";"larissa.hays@aol.com";"Elmont";"NY";1;5977.94;5588.3444;"2016-08-05";"2016-08-05";"One Time"
1043;"Diane Jones";"diane.jones@gmail.com";"Fresh Meadows";"NY";1;7973.95;7256.7738;"2018-03-01";"2018-03-01";"One Time"
1044;"Zenia Bruce";"zenia.bruce@aol.com";"Rosedale";"NY";1;1119.98;1041.5814;"2018-03-14";"2018-03-14";"One Time"
1045;"Pasquale Hogan";"pasquale.hogan@aol.com";"Vista";"CA";1;2327.97;2155.172;"2016-06-08";"2016-06-08";"One Time"
1046;"Dane Mcdaniel";"dane.mcdaniel@hotmail.com";"Canandaigua";"NY";1;2543.95;2205.7557;"2017-05-05";"2017-05-05";"One Time"
1047;"Jamaal Baker";"jamaal.baker@hotmail.com";"Elmhurst";"NY";1;2069.96;1786.465;"2016-02-01";"2016-02-01";"One Time"
1048;"Ji Burt";"ji.burt@hotmail.com";"Apple Valley";"CA";1;7599.94;6319.946;"2016-10-08";"2016-10-08";"One Time"
1049;"Marcelino Mcbride";"marcelino.mcbride@hotmail.com";"Clifton Park";"NY";1;3241.97;3027.0319;"2016-03-19";"2016-03-19";"One Time"
1050;"Rozella Fitzgerald";"rozella.fitzgerald@yahoo.com";"Shirley";"NY";1;533.99;480.591;"2017-09-20";"2017-09-20";"One Time"
1051;"Tonisha Fowler";"tonisha.fowler@msn.com";"Huntington Station";"NY";1;10999.96;9399.965;"2017-01-17";"2017-01-17";"One Time"
1052;"Zora Ford";"zora.ford@gmail.com";"Sacramento";"CA";1;9119.94;7663.949;"2018-02-15";"2018-02-15";"One Time"
1053;"Parthenia Figueroa";"parthenia.figueroa@msn.com";"Mahopac";"NY";1;1349.97;1257.972;"2018-02-25";"2018-02-25";"One Time"
1054;"Arielle Levine";"arielle.levine@yahoo.com";"Garland";"TX";1;4369.96;3899.9657;"2016-08-13";"2016-08-13";"One Time"
1055;"Hildegarde Christensen";"hildegarde.christensen@hotmail.com";"Maspeth";"NY";1;2999.99;2849.9905;"2016-09-23";"2016-09-23";"One Time"
1056;"Rebbecca Espinoza";"rebbecca.espinoza@hotmail.com";"Mount Vernon";"NY";1;4991.94;4503.7459;"2016-10-24";"2016-10-24";"One Time"
1057;"Conchita Boone";"conchita.boone@gmail.com";"Mount Vernon";"NY";1;6309.92;5851.9257;"2017-03-27";"2017-03-27";"One Time"
1058;"Aisha Woods";"aisha.woods@gmail.com";"Webster";"NY";1;3429.98;2743.984;"2016-11-20";"2016-11-20";"One Time"
1059;"Season Harvey";"season.harvey@yahoo.com";"East Northport";"NY";1;3519.94;3185.9454;"2017-04-16";"2017-04-16";"One Time"
1060;"Tommie Cooley";"tommie.cooley@yahoo.com";"Lancaster";"NY";1;8432.96;8011.312;"2017-12-02";"2017-12-02";"One Time"
1061;"Alanna Barry";"alanna.barry@yahoo.com";"Euless";"TX";1;1157.99;1076.9307;"2016-09-23";"2016-09-23";"One Time"
1062;"Jerri Guthrie";"jerri.guthrie@msn.com";"Carmel";"NY";1;5468.97;4477.174;"2016-09-12";"2016-09-12";"One Time"
1063;"Tammy Austin";"tammy.austin@yahoo.com";"Lake Jackson";"TX";1;14933.92;13765.5468;"2017-09-21";"2017-09-21";"One Time"
1064;"Patsy Russo";"patsy.russo@gmail.com";"Rowlett";"TX";1;1139.97;1060.1721;"2017-07-16";"2017-07-16";"One Time"
1065;"Desiree Branch";"desiree.branch@msn.com";"San Lorenzo";"CA";1;501.98;466.8414;"2017-10-13";"2017-10-13";"One Time"
1066;"Raeann Duncan";"raeann.duncan@aol.com";"Anaheim";"CA";1;4719.95;4030.957;"2018-01-12";"2018-01-12";"One Time"
1067;"Lillia Gillespie";"lillia.gillespie@hotmail.com";"Rego Park";"NY";1;4631.94;4130.3445;"2017-10-01";"2017-10-01";"One Time"
1068;"Doris Kaufman";"doris.kaufman@gmail.com";"Duarte";"CA";1;3609.95;3167.9562;"2017-05-28";"2017-05-28";"One Time"
1069;"Rodolfo Buck";"rodolfo.buck@gmail.com";"Shirley";"NY";1;9148.97;8280.543;"2016-02-21";"2016-02-21";"One Time"
1070;"Olimpia Mays";"olimpia.mays@aol.com";"Oakland Gardens";"NY";1;13806.94;12774.2451;"2017-07-15";"2017-07-15";"One Time"
1071;"Shemeka Lyons";"shemeka.lyons@msn.com";"Pomona";"CA";1;3806.97;3370.5721;"2016-09-01";"2016-09-01";"One Time"
1072;"Maryalice Henry";"maryalice.henry@msn.com";"Richardson";"TX";1;4635.93;4064.8377;"2017-03-03";"2017-03-03";"One Time"
1073;"Leeanne Cross";"leeanne.cross@yahoo.com";"Bayside";"NY";1;1199.98;1115.9814;"2016-12-15";"2016-12-15";"One Time"
1074;"Lanelle Guerra";"lanelle.guerra@yahoo.com";"Floral Park";"NY";1;1139.96;1072.1624;"2016-05-01";"2016-05-01";"One Time"
1075;"Dann Huff";"dann.huff@gmail.com";"Huntington Station";"NY";1;2897.97;2653.073;"2016-02-07";"2016-02-07";"One Time"
1076;"Sherise Mercer";"sherise.mercer@gmail.com";"Vista";"CA";1;1799.99;1619.991;"2017-09-22";"2017-09-22";"One Time"
1077;"Heather Perry";"heather.perry@gmail.com";"Sunnyside";"NY";1;898.0;718.4;"2017-08-02";"2017-08-02";"One Time"
1078;"Theresia Barron";"theresia.barron@aol.com";"Forest Hills";"NY";1;5611.92;4803.6301;"2016-03-08";"2016-03-08";"One Time"
1079;"Cindi Ellis";"cindi.ellis@yahoo.com";"Floral Park";"NY";1;899.98;758.9827;"2016-04-11";"2016-04-11";"One Time"
1080;"Mirella Duffy";"mirella.duffy@yahoo.com";"Longview";"TX";1;3868.96;3430.9631;"2016-08-21";"2016-08-21";"One Time"
1081;"Carson Macias";"carson.macias@gmail.com";"New Rochelle";"NY";1;9241.93;7747.739;"2017-02-04";"2017-02-04";"One Time"
1082;"Divina Madden";"divina.madden@gmail.com";"Long Beach";"NY";1;3999.99;3199.992;"2016-05-27";"2016-05-27";"One Time"
1083;"Cher Alston";"cher.alston@msn.com";"Wantagh";"NY";1;4259.94;3866.0454;"2018-01-02";"2018-01-02";"One Time"
1084;"Regine Odom";"regine.odom@msn.com";"Franklin Square";"NY";1;9197.97;8303.3719;"2018-01-22";"2018-01-22";"One Time"
1085;"Adam Thornton";"adam.thornton@hotmail.com";"Central Islip";"NY";1;6148.97;5841.5215;"2016-09-16";"2016-09-16";"One Time"
1086;"Cori Schwartz";"cori.schwartz@msn.com";"Jamaica";"NY";1;13722.94;12400.848;"2017-08-19";"2017-08-19";"One Time"
1087;"Willow Gardner";"willow.gardner@gmail.com";"Pleasanton";"CA";1;2633.96;2190.566;"2017-09-24";"2017-09-24";"One Time"
1088;"Jane Henderson";"jane.henderson@hotmail.com";"Apple Valley";"CA";1;4607.95;3793.158;"2017-12-16";"2017-12-16";"One Time"
1089;"Chere Mcfadden";"chere.mcfadden@yahoo.com";"Orchard Park";"NY";1;7559.95;6784.9567;"2016-09-29";"2016-09-29";"One Time"
1090;"Ira Erickson";"ira.erickson@aol.com";"Port Jefferson Station";"NY";1;13679.95;12392.9547;"2017-10-15";"2017-10-15";"One Time"
1091;"Risa Gallagher";"risa.gallagher@yahoo.com";"Rocklin";"CA";1;5320.92;4445.0609;"2017-10-26";"2017-10-26";"One Time"
1092;"Lavinia Cotton";"lavinia.cotton@yahoo.com";"East Northport";"NY";1;941.98;753.584;"2017-06-25";"2017-06-25";"One Time"
1093;"Alejandrina Hodges";"alejandrina.hodges@msn.com";"Deer Park";"NY";1;3803.92;3447.2278;"2017-01-06";"2017-01-06";"One Time"
1094;"Keitha Black";"keitha.black@yahoo.com";"Lindenhurst";"NY";1;899.98;824.9815;"2016-02-27";"2016-02-27";"One Time"
1095;"Corene Swanson";"corene.swanson@aol.com";"Rego Park";"NY";1;449.0;426.55;"2016-01-27";"2016-01-27";"One Time"
1096;"Tonda Webb";"tonda.webb@yahoo.com";"Baldwinsville";"NY";1;4599.95;4169.3542;"2016-10-26";"2016-10-26";"One Time"
1097;"Collen Dennis";"collen.dennis@gmail.com";"San Pablo";"CA";1;4635.94;4195.3079;"2017-02-03";"2017-02-03";"One Time"
1098;"Treasa Dickerson";"treasa.dickerson@hotmail.com";"Rockville Centre";"NY";1;1111.98;889.584;"2017-11-18";"2017-11-18";"One Time"
1099;"Jewell Reyes";"jewell.reyes@hotmail.com";"Jackson Heights";"NY";1;1099.96;1019.963;"2017-11-20";"2017-11-20";"One Time"
1100;"Penny Acevedo";"penny.acevedo@yahoo.com";"Ballston Spa";"NY";1;20399.92;18670.9288;"2017-09-07";"2017-09-07";"One Time"
1101;"Louise Flowers";"louise.flowers@yahoo.com";"Depew";"NY";1;4489.95;4196.9552;"2018-03-22";"2018-03-22";"One Time"
1102;"Henrietta Wagner";"henrietta.wagner@hotmail.com";"Fort Worth";"TX";1;4355.97;3891.5125;"2016-05-03";"2016-05-03";"One Time"
1103;"Ardelia Cooley";"ardelia.cooley@aol.com";"Canyon Country";"CA";1;14349.95;12334.957;"2016-12-12";"2016-12-12";"One Time"
1104;"Khalilah Robertson";"khalilah.robertson@aol.com";"Spring Valley";"NY";1;2539.96;2362.1628;"2017-03-07";"2017-03-07";"One Time"
1105;"Armando Black";"armando.black@gmail.com";"Richardson";"TX";1;3012.94;2843.0734;"2017-03-28";"2017-03-28";"One Time"
1106;"Jerri Henry";"jerri.henry@msn.com";"Spring Valley";"NY";1;1751.98;1576.782;"2017-08-19";"2017-08-19";"One Time"
1107;"Lynda Newman";"lynda.newman@msn.com";"Saratoga Springs";"NY";1;2039.96;1868.9634;"2017-11-05";"2017-11-05";"One Time"
1108;"Bao Wade";"bao.wade@gmail.com";"Desoto";"TX";1;3219.94;2793.0481;"2016-11-08";"2016-11-08";"One Time"
1109;"Gussie Harding";"gussie.harding@gmail.com";"Deer Park";"NY";1;1861.96;1595.6657;"2017-10-08";"2017-10-08";"One Time"
1110;"Shirely Cantrell";"shirely.cantrell@aol.com";"West Hempstead";"NY";1;1329.97;1249.972;"2016-07-28";"2016-07-28";"One Time"
1111;"Caroline Jenkins";"caroline.jenkins@msn.com";"Richardson";"TX";1;189.99;170.991;"2017-10-10";"2017-10-10";"One Time"
1112;"Hollis Rasmussen";"hollis.rasmussen@yahoo.com";"Massapequa";"NY";1;6199.95;5709.9555;"2016-07-25";"2016-07-25";"One Time"
1113;"Kendra Harrington";"kendra.harrington@yahoo.com";"Jamestown";"NY";1;4829.94;4171.9479;"2017-02-28";"2017-02-28";"One Time"
1114;"Douglass Blankenship";"douglass.blankenship@hotmail.com";"Albany";"NY";1;2239.94;1951.3474;"2017-10-17";"2017-10-17";"One Time"
1115;"Lina Meadows";"lina.meadows@aol.com";"Glen Cove";"NY";1;4140.93;3720.8885;"2017-07-16";"2017-07-16";"One Time"
1116;"Patria Harper";"patria.harper@msn.com";"Astoria";"NY";1;1319.98;1055.984;"2018-03-08";"2018-03-08";"One Time"
1117;"Jeffrey Hill";"jeffrey.hill@gmail.com";"Rosedale";"NY";1;2050.98;1845.882;"2017-11-22";"2017-11-22";"One Time"
1118;"Ja Dillard";"ja.dillard@yahoo.com";"Canyon Country";"CA";1;9296.97;7947.442;"2018-01-27";"2018-01-27";"One Time"
1119;"Tora Dunlap";"tora.dunlap@hotmail.com";"Monsey";"NY";1;7048.97;5775.5447;"2016-12-25";"2016-12-25";"One Time"
1120;"Karole Alvarez";"karole.alvarez@gmail.com";"East Northport";"NY";1;7949.95;7159.9557;"2017-10-14";"2017-10-14";"One Time"
1121;"Shasta Combs";"shasta.combs@yahoo.com";"Yorktown Heights";"NY";1;2657.99;2360.3907;"2016-12-08";"2016-12-08";"One Time"
1122;"Cicely Deleon";"cicely.deleon@yahoo.com";"Massapequa Park";"NY";1;7369.95;6701.455;"2018-01-05";"2018-01-05";"One Time"
1123;"Raphael O'neil";"raphael.o'neil@aol.com";"Fairport";"NY";1;2799.94;2509.946;"2017-06-26";"2017-06-26";"One Time"
1124;"Hubert Reilly";"hubert.reilly@hotmail.com";"Amityville";"NY";1;3599.98;3419.981;"2016-03-26";"2016-03-26";"One Time"
1125;"Caleb England";"caleb.england@gmail.com";"Pleasanton";"CA";1;8149.91;7339.4195;"2017-01-19";"2017-01-19";"One Time"
1126;"Elmira Levy";"elmira.levy@gmail.com";"Spring Valley";"NY";1;7429.95;6718.5542;"2018-02-08";"2018-02-08";"One Time"
1127;"Waldo Hart";"waldo.hart@yahoo.com";"Queensbury";"NY";1;3369.98;3032.982;"2016-04-21";"2016-04-21";"One Time"
1128;"Bea Kane";"bea.kane@aol.com";"Mahopac";"NY";1;2859.94;2643.2447;"2017-08-28";"2017-08-28";"One Time"
1129;"Gilberto Sanders";"gilberto.sanders@hotmail.com";"Woodside";"NY";1;4941.94;4497.0048;"2017-01-14";"2017-01-14";"One Time"
1130;"Benny Bender";"benny.bender@aol.com";"Elmont";"NY";1;539.98;502.1814;"2016-07-01";"2016-07-01";"One Time"
1131;"Desmond Rose";"desmond.rose@hotmail.com";"Mount Vernon";"NY";1;15549.93;14566.4345;"2018-03-21";"2018-03-21";"One Time"
1132;"Parthenia Holman";"parthenia.holman@gmail.com";"Ithaca";"NY";1;17309.92;15205.9284;"2017-09-12";"2017-09-12";"One Time"
1133;"Dung King";"dung.king@aol.com";"West Islip";"NY";1;4499.97;4115.9724;"2017-04-15";"2017-04-15";"One Time"
1134;"Sherril Alvarado";"sherril.alvarado@hotmail.com";"Desoto";"TX";1;6230.95;5723.7441;"2017-08-07";"2017-08-07";"One Time"
1135;"Alisia Albert";"alisia.albert@gmail.com";"Garland";"TX";1;6779.93;6150.9367;"2018-03-27";"2018-03-27";"One Time"
1136;"Kallie Best";"kallie.best@aol.com";"Rochester";"NY";1;12227.95;11428.653;"2017-11-19";"2017-11-19";"One Time"
1137;"Dottie Roberts";"dottie.roberts@aol.com";"Port Washington";"NY";1;7577.97;6654.4734;"2017-02-08";"2017-02-08";"One Time"
1138;"Hubert Stone";"hubert.stone@hotmail.com";"Ridgecrest";"CA";1;11509.96;10541.9632;"2017-02-20";"2017-02-20";"One Time"
1139;"Gabriella Jones";"gabriella.jones@hotmail.com";"Mount Vernon";"NY";1;1209.98;999.4825;"2017-04-20";"2017-04-20";"One Time"
1140;"Penney Hall";"penney.hall@msn.com";"Liverpool";"NY";1;3048.98;2835.5514;"2016-05-07";"2016-05-07";"One Time"
1141;"Mallie Osborn";"mallie.osborn@gmail.com";"Newburgh";"NY";1;4539.95;4135.9565;"2016-07-17";"2016-07-17";"One Time"
1142;"Britteny Schroeder";"britteny.schroeder@aol.com";"Pittsford";"NY";1;249.99;232.4907;"2018-03-11";"2018-03-11";"One Time"
1143;"Sommer Hopkins";"sommer.hopkins@gmail.com";"Tonawanda";"NY";1;1347.99;1256.091;"2017-03-06";"2017-03-06";"One Time"
1144;"Jewel Sparks";"jewel.sparks@aol.com";"Oakland Gardens";"NY";1;6839.95;6187.1539;"2016-11-02";"2016-11-02";"One Time"
1145;"Deandrea Vega";"deandrea.vega@gmail.com";"Yonkers";"NY";1;3500.94;3172.4449;"2017-07-02";"2017-07-02";"One Time"
1146;"Charlsie Carson";"charlsie.carson@hotmail.com";"Saint Albans";"NY";1;539.98;512.981;"2016-09-21";"2016-09-21";"One Time"
1147;"Kandace Ayers";"kandace.ayers@gmail.com";"Santa Monica";"CA";1;5471.93;5004.5978;"2016-04-09";"2016-04-09";"One Time"
1148;"Lenore Valdez";"lenore.valdez@msn.com";"Spring Valley";"NY";1;9609.92;8009.0321;"2017-03-30";"2017-03-30";"One Time"
1149;"Drucilla Gilliam";"drucilla.gilliam@hotmail.com";"Santa Clara";"CA";1;6669.95;6265.955;"2016-01-16";"2016-01-16";"One Time"
1150;"Keturah Reid";"keturah.reid@yahoo.com";"Corpus Christi";"TX";1;7739.93;7091.9367;"2017-10-12";"2017-10-12";"One Time"
1151;"Herminia Reyes";"herminia.reyes@gmail.com";"Centereach";"NY";1;7599.95;7139.954;"2016-09-01";"2016-09-01";"One Time"
1152;"Tuyet Rosa";"tuyet.rosa@aol.com";"South El Monte";"CA";1;7146.94;5841.0992;"2017-03-09";"2017-03-09";"One Time"
1153;"Ara Vazquez";"ara.vazquez@msn.com";"San Carlos";"CA";1;4919.94;4466.6452;"2017-01-10";"2017-01-10";"One Time"
1154;"Barry Albert";"barry.albert@gmail.com";"Auburn";"NY";1;4007.99;3227.391;"2018-03-16";"2018-03-16";"One Time"
1155;"Verdell Joyner";"verdell.joyner@aol.com";"Far Rockaway";"NY";1;1649.97;1567.4715;"2017-10-28";"2017-10-28";"One Time"
1156;"Han Wade";"han.wade@hotmail.com";"Howard Beach";"NY";1;3961.97;3763.8715;"2016-08-19";"2016-08-19";"One Time"
1157;"Anton Barton";"anton.barton@msn.com";"Buffalo";"NY";1;858.0;797.94;"2016-12-23";"2016-12-23";"One Time"
1158;"Vito Pickett";"vito.pickett@hotmail.com";"Canandaigua";"NY";1;7539.93;6754.9376;"2017-06-27";"2017-06-27";"One Time"
1159;"Charlene Norris";"charlene.norris@msn.com";"Syosset";"NY";1;7447.97;6764.5727;"2016-12-17";"2016-12-17";"One Time"
1160;"Efren Whitfield";"efren.whitfield@gmail.com";"Euless";"TX";1;3625.95;3110.8567;"2017-08-22";"2017-08-22";"One Time"
1161;"Santa Larson";"santa.larson@gmail.com";"Valley Stream";"NY";1;9239.95;8445.9545;"2018-01-19";"2018-01-19";"One Time"
1162;"Carmelina Sellers";"carmelina.sellers@hotmail.com";"Ithaca";"NY";1;7579.95;7157.3531;"2017-02-11";"2017-02-11";"One Time"
1163;"Carmela Hays";"carmela.hays@aol.com";"Lawndale";"CA";1;4990.95;4186.5267;"2016-12-25";"2016-12-25";"One Time"
1164;"Patrina Tanner";"patrina.tanner@gmail.com";"Scarsdale";"NY";1;5599.97;4539.974;"2017-04-01";"2017-04-01";"One Time"
1165;"Rikki Morrow";"rikki.morrow@hotmail.com";"Fort Worth";"TX";1;10139.92;9301.9304;"2016-02-29";"2016-02-29";"One Time"
1166;"Junita Reese";"junita.reese@gmail.com";"Bay Shore";"NY";1;269.99;242.991;"2017-11-13";"2017-11-13";"One Time"
1167;"Ryan Carter";"ryan.carter@yahoo.com";"Nanuet";"NY";1;3361.98;3126.6414;"2016-05-19";"2016-05-19";"One Time"
1168;"Almeta Benjamin";"almeta.benjamin@aol.com";"Sunnyside";"NY";1;999.99;799.992;"2016-05-27";"2016-05-27";"One Time"
1169;"Beatris Joyner";"beatris.joyner@gmail.com";"Spring Valley";"NY";1;5621.94;4665.5492;"2016-11-12";"2016-11-12";"One Time"
1170;"Mechelle Chan";"mechelle.chan@gmail.com";"Richmond Hill";"NY";1;1273.97;1210.2715;"2017-11-10";"2017-11-10";"One Time"
1171;"Earlean Pena";"earlean.pena@yahoo.com";"Rome";"NY";1;15889.94;14249.6462;"2018-02-19";"2018-02-19";"One Time"
1172;"Katherin Clark";"katherin.clark@yahoo.com";"Pittsford";"NY";1;7127.96;5777.7667;"2018-02-26";"2018-02-26";"One Time"
1173;"Chanel May";"chanel.may@msn.com";"Garden City";"NY";1;2329.95;1904.4585;"2016-02-04";"2016-02-04";"One Time"
1174;"Aaron Knapp";"aaron.knapp@yahoo.com";"Yonkers";"NY";1;6248.98;5927.551;"2016-02-20";"2016-02-20";"One Time"
1175;"Sindy Anderson";"sindy.anderson@gmail.com";"Pomona";"CA";1;4620.95;4092.8567;"2016-01-12";"2016-01-12";"One Time"
1176;"Sheree Blanchard";"sheree.blanchard@gmail.com";"Queensbury";"NY";1;559.98;531.981;"2018-03-05";"2018-03-05";"One Time"
1177;"Charlesetta Soto";"charlesetta.soto@yahoo.com";"Poughkeepsie";"NY";1;4039.97;3302.1734;"2017-04-27";"2017-04-27";"One Time"
1178;"Wendie Nash";"wendie.nash@hotmail.com";"Oxnard";"CA";1;4223.96;3950.3624;"2017-09-18";"2017-09-18";"One Time"
1179;"Vernetta Banks";"vernetta.banks@aol.com";"Brooklyn";"NY";1;2319.96;2123.5632;"2016-05-12";"2016-05-12";"One Time"
1180;"Myrtle Gardner";"myrtle.gardner@aol.com";"Farmingdale";"NY";1;1859.97;1753.7717;"2017-11-05";"2017-11-05";"One Time"
1181;"Agustina Lawrence";"agustina.lawrence@yahoo.com";"Brooklyn";"NY";1;2696.95;2283.8072;"2017-04-05";"2017-04-05";"One Time"
1182;"Trinidad Chapman";"trinidad.chapman@aol.com";"Ronkonkoma";"NY";1;2315.98;2052.352;"2016-02-16";"2016-02-16";"One Time"
1183;"Kim Clark";"kim.clark@msn.com";"Merrick";"NY";1;2853.94;2664.9644;"2017-09-28";"2017-09-28";"One Time"
1184;"Annabelle Hebert";"annabelle.hebert@aol.com";"Spring Valley";"NY";1;3745.91;3287.322;"2017-06-17";"2017-06-17";"One Time"
1185;"Corine Stuart";"corine.stuart@msn.com";"Clifton Park";"NY";1;3239.92;2801.932;"2016-02-07";"2016-02-07";"One Time"
1186;"Kiesha Bond";"kiesha.bond@aol.com";"San Carlos";"CA";1;1320.99;1228.5207;"2018-02-01";"2018-02-01";"One Time"
1187;"Kenyetta Mason";"kenyetta.mason@msn.com";"Flushing";"NY";1;2179.96;2013.965;"2018-02-13";"2018-02-13";"One Time"
1188;"Marcene Curtis";"marcene.curtis@msn.com";"Yonkers";"NY";1;3937.92;3668.926;"2017-11-17";"2017-11-17";"One Time"
1189;"Sheila Goodman";"sheila.goodman@msn.com";"Uniondale";"NY";1;3769.96;3581.462;"2016-08-04";"2016-08-04";"One Time"
1190;"Romeo Steele";"romeo.steele@msn.com";"Port Jefferson Station";"NY";1;5509.94;4922.9485;"2017-06-26";"2017-06-26";"One Time"
1191;"Tam Fisher";"tam.fisher@aol.com";"Rochester";"NY";1;3639.97;3439.1719;"2017-10-25";"2017-10-25";"One Time"
1192;"Gena Owens";"gena.owens@gmail.com";"Desoto";"TX";1;9999.96;8299.965;"2016-03-21";"2016-03-21";"One Time"
1193;"Phebe Soto";"phebe.soto@hotmail.com";"South Ozone Park";"NY";1;2239.96;2024.0637;"2016-07-25";"2016-07-25";"One Time"
1194;"Leticia Snyder";"leticia.snyder@yahoo.com";"Pittsford";"NY";1;2008.96;1692.537;"2016-02-28";"2016-02-28";"One Time"
1195;"Chantell Bridges";"chantell.bridges@yahoo.com";"Buffalo";"NY";1;12659.97;11993.972;"2017-05-13";"2017-05-13";"One Time"
1196;"Ileana Holt";"ileana.holt@msn.com";"Patchogue";"NY";1;4999.99;4499.991;"2017-02-08";"2017-02-08";"One Time"
1197;"Nakisha Clay";"nakisha.clay@gmail.com";"Port Washington";"NY";1;3182.94;2800.2975;"2017-11-09";"2017-11-09";"One Time"
1198;"Cheryll Snyder";"cheryll.snyder@yahoo.com";"Brooklyn";"NY";1;1939.96;1745.964;"2016-09-28";"2016-09-28";"One Time"
1199;"Consuela Collier";"consuela.collier@msn.com";"North Tonawanda";"NY";1;16509.92;15455.625;"2017-01-08";"2017-01-08";"One Time"
1200;"Aubrey Durham";"aubrey.durham@aol.com";"Port Washington";"NY";1;6547.96;5565.5645;"2016-04-10";"2016-04-10";"One Time"
1201;"Nita Guy";"nita.guy@hotmail.com";"Port Chester";"NY";1;11284.92;9372.3701;"2017-03-05";"2017-03-05";"One Time"
1202;"Carmina Emerson";"carmina.emerson@hotmail.com";"Banning";"CA";1;4978.98;4497.5817;"2016-09-02";"2016-09-02";"One Time"
1203;"Georgeann Rojas";"georgeann.rojas@msn.com";"Desoto";"TX";1;4333.9;3818.2124;"2017-04-01";"2017-04-01";"One Time"
1204;"Leslie Higgins";"leslie.higgins@hotmail.com";"Saratoga Springs";"NY";1;1469.97;1372.4719;"2016-01-04";"2016-01-04";"One Time"
1205;"Emmaline Huber";"emmaline.huber@gmail.com";"Mount Vernon";"NY";1;12110.94;10563.648;"2016-07-05";"2016-07-05";"One Time"
1206;"Mercy Brown";"mercy.brown@msn.com";"Hollis";"NY";1;7471.94;6239.2787;"2017-05-08";"2017-05-08";"One Time"
1207;"Jenell Crosby";"jenell.crosby@hotmail.com";"Brentwood";"NY";1;551.99;524.3905;"2017-11-02";"2017-11-02";"One Time"
1208;"Leila Barr";"leila.barr@yahoo.com";"Carmel";"NY";1;3669.95;3144.327;"2016-12-10";"2016-12-10";"One Time"
1209;"Deandrea Cox";"deandrea.cox@msn.com";"Huntington";"NY";1;5148.95;4778.0236;"2016-12-04";"2016-12-04";"One Time"
1210;"Shawnna Frank";"shawnna.frank@hotmail.com";"Woodside";"NY";1;3082.95;2705.007;"2017-08-15";"2017-08-15";"One Time"
1211;"Brenton Whitaker";"brenton.whitaker@gmail.com";"Niagara Falls";"NY";1;3699.94;3439.944;"2016-12-06";"2016-12-06";"One Time"
1212;"Jaqueline Cummings";"jaqueline.cummings@hotmail.com";"Huntington Station";"NY";1;1799.97;1697.9717;"2016-01-01";"2016-01-01";"One Time"
1213;"Yang Giles";"yang.giles@gmail.com";"San Angelo";"TX";1;6359.95;5244.955;"2017-09-14";"2017-09-14";"One Time"
1214;"Brigid Sharp";"brigid.sharp@hotmail.com";"Santa Clara";"CA";1;22299.95;20648.9537;"2018-01-15";"2018-01-15";"One Time"
1215;"Karl Stephens";"karl.stephens@gmail.com";"Rockville Centre";"NY";1;6269.95;5745.9552;"2017-04-11";"2017-04-11";"One Time"
1216;"Elvina Gates";"elvina.gates@hotmail.com";"Pleasanton";"CA";1;3231.94;2780.547;"2017-12-15";"2017-12-15";"One Time"
1217;"Carlie Terrell";"carlie.terrell@yahoo.com";"Yonkers";"NY";1;2447.95;2133.9264;"2016-09-11";"2016-09-11";"One Time"
1218;"Donovan Cantrell";"donovan.cantrell@msn.com";"Oakland";"CA";1;3361.98;3126.6414;"2016-05-13";"2016-05-13";"One Time"
1219;"Alden Atkinson";"alden.atkinson@gmail.com";"Shirley";"NY";1;4076.97;3484.0719;"2016-12-04";"2016-12-04";"One Time"
1220;"Carissa Cross";"carissa.cross@yahoo.com";"Huntington Station";"NY";1;6609.95;5404.0557;"2016-01-28";"2016-01-28";"One Time"
1221;"Joy Underwood";"joy.underwood@gmail.com";"Apple Valley";"CA";1;1099.98;989.982;"2017-10-01";"2017-10-01";"One Time"
1222;"Geraldine O'donnell";"geraldine.o'donnell@hotmail.com";"Flushing";"NY";1;1667.96;1441.165;"2017-03-31";"2017-03-31";"One Time"
1223;"Bronwyn Vargas";"bronwyn.vargas@msn.com";"New Windsor";"NY";1;4361.96;3589.566;"2016-02-18";"2016-02-18";"One Time"
1224;"Abram Copeland";"abram.copeland@gmail.com";"Harlingen";"TX";1;26913.92;24607.0261;"2017-06-05";"2017-06-05";"One Time"
1225;"Mellisa Griffin";"mellisa.griffin@msn.com";"Los Banos";"CA";1;11439.92;10050.6281;"2017-08-04";"2017-08-04";"One Time"
1226;"Qiana Jackson";"qiana.jackson@gmail.com";"East Northport";"NY";1;2273.92;1988.0501;"2017-10-26";"2017-10-26";"One Time"
1227;"Magali Dixon";"magali.dixon@msn.com";"Troy";"NY";1;8428.96;7587.5154;"2016-06-18";"2016-06-18";"One Time"
1228;"Zulema Clemons";"zulema.clemons@aol.com";"Oakland";"CA";1;539.98;512.981;"2016-11-04";"2016-11-04";"One Time"
1229;"Carina Lynch";"carina.lynch@gmail.com";"Wappingers Falls";"NY";1;3003.92;2707.8278;"2017-07-31";"2017-07-31";"One Time"
1230;"Jesus Burch";"jesus.burch@hotmail.com";"Desoto";"TX";1;7629.96;7063.4639;"2017-04-27";"2017-04-27";"One Time"
1231;"Selene Vega";"selene.vega@gmail.com";"Campbell";"CA";1;2596.95;2119.259;"2018-03-06";"2018-03-06";"One Time"
1232;"Jong Guthrie";"jong.guthrie@hotmail.com";"Bethpage";"NY";1;2037.97;1891.1125;"2016-12-06";"2016-12-06";"One Time"
1233;"Lise Hebert";"lise.hebert@gmail.com";"Vista";"CA";1;5508.94;5015.7377;"2017-02-05";"2017-02-05";"One Time"
1234;"Joshua Berg";"joshua.berg@hotmail.com";"Ossining";"NY";1;2269.95;2069.4549;"2016-01-29";"2016-01-29";"One Time"
1235;"Georgina Gonzales";"georgina.gonzales@yahoo.com";"Endicott";"NY";1;5999.97;5417.9727;"2017-08-06";"2017-08-06";"One Time"
1236;"Rudolph Velez";"rudolph.velez@yahoo.com";"Mount Vernon";"NY";1;10270.96;8263.867;"2017-11-26";"2017-11-26";"One Time"
1237;"Luke Kramer";"luke.kramer@hotmail.com";"Bethpage";"NY";1;14761.9;12420.713;"2016-03-01";"2016-03-01";"One Time"
1238;"Edgar Quinn";"edgar.quinn@aol.com";"Harlingen";"TX";1;9361.96;7993.865;"2016-01-20";"2016-01-20";"One Time"
1239;"Tara Maynard";"tara.maynard@hotmail.com";"Lindenhurst";"NY";1;639.98;601.5812;"2018-03-10";"2018-03-10";"One Time"
1240;"Bella Perez";"bella.perez@msn.com";"Duarte";"CA";1;6629.95;5444.956;"2018-02-23";"2018-02-23";"One Time"
1241;"Nathaniel Davidson";"nathaniel.davidson@hotmail.com";"Rome";"NY";1;1199.98;1115.9814;"2016-02-04";"2016-02-04";"One Time"
1242;"Chauncey Donaldson";"chauncey.donaldson@aol.com";"Franklin Square";"NY";1;5249.96;4762.4631;"2017-02-05";"2017-02-05";"One Time"
1243;"Heide Reed";"heide.reed@yahoo.com";"Floral Park";"NY";1;1739.96;1582.1634;"2016-07-19";"2016-07-19";"One Time"
1244;"Trang Hardin";"trang.hardin@yahoo.com";"Depew";"NY";1;6249.96;5732.4652;"2017-09-29";"2017-09-29";"One Time"
1245;"Gabriela Warren";"gabriela.warren@aol.com";"Long Beach";"NY";1;8461.93;7345.7374;"2016-07-04";"2016-07-04";"One Time"
1246;"Dale Rasmussen";"dale.rasmussen@aol.com";"Kingston";"NY";1;4481.94;4167.846;"2017-02-13";"2017-02-13";"One Time"
1247;"Tammie Cherry";"tammie.cherry@hotmail.com";"Massapequa";"NY";1;6717.95;6239.0936;"2016-04-28";"2016-04-28";"One Time"
1248;"Bethany Herring";"bethany.herring@yahoo.com";"Port Jefferson Station";"NY";1;7548.98;6794.082;"2016-11-14";"2016-11-14";"One Time"
1249;"Barbra Dickerson";"barbra.dickerson@gmail.com";"Ridgecrest";"CA";1;8411.93;7520.0371;"2017-01-14";"2017-01-14";"One Time"
1250;"Neoma Daugherty";"neoma.daugherty@gmail.com";"Mount Vernon";"NY";1;2247.99;2083.1605;"2016-01-15";"2016-01-15";"One Time"
1251;"Nanette Roman";"nanette.roman@yahoo.com";"Glendora";"CA";1;2727.93;2259.3407;"2017-04-03";"2017-04-03";"One Time"
1252;"Adriene Rollins";"adriene.rollins@msn.com";"Plainview";"NY";1;3348.99;3181.5405;"2016-07-26";"2016-07-26";"One Time"
1253;"Susannah Fields";"susannah.fields@hotmail.com";"Far Rockaway";"NY";1;1599.97;1390.4734;"2016-02-09";"2016-02-09";"One Time"
1254;"Dung Reid";"dung.reid@msn.com";"Canyon Country";"CA";1;6019.96;5515.9647;"2018-02-09";"2018-02-09";"One Time"
1255;"Ben Stone";"ben.stone@gmail.com";"Ithaca";"NY";1;1009.97;923.0727;"2016-03-06";"2016-03-06";"One Time"
1256;"Nubia Anderson";"nubia.anderson@aol.com";"Ronkonkoma";"NY";1;1709.96;1538.964;"2018-02-02";"2018-02-02";"One Time"
1257;"Rosamaria Meyer";"rosamaria.meyer@yahoo.com";"Webster";"NY";1;6781.94;5893.5494;"2016-05-19";"2016-05-19";"One Time"
1258;"Todd Waters";"todd.waters@yahoo.com";"Bay Shore";"NY";1;14801.92;12381.8274;"2018-01-12";"2018-01-12";"One Time"
1259;"Kimbery Nieves";"kimbery.nieves@msn.com";"San Carlos";"CA";1;5699.94;5270.9448;"2016-01-21";"2016-01-21";"One Time"
1260;"Phuong Wolf";"phuong.wolf@yahoo.com";"Schenectady";"NY";1;6298.98;5686.5815;"2017-08-24";"2017-08-24";"One Time"
1261;"Adelaida Hancock";"adelaida.hancock@aol.com";"San Pablo";"CA";1;10046.97;9497.172;"2016-09-29";"2016-09-29";"One Time"
1262;"Brianne Hays";"brianne.hays@gmail.com";"San Pablo";"CA";1;4469.98;3722.983;"2017-10-01";"2017-10-01";"One Time"
1263;"Rufina Chandler";"rufina.chandler@aol.com";"New Hyde Park";"NY";1;4680.98;4044.783;"2016-07-16";"2016-07-16";"One Time"
1264;"Devin Velazquez";"devin.velazquez@aol.com";"Brentwood";"NY";1;2899.95;2469.9585;"2016-03-23";"2016-03-23";"One Time"
1265;"Bonita Marshall";"bonita.marshall@msn.com";"Endicott";"NY";1;3860.94;3359.7477;"2016-09-03";"2016-09-03";"One Time"
1266;"Myrl Gay";"myrl.gay@hotmail.com";"Garland";"TX";1;2699.97;2474.9727;"2017-06-25";"2017-06-25";"One Time"
1267;"Earline Gordon";"earline.gordon@gmail.com";"Ronkonkoma";"NY";1;3361.98;3126.6414;"2016-06-02";"2016-06-02";"One Time"
1268;"Sung Chambers";"sung.chambers@gmail.com";"Kingston";"NY";1;6199.96;5115.9641;"2017-11-27";"2017-11-27";"One Time"
1269;"Gustavo Gamble";"gustavo.gamble@msn.com";"Port Washington";"NY";1;4512.93;4204.5258;"2017-09-10";"2017-09-10";"One Time"
1270;"Ciera Webb";"ciera.webb@yahoo.com";"Orchard Park";"NY";1;699.98;629.982;"2017-08-07";"2017-08-07";"One Time"
1271;"Roy Chan";"roy.chan@hotmail.com";"Pomona";"CA";1;3159.96;2717.964;"2017-02-09";"2017-02-09";"One Time"
1272;"Houston Vasquez";"houston.vasquez@msn.com";"Fullerton";"CA";1;2999.99;2699.991;"2016-11-27";"2016-11-27";"One Time"
1273;"Cheree Hale";"cheree.hale@yahoo.com";"Oswego";"NY";1;6076.94;5122.348;"2017-07-27";"2017-07-27";"One Time"
1274;"Odette Moses";"odette.moses@gmail.com";"Newburgh";"NY";1;9469.95;7791.0557;"2016-08-20";"2016-08-20";"One Time"
1275;"Lenita Bonner";"lenita.bonner@aol.com";"Los Banos";"CA";1;2869.99;2726.4905;"2016-11-23";"2016-11-23";"One Time"
1276;"Shona Mcmillan";"shona.mcmillan@msn.com";"Apple Valley";"CA";1;6799.98;6089.983;"2017-06-18";"2017-06-18";"One Time"
1277;"Piedad Irwin";"piedad.irwin@hotmail.com";"Coram";"NY";1;759.98;706.7814;"2017-10-25";"2017-10-25";"One Time"
1278;"Loan Graham";"loan.graham@yahoo.com";"Jackson Heights";"NY";1;2459.94;2228.2451;"2017-05-21";"2017-05-21";"One Time"
1279;"Stan Saunders";"stan.saunders@yahoo.com";"Canandaigua";"NY";1;10432.94;8936.446;"2018-03-24";"2018-03-24";"One Time"
1280;"Jackeline Colon";"jackeline.colon@msn.com";"Wappingers Falls";"NY";1;5839.95;5342.1559;"2016-01-18";"2016-01-18";"One Time"
1281;"Marlen Dawson";"marlen.dawson@msn.com";"Woodside";"NY";1;3149.98;2932.4812;"2017-07-31";"2017-07-31";"One Time"
1282;"Alexis Mack";"alexis.mack@aol.com";"New City";"NY";1;2946.97;2402.476;"2016-11-12";"2016-11-12";"One Time"
1283;"Mica Barry";"mica.barry@yahoo.com";"Hopewell Junction";"NY";1;349.99;279.992;"2017-07-30";"2017-07-30";"One Time"
1284;"Shanice Spears";"shanice.spears@msn.com";"Brooklyn";"NY";1;11999.97;11299.972;"2017-12-09";"2017-12-09";"One Time"
1285;"Garth Huff";"garth.huff@yahoo.com";"Glendora";"CA";1;3098.0;2881.14;"2016-08-15";"2016-08-15";"One Time"
1286;"Dione Pratt";"dione.pratt@msn.com";"Pleasanton";"CA";1;549.99;494.991;"2016-03-31";"2016-03-31";"One Time"
1287;"Victor Pittman";"victor.pittman@aol.com";"Astoria";"NY";1;3670.95;2991.759;"2017-06-27";"2017-06-27";"One Time"
1288;"Allie Conley";"allie.conley@msn.com";"Lawndale";"CA";1;1199.98;959.984;"2016-04-23";"2016-04-23";"One Time"
1289;"Shanelle Anderson";"shanelle.anderson@yahoo.com";"Bethpage";"NY";1;533.99;507.2905;"2017-10-22";"2017-10-22";"One Time"
1290;"Minnie Compton";"minnie.compton@gmail.com";"South Richmond Hill";"NY";1;9089.91;8336.4169;"2017-10-31";"2017-10-31";"One Time"
1291;"Shiloh Bates";"shiloh.bates@msn.com";"Monsey";"NY";1;7051.97;6330.5747;"2017-03-07";"2017-03-07";"One Time"
1292;"Lakenya Oliver";"lakenya.oliver@yahoo.com";"San Lorenzo";"CA";1;1209.98;1099.4815;"2017-12-08";"2017-12-08";"One Time"
1293;"Sally Kinney";"sally.kinney@msn.com";"Floral Park";"NY";1;1371.97;1285.9717;"2017-05-16";"2017-05-16";"One Time"
1294;"Edith Davenport";"edith.davenport@gmail.com";"Ontario";"CA";1;1486.97;1243.7847;"2017-12-25";"2017-12-25";"One Time"
1295;"Alline Beasley";"alline.beasley@yahoo.com";"North Tonawanda";"NY";1;6099.95;5022.9574;"2016-08-29";"2016-08-29";"One Time"
1296;"Travis Whitley";"travis.whitley@aol.com";"Saint Albans";"NY";1;4269.93;3768.94;"2016-01-25";"2016-01-25";"One Time"
1297;"Vanessa West";"vanessa.west@gmail.com";"New Rochelle";"NY";1;539.98;502.1814;"2016-08-19";"2016-08-19";"One Time"
1298;"Trudy Riddle";"trudy.riddle@aol.com";"Schenectady";"NY";1;4699.94;4214.9468;"2017-03-15";"2017-03-15";"One Time"
1299;"Shauna Edwards";"shauna.edwards@msn.com";"Yorktown Heights";"NY";1;1997.98;1831.1814;"2016-08-01";"2016-08-01";"One Time"
1300;"Clorinda Donovan";"clorinda.donovan@msn.com";"Jamestown";"NY";1;9639.94;7932.9465;"2016-08-07";"2016-08-07";"One Time"
1301;"Raven Curtis";"raven.curtis@aol.com";"Lawndale";"CA";1;5129.96;4692.8641;"2016-06-20";"2016-06-20";"One Time"
1302;"Verda Gilbert";"verda.gilbert@gmail.com";"East Northport";"NY";1;7551.96;6349.3635;"2017-01-04";"2017-01-04";"One Time"
1303;"Renay Atkins";"renay.atkins@aol.com";"Woodside";"NY";1;5889.94;5332.9467;"2018-02-06";"2018-02-06";"One Time"
1304;"Tama Berg";"tama.berg@hotmail.com";"Hollis";"NY";1;3231.94;2966.6442;"2017-07-23";"2017-07-23";"One Time"
1305;"Dalia Carson";"dalia.carson@aol.com";"Rochester";"NY";1;1767.97;1509.4727;"2016-02-04";"2016-02-04";"One Time"
1306;"America Swanson";"america.swanson@msn.com";"Webster";"NY";1;3961.96;3505.766;"2016-12-04";"2016-12-04";"One Time"
1307;"Cinda Rocha";"cinda.rocha@hotmail.com";"Los Banos";"CA";1;8039.93;7482.1364;"2016-08-03";"2016-08-03";"One Time"
1308;"Shea Howell";"shea.howell@msn.com";"South El Monte";"CA";1;2899.96;2319.968;"2017-07-30";"2017-07-30";"One Time"
1309;"Kimberli Cline";"kimberli.cline@yahoo.com";"Centereach";"NY";1;1799.99;1619.991;"2016-02-25";"2016-02-25";"One Time"
1310;"Emanuel Mckee";"emanuel.mckee@yahoo.com";"Schenectady";"NY";1;6999.97;5833.9747;"2018-03-28";"2018-03-28";"One Time"
1311;"Whitley Cannon";"whitley.cannon@msn.com";"Coram";"NY";1;4294.93;3975.2343;"2017-08-27";"2017-08-27";"One Time"
1312;"Tereasa Bird";"tereasa.bird@aol.com";"Ronkonkoma";"NY";1;11209.97;10617.973;"2017-02-15";"2017-02-15";"One Time"
1313;"Dante Grimes";"dante.grimes@yahoo.com";"Duarte";"CA";1;5548.99;5114.0907;"2016-08-17";"2016-08-17";"One Time"
1314;"Joeann Garrison";"joeann.garrison@yahoo.com";"Ontario";"CA";1;7767.95;7045.1564;"2016-06-05";"2016-06-05";"One Time"
1315;"Omega Johnston";"omega.johnston@gmail.com";"Canyon Country";"CA";1;8488.96;7848.2628;"2016-10-26";"2016-10-26";"One Time"
1316;"Conrad Mueller";"conrad.mueller@yahoo.com";"Massapequa";"NY";1;7349.97;5925.4747;"2017-06-02";"2017-06-02";"One Time"
1317;"Glady Wells";"glady.wells@gmail.com";"Syosset";"NY";1;349.99;325.4907;"2017-08-29";"2017-08-29";"One Time"
1318;"Tisha Petty";"tisha.petty@msn.com";"San Antonio";"TX";1;1139.97;1052.972;"2016-12-07";"2016-12-07";"One Time"
1319;"Claris Santiago";"claris.santiago@msn.com";"Newburgh";"NY";1;5529.95;5231.8529;"2017-04-04";"2017-04-04";"One Time"
1320;"Obdulia Barber";"obdulia.barber@gmail.com";"Newburgh";"NY";1;679.98;543.984;"2017-05-16";"2017-05-16";"One Time"
1321;"Shantel Gregory";"shantel.gregory@yahoo.com";"West Islip";"NY";1;6320.96;5644.9152;"2016-01-23";"2016-01-23";"One Time"
1322;"Ai Forbes";"ai.forbes@yahoo.com";"Franklin Square";"NY";1;5499.96;5014.9637;"2016-06-09";"2016-06-09";"One Time"
1323;"Ebony Cotton";"ebony.cotton@yahoo.com";"West Babylon";"NY";1;2592.95;2333.356;"2017-06-21";"2017-06-21";"One Time"
1324;"Arla Ellis";"arla.ellis@yahoo.com";"Utica";"NY";1;4126.99;3900.0607;"2016-01-03";"2016-01-03";"One Time"
1325;"Magdalena Sherman";"magdalena.sherman@gmail.com";"Oswego";"NY";1;998.99;854.191;"2016-04-06";"2016-04-06";"One Time"
1326;"Tarra Guerrero";"tarra.guerrero@aol.com";"Auburn";"NY";1;3539.95;3155.9565;"2016-01-05";"2016-01-05";"One Time"
1327;"Consuela Romero";"consuela.romero@hotmail.com";"Monroe";"NY";1;1999.98;1599.984;"2017-08-20";"2017-08-20";"One Time"
1328;"Cindie Franklin";"cindie.franklin@yahoo.com";"Lawndale";"CA";1;5086.96;4633.8544;"2016-02-26";"2016-02-26";"One Time"
1329;"Sharyn Brewer";"sharyn.brewer@aol.com";"Hollis";"NY";1;4445.95;3994.4559;"2017-11-13";"2017-11-13";"One Time"
1330;"Karren Stevenson";"karren.stevenson@aol.com";"San Carlos";"CA";1;6239.96;5891.1624;"2018-01-30";"2018-01-30";"One Time"
1331;"Divina Reeves";"divina.reeves@hotmail.com";"Newburgh";"NY";1;2368.98;2195.0517;"2016-10-10";"2016-10-10";"One Time"
1332;"Novella Ross";"novella.ross@gmail.com";"Glendora";"CA";1;13029.96;12307.9627;"2017-04-15";"2017-04-15";"One Time"
1333;"Omega Huff";"omega.huff@aol.com";"Santa Monica";"CA";1;9120.94;8534.3743;"2016-07-28";"2016-07-28";"One Time"
1334;"Ashleigh Finch";"ashleigh.finch@yahoo.com";"Newburgh";"NY";1;6048.96;5024.1645;"2016-10-29";"2016-10-29";"One Time"
1335;"Corina Lynch";"corina.lynch@msn.com";"Rosedale";"NY";1;2860.96;2672.6926;"2016-08-30";"2016-08-30";"One Time"
1336;"Joe Melton";"joe.melton@gmail.com";"New Windsor";"NY";1;299.99;269.991;"2017-03-06";"2017-03-06";"One Time"
1337;"Bernetta Summers";"bernetta.summers@aol.com";"Longview";"TX";1;849.98;773.9817;"2016-07-20";"2016-07-20";"One Time"
1338;"Inez Snider";"inez.snider@gmail.com";"Ronkonkoma";"NY";1;1920.98;1626.7825;"2016-05-12";"2016-05-12";"One Time"
1339;"Neida King";"neida.king@aol.com";"Oceanside";"NY";1;1777.97;1590.8534;"2017-10-07";"2017-10-07";"One Time"
1340;"Tona Velasquez";"tona.velasquez@msn.com";"Whitestone";"NY";1;269.99;242.991;"2016-06-16";"2016-06-16";"One Time"
1341;"Rozanne Reyes";"rozanne.reyes@aol.com";"Garden City";"NY";1;8948.97;8476.522;"2016-06-17";"2016-06-17";"One Time"
1342;"Lekisha Pope";"lekisha.pope@msn.com";"Freeport";"NY";1;559.98;527.7812;"2017-10-26";"2017-10-26";"One Time"
1343;"Jama Rodriquez";"jama.rodriquez@msn.com";"Upland";"CA";1;1999.95;1818.4545;"2017-03-16";"2017-03-16";"One Time"
1344;"Eloisa Tucker";"eloisa.tucker@hotmail.com";"Howard Beach";"NY";1;3659.97;3377.973;"2017-09-25";"2017-09-25";"One Time"
1345;"Arie Hunter";"arie.hunter@msn.com";"Flushing";"NY";1;1466.97;1287.5737;"2017-07-16";"2017-07-16";"One Time"
1346;"Sanora Webster";"sanora.webster@msn.com";"Los Angeles";"CA";1;3701.95;3442.8135;"2017-04-19";"2017-04-19";"One Time"
1347;"Kate Barber";"kate.barber@hotmail.com";"Saratoga Springs";"NY";1;7179.97;6495.972;"2017-09-19";"2017-09-19";"One Time"
1348;"Yvone Guerrero";"yvone.guerrero@aol.com";"Merrick";"NY";1;12377.96;11183.0335;"2016-01-20";"2016-01-20";"One Time"
1349;"Kami Rios";"kami.rios@yahoo.com";"Encino";"CA";1;10278.95;9278.6539;"2016-09-24";"2016-09-24";"One Time"
1350;"Annett Rush";"annett.rush@hotmail.com";"Rosedale";"NY";1;6779.92;6089.9304;"2016-05-26";"2016-05-26";"One Time"
1351;"Carman Hardy";"carman.hardy@yahoo.com";"Jamestown";"NY";1;2879.95;2465.4572;"2016-05-25";"2016-05-25";"One Time"
1352;"Dorothea Miranda";"dorothea.miranda@aol.com";"Upland";"CA";1;3481.95;3243.7534;"2017-02-08";"2017-02-08";"One Time"
1353;"Agatha Daniels";"agatha.daniels@yahoo.com";"South El Monte";"CA";1;4006.97;3613.7245;"2016-10-31";"2016-10-31";"One Time"
1354;"Alexandria Zamora";"alexandria.zamora@yahoo.com";"Schenectady";"NY";1;4789.96;4475.4635;"2016-03-21";"2016-03-21";"One Time"
1355;"Thad Gilliam";"thad.gilliam@hotmail.com";"Levittown";"NY";1;2069.98;1961.0812;"2016-08-17";"2016-08-17";"One Time"
1356;"Inger Jennings";"inger.jennings@yahoo.com";"Patchogue";"NY";1;1699.97;1359.976;"2016-06-23";"2016-06-23";"One Time"
1357;"Karren Lamb";"karren.lamb@aol.com";"Fresno";"CA";1;599.98;569.981;"2016-07-31";"2016-07-31";"One Time"
1358;"Noble Glover";"noble.glover@gmail.com";"Orchard Park";"NY";1;3979.93;3443.9377;"2016-05-12";"2016-05-12";"One Time"
1359;"Octavia Donaldson";"octavia.donaldson@hotmail.com";"Levittown";"NY";1;6897.96;6543.0622;"2016-10-15";"2016-10-15";"One Time"
1360;"Latashia Travis";"latashia.travis@yahoo.com";"Upland";"CA";1;8610.94;7967.4144;"2016-05-20";"2016-05-20";"One Time"
1361;"Destiny Goodman";"destiny.goodman@msn.com";"Westbury";"NY";1;1437.98;1240.184;"2016-04-12";"2016-04-12";"One Time"
1362;"Christiana Gross";"christiana.gross@yahoo.com";"Orchard Park";"NY";1;4999.95;4299.957;"2016-08-20";"2016-08-20";"One Time"
1363;"Nestor Haynes";"nestor.haynes@msn.com";"Houston";"TX";1;2218.98;1860.5825;"2017-03-18";"2017-03-18";"One Time"
1364;"Grisel Maynard";"grisel.maynard@msn.com";"Ballston Spa";"NY";1;1099.99;989.991;"2017-11-28";"2017-11-28";"One Time"
1365;"Shenna Espinoza";"shenna.espinoza@gmail.com";"Queensbury";"NY";1;5999.98;5699.981;"2016-03-16";"2016-03-16";"One Time"
1366;"Trena Rogers";"trena.rogers@aol.com";"Campbell";"CA";1;1099.98;989.982;"2016-04-28";"2016-04-28";"One Time"
1367;"Lucile Manning";"lucile.manning@yahoo.com";"Campbell";"CA";1;2199.94;2032.4445;"2017-11-16";"2017-11-16";"One Time"
1368;"Veronique Fulton";"veronique.fulton@yahoo.com";"Ballston Spa";"NY";1;10990.93;10216.236;"2016-05-15";"2016-05-15";"One Time"
1369;"Starr Schneider";"starr.schneider@aol.com";"Shirley";"NY";1;718.99;620.092;"2016-03-09";"2016-03-09";"One Time"
1370;"Rona Rojas";"rona.rojas@gmail.com";"San Jose";"CA";1;7999.98;7439.9814;"2017-07-26";"2017-07-26";"One Time"
1371;"Pandora Estes";"pandora.estes@aol.com";"New Hyde Park";"NY";1;1920.98;1734.9325;"2016-09-18";"2016-09-18";"One Time"
1372;"Renna Williams";"renna.williams@hotmail.com";"South Ozone Park";"NY";1;7763.94;7021.1487;"2017-08-20";"2017-08-20";"One Time"
1373;"Lanora Robbins";"lanora.robbins@hotmail.com";"West Babylon";"NY";1;6748.95;5600.0574;"2016-05-08";"2016-05-08";"One Time"
1374;"Juliane Dillard";"juliane.dillard@aol.com";"Glendora";"CA";1;9263.9;8394.4714;"2016-10-22";"2016-10-22";"One Time"
1375;"Carlena Salinas";"carlena.salinas@gmail.com";"Jamaica";"NY";1;3497.96;2915.108;"2016-07-06";"2016-07-06";"One Time"
1376;"Kimberley Reynolds";"kimberley.reynolds@aol.com";"Port Washington";"NY";1;4898.96;4109.065;"2016-05-30";"2016-05-30";"One Time"
1377;"Johana Jacobson";"johana.jacobson@gmail.com";"Rochester";"NY";1;1089.97;997.1724;"2016-09-03";"2016-09-03";"One Time"
1378;"Enoch Rosario";"enoch.rosario@hotmail.com";"Fresno";"CA";1;5101.94;4776.0444;"2016-10-15";"2016-10-15";"One Time"
1379;"Dorine Thornton";"dorine.thornton@gmail.com";"Sunnyside";"NY";1;3029.94;2834.8444;"2017-09-25";"2017-09-25";"One Time"
1380;"Eliz Lynch";"eliz.lynch@hotmail.com";"Uniondale";"NY";1;2899.99;2319.992;"2016-08-31";"2016-08-31";"One Time"
1381;"Mercedez Brooks";"mercedez.brooks@hotmail.com";"Duarte";"CA";1;2599.96;2414.963;"2016-10-14";"2016-10-14";"One Time"
1382;"Wynona Douglas";"wynona.douglas@msn.com";"Harlingen";"TX";1;17988.91;16491.52;"2017-08-26";"2017-08-26";"One Time"
1383;"Desire Mcgowan";"desire.mcgowan@msn.com";"Bakersfield";"CA";1;1583.97;1392.273;"2018-02-16";"2018-02-16";"One Time"
1384;"Elmo Sweeney";"elmo.sweeney@yahoo.com";"San Carlos";"CA";1;3033.94;2518.1494;"2017-12-22";"2017-12-22";"One Time"
1385;"Kenton Hughes";"kenton.hughes@gmail.com";"Canandaigua";"NY";1;2277.96;2006.0629;"2017-03-11";"2017-03-11";"One Time"
1386;"Cesar Wilkins";"cesar.wilkins@hotmail.com";"San Diego";"CA";1;1947.97;1806.4125;"2016-02-12";"2016-02-12";"One Time"
1387;"Phylicia Stout";"phylicia.stout@aol.com";"Canandaigua";"NY";1;1499.98;1199.984;"2016-08-03";"2016-08-03";"One Time"
1388;"Nanette Harris";"nanette.harris@hotmail.com";"East Meadow";"NY";1;3199.99;2559.992;"2017-11-26";"2017-11-26";"One Time"
1389;"Ulrike Chan";"ulrike.chan@aol.com";"Port Chester";"NY";1;1665.98;1499.382;"2017-07-14";"2017-07-14";"One Time"
1390;"Genoveva Lloyd";"genoveva.lloyd@aol.com";"Bayside";"NY";1;5675.93;5333.335;"2017-06-18";"2017-06-18";"One Time"
1391;"Sheryl Chase";"sheryl.chase@gmail.com";"Floral Park";"NY";1;18259.93;17086.9343;"2017-01-17";"2017-01-17";"One Time"
1392;"Trista Lambert";"trista.lambert@gmail.com";"Fairport";"NY";1;6549.97;5922.4725;"2017-08-28";"2017-08-28";"One Time"
1393;"Vivian Deleon";"vivian.deleon@msn.com";"Jamaica";"NY";1;1769.98;1681.481;"2018-01-12";"2018-01-12";"One Time"
1394;"Genny Fields";"genny.fields@msn.com";"Amityville";"NY";1;3269.97;2615.976;"2017-08-31";"2017-08-31";"One Time"
1395;"Eliseo Knight";"eliseo.knight@msn.com";"Woodhaven";"NY";1;5722.95;5220.4734;"2017-04-14";"2017-04-14";"One Time"
1396;"Delma Bailey";"delma.bailey@gmail.com";"Anaheim";"CA";1;6299.98;5984.981;"2017-05-13";"2017-05-13";"One Time"
1397;"Dewayne Herring";"dewayne.herring@aol.com";"Webster";"NY";1;5378.95;4921.1544;"2016-09-06";"2016-09-06";"One Time"
1398;"Nevada Hood";"nevada.hood@aol.com";"Hopewell Junction";"NY";1;8497.97;7688.2721;"2016-12-23";"2016-12-23";"One Time"
1399;"Angelika Perry";"angelika.perry@msn.com";"Canandaigua";"NY";1;2503.95;2319.7539;"2017-02-18";"2017-02-18";"One Time"
1400;"Shayla Hart";"shayla.hart@msn.com";"Woodhaven";"NY";1;3499.98;2928.684;"2016-07-12";"2016-07-12";"One Time"
1401;"Willetta Murphy";"willetta.murphy@msn.com";"East Elmhurst";"NY";1;2359.94;2200.9444;"2017-12-10";"2017-12-10";"One Time"
1402;"Sandee Alvarado";"sandee.alvarado@aol.com";"Depew";"NY";1;999.99;799.992;"2017-04-24";"2017-04-24";"One Time"
1403;"Mila Moody";"mila.moody@gmail.com";"Troy";"NY";1;13287.97;12595.073;"2017-06-21";"2017-06-21";"One Time"
1404;"Loyce Conway";"loyce.conway@aol.com";"Central Islip";"NY";1;3258.96;3015.3129;"2016-12-26";"2016-12-26";"One Time"
1405;"Thanh Figueroa";"thanh.figueroa@yahoo.com";"Mount Vernon";"NY";1;1799.97;1649.9725;"2016-11-18";"2016-11-18";"One Time"
1406;"Farrah Orr";"farrah.orr@msn.com";"New Hyde Park";"NY";1;8389.93;7900.4347;"2016-10-29";"2016-10-29";"One Time"
1407;"Hugh Craft";"hugh.craft@msn.com";"Centereach";"NY";1;2154.97;1856.075;"2017-06-11";"2017-06-11";"One Time"
1408;"Eleanor Mendez";"eleanor.mendez@yahoo.com";"Port Chester";"NY";1;5267.98;4829.1825;"2017-11-23";"2017-11-23";"One Time"
1409;"Lamar Bush";"lamar.bush@msn.com";"Buffalo";"NY";1;2280.96;2093.4135;"2017-12-16";"2017-12-16";"One Time"
1410;"Lurlene Finch";"lurlene.finch@msn.com";"Yonkers";"NY";1;1993.94;1829.6655;"2017-04-29";"2017-04-29";"One Time"
1411;"Shanda Stevenson";"shanda.stevenson@yahoo.com";"Freeport";"NY";1;6120.95;4960.4587;"2018-03-20";"2018-03-20";"One Time"
1412;"Adrien Hunter";"adrien.hunter@yahoo.com";"Rego Park";"NY";1;1299.97;1234.9715;"2017-10-17";"2017-10-17";"One Time"
1413;"Ophelia Decker";"ophelia.decker@yahoo.com";"New Windsor";"NY";1;3409.97;3014.324;"2016-02-10";"2016-02-10";"One Time"
1414;"Sonja Walls";"sonja.walls@aol.com";"Queensbury";"NY";1;189.99;176.6907;"2017-09-24";"2017-09-24";"One Time"
1415;"Harold O'connor";"harold.o'connor@gmail.com";"Santa Cruz";"CA";1;11169.93;9725.8374;"2017-07-09";"2017-07-09";"One Time"
1416;"Miranda Kennedy";"miranda.kennedy@gmail.com";"Astoria";"NY";1;3499.99;3254.9907;"2017-05-01";"2017-05-01";"One Time"
1417;"Jasper Castro";"jasper.castro@aol.com";"Forney";"TX";1;599.98;557.9814;"2017-07-19";"2017-07-19";"One Time"
1418;"Penni Best";"penni.best@msn.com";"Anaheim";"CA";1;4642.95;4162.8555;"2017-07-14";"2017-07-14";"One Time"
1419;"Lurlene Cotton";"lurlene.cotton@yahoo.com";"Pleasanton";"CA";1;5499.99;4399.992;"2018-03-18";"2018-03-18";"One Time"
1420;"Kelsey Noble";"kelsey.noble@hotmail.com";"Mount Vernon";"NY";1;1548.98;1407.552;"2016-05-10";"2016-05-10";"One Time"
1421;"Edris Barrett";"edris.barrett@hotmail.com";"Plattsburgh";"NY";1;19399.93;17494.9405;"2017-10-04";"2017-10-04";"One Time"
1422;"Tempie Jacobson";"tempie.jacobson@hotmail.com";"Smithtown";"NY";1;7832.97;7049.673;"2017-10-13";"2017-10-13";"One Time"
1423;"Dollie Cervantes";"dollie.cervantes@aol.com";"Fort Worth";"TX";1;11886.94;11238.6544;"2017-06-26";"2017-06-26";"One Time"
1424;"Lashunda Cole";"lashunda.cole@hotmail.com";"Monsey";"NY";1;8239.97;6591.976;"2017-09-02";"2017-09-02";"One Time"
1425;"Justina Jenkins";"justina.jenkins@msn.com";"Shirley";"NY";1;5799.98;4639.984;"2016-07-04";"2016-07-04";"One Time"
1426;"Londa Gould";"londa.gould@aol.com";"Corpus Christi";"TX";1;7263.91;6782.3368;"2017-06-22";"2017-06-22";"One Time"
1427;"Mikel Wilkerson";"mikel.wilkerson@msn.com";"Atwater";"CA";1;439.99;351.992;"2017-08-24";"2017-08-24";"One Time"
1428;"Carola Johns";"carola.johns@msn.com";"Santa Cruz";"CA";1;749.99;674.991;"2016-07-19";"2016-07-19";"One Time"
1429;"Lorrie Justice";"lorrie.justice@gmail.com";"Pomona";"CA";1;2248.96;2042.0634;"2016-11-03";"2016-11-03";"One Time"
1430;"Tayna Wade";"tayna.wade@hotmail.com";"Bakersfield";"CA";1;4320.98;3628.5127;"2016-11-22";"2016-11-22";"One Time"
1431;"Mark Benton";"mark.benton@aol.com";"East Elmhurst";"NY";1;1839.96;1705.9632;"2016-03-08";"2016-03-08";"One Time"
1432;"Zona Cameron";"zona.cameron@aol.com";"East Northport";"NY";1;2899.99;2696.9907;"2017-06-19";"2017-06-19";"One Time"
1433;"Nicola Knight";"nicola.knight@aol.com";"Scarsdale";"NY";1;4901.92;4226.2305;"2018-01-16";"2018-01-16";"One Time"
1434;"Elana Miles";"elana.miles@yahoo.com";"Liverpool";"NY";1;1639.96;1530.963;"2016-01-27";"2016-01-27";"One Time"
1435;"Merrie Fowler";"merrie.fowler@aol.com";"Scarsdale";"NY";1;9069.95;8069.6565;"2016-05-22";"2016-05-22";"One Time"
1436;"Macie Ayers";"macie.ayers@msn.com";"Bellmore";"NY";1;10155.92;9334.5094;"2017-04-16";"2017-04-16";"One Time"
1437;"Son Warner";"son.warner@hotmail.com";"Rockville Centre";"NY";1;3999.99;3799.9905;"2016-08-28";"2016-08-28";"One Time"
1438;"Lee Dunn";"lee.dunn@aol.com";"San Jose";"CA";1;14379.93;12980.9387;"2017-06-03";"2017-06-03";"One Time"
1439;"Florrie Little";"florrie.little@yahoo.com";"New Rochelle";"NY";1;10749.91;9919.921;"2017-08-10";"2017-08-10";"One Time"
1440;"Ernest Rollins";"ernest.rollins@yahoo.com";"Oakland Gardens";"NY";1;11218.95;10360.255;"2016-09-28";"2016-09-28";"One Time"
1441;"Jamaal Morrison";"jamaal.morrison@msn.com";"Staten Island";"NY";1;10497.98;9173.3817;"2018-01-26";"2018-01-26";"One Time"
1442;"Cassie Cline";"cassie.cline@gmail.com";"Brooklyn";"NY";1;7841.94;6987.2487;"2017-07-30";"2017-07-30";"One Time"
1443;"Lezlie Lamb";"lezlie.lamb@gmail.com";"Central Islip";"NY";1;11237.95;10372.0934;"2016-11-15";"2016-11-15";"One Time"
1444;"Ivette Estes";"ivette.estes@gmail.com";"Canandaigua";"NY";1;1749.97;1399.976;"2016-12-20";"2016-12-20";"One Time"
1445;"Ester Acevedo";"ester.acevedo@gmail.com";"San Lorenzo";"CA";1;9999.98;7999.984;"2018-03-07";"2018-03-07";"One Time"
