"store_id";"store_name";"city";"state";"product_id";"product_name";"brand_name";"category_name";"stock_remaining";"stock_status"
1;"Santa Cruz Bikes";"Santa Cruz";"CA";184;"Trek Domane SL 6 Disc - 2018";"Trek";"Road Bikes";4;"Low Stock"
1;"Santa Cruz Bikes";"Santa Cruz";"CA";183;"Trek Domane SL 5 Women's - 2018";"Trek";"Road Bikes";11;"In Stock"
1;"Santa Cruz Bikes";"Santa Cruz";"CA";182;"Trek Domane SL 5 Disc - 2018";"Trek";"Road Bikes";28;"In Stock"
1;"Santa Cruz Bikes";"Santa Cruz";"CA";181;"Trek Domane SL 5 - 2018";"Trek";"Road Bikes";19;"In Stock"
1;"Santa Cruz Bikes";"Santa Cruz";"CA";180;"Trek Domane AL 3 Women's - 2018";"Trek";"Road Bikes";5;"In Stock"
1;"Santa Cruz Bikes";"Santa Cruz";"CA";179;"Trek Domane AL 3 - 2018";"Trek";"Road Bikes";16;"In Stock"
1;"Santa Cruz Bikes";"Santa Cruz";"CA";178;"Trek Domane AL 2 - 2018";"Trek";"Road Bikes";23;"In Stock"
1;"Santa Cruz Bikes";"Santa Cruz";"CA";177;"Trek Domane SLR 6 Disc - 2018";"Trek";"Road Bikes";19;"In Stock"
1;"Santa Cruz Bikes";"Santa Cruz";"CA";176;"Trek Madone 9 Frameset - 2018";"Trek";"Road Bikes";11;"In Stock"
1;"Santa Cruz Bikes";"Santa Cruz";"CA";175;"Trek Domane SLR Frameset - 2018";"Trek";"Road Bikes";2;"Low Stock"
1;"Santa Cruz Bikes";"Santa Cruz";"CA";174;"Trek Domane SLR Disc Frameset - 2018";"Trek";"Road Bikes";26;"In Stock"
1;"Santa Cruz Bikes";"Santa Cruz";"CA";173;"Trek Domane ALR Frameset - 2018";"Trek";"Road Bikes";2;"Low Stock"
1;"Santa Cruz Bikes";"Santa Cruz";"CA";172;"Trek Domane ALR Disc Frameset - 2018";"Trek";"Road Bikes";3;"Low Stock"
1;"Santa Cruz Bikes";"Santa Cruz";"CA";171;"Trek Domane SL 6 - 2018";"Trek";"Road Bikes";3;"Low Stock"
1;"Santa Cruz Bikes";"Santa Cruz";"CA";170;"Trek CrossRip 2 - 2018";"Trek";"Road Bikes";14;"In Stock"
1;"Santa Cruz Bikes";"Santa Cruz";"CA";169;"Trek Emonda SLR 8 - 2018";"Trek";"Road Bikes";25;"In Stock"
1;"Santa Cruz Bikes";"Santa Cruz";"CA";168;"Surly Straggler - 2018";"Surly";"Road Bikes";0;"Out of Stock"
1;"Santa Cruz Bikes";"Santa Cruz";"CA";167;"Surly ECR Frameset - 2018";"Surly";"Road Bikes";28;"In Stock"
1;"Santa Cruz Bikes";"Santa Cruz";"CA";166;"Trek Domane AL 2 Women's - 2018";"Trek";"Road Bikes";23;"In Stock"
1;"Santa Cruz Bikes";"Santa Cruz";"CA";165;"Trek 1120 - 2018";"Trek";"Road Bikes";16;"In Stock"
1;"Santa Cruz Bikes";"Santa Cruz";"CA";164;"Surly Straggler 650b - 2018";"Surly";"Road Bikes";15;"In Stock"
1;"Santa Cruz Bikes";"Santa Cruz";"CA";163;"Surly Pack Rat - 2018";"Surly";"Road Bikes";0;"Out of Stock"
1;"Santa Cruz Bikes";"Santa Cruz";"CA";162;"Trek Emonda SL 6 Disc - 2018";"Trek";"Road Bikes";14;"In Stock"
1;"Santa Cruz Bikes";"Santa Cruz";"CA";161;"Surly ECR - 2018";"Surly";"Road Bikes";17;"In Stock"
1;"Santa Cruz Bikes";"Santa Cruz";"CA";160;"Trek Emonda SLR 6 - 2018";"Trek";"Road Bikes";0;"Out of Stock"
1;"Santa Cruz Bikes";"Santa Cruz";"CA";159;"Trek Emonda ALR 6 - 2018";"Trek";"Road Bikes";18;"In Stock"
1;"Santa Cruz Bikes";"Santa Cruz";"CA";158;"Trek CrossRip 1 - 2018";"Trek";"Road Bikes";11;"In Stock"
1;"Santa Cruz Bikes";"Santa Cruz";"CA";157;"Trek Domane SL Frameset Women's - 2018";"Trek";"Road Bikes";25;"In Stock"
1;"Santa Cruz Bikes";"Santa Cruz";"CA";156;"Trek Domane SL Frameset - 2018";"Trek";"Road Bikes";13;"In Stock"
1;"Santa Cruz Bikes";"Santa Cruz";"CA";155;"Trek Domane SLR 9 Disc - 2018";"Trek";"Road Bikes";8;"In Stock"
1;"Santa Cruz Bikes";"Santa Cruz";"CA";154;"Trek Domane SLR 6 Disc Women's - 2018";"Trek";"Road Bikes";13;"In Stock"
1;"Santa Cruz Bikes";"Santa Cruz";"CA";153;"Trek Domane SL 7 Women's - 2018";"Trek";"Road Bikes";25;"In Stock"
1;"Santa Cruz Bikes";"Santa Cruz";"CA";152;"Trek Domane SL 5 Disc Women's - 2018";"Trek";"Road Bikes";12;"In Stock"
1;"Santa Cruz Bikes";"Santa Cruz";"CA";151;"Trek Domane ALR 4 Disc Women's - 2018";"Trek";"Road Bikes";24;"In Stock"
1;"Santa Cruz Bikes";"Santa Cruz";"CA";150;"Trek Emonda SL 7 - 2018";"Trek";"Road Bikes";22;"In Stock"
1;"Santa Cruz Bikes";"Santa Cruz";"CA";149;"Trek Domane SLR 8 Disc - 2018";"Trek";"Road Bikes";1;"Low Stock"
1;"Santa Cruz Bikes";"Santa Cruz";"CA";148;"Trek Domane SL 8 Disc - 2018";"Trek";"Road Bikes";6;"In Stock"
1;"Santa Cruz Bikes";"Santa Cruz";"CA";147;"Trek Domane ALR 5 Gravel - 2018";"Trek";"Road Bikes";8;"In Stock"
1;"Santa Cruz Bikes";"Santa Cruz";"CA";146;"Trek Domane SLR 6 - 2018";"Trek";"Road Bikes";6;"In Stock"
1;"Santa Cruz Bikes";"Santa Cruz";"CA";145;"Trek Domane ALR 5 Disc - 2018";"Trek";"Road Bikes";5;"In Stock"
1;"Santa Cruz Bikes";"Santa Cruz";"CA";144;"Trek Domane ALR 4 Disc - 2018";"Trek";"Road Bikes";7;"In Stock"
1;"Santa Cruz Bikes";"Santa Cruz";"CA";143;"Trek Domane ALR 3 - 2018";"Trek";"Road Bikes";19;"In Stock"
1;"Santa Cruz Bikes";"Santa Cruz";"CA";59;"Trek Domane S 5 Disc - 2017";"Trek";"Road Bikes";22;"In Stock"
1;"Santa Cruz Bikes";"Santa Cruz";"CA";58;"Trek Madone 9.2 - 2017";"Trek";"Road Bikes";1;"Low Stock"
1;"Santa Cruz Bikes";"Santa Cruz";"CA";57;"Trek Emonda S 5 - 2017";"Trek";"Road Bikes";1;"Low Stock"
1;"Santa Cruz Bikes";"Santa Cruz";"CA";56;"Trek Domane SLR 6 Disc - 2017";"Trek";"Road Bikes";15;"In Stock"
1;"Santa Cruz Bikes";"Santa Cruz";"CA";55;"Trek Domane S 6 - 2017";"Trek";"Road Bikes";11;"In Stock"
1;"Santa Cruz Bikes";"Santa Cruz";"CA";54;"Trek Domane SL Disc Frameset - 2017";"Trek";"Road Bikes";11;"In Stock"
1;"Santa Cruz Bikes";"Santa Cruz";"CA";53;"Surly Ogre Frameset - 2017";"Surly";"Road Bikes";17;"In Stock"
1;"Santa Cruz Bikes";"Santa Cruz";"CA";52;"Surly Steamroller - 2017";"Surly";"Road Bikes";18;"In Stock"
1;"Santa Cruz Bikes";"Santa Cruz";"CA";51;"Trek Silque SLR 8 Women's - 2017";"Trek";"Road Bikes";2;"Low Stock"
1;"Santa Cruz Bikes";"Santa Cruz";"CA";50;"Trek Silque SLR 7 Women's - 2017";"Trek";"Road Bikes";29;"In Stock"
1;"Santa Cruz Bikes";"Santa Cruz";"CA";49;"Trek Domane SL 6 - 2017";"Trek";"Road Bikes";8;"In Stock"
1;"Santa Cruz Bikes";"Santa Cruz";"CA";48;"Trek Emonda S 4 - 2017";"Trek";"Road Bikes";5;"In Stock"
1;"Santa Cruz Bikes";"Santa Cruz";"CA";142;"Trek Fuel EX 8 29 XT - 2018";"Trek";"Mountain Bikes";22;"In Stock"
1;"Santa Cruz Bikes";"Santa Cruz";"CA";141;"Trek Stache 5 - 2018";"Trek";"Mountain Bikes";21;"In Stock"
1;"Santa Cruz Bikes";"Santa Cruz";"CA";140;"Trek Remedy 9.8 27.5 - 2018";"Trek";"Mountain Bikes";3;"Low Stock"
1;"Santa Cruz Bikes";"Santa Cruz";"CA";139;"Trek Remedy 7 27.5 - 2018";"Trek";"Mountain Bikes";17;"In Stock"
1;"Santa Cruz Bikes";"Santa Cruz";"CA";138;"Trek Fuel EX 5 Plus - 2018";"Trek";"Mountain Bikes";6;"In Stock"
1;"Santa Cruz Bikes";"Santa Cruz";"CA";137;"Heller Shagamaw GX1 - 2018";"Heller";"Mountain Bikes";12;"In Stock"
1;"Santa Cruz Bikes";"Santa Cruz";"CA";136;"Trek Procaliber 6 - 2018";"Trek";"Mountain Bikes";12;"In Stock"
1;"Santa Cruz Bikes";"Santa Cruz";"CA";135;"Trek X-Caliber Frameset - 2018";"Trek";"Mountain Bikes";15;"In Stock"
1;"Santa Cruz Bikes";"Santa Cruz";"CA";134;"Trek Remedy 27.5 C Frameset - 2018";"Trek";"Mountain Bikes";26;"In Stock"
1;"Santa Cruz Bikes";"Santa Cruz";"CA";133;"Trek Procaliber Frameset - 2018";"Trek";"Mountain Bikes";9;"In Stock"
1;"Santa Cruz Bikes";"Santa Cruz";"CA";132;"Trek Procal AL Frameset - 2018";"Trek";"Mountain Bikes";1;"Low Stock"
1;"Santa Cruz Bikes";"Santa Cruz";"CA";131;"Heller Bloodhound Trail - 2018";"Heller";"Mountain Bikes";20;"In Stock"
1;"Santa Cruz Bikes";"Santa Cruz";"CA";130;"Trek Stache Carbon Frameset - 2018";"Trek";"Mountain Bikes";22;"In Stock"
1;"Santa Cruz Bikes";"Santa Cruz";"CA";129;"Trek X-Caliber 7 - 2018";"Trek";"Mountain Bikes";21;"In Stock"
1;"Santa Cruz Bikes";"Santa Cruz";"CA";128;"Surly ECR 27.5 - 2018";"Surly";"Mountain Bikes";11;"In Stock"
1;"Santa Cruz Bikes";"Santa Cruz";"CA";127;"Surly Pack Rat Frameset - 2018";"Surly";"Mountain Bikes";12;"In Stock"
1;"Santa Cruz Bikes";"Santa Cruz";"CA";126;"Surly Big Fat Dummy Frameset - 2018";"Surly";"Mountain Bikes";28;"In Stock"
1;"Santa Cruz Bikes";"Santa Cruz";"CA";125;"Trek Kids' Dual Sport - 2018";"Trek";"Mountain Bikes";22;"In Stock"
1;"Santa Cruz Bikes";"Santa Cruz";"CA";124;"Surly Krampus - 2018";"Surly";"Mountain Bikes";23;"In Stock"
1;"Santa Cruz Bikes";"Santa Cruz";"CA";123;"Trek Farley Carbon Frameset - 2018";"Trek";"Mountain Bikes";8;"In Stock"
1;"Santa Cruz Bikes";"Santa Cruz";"CA";122;"Surly Troll Frameset - 2018";"Surly";"Mountain Bikes";22;"In Stock"
1;"Santa Cruz Bikes";"Santa Cruz";"CA";121;"Surly Krampus Frameset - 2018";"Surly";"Mountain Bikes";19;"In Stock"
1;"Santa Cruz Bikes";"Santa Cruz";"CA";120;"Trek Fuel EX 7 29 - 2018";"Trek";"Mountain Bikes";23;"In Stock"
1;"Santa Cruz Bikes";"Santa Cruz";"CA";119;"Trek Kids' Neko - 2018";"Trek";"Mountain Bikes";17;"In Stock"
1;"Santa Cruz Bikes";"Santa Cruz";"CA";118;"Trek X-Caliber 8 - 2018";"Trek";"Mountain Bikes";12;"In Stock"
1;"Santa Cruz Bikes";"Santa Cruz";"CA";117;"Trek Ticket S Frame - 2018";"Trek";"Mountain Bikes";15;"In Stock"
1;"Santa Cruz Bikes";"Santa Cruz";"CA";116;"Trek Marlin 7 - 2017/2018";"Trek";"Mountain Bikes";24;"In Stock"
1;"Santa Cruz Bikes";"Santa Cruz";"CA";115;"Trek Fuel EX 8 29 - 2018";"Trek";"Mountain Bikes";10;"In Stock"
1;"Santa Cruz Bikes";"Santa Cruz";"CA";114;"Trek Marlin 6 - 2018";"Trek";"Mountain Bikes";3;"Low Stock"
1;"Santa Cruz Bikes";"Santa Cruz";"CA";113;"Trek Marlin 5 - 2018";"Trek";"Mountain Bikes";24;"In Stock"
1;"Santa Cruz Bikes";"Santa Cruz";"CA";112;"Trek 820 - 2018";"Trek";"Mountain Bikes";17;"In Stock"
1;"Santa Cruz Bikes";"Santa Cruz";"CA";47;"Trek Remedy 9.8 - 2017";"Trek";"Mountain Bikes";21;"In Stock"
1;"Santa Cruz Bikes";"Santa Cruz";"CA";46;"Haro SR 1.3 - 2017";"Haro";"Mountain Bikes";19;"In Stock"
1;"Santa Cruz Bikes";"Santa Cruz";"CA";45;"Haro SR 1.2 - 2017";"Haro";"Mountain Bikes";15;"In Stock"
1;"Santa Cruz Bikes";"Santa Cruz";"CA";44;"Haro SR 1.1 - 2017";"Haro";"Mountain Bikes";1;"Low Stock"
1;"Santa Cruz Bikes";"Santa Cruz";"CA";43;"Trek Fuel EX 9.8 27.5 Plus - 2017";"Trek";"Mountain Bikes";2;"Low Stock"
1;"Santa Cruz Bikes";"Santa Cruz";"CA";42;"Trek Fuel EX 5 27.5 Plus - 2017";"Trek";"Mountain Bikes";0;"Out of Stock"
1;"Santa Cruz Bikes";"Santa Cruz";"CA";41;"Haro Shift R3 - 2017";"Haro";"Mountain Bikes";10;"In Stock"
1;"Santa Cruz Bikes";"Santa Cruz";"CA";40;"Trek Fuel EX 9.8 29 - 2017";"Trek";"Mountain Bikes";24;"In Stock"
1;"Santa Cruz Bikes";"Santa Cruz";"CA";39;"Trek Stache 5 - 2017";"Trek";"Mountain Bikes";2;"Low Stock"
1;"Santa Cruz Bikes";"Santa Cruz";"CA";38;"Haro Flightline Two 26 Plus - 2017";"Haro";"Mountain Bikes";13;"In Stock"
1;"Santa Cruz Bikes";"Santa Cruz";"CA";37;"Haro Flightline One ST - 2017";"Haro";"Mountain Bikes";12;"In Stock"
1;"Santa Cruz Bikes";"Santa Cruz";"CA";36;"Surly Troll Frameset - 2017";"Surly";"Mountain Bikes";26;"In Stock"
1;"Santa Cruz Bikes";"Santa Cruz";"CA";35;"Sun Bicycles Spider 3i - 2017";"Sun Bicycles";"Mountain Bikes";18;"In Stock"
1;"Santa Cruz Bikes";"Santa Cruz";"CA";34;"Trek Session DH 27.5 Carbon Frameset - 2017";"Trek";"Mountain Bikes";2;"Low Stock"
1;"Santa Cruz Bikes";"Santa Cruz";"CA";33;"Surly Wednesday Frameset - 2017";"Surly";"Mountain Bikes";10;"In Stock"
1;"Santa Cruz Bikes";"Santa Cruz";"CA";32;"Trek Farley Alloy Frameset - 2017";"Trek";"Mountain Bikes";0;"Out of Stock"
1;"Santa Cruz Bikes";"Santa Cruz";"CA";31;"Surly Wednesday - 2017";"Surly";"Mountain Bikes";2;"Low Stock"
1;"Santa Cruz Bikes";"Santa Cruz";"CA";30;"Surly Ice Cream Truck Frameset - 2017";"Surly";"Mountain Bikes";30;"In Stock"
1;"Santa Cruz Bikes";"Santa Cruz";"CA";29;"Trek X-Caliber 8 - 2017";"Trek";"Mountain Bikes";13;"In Stock"
1;"Santa Cruz Bikes";"Santa Cruz";"CA";28;"Surly Karate Monkey 27.5+ Frameset - 2017";"Surly";"Mountain Bikes";20;"In Stock"
1;"Santa Cruz Bikes";"Santa Cruz";"CA";27;"Surly Big Dummy Frameset - 2017";"Surly";"Mountain Bikes";21;"In Stock"
1;"Santa Cruz Bikes";"Santa Cruz";"CA";8;"Trek Remedy 29 Carbon Frameset - 2016";"Trek";"Mountain Bikes";0;"Out of Stock"
1;"Santa Cruz Bikes";"Santa Cruz";"CA";7;"Trek Slash 8 27.5 - 2016";"Trek";"Mountain Bikes";8;"In Stock"
1;"Santa Cruz Bikes";"Santa Cruz";"CA";6;"Surly Ice Cream Truck Frameset - 2016";"Surly";"Mountain Bikes";0;"Out of Stock"
1;"Santa Cruz Bikes";"Santa Cruz";"CA";5;"Heller Shagamaw Frame - 2016";"Heller";"Mountain Bikes";22;"In Stock"
1;"Santa Cruz Bikes";"Santa Cruz";"CA";4;"Trek Fuel EX 8 29 - 2016";"Trek";"Mountain Bikes";23;"In Stock"
1;"Santa Cruz Bikes";"Santa Cruz";"CA";3;"Surly Wednesday Frameset - 2016";"Surly";"Mountain Bikes";6;"In Stock"
1;"Santa Cruz Bikes";"Santa Cruz";"CA";2;"Ritchey Timberwolf Frameset - 2016";"Ritchey";"Mountain Bikes";5;"In Stock"
1;"Santa Cruz Bikes";"Santa Cruz";"CA";1;"Trek 820 - 2016";"Trek";"Mountain Bikes";27;"In Stock"
1;"Santa Cruz Bikes";"Santa Cruz";"CA";205;"Trek Super Commuter+ 8S - 2018";"Trek";"Electric Bikes";9;"In Stock"
1;"Santa Cruz Bikes";"Santa Cruz";"CA";204;"Trek Super Commuter+ 7 - 2018";"Trek";"Electric Bikes";23;"In Stock"
1;"Santa Cruz Bikes";"Santa Cruz";"CA";203;"Trek Powerfly 7 FS - 2018";"Trek";"Electric Bikes";4;"Low Stock"
1;"Santa Cruz Bikes";"Santa Cruz";"CA";202;"Trek Powerfly 5 Women's - 2018";"Trek";"Electric Bikes";5;"In Stock"
1;"Santa Cruz Bikes";"Santa Cruz";"CA";201;"Trek Powerfly 5 FS - 2018";"Trek";"Electric Bikes";16;"In Stock"
1;"Santa Cruz Bikes";"Santa Cruz";"CA";200;"Trek Powerfly 5 - 2018";"Trek";"Electric Bikes";27;"In Stock"
1;"Santa Cruz Bikes";"Santa Cruz";"CA";199;"Electra Townie Commute Go! Ladies' - 2018";"Electra";"Electric Bikes";2;"Low Stock"
1;"Santa Cruz Bikes";"Santa Cruz";"CA";198;"Electra Townie Commute Go! - 2018";"Electra";"Electric Bikes";1;"Low Stock"
1;"Santa Cruz Bikes";"Santa Cruz";"CA";197;"Trek Verve+ Lowstep - 2018";"Trek";"Electric Bikes";22;"In Stock"
1;"Santa Cruz Bikes";"Santa Cruz";"CA";196;"Trek Verve+ - 2018";"Trek";"Electric Bikes";26;"In Stock"
1;"Santa Cruz Bikes";"Santa Cruz";"CA";195;"Electra Townie Go! 8i Ladies' - 2018";"Electra";"Electric Bikes";1;"Low Stock"
1;"Santa Cruz Bikes";"Santa Cruz";"CA";194;"Trek XM700+ - 2018";"Trek";"Electric Bikes";24;"In Stock"
1;"Santa Cruz Bikes";"Santa Cruz";"CA";193;"Trek Lift+ - 2018";"Trek";"Electric Bikes";30;"In Stock"
1;"Santa Cruz Bikes";"Santa Cruz";"CA";192;"Electra Townie Go! 8i - 2017/2018";"Electra";"Electric Bikes";20;"In Stock"
1;"Santa Cruz Bikes";"Santa Cruz";"CA";191;"Electra Loft Go! 8i - 2018";"Electra";"Electric Bikes";21;"In Stock"
1;"Santa Cruz Bikes";"Santa Cruz";"CA";190;"Trek Dual Sport+ - 2018";"Trek";"Electric Bikes";21;"In Stock"
1;"Santa Cruz Bikes";"Santa Cruz";"CA";189;"Trek Lift+ Lowstep - 2018";"Trek";"Electric Bikes";6;"In Stock"
1;"Santa Cruz Bikes";"Santa Cruz";"CA";188;"Trek XM700+ Lowstep - 2018";"Trek";"Electric Bikes";30;"In Stock"
1;"Santa Cruz Bikes";"Santa Cruz";"CA";187;"Trek Neko+ - 2018";"Trek";"Electric Bikes";16;"In Stock"
1;"Santa Cruz Bikes";"Santa Cruz";"CA";186;"Trek CrossRip+ - 2018";"Trek";"Electric Bikes";1;"Low Stock"
1;"Santa Cruz Bikes";"Santa Cruz";"CA";185;"Trek Conduit+ - 2018";"Trek";"Electric Bikes";3;"Low Stock"
1;"Santa Cruz Bikes";"Santa Cruz";"CA";61;"Trek Powerfly 8 FS Plus - 2017";"Trek";"Electric Bikes";30;"In Stock"
1;"Santa Cruz Bikes";"Santa Cruz";"CA";60;"Sun Bicycles ElectroLite - 2017";"Sun Bicycles";"Electric Bikes";19;"In Stock"
1;"Santa Cruz Bikes";"Santa Cruz";"CA";9;"Trek Conduit+ - 2016";"Trek";"Electric Bikes";11;"In Stock"
1;"Santa Cruz Bikes";"Santa Cruz";"CA";211;"Surly Straggler 650b - 2018";"Surly";"Cyclocross Bicycles";13;"In Stock"
1;"Santa Cruz Bikes";"Santa Cruz";"CA";210;"Surly Straggler - 2018";"Surly";"Cyclocross Bicycles";25;"In Stock"
1;"Santa Cruz Bikes";"Santa Cruz";"CA";209;"Trek Crockett 7 Disc - 2018";"Trek";"Cyclocross Bicycles";22;"In Stock"
1;"Santa Cruz Bikes";"Santa Cruz";"CA";208;"Trek Crockett 5 Disc - 2018";"Trek";"Cyclocross Bicycles";13;"In Stock"
1;"Santa Cruz Bikes";"Santa Cruz";"CA";207;"Trek Boone 7 Disc - 2018";"Trek";"Cyclocross Bicycles";27;"In Stock"
1;"Santa Cruz Bikes";"Santa Cruz";"CA";206;"Trek Boone 5 Disc - 2018";"Trek";"Cyclocross Bicycles";10;"In Stock"
1;"Santa Cruz Bikes";"Santa Cruz";"CA";63;"Trek Boone Race Shop Limited - 2017";"Trek";"Cyclocross Bicycles";4;"Low Stock"
1;"Santa Cruz Bikes";"Santa Cruz";"CA";62;"Trek Boone 7 - 2017";"Trek";"Cyclocross Bicycles";21;"In Stock"
1;"Santa Cruz Bikes";"Santa Cruz";"CA";11;"Surly Straggler 650b - 2016";"Surly";"Cyclocross Bicycles";8;"In Stock"
1;"Santa Cruz Bikes";"Santa Cruz";"CA";10;"Surly Straggler - 2016";"Surly";"Cyclocross Bicycles";15;"In Stock"
1;"Santa Cruz Bikes";"Santa Cruz";"CA";261;"Electra Townie Balloon 7i EQ - 2018";"Electra";"Cruisers Bicycles";3;"Low Stock"
1;"Santa Cruz Bikes";"Santa Cruz";"CA";260;"Electra Townie Balloon 3i EQ Ladies' - 2018";"Electra";"Cruisers Bicycles";20;"In Stock"
1;"Santa Cruz Bikes";"Santa Cruz";"CA";259;"Electra Amsterdam Royal 8i Ladies - 2018";"Electra";"Cruisers Bicycles";10;"In Stock"
1;"Santa Cruz Bikes";"Santa Cruz";"CA";258;"Electra Amsterdam Royal 8i - 2017/2018";"Electra";"Cruisers Bicycles";25;"In Stock"
1;"Santa Cruz Bikes";"Santa Cruz";"CA";257;"Electra Amsterdam Fashion 3i Ladies' - 2017/2018";"Electra";"Cruisers Bicycles";17;"In Stock"
1;"Santa Cruz Bikes";"Santa Cruz";"CA";256;"Electra Townie Commute 27D - 2018";"Electra";"Cruisers Bicycles";20;"In Stock"
1;"Santa Cruz Bikes";"Santa Cruz";"CA";255;"Electra Townie Balloon 7i EQ Ladies' - 2017/2018";"Electra";"Cruisers Bicycles";13;"In Stock"
1;"Santa Cruz Bikes";"Santa Cruz";"CA";254;"Electra Townie Balloon 3i EQ - 2017/2018";"Electra";"Cruisers Bicycles";24;"In Stock"
1;"Santa Cruz Bikes";"Santa Cruz";"CA";253;"Electra Townie Go! 8i Ladies' - 2018";"Electra";"Cruisers Bicycles";16;"In Stock"
1;"Santa Cruz Bikes";"Santa Cruz";"CA";252;"Electra Townie Commute Go! Ladies' - 2018";"Electra";"Cruisers Bicycles";28;"In Stock"
1;"Santa Cruz Bikes";"Santa Cruz";"CA";251;"Electra Townie Commute Go! - 2018";"Electra";"Cruisers Bicycles";2;"Low Stock"
1;"Santa Cruz Bikes";"Santa Cruz";"CA";250;"Electra Townie Go! 8i - 2017/2018";"Electra";"Cruisers Bicycles";3;"Low Stock"
1;"Santa Cruz Bikes";"Santa Cruz";"CA";249;"Electra White Water 3i - 2018";"Electra";"Cruisers Bicycles";27;"In Stock"
1;"Santa Cruz Bikes";"Santa Cruz";"CA";248;"Electra Townie Original 7D EQ Ladies' - 2017/2018";"Electra";"Cruisers Bicycles";14;"In Stock"
1;"Santa Cruz Bikes";"Santa Cruz";"CA";247;"Electra Townie Original 7D EQ - 2018";"Electra";"Cruisers Bicycles";15;"In Stock"
1;"Santa Cruz Bikes";"Santa Cruz";"CA";246;"Electra Townie Original 3i EQ Ladies' - 2018";"Electra";"Cruisers Bicycles";0;"Out of Stock"
1;"Santa Cruz Bikes";"Santa Cruz";"CA";245;"Electra Townie Original 3i EQ - 2017/2018";"Electra";"Cruisers Bicycles";3;"Low Stock"
1;"Santa Cruz Bikes";"Santa Cruz";"CA";244;"Electra Townie Original 21D Ladies' - 2018";"Electra";"Cruisers Bicycles";10;"In Stock"
1;"Santa Cruz Bikes";"Santa Cruz";"CA";243;"Electra Townie Original 21D EQ Ladies' - 2018";"Electra";"Cruisers Bicycles";11;"In Stock"
1;"Santa Cruz Bikes";"Santa Cruz";"CA";242;"Electra Townie Commute 8D Ladies' - 2018";"Electra";"Cruisers Bicycles";10;"In Stock"
1;"Santa Cruz Bikes";"Santa Cruz";"CA";241;"Electra Townie Commute 8D - 2018";"Electra";"Cruisers Bicycles";17;"In Stock"
1;"Santa Cruz Bikes";"Santa Cruz";"CA";240;"Electra Townie Commute 27D Ladies - 2018";"Electra";"Cruisers Bicycles";17;"In Stock"
1;"Santa Cruz Bikes";"Santa Cruz";"CA";239;"Electra Townie Balloon 8D EQ Ladies' - 2016/2017/2018";"Electra";"Cruisers Bicycles";28;"In Stock"
1;"Santa Cruz Bikes";"Santa Cruz";"CA";238;"Electra Townie Balloon 8D EQ - 2016/2017/2018";"Electra";"Cruisers Bicycles";20;"In Stock"
1;"Santa Cruz Bikes";"Santa Cruz";"CA";237;"Electra Relic 3i - 2018";"Electra";"Cruisers Bicycles";26;"In Stock"
1;"Santa Cruz Bikes";"Santa Cruz";"CA";236;"Electra Morningstar 3i Ladies' - 2018";"Electra";"Cruisers Bicycles";18;"In Stock"
1;"Santa Cruz Bikes";"Santa Cruz";"CA";235;"Electra Koa 3i Ladies' - 2018";"Electra";"Cruisers Bicycles";7;"In Stock"
1;"Santa Cruz Bikes";"Santa Cruz";"CA";234;"Electra Daydreamer 3i Ladies' - 2018";"Electra";"Cruisers Bicycles";13;"In Stock"
1;"Santa Cruz Bikes";"Santa Cruz";"CA";233;"Electra Cruiser Lux Fat Tire 7D - 2018";"Electra";"Cruisers Bicycles";5;"In Stock"
1;"Santa Cruz Bikes";"Santa Cruz";"CA";232;"Electra Cruiser Lux 7D Ladies' - 2018";"Electra";"Cruisers Bicycles";5;"In Stock"
1;"Santa Cruz Bikes";"Santa Cruz";"CA";231;"Electra Cruiser Lux 3i Ladies' - 2018";"Electra";"Cruisers Bicycles";25;"In Stock"
1;"Santa Cruz Bikes";"Santa Cruz";"CA";230;"Electra Cruiser Lux 1 Ladies' - 2018";"Electra";"Cruisers Bicycles";7;"In Stock"
1;"Santa Cruz Bikes";"Santa Cruz";"CA";229;"Electra Cruiser Lux 1 - 2016/2018";"Electra";"Cruisers Bicycles";27;"In Stock"
1;"Santa Cruz Bikes";"Santa Cruz";"CA";228;"Electra Cruiser 7D Tall - 2016/2018";"Electra";"Cruisers Bicycles";22;"In Stock"
1;"Santa Cruz Bikes";"Santa Cruz";"CA";227;"Electra Cruiser 7D (24-Inch) Ladies' - 2016/2018";"Electra";"Cruisers Bicycles";19;"In Stock"
1;"Santa Cruz Bikes";"Santa Cruz";"CA";226;"Electra Townie Original 21D EQ - 2017/2018";"Electra";"Cruisers Bicycles";18;"In Stock"
1;"Santa Cruz Bikes";"Santa Cruz";"CA";225;"Electra Delivery 3i - 2016/2017/2018";"Electra";"Cruisers Bicycles";24;"In Stock"
1;"Santa Cruz Bikes";"Santa Cruz";"CA";224;"Electra Cruiser Lux 7D - 2018";"Electra";"Cruisers Bicycles";16;"In Stock"
1;"Santa Cruz Bikes";"Santa Cruz";"CA";223;"Electra Cruiser Lux 3i - 2018";"Electra";"Cruisers Bicycles";3;"Low Stock"
1;"Santa Cruz Bikes";"Santa Cruz";"CA";222;"Electra Cruiser 1 Tall - 2016/2018";"Electra";"Cruisers Bicycles";12;"In Stock"
1;"Santa Cruz Bikes";"Santa Cruz";"CA";221;"Electra Cruiser 7D Ladies' - 2016/2018";"Electra";"Cruisers Bicycles";7;"In Stock"
1;"Santa Cruz Bikes";"Santa Cruz";"CA";220;"Electra Cruiser 1 Ladies' - 2018";"Electra";"Cruisers Bicycles";4;"Low Stock"
1;"Santa Cruz Bikes";"Santa Cruz";"CA";219;"Electra Moto 3i - 2018";"Electra";"Cruisers Bicycles";30;"In Stock"
1;"Santa Cruz Bikes";"Santa Cruz";"CA";218;"Electra Cruiser 7D - 2016/2017/2018";"Electra";"Cruisers Bicycles";27;"In Stock"
1;"Santa Cruz Bikes";"Santa Cruz";"CA";217;"Electra Straight 8 3i - 2018";"Electra";"Cruisers Bicycles";11;"In Stock"
1;"Santa Cruz Bikes";"Santa Cruz";"CA";216;"Electra Super Moto 8i - 2018";"Electra";"Cruisers Bicycles";11;"In Stock"
1;"Santa Cruz Bikes";"Santa Cruz";"CA";215;"Electra Queen of Hearts 3i - 2018";"Electra";"Cruisers Bicycles";1;"Low Stock"
1;"Santa Cruz Bikes";"Santa Cruz";"CA";214;"Electra Tiger Shark 3i - 2018";"Electra";"Cruisers Bicycles";4;"Low Stock"
1;"Santa Cruz Bikes";"Santa Cruz";"CA";213;"Electra Cruiser 1 - 2016/2017/2018";"Electra";"Cruisers Bicycles";14;"In Stock"
1;"Santa Cruz Bikes";"Santa Cruz";"CA";212;"Electra Townie Original 21D - 2018";"Electra";"Cruisers Bicycles";17;"In Stock"
1;"Santa Cruz Bikes";"Santa Cruz";"CA";82;"Electra Amsterdam Original 3i Ladies' - 2017";"Electra";"Cruisers Bicycles";1;"Low Stock"
1;"Santa Cruz Bikes";"Santa Cruz";"CA";81;"Electra Amsterdam Fashion 7i Ladies' - 2017";"Electra";"Cruisers Bicycles";25;"In Stock"
1;"Santa Cruz Bikes";"Santa Cruz";"CA";80;"Sun Bicycles Brickell Tandem CB - 2017";"Sun Bicycles";"Cruisers Bicycles";11;"In Stock"
1;"Santa Cruz Bikes";"Santa Cruz";"CA";79;"Sun Bicycles Boardwalk (24-inch Wheels) - 2017";"Sun Bicycles";"Cruisers Bicycles";13;"In Stock"
1;"Santa Cruz Bikes";"Santa Cruz";"CA";78;"Sun Bicycles Biscayne Tandem CB - 2017";"Sun Bicycles";"Cruisers Bicycles";13;"In Stock"
1;"Santa Cruz Bikes";"Santa Cruz";"CA";77;"Electra Glam Punk 3i Ladies' - 2017";"Electra";"Cruisers Bicycles";16;"In Stock"
1;"Santa Cruz Bikes";"Santa Cruz";"CA";76;"Electra Girl's Hawaii 1 16"" - 2017""";"Electra";"Cruisers Bicycles";15;"In Stock"
1;"Santa Cruz Bikes";"Santa Cruz";"CA";75;"Electra Cruiser Lux Fat Tire 1 Ladies - 2017";"Electra";"Cruisers Bicycles";23;"In Stock"
1;"Santa Cruz Bikes";"Santa Cruz";"CA";74;"Electra Cruiser Lux 1 - 2017";"Electra";"Cruisers Bicycles";9;"In Stock"
1;"Santa Cruz Bikes";"Santa Cruz";"CA";73;"Sun Bicycles Brickell Tandem 7 - 2017";"Sun Bicycles";"Cruisers Bicycles";7;"In Stock"
1;"Santa Cruz Bikes";"Santa Cruz";"CA";72;"Sun Bicycles Biscayne Tandem 7 - 2017";"Sun Bicycles";"Cruisers Bicycles";9;"In Stock"
1;"Santa Cruz Bikes";"Santa Cruz";"CA";71;"Sun Bicycles Atlas X-Type - 2017";"Sun Bicycles";"Cruisers Bicycles";25;"In Stock"
1;"Santa Cruz Bikes";"Santa Cruz";"CA";70;"Electra Amsterdam Original 3i - 2015/2017";"Electra";"Cruisers Bicycles";3;"Low Stock"
1;"Santa Cruz Bikes";"Santa Cruz";"CA";69;"Sun Bicycles Cruz 7 - 2017";"Sun Bicycles";"Cruisers Bicycles";4;"Low Stock"
1;"Santa Cruz Bikes";"Santa Cruz";"CA";68;"Sun Bicycles Cruz 3 - 2017";"Sun Bicycles";"Cruisers Bicycles";30;"In Stock"
1;"Santa Cruz Bikes";"Santa Cruz";"CA";67;"Sun Bicycles Revolutions 24 - Girl's - 2017";"Sun Bicycles";"Cruisers Bicycles";19;"In Stock"
1;"Santa Cruz Bikes";"Santa Cruz";"CA";66;"Sun Bicycles Revolutions 24 - 2017";"Sun Bicycles";"Cruisers Bicycles";12;"In Stock"
1;"Santa Cruz Bikes";"Santa Cruz";"CA";65;"Sun Bicycles Lil Bolt Type-R - 2017";"Sun Bicycles";"Cruisers Bicycles";10;"In Stock"
1;"Santa Cruz Bikes";"Santa Cruz";"CA";64;"Electra Townie Original 7D - 2017";"Electra";"Cruisers Bicycles";30;"In Stock"
1;"Santa Cruz Bikes";"Santa Cruz";"CA";20;"Electra Townie Original 7D EQ - Women's - 2016";"Electra";"Cruisers Bicycles";26;"In Stock"
1;"Santa Cruz Bikes";"Santa Cruz";"CA";19;"Pure Cycles William 3-Speed - 2016";"Pure Cycles";"Cruisers Bicycles";4;"Low Stock"
1;"Santa Cruz Bikes";"Santa Cruz";"CA";18;"Pure Cycles Western 3-Speed - Women's - 2015/2016";"Pure Cycles";"Cruisers Bicycles";16;"In Stock"
1;"Santa Cruz Bikes";"Santa Cruz";"CA";17;"Pure Cycles Vine 8-Speed - 2016";"Pure Cycles";"Cruisers Bicycles";2;"Low Stock"
1;"Santa Cruz Bikes";"Santa Cruz";"CA";16;"Electra Townie Original 7D EQ - 2016";"Electra";"Cruisers Bicycles";4;"Low Stock"
1;"Santa Cruz Bikes";"Santa Cruz";"CA";15;"Electra Moto 1 - 2016";"Electra";"Cruisers Bicycles";3;"Low Stock"
1;"Santa Cruz Bikes";"Santa Cruz";"CA";14;"Electra Girl's Hawaii 1 (16-inch) - 2015/2016";"Electra";"Cruisers Bicycles";8;"In Stock"
1;"Santa Cruz Bikes";"Santa Cruz";"CA";13;"Electra Cruiser 1 (24-Inch) - 2016";"Electra";"Cruisers Bicycles";13;"In Stock"
1;"Santa Cruz Bikes";"Santa Cruz";"CA";12;"Electra Townie Original 21D - 2016";"Electra";"Cruisers Bicycles";16;"In Stock"
1;"Santa Cruz Bikes";"Santa Cruz";"CA";313;"Electra Townie Original 1 Ladies' - 2018";"Electra";"Comfort Bicycles";14;"In Stock"
1;"Santa Cruz Bikes";"Santa Cruz";"CA";312;"Electra Townie Commute 8D Ladies' - 2018";"Electra";"Comfort Bicycles";23;"In Stock"
1;"Santa Cruz Bikes";"Santa Cruz";"CA";311;"Electra Townie Commute 8D - 2018";"Electra";"Comfort Bicycles";20;"In Stock"
1;"Santa Cruz Bikes";"Santa Cruz";"CA";310;"Electra Townie Commute 27D Ladies - 2018";"Electra";"Comfort Bicycles";18;"In Stock"
1;"Santa Cruz Bikes";"Santa Cruz";"CA";309;"Electra Townie Commute 27D - 2018";"Electra";"Comfort Bicycles";7;"In Stock"
1;"Santa Cruz Bikes";"Santa Cruz";"CA";308;"Electra Townie Balloon 8D EQ Ladies' - 2016/2017/2018";"Electra";"Comfort Bicycles";23;"In Stock"
1;"Santa Cruz Bikes";"Santa Cruz";"CA";307;"Electra Townie Balloon 8D EQ - 2016/2017/2018";"Electra";"Comfort Bicycles";17;"In Stock"
1;"Santa Cruz Bikes";"Santa Cruz";"CA";306;"Electra Townie Balloon 7i EQ Ladies' - 2017/2018";"Electra";"Comfort Bicycles";21;"In Stock"
1;"Santa Cruz Bikes";"Santa Cruz";"CA";305;"Electra Townie Balloon 3i EQ - 2017/2018";"Electra";"Comfort Bicycles";23;"In Stock"
1;"Santa Cruz Bikes";"Santa Cruz";"CA";304;"Electra Townie Original 21D EQ - 2017/2018";"Electra";"Comfort Bicycles";15;"In Stock"
1;"Santa Cruz Bikes";"Santa Cruz";"CA";303;"Electra Townie Go! 8i - 2017/2018";"Electra";"Comfort Bicycles";12;"In Stock"
1;"Santa Cruz Bikes";"Santa Cruz";"CA";302;"Electra Townie Original 1 - 2018";"Electra";"Comfort Bicycles";0;"Out of Stock"
1;"Santa Cruz Bikes";"Santa Cruz";"CA";301;"Electra Townie Balloon 7i EQ - 2018";"Electra";"Comfort Bicycles";10;"In Stock"
1;"Santa Cruz Bikes";"Santa Cruz";"CA";300;"Electra Townie Balloon 3i EQ Ladies' - 2018";"Electra";"Comfort Bicycles";7;"In Stock"
1;"Santa Cruz Bikes";"Santa Cruz";"CA";299;"Electra Townie Original 21D - 2018";"Electra";"Comfort Bicycles";18;"In Stock"
1;"Santa Cruz Bikes";"Santa Cruz";"CA";111;"Sun Bicycles Drifter 7 - Women's - 2017";"Sun Bicycles";"Comfort Bicycles";11;"In Stock"
1;"Santa Cruz Bikes";"Santa Cruz";"CA";110;"Sun Bicycles Drifter 7 - 2017";"Sun Bicycles";"Comfort Bicycles";1;"Low Stock"
1;"Santa Cruz Bikes";"Santa Cruz";"CA";109;"Sun Bicycles Cruz 7 - Women's - 2017";"Sun Bicycles";"Comfort Bicycles";30;"In Stock"
1;"Santa Cruz Bikes";"Santa Cruz";"CA";108;"Sun Bicycles Cruz 3 - Women's - 2017";"Sun Bicycles";"Comfort Bicycles";15;"In Stock"
1;"Santa Cruz Bikes";"Santa Cruz";"CA";107;"Sun Bicycles Cruz 7 - 2017";"Sun Bicycles";"Comfort Bicycles";20;"In Stock"
1;"Santa Cruz Bikes";"Santa Cruz";"CA";106;"Sun Bicycles Cruz 3 - 2017";"Sun Bicycles";"Comfort Bicycles";30;"In Stock"
1;"Santa Cruz Bikes";"Santa Cruz";"CA";105;"Sun Bicycles Streamway 7 - 2017";"Sun Bicycles";"Comfort Bicycles";7;"In Stock"
1;"Santa Cruz Bikes";"Santa Cruz";"CA";104;"Sun Bicycles Streamway - 2017";"Sun Bicycles";"Comfort Bicycles";25;"In Stock"
1;"Santa Cruz Bikes";"Santa Cruz";"CA";103;"Sun Bicycles Streamway 3 - 2017";"Sun Bicycles";"Comfort Bicycles";13;"In Stock"
1;"Santa Cruz Bikes";"Santa Cruz";"CA";102;"Electra Townie Original 7D - 2017";"Electra";"Comfort Bicycles";9;"In Stock"
1;"Santa Cruz Bikes";"Santa Cruz";"CA";26;"Electra Townie Original 7D EQ - 2016";"Electra";"Comfort Bicycles";16;"In Stock"
1;"Santa Cruz Bikes";"Santa Cruz";"CA";25;"Electra Townie Original 7D - 2015/2016";"Electra";"Comfort Bicycles";10;"In Stock"
1;"Santa Cruz Bikes";"Santa Cruz";"CA";24;"Electra Townie Original 21D - 2016";"Electra";"Comfort Bicycles";10;"In Stock"
1;"Santa Cruz Bikes";"Santa Cruz";"CA";298;"Electra Water Lily 1 (16-inch) - Girl's - 2018";"Electra";"Children Bicycles";26;"In Stock"
1;"Santa Cruz Bikes";"Santa Cruz";"CA";297;"Electra Under-The-Sea 1 16"" - 2018""";"Electra";"Children Bicycles";22;"In Stock"
1;"Santa Cruz Bikes";"Santa Cruz";"CA";296;"Electra Treasure 3i 20"" - 2018""";"Electra";"Children Bicycles";9;"In Stock"
1;"Santa Cruz Bikes";"Santa Cruz";"CA";295;"Electra Treasure 1 20"" - 2018""";"Electra";"Children Bicycles";24;"In Stock"
1;"Santa Cruz Bikes";"Santa Cruz";"CA";294;"Electra Tiger Shark 3i (20-inch) - Boys' - 2018";"Electra";"Children Bicycles";3;"Low Stock"
1;"Santa Cruz Bikes";"Santa Cruz";"CA";293;"Electra Tiger Shark 1 (20-inch) - Boys' - 2018";"Electra";"Children Bicycles";18;"In Stock"
1;"Santa Cruz Bikes";"Santa Cruz";"CA";292;"Electra Sweet Ride 3i (20-inch) - Girls' - 2018";"Electra";"Children Bicycles";30;"In Stock"
1;"Santa Cruz Bikes";"Santa Cruz";"CA";291;"Electra Sweet Ride 1 (20-inch) - Girl's - 2018";"Electra";"Children Bicycles";9;"In Stock"
1;"Santa Cruz Bikes";"Santa Cruz";"CA";290;"Electra Superbolt 3i 20"" - 2018""";"Electra";"Children Bicycles";8;"In Stock"
1;"Santa Cruz Bikes";"Santa Cruz";"CA";289;"Electra Superbolt 1 20"" - 2018""";"Electra";"Children Bicycles";2;"Low Stock"
1;"Santa Cruz Bikes";"Santa Cruz";"CA";288;"Electra Straight 8 1 (20-inch) - Boy's - 2018";"Electra";"Children Bicycles";9;"In Stock"
1;"Santa Cruz Bikes";"Santa Cruz";"CA";287;"Electra Straight 8 1 (16-inch) - Boy's - 2018";"Electra";"Children Bicycles";2;"Low Stock"
1;"Santa Cruz Bikes";"Santa Cruz";"CA";286;"Electra Starship 1 16"" - 2018""";"Electra";"Children Bicycles";28;"In Stock"
1;"Santa Cruz Bikes";"Santa Cruz";"CA";285;"Electra Soft Serve 1 (16-inch) - Girl's - 2018";"Electra";"Children Bicycles";20;"In Stock"
1;"Santa Cruz Bikes";"Santa Cruz";"CA";284;"Electra Savannah 1 (20-inch) - Girl's - 2018";"Electra";"Children Bicycles";27;"In Stock"
1;"Santa Cruz Bikes";"Santa Cruz";"CA";283;"Electra Heartchya 1 (20-inch) - Girl's - 2018";"Electra";"Children Bicycles";10;"In Stock"
1;"Santa Cruz Bikes";"Santa Cruz";"CA";282;"Electra Cyclosaurus 1 (16-inch) - Boy's - 2018";"Electra";"Children Bicycles";6;"In Stock"
1;"Santa Cruz Bikes";"Santa Cruz";"CA";281;"Electra Cruiser 7D (24-Inch) Ladies' - 2016/2018";"Electra";"Children Bicycles";11;"In Stock"
1;"Santa Cruz Bikes";"Santa Cruz";"CA";280;"Trek Superfly 24 - 2017/2018";"Trek";"Children Bicycles";23;"In Stock"
1;"Santa Cruz Bikes";"Santa Cruz";"CA";279;"Trek Precaliber 24 7-speed Girl's - 2018";"Trek";"Children Bicycles";17;"In Stock"
1;"Santa Cruz Bikes";"Santa Cruz";"CA";278;"Trek Precaliber 24 21-speed Girl's - 2018";"Trek";"Children Bicycles";17;"In Stock"
1;"Santa Cruz Bikes";"Santa Cruz";"CA";277;"Trek Precaliber 24 21-speed Boy's - 2018";"Trek";"Children Bicycles";13;"In Stock"
1;"Santa Cruz Bikes";"Santa Cruz";"CA";276;"Trek Precaliber 24 (7-Speed) - Boys - 2018";"Trek";"Children Bicycles";7;"In Stock"
1;"Santa Cruz Bikes";"Santa Cruz";"CA";275;"Trek Precaliber 20 Girl's - 2018";"Trek";"Children Bicycles";28;"In Stock"
1;"Santa Cruz Bikes";"Santa Cruz";"CA";274;"Trek Precaliber 20 Boy's - 2018";"Trek";"Children Bicycles";19;"In Stock"
1;"Santa Cruz Bikes";"Santa Cruz";"CA";273;"Trek Precaliber 20 6-speed Girl's - 2018";"Trek";"Children Bicycles";20;"In Stock"
1;"Santa Cruz Bikes";"Santa Cruz";"CA";272;"Trek Precaliber 20 6-speed Boy's - 2018";"Trek";"Children Bicycles";14;"In Stock"
1;"Santa Cruz Bikes";"Santa Cruz";"CA";271;"Trek Precaliber 16 Girl's - 2018";"Trek";"Children Bicycles";6;"In Stock"
1;"Santa Cruz Bikes";"Santa Cruz";"CA";270;"Trek Precaliber 16 Boy's - 2018";"Trek";"Children Bicycles";16;"In Stock"
1;"Santa Cruz Bikes";"Santa Cruz";"CA";269;"Trek Precaliber 12 Boy's - 2018";"Trek";"Children Bicycles";22;"In Stock"
1;"Santa Cruz Bikes";"Santa Cruz";"CA";268;"Trek Kickster - 2018";"Trek";"Children Bicycles";23;"In Stock"
1;"Santa Cruz Bikes";"Santa Cruz";"CA";267;"Trek Precaliber 12 Girl's - 2018";"Trek";"Children Bicycles";27;"In Stock"
1;"Santa Cruz Bikes";"Santa Cruz";"CA";266;"Trek Superfly 20 - 2018";"Trek";"Children Bicycles";1;"Low Stock"
1;"Santa Cruz Bikes";"Santa Cruz";"CA";265;"Strider Strider 20 Sport - 2018";"Strider";"Children Bicycles";28;"In Stock"
1;"Santa Cruz Bikes";"Santa Cruz";"CA";264;"Strider Sport 16 - 2018";"Strider";"Children Bicycles";16;"In Stock"
1;"Santa Cruz Bikes";"Santa Cruz";"CA";263;"Strider Classic 12 Balance Bike - 2018";"Strider";"Children Bicycles";21;"In Stock"
1;"Santa Cruz Bikes";"Santa Cruz";"CA";262;"Trek MT 201 - 2018";"Trek";"Children Bicycles";6;"In Stock"
1;"Santa Cruz Bikes";"Santa Cruz";"CA";101;"Electra Townie 7D (20-inch) - Boys' - 2017";"Electra";"Children Bicycles";17;"In Stock"
1;"Santa Cruz Bikes";"Santa Cruz";"CA";100;"Electra Townie 3i EQ (20-inch) - Boys' - 2017";"Electra";"Children Bicycles";15;"In Stock"
1;"Santa Cruz Bikes";"Santa Cruz";"CA";99;"Electra Sugar Skulls 1 (20-inch) - Girl's - 2017";"Electra";"Children Bicycles";28;"In Stock"
1;"Santa Cruz Bikes";"Santa Cruz";"CA";98;"Electra Straight 8 3i (20-inch) - Boy's - 2017";"Electra";"Children Bicycles";28;"In Stock"
1;"Santa Cruz Bikes";"Santa Cruz";"CA";97;"Electra Savannah 3i (20-inch) - Girl's - 2017";"Electra";"Children Bicycles";20;"In Stock"
1;"Santa Cruz Bikes";"Santa Cruz";"CA";96;"Electra Moto 3i (20-inch) - Boy's - 2017";"Electra";"Children Bicycles";20;"In Stock"
1;"Santa Cruz Bikes";"Santa Cruz";"CA";95;"Electra Girl's Hawaii 1 16"" - 2017""";"Electra";"Children Bicycles";25;"In Stock"
1;"Santa Cruz Bikes";"Santa Cruz";"CA";94;"Haro Shredder Pro 20 - 2017";"Haro";"Children Bicycles";6;"In Stock"
1;"Santa Cruz Bikes";"Santa Cruz";"CA";93;"Haro Shredder 20 Girls - 2017";"Haro";"Children Bicycles";22;"In Stock"
1;"Santa Cruz Bikes";"Santa Cruz";"CA";92;"Haro Shredder 20 - 2017";"Haro";"Children Bicycles";0;"Out of Stock"
1;"Santa Cruz Bikes";"Santa Cruz";"CA";91;"Trek Precaliber 24 (21-Speed) - Girls - 2017";"Trek";"Children Bicycles";8;"In Stock"
1;"Santa Cruz Bikes";"Santa Cruz";"CA";90;"Trek Precaliber 16 Girls - 2017";"Trek";"Children Bicycles";4;"Low Stock"
1;"Santa Cruz Bikes";"Santa Cruz";"CA";89;"Trek Precaliber 16 Boys - 2017";"Trek";"Children Bicycles";9;"In Stock"
1;"Santa Cruz Bikes";"Santa Cruz";"CA";88;"Trek Precaliber 12 Girls - 2017";"Trek";"Children Bicycles";7;"In Stock"
1;"Santa Cruz Bikes";"Santa Cruz";"CA";87;"Trek Precaliber 12 Boys - 2017";"Trek";"Children Bicycles";27;"In Stock"
1;"Santa Cruz Bikes";"Santa Cruz";"CA";86;"Trek Girl's Kickster - 2017";"Trek";"Children Bicycles";19;"In Stock"
1;"Santa Cruz Bikes";"Santa Cruz";"CA";85;"Haro Downtown 16 - 2017";"Haro";"Children Bicycles";23;"In Stock"
1;"Santa Cruz Bikes";"Santa Cruz";"CA";84;"Sun Bicycles Lil Kitt'n - 2017";"Sun Bicycles";"Children Bicycles";11;"In Stock"
1;"Santa Cruz Bikes";"Santa Cruz";"CA";83;"Trek Boy's Kickster - 2015/2017";"Trek";"Children Bicycles";13;"In Stock"
1;"Santa Cruz Bikes";"Santa Cruz";"CA";23;"Electra Girl's Hawaii 1 (20-inch) - 2015/2016";"Electra";"Children Bicycles";9;"In Stock"
1;"Santa Cruz Bikes";"Santa Cruz";"CA";22;"Electra Girl's Hawaii 1 (16-inch) - 2015/2016";"Electra";"Children Bicycles";29;"In Stock"
1;"Santa Cruz Bikes";"Santa Cruz";"CA";21;"Electra Cruiser 1 (24-Inch) - 2016";"Electra";"Children Bicycles";24;"In Stock"
2;"Baldwin Bikes";"Baldwin";"NY";184;"Trek Domane SL 6 Disc - 2018";"Trek";"Road Bikes";0;"Out of Stock"
2;"Baldwin Bikes";"Baldwin";"NY";183;"Trek Domane SL 5 Women's - 2018";"Trek";"Road Bikes";26;"In Stock"
2;"Baldwin Bikes";"Baldwin";"NY";182;"Trek Domane SL 5 Disc - 2018";"Trek";"Road Bikes";21;"In Stock"
2;"Baldwin Bikes";"Baldwin";"NY";181;"Trek Domane SL 5 - 2018";"Trek";"Road Bikes";29;"In Stock"
2;"Baldwin Bikes";"Baldwin";"NY";180;"Trek Domane AL 3 Women's - 2018";"Trek";"Road Bikes";3;"Low Stock"
2;"Baldwin Bikes";"Baldwin";"NY";179;"Trek Domane AL 3 - 2018";"Trek";"Road Bikes";16;"In Stock"
2;"Baldwin Bikes";"Baldwin";"NY";178;"Trek Domane AL 2 - 2018";"Trek";"Road Bikes";1;"Low Stock"
2;"Baldwin Bikes";"Baldwin";"NY";177;"Trek Domane SLR 6 Disc - 2018";"Trek";"Road Bikes";9;"In Stock"
2;"Baldwin Bikes";"Baldwin";"NY";176;"Trek Madone 9 Frameset - 2018";"Trek";"Road Bikes";26;"In Stock"
2;"Baldwin Bikes";"Baldwin";"NY";175;"Trek Domane SLR Frameset - 2018";"Trek";"Road Bikes";0;"Out of Stock"
2;"Baldwin Bikes";"Baldwin";"NY";174;"Trek Domane SLR Disc Frameset - 2018";"Trek";"Road Bikes";8;"In Stock"
2;"Baldwin Bikes";"Baldwin";"NY";173;"Trek Domane ALR Frameset - 2018";"Trek";"Road Bikes";17;"In Stock"
2;"Baldwin Bikes";"Baldwin";"NY";172;"Trek Domane ALR Disc Frameset - 2018";"Trek";"Road Bikes";16;"In Stock"
2;"Baldwin Bikes";"Baldwin";"NY";171;"Trek Domane SL 6 - 2018";"Trek";"Road Bikes";28;"In Stock"
2;"Baldwin Bikes";"Baldwin";"NY";170;"Trek CrossRip 2 - 2018";"Trek";"Road Bikes";2;"Low Stock"
2;"Baldwin Bikes";"Baldwin";"NY";169;"Trek Emonda SLR 8 - 2018";"Trek";"Road Bikes";1;"Low Stock"
2;"Baldwin Bikes";"Baldwin";"NY";168;"Surly Straggler - 2018";"Surly";"Road Bikes";29;"In Stock"
2;"Baldwin Bikes";"Baldwin";"NY";167;"Surly ECR Frameset - 2018";"Surly";"Road Bikes";1;"Low Stock"
2;"Baldwin Bikes";"Baldwin";"NY";166;"Trek Domane AL 2 Women's - 2018";"Trek";"Road Bikes";27;"In Stock"
2;"Baldwin Bikes";"Baldwin";"NY";165;"Trek 1120 - 2018";"Trek";"Road Bikes";6;"In Stock"
2;"Baldwin Bikes";"Baldwin";"NY";164;"Surly Straggler 650b - 2018";"Surly";"Road Bikes";9;"In Stock"
2;"Baldwin Bikes";"Baldwin";"NY";163;"Surly Pack Rat - 2018";"Surly";"Road Bikes";30;"In Stock"
2;"Baldwin Bikes";"Baldwin";"NY";162;"Trek Emonda SL 6 Disc - 2018";"Trek";"Road Bikes";18;"In Stock"
2;"Baldwin Bikes";"Baldwin";"NY";161;"Surly ECR - 2018";"Surly";"Road Bikes";9;"In Stock"
2;"Baldwin Bikes";"Baldwin";"NY";160;"Trek Emonda SLR 6 - 2018";"Trek";"Road Bikes";4;"Low Stock"
2;"Baldwin Bikes";"Baldwin";"NY";159;"Trek Emonda ALR 6 - 2018";"Trek";"Road Bikes";30;"In Stock"
2;"Baldwin Bikes";"Baldwin";"NY";158;"Trek CrossRip 1 - 2018";"Trek";"Road Bikes";0;"Out of Stock"
2;"Baldwin Bikes";"Baldwin";"NY";157;"Trek Domane SL Frameset Women's - 2018";"Trek";"Road Bikes";28;"In Stock"
2;"Baldwin Bikes";"Baldwin";"NY";156;"Trek Domane SL Frameset - 2018";"Trek";"Road Bikes";8;"In Stock"
2;"Baldwin Bikes";"Baldwin";"NY";155;"Trek Domane SLR 9 Disc - 2018";"Trek";"Road Bikes";21;"In Stock"
2;"Baldwin Bikes";"Baldwin";"NY";154;"Trek Domane SLR 6 Disc Women's - 2018";"Trek";"Road Bikes";9;"In Stock"
2;"Baldwin Bikes";"Baldwin";"NY";153;"Trek Domane SL 7 Women's - 2018";"Trek";"Road Bikes";21;"In Stock"
2;"Baldwin Bikes";"Baldwin";"NY";152;"Trek Domane SL 5 Disc Women's - 2018";"Trek";"Road Bikes";21;"In Stock"
2;"Baldwin Bikes";"Baldwin";"NY";151;"Trek Domane ALR 4 Disc Women's - 2018";"Trek";"Road Bikes";2;"Low Stock"
2;"Baldwin Bikes";"Baldwin";"NY";150;"Trek Emonda SL 7 - 2018";"Trek";"Road Bikes";7;"In Stock"
2;"Baldwin Bikes";"Baldwin";"NY";149;"Trek Domane SLR 8 Disc - 2018";"Trek";"Road Bikes";22;"In Stock"
2;"Baldwin Bikes";"Baldwin";"NY";148;"Trek Domane SL 8 Disc - 2018";"Trek";"Road Bikes";27;"In Stock"
2;"Baldwin Bikes";"Baldwin";"NY";147;"Trek Domane ALR 5 Gravel - 2018";"Trek";"Road Bikes";13;"In Stock"
2;"Baldwin Bikes";"Baldwin";"NY";146;"Trek Domane SLR 6 - 2018";"Trek";"Road Bikes";3;"Low Stock"
2;"Baldwin Bikes";"Baldwin";"NY";145;"Trek Domane ALR 5 Disc - 2018";"Trek";"Road Bikes";23;"In Stock"
2;"Baldwin Bikes";"Baldwin";"NY";144;"Trek Domane ALR 4 Disc - 2018";"Trek";"Road Bikes";4;"Low Stock"
2;"Baldwin Bikes";"Baldwin";"NY";143;"Trek Domane ALR 3 - 2018";"Trek";"Road Bikes";12;"In Stock"
2;"Baldwin Bikes";"Baldwin";"NY";59;"Trek Domane S 5 Disc - 2017";"Trek";"Road Bikes";17;"In Stock"
2;"Baldwin Bikes";"Baldwin";"NY";58;"Trek Madone 9.2 - 2017";"Trek";"Road Bikes";15;"In Stock"
2;"Baldwin Bikes";"Baldwin";"NY";57;"Trek Emonda S 5 - 2017";"Trek";"Road Bikes";27;"In Stock"
2;"Baldwin Bikes";"Baldwin";"NY";56;"Trek Domane SLR 6 Disc - 2017";"Trek";"Road Bikes";20;"In Stock"
2;"Baldwin Bikes";"Baldwin";"NY";55;"Trek Domane S 6 - 2017";"Trek";"Road Bikes";5;"In Stock"
2;"Baldwin Bikes";"Baldwin";"NY";54;"Trek Domane SL Disc Frameset - 2017";"Trek";"Road Bikes";6;"In Stock"
2;"Baldwin Bikes";"Baldwin";"NY";53;"Surly Ogre Frameset - 2017";"Surly";"Road Bikes";19;"In Stock"
2;"Baldwin Bikes";"Baldwin";"NY";52;"Surly Steamroller - 2017";"Surly";"Road Bikes";23;"In Stock"
2;"Baldwin Bikes";"Baldwin";"NY";51;"Trek Silque SLR 8 Women's - 2017";"Trek";"Road Bikes";8;"In Stock"
2;"Baldwin Bikes";"Baldwin";"NY";50;"Trek Silque SLR 7 Women's - 2017";"Trek";"Road Bikes";7;"In Stock"
2;"Baldwin Bikes";"Baldwin";"NY";49;"Trek Domane SL 6 - 2017";"Trek";"Road Bikes";4;"Low Stock"
2;"Baldwin Bikes";"Baldwin";"NY";48;"Trek Emonda S 4 - 2017";"Trek";"Road Bikes";20;"In Stock"
2;"Baldwin Bikes";"Baldwin";"NY";142;"Trek Fuel EX 8 29 XT - 2018";"Trek";"Mountain Bikes";24;"In Stock"
2;"Baldwin Bikes";"Baldwin";"NY";141;"Trek Stache 5 - 2018";"Trek";"Mountain Bikes";28;"In Stock"
2;"Baldwin Bikes";"Baldwin";"NY";140;"Trek Remedy 9.8 27.5 - 2018";"Trek";"Mountain Bikes";13;"In Stock"
2;"Baldwin Bikes";"Baldwin";"NY";139;"Trek Remedy 7 27.5 - 2018";"Trek";"Mountain Bikes";24;"In Stock"
2;"Baldwin Bikes";"Baldwin";"NY";138;"Trek Fuel EX 5 Plus - 2018";"Trek";"Mountain Bikes";16;"In Stock"
2;"Baldwin Bikes";"Baldwin";"NY";137;"Heller Shagamaw GX1 - 2018";"Heller";"Mountain Bikes";1;"Low Stock"
2;"Baldwin Bikes";"Baldwin";"NY";136;"Trek Procaliber 6 - 2018";"Trek";"Mountain Bikes";8;"In Stock"
2;"Baldwin Bikes";"Baldwin";"NY";135;"Trek X-Caliber Frameset - 2018";"Trek";"Mountain Bikes";30;"In Stock"
2;"Baldwin Bikes";"Baldwin";"NY";134;"Trek Remedy 27.5 C Frameset - 2018";"Trek";"Mountain Bikes";13;"In Stock"
2;"Baldwin Bikes";"Baldwin";"NY";133;"Trek Procaliber Frameset - 2018";"Trek";"Mountain Bikes";28;"In Stock"
2;"Baldwin Bikes";"Baldwin";"NY";132;"Trek Procal AL Frameset - 2018";"Trek";"Mountain Bikes";6;"In Stock"
2;"Baldwin Bikes";"Baldwin";"NY";131;"Heller Bloodhound Trail - 2018";"Heller";"Mountain Bikes";9;"In Stock"
2;"Baldwin Bikes";"Baldwin";"NY";130;"Trek Stache Carbon Frameset - 2018";"Trek";"Mountain Bikes";17;"In Stock"
2;"Baldwin Bikes";"Baldwin";"NY";129;"Trek X-Caliber 7 - 2018";"Trek";"Mountain Bikes";21;"In Stock"
2;"Baldwin Bikes";"Baldwin";"NY";128;"Surly ECR 27.5 - 2018";"Surly";"Mountain Bikes";28;"In Stock"
2;"Baldwin Bikes";"Baldwin";"NY";127;"Surly Pack Rat Frameset - 2018";"Surly";"Mountain Bikes";12;"In Stock"
2;"Baldwin Bikes";"Baldwin";"NY";126;"Surly Big Fat Dummy Frameset - 2018";"Surly";"Mountain Bikes";13;"In Stock"
2;"Baldwin Bikes";"Baldwin";"NY";125;"Trek Kids' Dual Sport - 2018";"Trek";"Mountain Bikes";10;"In Stock"
2;"Baldwin Bikes";"Baldwin";"NY";124;"Surly Krampus - 2018";"Surly";"Mountain Bikes";4;"Low Stock"
2;"Baldwin Bikes";"Baldwin";"NY";123;"Trek Farley Carbon Frameset - 2018";"Trek";"Mountain Bikes";18;"In Stock"
2;"Baldwin Bikes";"Baldwin";"NY";122;"Surly Troll Frameset - 2018";"Surly";"Mountain Bikes";11;"In Stock"
2;"Baldwin Bikes";"Baldwin";"NY";121;"Surly Krampus Frameset - 2018";"Surly";"Mountain Bikes";3;"Low Stock"
2;"Baldwin Bikes";"Baldwin";"NY";120;"Trek Fuel EX 7 29 - 2018";"Trek";"Mountain Bikes";16;"In Stock"
2;"Baldwin Bikes";"Baldwin";"NY";119;"Trek Kids' Neko - 2018";"Trek";"Mountain Bikes";23;"In Stock"
2;"Baldwin Bikes";"Baldwin";"NY";118;"Trek X-Caliber 8 - 2018";"Trek";"Mountain Bikes";25;"In Stock"
2;"Baldwin Bikes";"Baldwin";"NY";117;"Trek Ticket S Frame - 2018";"Trek";"Mountain Bikes";18;"In Stock"
2;"Baldwin Bikes";"Baldwin";"NY";116;"Trek Marlin 7 - 2017/2018";"Trek";"Mountain Bikes";17;"In Stock"
2;"Baldwin Bikes";"Baldwin";"NY";115;"Trek Fuel EX 8 29 - 2018";"Trek";"Mountain Bikes";19;"In Stock"
2;"Baldwin Bikes";"Baldwin";"NY";114;"Trek Marlin 6 - 2018";"Trek";"Mountain Bikes";12;"In Stock"
2;"Baldwin Bikes";"Baldwin";"NY";113;"Trek Marlin 5 - 2018";"Trek";"Mountain Bikes";7;"In Stock"
2;"Baldwin Bikes";"Baldwin";"NY";112;"Trek 820 - 2018";"Trek";"Mountain Bikes";1;"Low Stock"
2;"Baldwin Bikes";"Baldwin";"NY";47;"Trek Remedy 9.8 - 2017";"Trek";"Mountain Bikes";0;"Out of Stock"
2;"Baldwin Bikes";"Baldwin";"NY";46;"Haro SR 1.3 - 2017";"Haro";"Mountain Bikes";18;"In Stock"
2;"Baldwin Bikes";"Baldwin";"NY";45;"Haro SR 1.2 - 2017";"Haro";"Mountain Bikes";13;"In Stock"
2;"Baldwin Bikes";"Baldwin";"NY";44;"Haro SR 1.1 - 2017";"Haro";"Mountain Bikes";24;"In Stock"
2;"Baldwin Bikes";"Baldwin";"NY";43;"Trek Fuel EX 9.8 27.5 Plus - 2017";"Trek";"Mountain Bikes";2;"Low Stock"
2;"Baldwin Bikes";"Baldwin";"NY";42;"Trek Fuel EX 5 27.5 Plus - 2017";"Trek";"Mountain Bikes";16;"In Stock"
2;"Baldwin Bikes";"Baldwin";"NY";41;"Haro Shift R3 - 2017";"Haro";"Mountain Bikes";6;"In Stock"
2;"Baldwin Bikes";"Baldwin";"NY";40;"Trek Fuel EX 9.8 29 - 2017";"Trek";"Mountain Bikes";15;"In Stock"
2;"Baldwin Bikes";"Baldwin";"NY";39;"Trek Stache 5 - 2017";"Trek";"Mountain Bikes";28;"In Stock"
2;"Baldwin Bikes";"Baldwin";"NY";38;"Haro Flightline Two 26 Plus - 2017";"Haro";"Mountain Bikes";18;"In Stock"
2;"Baldwin Bikes";"Baldwin";"NY";37;"Haro Flightline One ST - 2017";"Haro";"Mountain Bikes";5;"In Stock"
2;"Baldwin Bikes";"Baldwin";"NY";36;"Surly Troll Frameset - 2017";"Surly";"Mountain Bikes";15;"In Stock"
2;"Baldwin Bikes";"Baldwin";"NY";35;"Sun Bicycles Spider 3i - 2017";"Sun Bicycles";"Mountain Bikes";25;"In Stock"
2;"Baldwin Bikes";"Baldwin";"NY";34;"Trek Session DH 27.5 Carbon Frameset - 2017";"Trek";"Mountain Bikes";24;"In Stock"
2;"Baldwin Bikes";"Baldwin";"NY";33;"Surly Wednesday Frameset - 2017";"Surly";"Mountain Bikes";8;"In Stock"
2;"Baldwin Bikes";"Baldwin";"NY";32;"Trek Farley Alloy Frameset - 2017";"Trek";"Mountain Bikes";13;"In Stock"
2;"Baldwin Bikes";"Baldwin";"NY";31;"Surly Wednesday - 2017";"Surly";"Mountain Bikes";10;"In Stock"
2;"Baldwin Bikes";"Baldwin";"NY";30;"Surly Ice Cream Truck Frameset - 2017";"Surly";"Mountain Bikes";17;"In Stock"
2;"Baldwin Bikes";"Baldwin";"NY";29;"Trek X-Caliber 8 - 2017";"Trek";"Mountain Bikes";29;"In Stock"
2;"Baldwin Bikes";"Baldwin";"NY";28;"Surly Karate Monkey 27.5+ Frameset - 2017";"Surly";"Mountain Bikes";25;"In Stock"
2;"Baldwin Bikes";"Baldwin";"NY";27;"Surly Big Dummy Frameset - 2017";"Surly";"Mountain Bikes";10;"In Stock"
2;"Baldwin Bikes";"Baldwin";"NY";8;"Trek Remedy 29 Carbon Frameset - 2016";"Trek";"Mountain Bikes";1;"Low Stock"
2;"Baldwin Bikes";"Baldwin";"NY";7;"Trek Slash 8 27.5 - 2016";"Trek";"Mountain Bikes";8;"In Stock"
2;"Baldwin Bikes";"Baldwin";"NY";6;"Surly Ice Cream Truck Frameset - 2016";"Surly";"Mountain Bikes";11;"In Stock"
2;"Baldwin Bikes";"Baldwin";"NY";5;"Heller Shagamaw Frame - 2016";"Heller";"Mountain Bikes";1;"Low Stock"
2;"Baldwin Bikes";"Baldwin";"NY";4;"Trek Fuel EX 8 29 - 2016";"Trek";"Mountain Bikes";2;"Low Stock"
2;"Baldwin Bikes";"Baldwin";"NY";3;"Surly Wednesday Frameset - 2016";"Surly";"Mountain Bikes";28;"In Stock"
2;"Baldwin Bikes";"Baldwin";"NY";2;"Ritchey Timberwolf Frameset - 2016";"Ritchey";"Mountain Bikes";16;"In Stock"
2;"Baldwin Bikes";"Baldwin";"NY";1;"Trek 820 - 2016";"Trek";"Mountain Bikes";14;"In Stock"
2;"Baldwin Bikes";"Baldwin";"NY";205;"Trek Super Commuter+ 8S - 2018";"Trek";"Electric Bikes";13;"In Stock"
2;"Baldwin Bikes";"Baldwin";"NY";204;"Trek Super Commuter+ 7 - 2018";"Trek";"Electric Bikes";25;"In Stock"
2;"Baldwin Bikes";"Baldwin";"NY";203;"Trek Powerfly 7 FS - 2018";"Trek";"Electric Bikes";7;"In Stock"
2;"Baldwin Bikes";"Baldwin";"NY";202;"Trek Powerfly 5 Women's - 2018";"Trek";"Electric Bikes";1;"Low Stock"
2;"Baldwin Bikes";"Baldwin";"NY";201;"Trek Powerfly 5 FS - 2018";"Trek";"Electric Bikes";24;"In Stock"
2;"Baldwin Bikes";"Baldwin";"NY";200;"Trek Powerfly 5 - 2018";"Trek";"Electric Bikes";11;"In Stock"
2;"Baldwin Bikes";"Baldwin";"NY";199;"Electra Townie Commute Go! Ladies' - 2018";"Electra";"Electric Bikes";13;"In Stock"
2;"Baldwin Bikes";"Baldwin";"NY";198;"Electra Townie Commute Go! - 2018";"Electra";"Electric Bikes";0;"Out of Stock"
2;"Baldwin Bikes";"Baldwin";"NY";197;"Trek Verve+ Lowstep - 2018";"Trek";"Electric Bikes";10;"In Stock"
2;"Baldwin Bikes";"Baldwin";"NY";196;"Trek Verve+ - 2018";"Trek";"Electric Bikes";28;"In Stock"
2;"Baldwin Bikes";"Baldwin";"NY";195;"Electra Townie Go! 8i Ladies' - 2018";"Electra";"Electric Bikes";19;"In Stock"
2;"Baldwin Bikes";"Baldwin";"NY";194;"Trek XM700+ - 2018";"Trek";"Electric Bikes";15;"In Stock"
2;"Baldwin Bikes";"Baldwin";"NY";193;"Trek Lift+ - 2018";"Trek";"Electric Bikes";21;"In Stock"
2;"Baldwin Bikes";"Baldwin";"NY";192;"Electra Townie Go! 8i - 2017/2018";"Electra";"Electric Bikes";0;"Out of Stock"
2;"Baldwin Bikes";"Baldwin";"NY";191;"Electra Loft Go! 8i - 2018";"Electra";"Electric Bikes";15;"In Stock"
2;"Baldwin Bikes";"Baldwin";"NY";190;"Trek Dual Sport+ - 2018";"Trek";"Electric Bikes";18;"In Stock"
2;"Baldwin Bikes";"Baldwin";"NY";189;"Trek Lift+ Lowstep - 2018";"Trek";"Electric Bikes";13;"In Stock"
2;"Baldwin Bikes";"Baldwin";"NY";188;"Trek XM700+ Lowstep - 2018";"Trek";"Electric Bikes";27;"In Stock"
2;"Baldwin Bikes";"Baldwin";"NY";187;"Trek Neko+ - 2018";"Trek";"Electric Bikes";10;"In Stock"
2;"Baldwin Bikes";"Baldwin";"NY";186;"Trek CrossRip+ - 2018";"Trek";"Electric Bikes";16;"In Stock"
2;"Baldwin Bikes";"Baldwin";"NY";185;"Trek Conduit+ - 2018";"Trek";"Electric Bikes";4;"Low Stock"
2;"Baldwin Bikes";"Baldwin";"NY";61;"Trek Powerfly 8 FS Plus - 2017";"Trek";"Electric Bikes";20;"In Stock"
2;"Baldwin Bikes";"Baldwin";"NY";60;"Sun Bicycles ElectroLite - 2017";"Sun Bicycles";"Electric Bikes";1;"Low Stock"
2;"Baldwin Bikes";"Baldwin";"NY";9;"Trek Conduit+ - 2016";"Trek";"Electric Bikes";17;"In Stock"
2;"Baldwin Bikes";"Baldwin";"NY";211;"Surly Straggler 650b - 2018";"Surly";"Cyclocross Bicycles";4;"Low Stock"
2;"Baldwin Bikes";"Baldwin";"NY";210;"Surly Straggler - 2018";"Surly";"Cyclocross Bicycles";10;"In Stock"
2;"Baldwin Bikes";"Baldwin";"NY";209;"Trek Crockett 7 Disc - 2018";"Trek";"Cyclocross Bicycles";11;"In Stock"
2;"Baldwin Bikes";"Baldwin";"NY";208;"Trek Crockett 5 Disc - 2018";"Trek";"Cyclocross Bicycles";12;"In Stock"
2;"Baldwin Bikes";"Baldwin";"NY";207;"Trek Boone 7 Disc - 2018";"Trek";"Cyclocross Bicycles";8;"In Stock"
2;"Baldwin Bikes";"Baldwin";"NY";206;"Trek Boone 5 Disc - 2018";"Trek";"Cyclocross Bicycles";9;"In Stock"
2;"Baldwin Bikes";"Baldwin";"NY";63;"Trek Boone Race Shop Limited - 2017";"Trek";"Cyclocross Bicycles";5;"In Stock"
2;"Baldwin Bikes";"Baldwin";"NY";62;"Trek Boone 7 - 2017";"Trek";"Cyclocross Bicycles";4;"Low Stock"
2;"Baldwin Bikes";"Baldwin";"NY";11;"Surly Straggler 650b - 2016";"Surly";"Cyclocross Bicycles";21;"In Stock"
2;"Baldwin Bikes";"Baldwin";"NY";10;"Surly Straggler - 2016";"Surly";"Cyclocross Bicycles";13;"In Stock"
2;"Baldwin Bikes";"Baldwin";"NY";261;"Electra Townie Balloon 7i EQ - 2018";"Electra";"Cruisers Bicycles";4;"Low Stock"
2;"Baldwin Bikes";"Baldwin";"NY";260;"Electra Townie Balloon 3i EQ Ladies' - 2018";"Electra";"Cruisers Bicycles";20;"In Stock"
2;"Baldwin Bikes";"Baldwin";"NY";259;"Electra Amsterdam Royal 8i Ladies - 2018";"Electra";"Cruisers Bicycles";16;"In Stock"
2;"Baldwin Bikes";"Baldwin";"NY";258;"Electra Amsterdam Royal 8i - 2017/2018";"Electra";"Cruisers Bicycles";10;"In Stock"
2;"Baldwin Bikes";"Baldwin";"NY";257;"Electra Amsterdam Fashion 3i Ladies' - 2017/2018";"Electra";"Cruisers Bicycles";5;"In Stock"
2;"Baldwin Bikes";"Baldwin";"NY";256;"Electra Townie Commute 27D - 2018";"Electra";"Cruisers Bicycles";8;"In Stock"
2;"Baldwin Bikes";"Baldwin";"NY";255;"Electra Townie Balloon 7i EQ Ladies' - 2017/2018";"Electra";"Cruisers Bicycles";12;"In Stock"
2;"Baldwin Bikes";"Baldwin";"NY";254;"Electra Townie Balloon 3i EQ - 2017/2018";"Electra";"Cruisers Bicycles";7;"In Stock"
2;"Baldwin Bikes";"Baldwin";"NY";253;"Electra Townie Go! 8i Ladies' - 2018";"Electra";"Cruisers Bicycles";29;"In Stock"
2;"Baldwin Bikes";"Baldwin";"NY";252;"Electra Townie Commute Go! Ladies' - 2018";"Electra";"Cruisers Bicycles";20;"In Stock"
2;"Baldwin Bikes";"Baldwin";"NY";251;"Electra Townie Commute Go! - 2018";"Electra";"Cruisers Bicycles";0;"Out of Stock"
2;"Baldwin Bikes";"Baldwin";"NY";250;"Electra Townie Go! 8i - 2017/2018";"Electra";"Cruisers Bicycles";23;"In Stock"
2;"Baldwin Bikes";"Baldwin";"NY";249;"Electra White Water 3i - 2018";"Electra";"Cruisers Bicycles";10;"In Stock"
2;"Baldwin Bikes";"Baldwin";"NY";248;"Electra Townie Original 7D EQ Ladies' - 2017/2018";"Electra";"Cruisers Bicycles";26;"In Stock"
2;"Baldwin Bikes";"Baldwin";"NY";247;"Electra Townie Original 7D EQ - 2018";"Electra";"Cruisers Bicycles";16;"In Stock"
2;"Baldwin Bikes";"Baldwin";"NY";246;"Electra Townie Original 3i EQ Ladies' - 2018";"Electra";"Cruisers Bicycles";10;"In Stock"
2;"Baldwin Bikes";"Baldwin";"NY";245;"Electra Townie Original 3i EQ - 2017/2018";"Electra";"Cruisers Bicycles";18;"In Stock"
2;"Baldwin Bikes";"Baldwin";"NY";244;"Electra Townie Original 21D Ladies' - 2018";"Electra";"Cruisers Bicycles";1;"Low Stock"
2;"Baldwin Bikes";"Baldwin";"NY";243;"Electra Townie Original 21D EQ Ladies' - 2018";"Electra";"Cruisers Bicycles";18;"In Stock"
2;"Baldwin Bikes";"Baldwin";"NY";242;"Electra Townie Commute 8D Ladies' - 2018";"Electra";"Cruisers Bicycles";2;"Low Stock"
2;"Baldwin Bikes";"Baldwin";"NY";241;"Electra Townie Commute 8D - 2018";"Electra";"Cruisers Bicycles";24;"In Stock"
2;"Baldwin Bikes";"Baldwin";"NY";240;"Electra Townie Commute 27D Ladies - 2018";"Electra";"Cruisers Bicycles";19;"In Stock"
2;"Baldwin Bikes";"Baldwin";"NY";239;"Electra Townie Balloon 8D EQ Ladies' - 2016/2017/2018";"Electra";"Cruisers Bicycles";17;"In Stock"
2;"Baldwin Bikes";"Baldwin";"NY";238;"Electra Townie Balloon 8D EQ - 2016/2017/2018";"Electra";"Cruisers Bicycles";6;"In Stock"
2;"Baldwin Bikes";"Baldwin";"NY";237;"Electra Relic 3i - 2018";"Electra";"Cruisers Bicycles";30;"In Stock"
2;"Baldwin Bikes";"Baldwin";"NY";236;"Electra Morningstar 3i Ladies' - 2018";"Electra";"Cruisers Bicycles";7;"In Stock"
2;"Baldwin Bikes";"Baldwin";"NY";235;"Electra Koa 3i Ladies' - 2018";"Electra";"Cruisers Bicycles";4;"Low Stock"
2;"Baldwin Bikes";"Baldwin";"NY";234;"Electra Daydreamer 3i Ladies' - 2018";"Electra";"Cruisers Bicycles";12;"In Stock"
2;"Baldwin Bikes";"Baldwin";"NY";233;"Electra Cruiser Lux Fat Tire 7D - 2018";"Electra";"Cruisers Bicycles";25;"In Stock"
2;"Baldwin Bikes";"Baldwin";"NY";232;"Electra Cruiser Lux 7D Ladies' - 2018";"Electra";"Cruisers Bicycles";11;"In Stock"
2;"Baldwin Bikes";"Baldwin";"NY";231;"Electra Cruiser Lux 3i Ladies' - 2018";"Electra";"Cruisers Bicycles";8;"In Stock"
2;"Baldwin Bikes";"Baldwin";"NY";230;"Electra Cruiser Lux 1 Ladies' - 2018";"Electra";"Cruisers Bicycles";25;"In Stock"
2;"Baldwin Bikes";"Baldwin";"NY";229;"Electra Cruiser Lux 1 - 2016/2018";"Electra";"Cruisers Bicycles";29;"In Stock"
2;"Baldwin Bikes";"Baldwin";"NY";228;"Electra Cruiser 7D Tall - 2016/2018";"Electra";"Cruisers Bicycles";7;"In Stock"
2;"Baldwin Bikes";"Baldwin";"NY";227;"Electra Cruiser 7D (24-Inch) Ladies' - 2016/2018";"Electra";"Cruisers Bicycles";12;"In Stock"
2;"Baldwin Bikes";"Baldwin";"NY";226;"Electra Townie Original 21D EQ - 2017/2018";"Electra";"Cruisers Bicycles";5;"In Stock"
2;"Baldwin Bikes";"Baldwin";"NY";225;"Electra Delivery 3i - 2016/2017/2018";"Electra";"Cruisers Bicycles";11;"In Stock"
2;"Baldwin Bikes";"Baldwin";"NY";224;"Electra Cruiser Lux 7D - 2018";"Electra";"Cruisers Bicycles";4;"Low Stock"
2;"Baldwin Bikes";"Baldwin";"NY";223;"Electra Cruiser Lux 3i - 2018";"Electra";"Cruisers Bicycles";7;"In Stock"
2;"Baldwin Bikes";"Baldwin";"NY";222;"Electra Cruiser 1 Tall - 2016/2018";"Electra";"Cruisers Bicycles";30;"In Stock"
2;"Baldwin Bikes";"Baldwin";"NY";221;"Electra Cruiser 7D Ladies' - 2016/2018";"Electra";"Cruisers Bicycles";12;"In Stock"
2;"Baldwin Bikes";"Baldwin";"NY";220;"Electra Cruiser 1 Ladies' - 2018";"Electra";"Cruisers Bicycles";6;"In Stock"
2;"Baldwin Bikes";"Baldwin";"NY";219;"Electra Moto 3i - 2018";"Electra";"Cruisers Bicycles";16;"In Stock"
2;"Baldwin Bikes";"Baldwin";"NY";218;"Electra Cruiser 7D - 2016/2017/2018";"Electra";"Cruisers Bicycles";26;"In Stock"
2;"Baldwin Bikes";"Baldwin";"NY";217;"Electra Straight 8 3i - 2018";"Electra";"Cruisers Bicycles";22;"In Stock"
2;"Baldwin Bikes";"Baldwin";"NY";216;"Electra Super Moto 8i - 2018";"Electra";"Cruisers Bicycles";19;"In Stock"
2;"Baldwin Bikes";"Baldwin";"NY";215;"Electra Queen of Hearts 3i - 2018";"Electra";"Cruisers Bicycles";11;"In Stock"
2;"Baldwin Bikes";"Baldwin";"NY";214;"Electra Tiger Shark 3i - 2018";"Electra";"Cruisers Bicycles";7;"In Stock"
2;"Baldwin Bikes";"Baldwin";"NY";213;"Electra Cruiser 1 - 2016/2017/2018";"Electra";"Cruisers Bicycles";10;"In Stock"
2;"Baldwin Bikes";"Baldwin";"NY";212;"Electra Townie Original 21D - 2018";"Electra";"Cruisers Bicycles";22;"In Stock"
2;"Baldwin Bikes";"Baldwin";"NY";82;"Electra Amsterdam Original 3i Ladies' - 2017";"Electra";"Cruisers Bicycles";4;"Low Stock"
2;"Baldwin Bikes";"Baldwin";"NY";81;"Electra Amsterdam Fashion 7i Ladies' - 2017";"Electra";"Cruisers Bicycles";19;"In Stock"
2;"Baldwin Bikes";"Baldwin";"NY";80;"Sun Bicycles Brickell Tandem CB - 2017";"Sun Bicycles";"Cruisers Bicycles";27;"In Stock"
2;"Baldwin Bikes";"Baldwin";"NY";79;"Sun Bicycles Boardwalk (24-inch Wheels) - 2017";"Sun Bicycles";"Cruisers Bicycles";29;"In Stock"
2;"Baldwin Bikes";"Baldwin";"NY";78;"Sun Bicycles Biscayne Tandem CB - 2017";"Sun Bicycles";"Cruisers Bicycles";4;"Low Stock"
2;"Baldwin Bikes";"Baldwin";"NY";77;"Electra Glam Punk 3i Ladies' - 2017";"Electra";"Cruisers Bicycles";25;"In Stock"
2;"Baldwin Bikes";"Baldwin";"NY";76;"Electra Girl's Hawaii 1 16"" - 2017""";"Electra";"Cruisers Bicycles";20;"In Stock"
2;"Baldwin Bikes";"Baldwin";"NY";75;"Electra Cruiser Lux Fat Tire 1 Ladies - 2017";"Electra";"Cruisers Bicycles";11;"In Stock"
2;"Baldwin Bikes";"Baldwin";"NY";74;"Electra Cruiser Lux 1 - 2017";"Electra";"Cruisers Bicycles";23;"In Stock"
2;"Baldwin Bikes";"Baldwin";"NY";73;"Sun Bicycles Brickell Tandem 7 - 2017";"Sun Bicycles";"Cruisers Bicycles";20;"In Stock"
2;"Baldwin Bikes";"Baldwin";"NY";72;"Sun Bicycles Biscayne Tandem 7 - 2017";"Sun Bicycles";"Cruisers Bicycles";1;"Low Stock"
2;"Baldwin Bikes";"Baldwin";"NY";71;"Sun Bicycles Atlas X-Type - 2017";"Sun Bicycles";"Cruisers Bicycles";30;"In Stock"
2;"Baldwin Bikes";"Baldwin";"NY";70;"Electra Amsterdam Original 3i - 2015/2017";"Electra";"Cruisers Bicycles";6;"In Stock"
2;"Baldwin Bikes";"Baldwin";"NY";69;"Sun Bicycles Cruz 7 - 2017";"Sun Bicycles";"Cruisers Bicycles";22;"In Stock"
2;"Baldwin Bikes";"Baldwin";"NY";68;"Sun Bicycles Cruz 3 - 2017";"Sun Bicycles";"Cruisers Bicycles";23;"In Stock"
2;"Baldwin Bikes";"Baldwin";"NY";67;"Sun Bicycles Revolutions 24 - Girl's - 2017";"Sun Bicycles";"Cruisers Bicycles";8;"In Stock"
2;"Baldwin Bikes";"Baldwin";"NY";66;"Sun Bicycles Revolutions 24 - 2017";"Sun Bicycles";"Cruisers Bicycles";22;"In Stock"
2;"Baldwin Bikes";"Baldwin";"NY";65;"Sun Bicycles Lil Bolt Type-R - 2017";"Sun Bicycles";"Cruisers Bicycles";16;"In Stock"
2;"Baldwin Bikes";"Baldwin";"NY";64;"Electra Townie Original 7D - 2017";"Electra";"Cruisers Bicycles";30;"In Stock"
2;"Baldwin Bikes";"Baldwin";"NY";20;"Electra Townie Original 7D EQ - Women's - 2016";"Electra";"Cruisers Bicycles";20;"In Stock"
2;"Baldwin Bikes";"Baldwin";"NY";19;"Pure Cycles William 3-Speed - 2016";"Pure Cycles";"Cruisers Bicycles";15;"In Stock"
2;"Baldwin Bikes";"Baldwin";"NY";18;"Pure Cycles Western 3-Speed - Women's - 2015/2016";"Pure Cycles";"Cruisers Bicycles";13;"In Stock"
2;"Baldwin Bikes";"Baldwin";"NY";17;"Pure Cycles Vine 8-Speed - 2016";"Pure Cycles";"Cruisers Bicycles";3;"Low Stock"
2;"Baldwin Bikes";"Baldwin";"NY";16;"Electra Townie Original 7D EQ - 2016";"Electra";"Cruisers Bicycles";20;"In Stock"
2;"Baldwin Bikes";"Baldwin";"NY";15;"Electra Moto 1 - 2016";"Electra";"Cruisers Bicycles";6;"In Stock"
2;"Baldwin Bikes";"Baldwin";"NY";14;"Electra Girl's Hawaii 1 (16-inch) - 2015/2016";"Electra";"Cruisers Bicycles";18;"In Stock"
2;"Baldwin Bikes";"Baldwin";"NY";13;"Electra Cruiser 1 (24-Inch) - 2016";"Electra";"Cruisers Bicycles";1;"Low Stock"
2;"Baldwin Bikes";"Baldwin";"NY";12;"Electra Townie Original 21D - 2016";"Electra";"Cruisers Bicycles";2;"Low Stock"
2;"Baldwin Bikes";"Baldwin";"NY";313;"Electra Townie Original 1 Ladies' - 2018";"Electra";"Comfort Bicycles";24;"In Stock"
2;"Baldwin Bikes";"Baldwin";"NY";312;"Electra Townie Commute 8D Ladies' - 2018";"Electra";"Comfort Bicycles";2;"Low Stock"
2;"Baldwin Bikes";"Baldwin";"NY";311;"Electra Townie Commute 8D - 2018";"Electra";"Comfort Bicycles";27;"In Stock"
2;"Baldwin Bikes";"Baldwin";"NY";310;"Electra Townie Commute 27D Ladies - 2018";"Electra";"Comfort Bicycles";5;"In Stock"
2;"Baldwin Bikes";"Baldwin";"NY";309;"Electra Townie Commute 27D - 2018";"Electra";"Comfort Bicycles";9;"In Stock"
2;"Baldwin Bikes";"Baldwin";"NY";308;"Electra Townie Balloon 8D EQ Ladies' - 2016/2017/2018";"Electra";"Comfort Bicycles";15;"In Stock"
2;"Baldwin Bikes";"Baldwin";"NY";307;"Electra Townie Balloon 8D EQ - 2016/2017/2018";"Electra";"Comfort Bicycles";18;"In Stock"
2;"Baldwin Bikes";"Baldwin";"NY";306;"Electra Townie Balloon 7i EQ Ladies' - 2017/2018";"Electra";"Comfort Bicycles";17;"In Stock"
2;"Baldwin Bikes";"Baldwin";"NY";305;"Electra Townie Balloon 3i EQ - 2017/2018";"Electra";"Comfort Bicycles";21;"In Stock"
2;"Baldwin Bikes";"Baldwin";"NY";304;"Electra Townie Original 21D EQ - 2017/2018";"Electra";"Comfort Bicycles";6;"In Stock"
2;"Baldwin Bikes";"Baldwin";"NY";303;"Electra Townie Go! 8i - 2017/2018";"Electra";"Comfort Bicycles";23;"In Stock"
2;"Baldwin Bikes";"Baldwin";"NY";302;"Electra Townie Original 1 - 2018";"Electra";"Comfort Bicycles";6;"In Stock"
2;"Baldwin Bikes";"Baldwin";"NY";301;"Electra Townie Balloon 7i EQ - 2018";"Electra";"Comfort Bicycles";26;"In Stock"
2;"Baldwin Bikes";"Baldwin";"NY";300;"Electra Townie Balloon 3i EQ Ladies' - 2018";"Electra";"Comfort Bicycles";13;"In Stock"
2;"Baldwin Bikes";"Baldwin";"NY";299;"Electra Townie Original 21D - 2018";"Electra";"Comfort Bicycles";0;"Out of Stock"
2;"Baldwin Bikes";"Baldwin";"NY";111;"Sun Bicycles Drifter 7 - Women's - 2017";"Sun Bicycles";"Comfort Bicycles";6;"In Stock"
2;"Baldwin Bikes";"Baldwin";"NY";110;"Sun Bicycles Drifter 7 - 2017";"Sun Bicycles";"Comfort Bicycles";7;"In Stock"
2;"Baldwin Bikes";"Baldwin";"NY";109;"Sun Bicycles Cruz 7 - Women's - 2017";"Sun Bicycles";"Comfort Bicycles";25;"In Stock"
2;"Baldwin Bikes";"Baldwin";"NY";108;"Sun Bicycles Cruz 3 - Women's - 2017";"Sun Bicycles";"Comfort Bicycles";29;"In Stock"
2;"Baldwin Bikes";"Baldwin";"NY";107;"Sun Bicycles Cruz 7 - 2017";"Sun Bicycles";"Comfort Bicycles";29;"In Stock"
2;"Baldwin Bikes";"Baldwin";"NY";106;"Sun Bicycles Cruz 3 - 2017";"Sun Bicycles";"Comfort Bicycles";7;"In Stock"
2;"Baldwin Bikes";"Baldwin";"NY";105;"Sun Bicycles Streamway 7 - 2017";"Sun Bicycles";"Comfort Bicycles";3;"Low Stock"
2;"Baldwin Bikes";"Baldwin";"NY";104;"Sun Bicycles Streamway - 2017";"Sun Bicycles";"Comfort Bicycles";26;"In Stock"
2;"Baldwin Bikes";"Baldwin";"NY";103;"Sun Bicycles Streamway 3 - 2017";"Sun Bicycles";"Comfort Bicycles";1;"Low Stock"
2;"Baldwin Bikes";"Baldwin";"NY";102;"Electra Townie Original 7D - 2017";"Electra";"Comfort Bicycles";12;"In Stock"
2;"Baldwin Bikes";"Baldwin";"NY";26;"Electra Townie Original 7D EQ - 2016";"Electra";"Comfort Bicycles";2;"Low Stock"
2;"Baldwin Bikes";"Baldwin";"NY";25;"Electra Townie Original 7D - 2015/2016";"Electra";"Comfort Bicycles";18;"In Stock"
2;"Baldwin Bikes";"Baldwin";"NY";24;"Electra Townie Original 21D - 2016";"Electra";"Comfort Bicycles";16;"In Stock"
2;"Baldwin Bikes";"Baldwin";"NY";298;"Electra Water Lily 1 (16-inch) - Girl's - 2018";"Electra";"Children Bicycles";27;"In Stock"
2;"Baldwin Bikes";"Baldwin";"NY";297;"Electra Under-The-Sea 1 16"" - 2018""";"Electra";"Children Bicycles";7;"In Stock"
2;"Baldwin Bikes";"Baldwin";"NY";296;"Electra Treasure 3i 20"" - 2018""";"Electra";"Children Bicycles";8;"In Stock"
2;"Baldwin Bikes";"Baldwin";"NY";295;"Electra Treasure 1 20"" - 2018""";"Electra";"Children Bicycles";15;"In Stock"
2;"Baldwin Bikes";"Baldwin";"NY";294;"Electra Tiger Shark 3i (20-inch) - Boys' - 2018";"Electra";"Children Bicycles";7;"In Stock"
2;"Baldwin Bikes";"Baldwin";"NY";293;"Electra Tiger Shark 1 (20-inch) - Boys' - 2018";"Electra";"Children Bicycles";12;"In Stock"
2;"Baldwin Bikes";"Baldwin";"NY";292;"Electra Sweet Ride 3i (20-inch) - Girls' - 2018";"Electra";"Children Bicycles";22;"In Stock"
2;"Baldwin Bikes";"Baldwin";"NY";291;"Electra Sweet Ride 1 (20-inch) - Girl's - 2018";"Electra";"Children Bicycles";22;"In Stock"
2;"Baldwin Bikes";"Baldwin";"NY";290;"Electra Superbolt 3i 20"" - 2018""";"Electra";"Children Bicycles";29;"In Stock"
2;"Baldwin Bikes";"Baldwin";"NY";289;"Electra Superbolt 1 20"" - 2018""";"Electra";"Children Bicycles";5;"In Stock"
2;"Baldwin Bikes";"Baldwin";"NY";288;"Electra Straight 8 1 (20-inch) - Boy's - 2018";"Electra";"Children Bicycles";13;"In Stock"
2;"Baldwin Bikes";"Baldwin";"NY";287;"Electra Straight 8 1 (16-inch) - Boy's - 2018";"Electra";"Children Bicycles";15;"In Stock"
2;"Baldwin Bikes";"Baldwin";"NY";286;"Electra Starship 1 16"" - 2018""";"Electra";"Children Bicycles";3;"Low Stock"
2;"Baldwin Bikes";"Baldwin";"NY";285;"Electra Soft Serve 1 (16-inch) - Girl's - 2018";"Electra";"Children Bicycles";22;"In Stock"
2;"Baldwin Bikes";"Baldwin";"NY";284;"Electra Savannah 1 (20-inch) - Girl's - 2018";"Electra";"Children Bicycles";6;"In Stock"
2;"Baldwin Bikes";"Baldwin";"NY";283;"Electra Heartchya 1 (20-inch) - Girl's - 2018";"Electra";"Children Bicycles";28;"In Stock"
2;"Baldwin Bikes";"Baldwin";"NY";282;"Electra Cyclosaurus 1 (16-inch) - Boy's - 2018";"Electra";"Children Bicycles";8;"In Stock"
2;"Baldwin Bikes";"Baldwin";"NY";281;"Electra Cruiser 7D (24-Inch) Ladies' - 2016/2018";"Electra";"Children Bicycles";3;"Low Stock"
2;"Baldwin Bikes";"Baldwin";"NY";280;"Trek Superfly 24 - 2017/2018";"Trek";"Children Bicycles";11;"In Stock"
2;"Baldwin Bikes";"Baldwin";"NY";279;"Trek Precaliber 24 7-speed Girl's - 2018";"Trek";"Children Bicycles";18;"In Stock"
2;"Baldwin Bikes";"Baldwin";"NY";278;"Trek Precaliber 24 21-speed Girl's - 2018";"Trek";"Children Bicycles";8;"In Stock"
2;"Baldwin Bikes";"Baldwin";"NY";277;"Trek Precaliber 24 21-speed Boy's - 2018";"Trek";"Children Bicycles";4;"Low Stock"
2;"Baldwin Bikes";"Baldwin";"NY";276;"Trek Precaliber 24 (7-Speed) - Boys - 2018";"Trek";"Children Bicycles";9;"In Stock"
2;"Baldwin Bikes";"Baldwin";"NY";275;"Trek Precaliber 20 Girl's - 2018";"Trek";"Children Bicycles";3;"Low Stock"
2;"Baldwin Bikes";"Baldwin";"NY";274;"Trek Precaliber 20 Boy's - 2018";"Trek";"Children Bicycles";15;"In Stock"
2;"Baldwin Bikes";"Baldwin";"NY";273;"Trek Precaliber 20 6-speed Girl's - 2018";"Trek";"Children Bicycles";28;"In Stock"
2;"Baldwin Bikes";"Baldwin";"NY";272;"Trek Precaliber 20 6-speed Boy's - 2018";"Trek";"Children Bicycles";1;"Low Stock"
2;"Baldwin Bikes";"Baldwin";"NY";271;"Trek Precaliber 16 Girl's - 2018";"Trek";"Children Bicycles";26;"In Stock"
2;"Baldwin Bikes";"Baldwin";"NY";270;"Trek Precaliber 16 Boy's - 2018";"Trek";"Children Bicycles";15;"In Stock"
2;"Baldwin Bikes";"Baldwin";"NY";269;"Trek Precaliber 12 Boy's - 2018";"Trek";"Children Bicycles";4;"Low Stock"
2;"Baldwin Bikes";"Baldwin";"NY";268;"Trek Kickster - 2018";"Trek";"Children Bicycles";3;"Low Stock"
2;"Baldwin Bikes";"Baldwin";"NY";267;"Trek Precaliber 12 Girl's - 2018";"Trek";"Children Bicycles";21;"In Stock"
2;"Baldwin Bikes";"Baldwin";"NY";266;"Trek Superfly 20 - 2018";"Trek";"Children Bicycles";18;"In Stock"
2;"Baldwin Bikes";"Baldwin";"NY";265;"Strider Strider 20 Sport - 2018";"Strider";"Children Bicycles";4;"Low Stock"
2;"Baldwin Bikes";"Baldwin";"NY";264;"Strider Sport 16 - 2018";"Strider";"Children Bicycles";13;"In Stock"
2;"Baldwin Bikes";"Baldwin";"NY";263;"Strider Classic 12 Balance Bike - 2018";"Strider";"Children Bicycles";4;"Low Stock"
2;"Baldwin Bikes";"Baldwin";"NY";262;"Trek MT 201 - 2018";"Trek";"Children Bicycles";8;"In Stock"
2;"Baldwin Bikes";"Baldwin";"NY";101;"Electra Townie 7D (20-inch) - Boys' - 2017";"Electra";"Children Bicycles";4;"Low Stock"
2;"Baldwin Bikes";"Baldwin";"NY";100;"Electra Townie 3i EQ (20-inch) - Boys' - 2017";"Electra";"Children Bicycles";12;"In Stock"
2;"Baldwin Bikes";"Baldwin";"NY";99;"Electra Sugar Skulls 1 (20-inch) - Girl's - 2017";"Electra";"Children Bicycles";24;"In Stock"
2;"Baldwin Bikes";"Baldwin";"NY";98;"Electra Straight 8 3i (20-inch) - Boy's - 2017";"Electra";"Children Bicycles";14;"In Stock"
2;"Baldwin Bikes";"Baldwin";"NY";97;"Electra Savannah 3i (20-inch) - Girl's - 2017";"Electra";"Children Bicycles";15;"In Stock"
2;"Baldwin Bikes";"Baldwin";"NY";96;"Electra Moto 3i (20-inch) - Boy's - 2017";"Electra";"Children Bicycles";22;"In Stock"
2;"Baldwin Bikes";"Baldwin";"NY";95;"Electra Girl's Hawaii 1 16"" - 2017""";"Electra";"Children Bicycles";10;"In Stock"
2;"Baldwin Bikes";"Baldwin";"NY";94;"Haro Shredder Pro 20 - 2017";"Haro";"Children Bicycles";2;"Low Stock"
2;"Baldwin Bikes";"Baldwin";"NY";93;"Haro Shredder 20 Girls - 2017";"Haro";"Children Bicycles";22;"In Stock"
2;"Baldwin Bikes";"Baldwin";"NY";92;"Haro Shredder 20 - 2017";"Haro";"Children Bicycles";22;"In Stock"
2;"Baldwin Bikes";"Baldwin";"NY";91;"Trek Precaliber 24 (21-Speed) - Girls - 2017";"Trek";"Children Bicycles";0;"Out of Stock"
2;"Baldwin Bikes";"Baldwin";"NY";90;"Trek Precaliber 16 Girls - 2017";"Trek";"Children Bicycles";26;"In Stock"
2;"Baldwin Bikes";"Baldwin";"NY";89;"Trek Precaliber 16 Boys - 2017";"Trek";"Children Bicycles";8;"In Stock"
2;"Baldwin Bikes";"Baldwin";"NY";88;"Trek Precaliber 12 Girls - 2017";"Trek";"Children Bicycles";8;"In Stock"
2;"Baldwin Bikes";"Baldwin";"NY";87;"Trek Precaliber 12 Boys - 2017";"Trek";"Children Bicycles";14;"In Stock"
2;"Baldwin Bikes";"Baldwin";"NY";86;"Trek Girl's Kickster - 2017";"Trek";"Children Bicycles";24;"In Stock"
2;"Baldwin Bikes";"Baldwin";"NY";85;"Haro Downtown 16 - 2017";"Haro";"Children Bicycles";6;"In Stock"
2;"Baldwin Bikes";"Baldwin";"NY";84;"Sun Bicycles Lil Kitt'n - 2017";"Sun Bicycles";"Children Bicycles";22;"In Stock"
2;"Baldwin Bikes";"Baldwin";"NY";83;"Trek Boy's Kickster - 2015/2017";"Trek";"Children Bicycles";21;"In Stock"
2;"Baldwin Bikes";"Baldwin";"NY";23;"Electra Girl's Hawaii 1 (20-inch) - 2015/2016";"Electra";"Children Bicycles";12;"In Stock"
2;"Baldwin Bikes";"Baldwin";"NY";22;"Electra Girl's Hawaii 1 (16-inch) - 2015/2016";"Electra";"Children Bicycles";0;"Out of Stock"
2;"Baldwin Bikes";"Baldwin";"NY";21;"Electra Cruiser 1 (24-Inch) - 2016";"Electra";"Children Bicycles";16;"In Stock"
3;"Rowlett Bikes";"Rowlett";"TX";184;"Trek Domane SL 6 Disc - 2018";"Trek";"Road Bikes";21;"In Stock"
3;"Rowlett Bikes";"Rowlett";"TX";183;"Trek Domane SL 5 Women's - 2018";"Trek";"Road Bikes";26;"In Stock"
3;"Rowlett Bikes";"Rowlett";"TX";182;"Trek Domane SL 5 Disc - 2018";"Trek";"Road Bikes";28;"In Stock"
3;"Rowlett Bikes";"Rowlett";"TX";181;"Trek Domane SL 5 - 2018";"Trek";"Road Bikes";8;"In Stock"
3;"Rowlett Bikes";"Rowlett";"TX";180;"Trek Domane AL 3 Women's - 2018";"Trek";"Road Bikes";6;"In Stock"
3;"Rowlett Bikes";"Rowlett";"TX";179;"Trek Domane AL 3 - 2018";"Trek";"Road Bikes";20;"In Stock"
3;"Rowlett Bikes";"Rowlett";"TX";178;"Trek Domane AL 2 - 2018";"Trek";"Road Bikes";12;"In Stock"
3;"Rowlett Bikes";"Rowlett";"TX";177;"Trek Domane SLR 6 Disc - 2018";"Trek";"Road Bikes";2;"Low Stock"
3;"Rowlett Bikes";"Rowlett";"TX";176;"Trek Madone 9 Frameset - 2018";"Trek";"Road Bikes";6;"In Stock"
3;"Rowlett Bikes";"Rowlett";"TX";175;"Trek Domane SLR Frameset - 2018";"Trek";"Road Bikes";3;"Low Stock"
3;"Rowlett Bikes";"Rowlett";"TX";174;"Trek Domane SLR Disc Frameset - 2018";"Trek";"Road Bikes";1;"Low Stock"
3;"Rowlett Bikes";"Rowlett";"TX";173;"Trek Domane ALR Frameset - 2018";"Trek";"Road Bikes";15;"In Stock"
3;"Rowlett Bikes";"Rowlett";"TX";172;"Trek Domane ALR Disc Frameset - 2018";"Trek";"Road Bikes";22;"In Stock"
3;"Rowlett Bikes";"Rowlett";"TX";171;"Trek Domane SL 6 - 2018";"Trek";"Road Bikes";11;"In Stock"
3;"Rowlett Bikes";"Rowlett";"TX";170;"Trek CrossRip 2 - 2018";"Trek";"Road Bikes";13;"In Stock"
3;"Rowlett Bikes";"Rowlett";"TX";169;"Trek Emonda SLR 8 - 2018";"Trek";"Road Bikes";3;"Low Stock"
3;"Rowlett Bikes";"Rowlett";"TX";168;"Surly Straggler - 2018";"Surly";"Road Bikes";23;"In Stock"
3;"Rowlett Bikes";"Rowlett";"TX";167;"Surly ECR Frameset - 2018";"Surly";"Road Bikes";8;"In Stock"
3;"Rowlett Bikes";"Rowlett";"TX";166;"Trek Domane AL 2 Women's - 2018";"Trek";"Road Bikes";27;"In Stock"
3;"Rowlett Bikes";"Rowlett";"TX";165;"Trek 1120 - 2018";"Trek";"Road Bikes";19;"In Stock"
3;"Rowlett Bikes";"Rowlett";"TX";164;"Surly Straggler 650b - 2018";"Surly";"Road Bikes";18;"In Stock"
3;"Rowlett Bikes";"Rowlett";"TX";163;"Surly Pack Rat - 2018";"Surly";"Road Bikes";11;"In Stock"
3;"Rowlett Bikes";"Rowlett";"TX";162;"Trek Emonda SL 6 Disc - 2018";"Trek";"Road Bikes";11;"In Stock"
3;"Rowlett Bikes";"Rowlett";"TX";161;"Surly ECR - 2018";"Surly";"Road Bikes";11;"In Stock"
3;"Rowlett Bikes";"Rowlett";"TX";160;"Trek Emonda SLR 6 - 2018";"Trek";"Road Bikes";27;"In Stock"
3;"Rowlett Bikes";"Rowlett";"TX";159;"Trek Emonda ALR 6 - 2018";"Trek";"Road Bikes";6;"In Stock"
3;"Rowlett Bikes";"Rowlett";"TX";158;"Trek CrossRip 1 - 2018";"Trek";"Road Bikes";17;"In Stock"
3;"Rowlett Bikes";"Rowlett";"TX";157;"Trek Domane SL Frameset Women's - 2018";"Trek";"Road Bikes";12;"In Stock"
3;"Rowlett Bikes";"Rowlett";"TX";156;"Trek Domane SL Frameset - 2018";"Trek";"Road Bikes";14;"In Stock"
3;"Rowlett Bikes";"Rowlett";"TX";155;"Trek Domane SLR 9 Disc - 2018";"Trek";"Road Bikes";25;"In Stock"
3;"Rowlett Bikes";"Rowlett";"TX";154;"Trek Domane SLR 6 Disc Women's - 2018";"Trek";"Road Bikes";22;"In Stock"
3;"Rowlett Bikes";"Rowlett";"TX";153;"Trek Domane SL 7 Women's - 2018";"Trek";"Road Bikes";7;"In Stock"
3;"Rowlett Bikes";"Rowlett";"TX";152;"Trek Domane SL 5 Disc Women's - 2018";"Trek";"Road Bikes";1;"Low Stock"
3;"Rowlett Bikes";"Rowlett";"TX";151;"Trek Domane ALR 4 Disc Women's - 2018";"Trek";"Road Bikes";1;"Low Stock"
3;"Rowlett Bikes";"Rowlett";"TX";150;"Trek Emonda SL 7 - 2018";"Trek";"Road Bikes";21;"In Stock"
3;"Rowlett Bikes";"Rowlett";"TX";149;"Trek Domane SLR 8 Disc - 2018";"Trek";"Road Bikes";1;"Low Stock"
3;"Rowlett Bikes";"Rowlett";"TX";148;"Trek Domane SL 8 Disc - 2018";"Trek";"Road Bikes";6;"In Stock"
3;"Rowlett Bikes";"Rowlett";"TX";147;"Trek Domane ALR 5 Gravel - 2018";"Trek";"Road Bikes";3;"Low Stock"
3;"Rowlett Bikes";"Rowlett";"TX";146;"Trek Domane SLR 6 - 2018";"Trek";"Road Bikes";9;"In Stock"
3;"Rowlett Bikes";"Rowlett";"TX";145;"Trek Domane ALR 5 Disc - 2018";"Trek";"Road Bikes";11;"In Stock"
3;"Rowlett Bikes";"Rowlett";"TX";144;"Trek Domane ALR 4 Disc - 2018";"Trek";"Road Bikes";9;"In Stock"
3;"Rowlett Bikes";"Rowlett";"TX";143;"Trek Domane ALR 3 - 2018";"Trek";"Road Bikes";9;"In Stock"
3;"Rowlett Bikes";"Rowlett";"TX";59;"Trek Domane S 5 Disc - 2017";"Trek";"Road Bikes";0;"Out of Stock"
3;"Rowlett Bikes";"Rowlett";"TX";58;"Trek Madone 9.2 - 2017";"Trek";"Road Bikes";27;"In Stock"
3;"Rowlett Bikes";"Rowlett";"TX";57;"Trek Emonda S 5 - 2017";"Trek";"Road Bikes";9;"In Stock"
3;"Rowlett Bikes";"Rowlett";"TX";56;"Trek Domane SLR 6 Disc - 2017";"Trek";"Road Bikes";19;"In Stock"
3;"Rowlett Bikes";"Rowlett";"TX";55;"Trek Domane S 6 - 2017";"Trek";"Road Bikes";5;"In Stock"
3;"Rowlett Bikes";"Rowlett";"TX";54;"Trek Domane SL Disc Frameset - 2017";"Trek";"Road Bikes";13;"In Stock"
3;"Rowlett Bikes";"Rowlett";"TX";53;"Surly Ogre Frameset - 2017";"Surly";"Road Bikes";6;"In Stock"
3;"Rowlett Bikes";"Rowlett";"TX";52;"Surly Steamroller - 2017";"Surly";"Road Bikes";8;"In Stock"
3;"Rowlett Bikes";"Rowlett";"TX";51;"Trek Silque SLR 8 Women's - 2017";"Trek";"Road Bikes";2;"Low Stock"
3;"Rowlett Bikes";"Rowlett";"TX";50;"Trek Silque SLR 7 Women's - 2017";"Trek";"Road Bikes";25;"In Stock"
3;"Rowlett Bikes";"Rowlett";"TX";49;"Trek Domane SL 6 - 2017";"Trek";"Road Bikes";4;"Low Stock"
3;"Rowlett Bikes";"Rowlett";"TX";48;"Trek Emonda S 4 - 2017";"Trek";"Road Bikes";2;"Low Stock"
3;"Rowlett Bikes";"Rowlett";"TX";142;"Trek Fuel EX 8 29 XT - 2018";"Trek";"Mountain Bikes";29;"In Stock"
3;"Rowlett Bikes";"Rowlett";"TX";141;"Trek Stache 5 - 2018";"Trek";"Mountain Bikes";4;"Low Stock"
3;"Rowlett Bikes";"Rowlett";"TX";140;"Trek Remedy 9.8 27.5 - 2018";"Trek";"Mountain Bikes";3;"Low Stock"
3;"Rowlett Bikes";"Rowlett";"TX";139;"Trek Remedy 7 27.5 - 2018";"Trek";"Mountain Bikes";21;"In Stock"
3;"Rowlett Bikes";"Rowlett";"TX";138;"Trek Fuel EX 5 Plus - 2018";"Trek";"Mountain Bikes";17;"In Stock"
3;"Rowlett Bikes";"Rowlett";"TX";137;"Heller Shagamaw GX1 - 2018";"Heller";"Mountain Bikes";17;"In Stock"
3;"Rowlett Bikes";"Rowlett";"TX";136;"Trek Procaliber 6 - 2018";"Trek";"Mountain Bikes";4;"Low Stock"
3;"Rowlett Bikes";"Rowlett";"TX";135;"Trek X-Caliber Frameset - 2018";"Trek";"Mountain Bikes";15;"In Stock"
3;"Rowlett Bikes";"Rowlett";"TX";134;"Trek Remedy 27.5 C Frameset - 2018";"Trek";"Mountain Bikes";17;"In Stock"
3;"Rowlett Bikes";"Rowlett";"TX";133;"Trek Procaliber Frameset - 2018";"Trek";"Mountain Bikes";16;"In Stock"
3;"Rowlett Bikes";"Rowlett";"TX";132;"Trek Procal AL Frameset - 2018";"Trek";"Mountain Bikes";16;"In Stock"
3;"Rowlett Bikes";"Rowlett";"TX";131;"Heller Bloodhound Trail - 2018";"Heller";"Mountain Bikes";23;"In Stock"
3;"Rowlett Bikes";"Rowlett";"TX";130;"Trek Stache Carbon Frameset - 2018";"Trek";"Mountain Bikes";20;"In Stock"
3;"Rowlett Bikes";"Rowlett";"TX";129;"Trek X-Caliber 7 - 2018";"Trek";"Mountain Bikes";10;"In Stock"
3;"Rowlett Bikes";"Rowlett";"TX";128;"Surly ECR 27.5 - 2018";"Surly";"Mountain Bikes";20;"In Stock"
3;"Rowlett Bikes";"Rowlett";"TX";127;"Surly Pack Rat Frameset - 2018";"Surly";"Mountain Bikes";4;"Low Stock"
3;"Rowlett Bikes";"Rowlett";"TX";126;"Surly Big Fat Dummy Frameset - 2018";"Surly";"Mountain Bikes";5;"In Stock"
3;"Rowlett Bikes";"Rowlett";"TX";125;"Trek Kids' Dual Sport - 2018";"Trek";"Mountain Bikes";2;"Low Stock"
3;"Rowlett Bikes";"Rowlett";"TX";124;"Surly Krampus - 2018";"Surly";"Mountain Bikes";11;"In Stock"
3;"Rowlett Bikes";"Rowlett";"TX";123;"Trek Farley Carbon Frameset - 2018";"Trek";"Mountain Bikes";15;"In Stock"
3;"Rowlett Bikes";"Rowlett";"TX";122;"Surly Troll Frameset - 2018";"Surly";"Mountain Bikes";8;"In Stock"
3;"Rowlett Bikes";"Rowlett";"TX";121;"Surly Krampus Frameset - 2018";"Surly";"Mountain Bikes";4;"Low Stock"
3;"Rowlett Bikes";"Rowlett";"TX";120;"Trek Fuel EX 7 29 - 2018";"Trek";"Mountain Bikes";25;"In Stock"
3;"Rowlett Bikes";"Rowlett";"TX";119;"Trek Kids' Neko - 2018";"Trek";"Mountain Bikes";29;"In Stock"
3;"Rowlett Bikes";"Rowlett";"TX";118;"Trek X-Caliber 8 - 2018";"Trek";"Mountain Bikes";9;"In Stock"
3;"Rowlett Bikes";"Rowlett";"TX";117;"Trek Ticket S Frame - 2018";"Trek";"Mountain Bikes";23;"In Stock"
3;"Rowlett Bikes";"Rowlett";"TX";116;"Trek Marlin 7 - 2017/2018";"Trek";"Mountain Bikes";30;"In Stock"
3;"Rowlett Bikes";"Rowlett";"TX";115;"Trek Fuel EX 8 29 - 2018";"Trek";"Mountain Bikes";25;"In Stock"
3;"Rowlett Bikes";"Rowlett";"TX";114;"Trek Marlin 6 - 2018";"Trek";"Mountain Bikes";12;"In Stock"
3;"Rowlett Bikes";"Rowlett";"TX";113;"Trek Marlin 5 - 2018";"Trek";"Mountain Bikes";23;"In Stock"
3;"Rowlett Bikes";"Rowlett";"TX";112;"Trek 820 - 2018";"Trek";"Mountain Bikes";24;"In Stock"
3;"Rowlett Bikes";"Rowlett";"TX";47;"Trek Remedy 9.8 - 2017";"Trek";"Mountain Bikes";14;"In Stock"
3;"Rowlett Bikes";"Rowlett";"TX";46;"Haro SR 1.3 - 2017";"Haro";"Mountain Bikes";16;"In Stock"
3;"Rowlett Bikes";"Rowlett";"TX";45;"Haro SR 1.2 - 2017";"Haro";"Mountain Bikes";1;"Low Stock"
3;"Rowlett Bikes";"Rowlett";"TX";44;"Haro SR 1.1 - 2017";"Haro";"Mountain Bikes";26;"In Stock"
3;"Rowlett Bikes";"Rowlett";"TX";43;"Trek Fuel EX 9.8 27.5 Plus - 2017";"Trek";"Mountain Bikes";26;"In Stock"
3;"Rowlett Bikes";"Rowlett";"TX";42;"Trek Fuel EX 5 27.5 Plus - 2017";"Trek";"Mountain Bikes";9;"In Stock"
3;"Rowlett Bikes";"Rowlett";"TX";41;"Haro Shift R3 - 2017";"Haro";"Mountain Bikes";25;"In Stock"
3;"Rowlett Bikes";"Rowlett";"TX";40;"Trek Fuel EX 9.8 29 - 2017";"Trek";"Mountain Bikes";2;"Low Stock"
3;"Rowlett Bikes";"Rowlett";"TX";39;"Trek Stache 5 - 2017";"Trek";"Mountain Bikes";22;"In Stock"
3;"Rowlett Bikes";"Rowlett";"TX";38;"Haro Flightline Two 26 Plus - 2017";"Haro";"Mountain Bikes";23;"In Stock"
3;"Rowlett Bikes";"Rowlett";"TX";37;"Haro Flightline One ST - 2017";"Haro";"Mountain Bikes";30;"In Stock"
3;"Rowlett Bikes";"Rowlett";"TX";36;"Surly Troll Frameset - 2017";"Surly";"Mountain Bikes";28;"In Stock"
3;"Rowlett Bikes";"Rowlett";"TX";35;"Sun Bicycles Spider 3i - 2017";"Sun Bicycles";"Mountain Bikes";3;"Low Stock"
3;"Rowlett Bikes";"Rowlett";"TX";34;"Trek Session DH 27.5 Carbon Frameset - 2017";"Trek";"Mountain Bikes";6;"In Stock"
3;"Rowlett Bikes";"Rowlett";"TX";33;"Surly Wednesday Frameset - 2017";"Surly";"Mountain Bikes";14;"In Stock"
3;"Rowlett Bikes";"Rowlett";"TX";32;"Trek Farley Alloy Frameset - 2017";"Trek";"Mountain Bikes";14;"In Stock"
3;"Rowlett Bikes";"Rowlett";"TX";31;"Surly Wednesday - 2017";"Surly";"Mountain Bikes";10;"In Stock"
3;"Rowlett Bikes";"Rowlett";"TX";30;"Surly Ice Cream Truck Frameset - 2017";"Surly";"Mountain Bikes";23;"In Stock"
3;"Rowlett Bikes";"Rowlett";"TX";29;"Trek X-Caliber 8 - 2017";"Trek";"Mountain Bikes";11;"In Stock"
3;"Rowlett Bikes";"Rowlett";"TX";28;"Surly Karate Monkey 27.5+ Frameset - 2017";"Surly";"Mountain Bikes";20;"In Stock"
3;"Rowlett Bikes";"Rowlett";"TX";27;"Surly Big Dummy Frameset - 2017";"Surly";"Mountain Bikes";21;"In Stock"
3;"Rowlett Bikes";"Rowlett";"TX";8;"Trek Remedy 29 Carbon Frameset - 2016";"Trek";"Mountain Bikes";12;"In Stock"
3;"Rowlett Bikes";"Rowlett";"TX";7;"Trek Slash 8 27.5 - 2016";"Trek";"Mountain Bikes";12;"In Stock"
3;"Rowlett Bikes";"Rowlett";"TX";6;"Surly Ice Cream Truck Frameset - 2016";"Surly";"Mountain Bikes";27;"In Stock"
3;"Rowlett Bikes";"Rowlett";"TX";5;"Heller Shagamaw Frame - 2016";"Heller";"Mountain Bikes";3;"Low Stock"
3;"Rowlett Bikes";"Rowlett";"TX";4;"Trek Fuel EX 8 29 - 2016";"Trek";"Mountain Bikes";11;"In Stock"
3;"Rowlett Bikes";"Rowlett";"TX";3;"Surly Wednesday Frameset - 2016";"Surly";"Mountain Bikes";0;"Out of Stock"
3;"Rowlett Bikes";"Rowlett";"TX";2;"Ritchey Timberwolf Frameset - 2016";"Ritchey";"Mountain Bikes";24;"In Stock"
3;"Rowlett Bikes";"Rowlett";"TX";1;"Trek 820 - 2016";"Trek";"Mountain Bikes";14;"In Stock"
3;"Rowlett Bikes";"Rowlett";"TX";205;"Trek Super Commuter+ 8S - 2018";"Trek";"Electric Bikes";3;"Low Stock"
3;"Rowlett Bikes";"Rowlett";"TX";204;"Trek Super Commuter+ 7 - 2018";"Trek";"Electric Bikes";16;"In Stock"
3;"Rowlett Bikes";"Rowlett";"TX";203;"Trek Powerfly 7 FS - 2018";"Trek";"Electric Bikes";6;"In Stock"
3;"Rowlett Bikes";"Rowlett";"TX";202;"Trek Powerfly 5 Women's - 2018";"Trek";"Electric Bikes";11;"In Stock"
3;"Rowlett Bikes";"Rowlett";"TX";201;"Trek Powerfly 5 FS - 2018";"Trek";"Electric Bikes";30;"In Stock"
3;"Rowlett Bikes";"Rowlett";"TX";200;"Trek Powerfly 5 - 2018";"Trek";"Electric Bikes";29;"In Stock"
3;"Rowlett Bikes";"Rowlett";"TX";199;"Electra Townie Commute Go! Ladies' - 2018";"Electra";"Electric Bikes";5;"In Stock"
3;"Rowlett Bikes";"Rowlett";"TX";198;"Electra Townie Commute Go! - 2018";"Electra";"Electric Bikes";27;"In Stock"
3;"Rowlett Bikes";"Rowlett";"TX";197;"Trek Verve+ Lowstep - 2018";"Trek";"Electric Bikes";8;"In Stock"
3;"Rowlett Bikes";"Rowlett";"TX";196;"Trek Verve+ - 2018";"Trek";"Electric Bikes";25;"In Stock"
3;"Rowlett Bikes";"Rowlett";"TX";195;"Electra Townie Go! 8i Ladies' - 2018";"Electra";"Electric Bikes";20;"In Stock"
3;"Rowlett Bikes";"Rowlett";"TX";194;"Trek XM700+ - 2018";"Trek";"Electric Bikes";20;"In Stock"
3;"Rowlett Bikes";"Rowlett";"TX";193;"Trek Lift+ - 2018";"Trek";"Electric Bikes";5;"In Stock"
3;"Rowlett Bikes";"Rowlett";"TX";192;"Electra Townie Go! 8i - 2017/2018";"Electra";"Electric Bikes";10;"In Stock"
3;"Rowlett Bikes";"Rowlett";"TX";191;"Electra Loft Go! 8i - 2018";"Electra";"Electric Bikes";23;"In Stock"
3;"Rowlett Bikes";"Rowlett";"TX";190;"Trek Dual Sport+ - 2018";"Trek";"Electric Bikes";20;"In Stock"
3;"Rowlett Bikes";"Rowlett";"TX";189;"Trek Lift+ Lowstep - 2018";"Trek";"Electric Bikes";20;"In Stock"
3;"Rowlett Bikes";"Rowlett";"TX";188;"Trek XM700+ Lowstep - 2018";"Trek";"Electric Bikes";29;"In Stock"
3;"Rowlett Bikes";"Rowlett";"TX";187;"Trek Neko+ - 2018";"Trek";"Electric Bikes";2;"Low Stock"
3;"Rowlett Bikes";"Rowlett";"TX";186;"Trek CrossRip+ - 2018";"Trek";"Electric Bikes";30;"In Stock"
3;"Rowlett Bikes";"Rowlett";"TX";185;"Trek Conduit+ - 2018";"Trek";"Electric Bikes";15;"In Stock"
3;"Rowlett Bikes";"Rowlett";"TX";61;"Trek Powerfly 8 FS Plus - 2017";"Trek";"Electric Bikes";28;"In Stock"
3;"Rowlett Bikes";"Rowlett";"TX";60;"Sun Bicycles ElectroLite - 2017";"Sun Bicycles";"Electric Bikes";7;"In Stock"
3;"Rowlett Bikes";"Rowlett";"TX";9;"Trek Conduit+ - 2016";"Trek";"Electric Bikes";23;"In Stock"
3;"Rowlett Bikes";"Rowlett";"TX";211;"Surly Straggler 650b - 2018";"Surly";"Cyclocross Bicycles";3;"Low Stock"
3;"Rowlett Bikes";"Rowlett";"TX";210;"Surly Straggler - 2018";"Surly";"Cyclocross Bicycles";22;"In Stock"
3;"Rowlett Bikes";"Rowlett";"TX";209;"Trek Crockett 7 Disc - 2018";"Trek";"Cyclocross Bicycles";1;"Low Stock"
3;"Rowlett Bikes";"Rowlett";"TX";208;"Trek Crockett 5 Disc - 2018";"Trek";"Cyclocross Bicycles";12;"In Stock"
3;"Rowlett Bikes";"Rowlett";"TX";207;"Trek Boone 7 Disc - 2018";"Trek";"Cyclocross Bicycles";29;"In Stock"
3;"Rowlett Bikes";"Rowlett";"TX";206;"Trek Boone 5 Disc - 2018";"Trek";"Cyclocross Bicycles";29;"In Stock"
3;"Rowlett Bikes";"Rowlett";"TX";63;"Trek Boone Race Shop Limited - 2017";"Trek";"Cyclocross Bicycles";8;"In Stock"
3;"Rowlett Bikes";"Rowlett";"TX";62;"Trek Boone 7 - 2017";"Trek";"Cyclocross Bicycles";4;"Low Stock"
3;"Rowlett Bikes";"Rowlett";"TX";11;"Surly Straggler 650b - 2016";"Surly";"Cyclocross Bicycles";30;"In Stock"
3;"Rowlett Bikes";"Rowlett";"TX";10;"Surly Straggler - 2016";"Surly";"Cyclocross Bicycles";21;"In Stock"
3;"Rowlett Bikes";"Rowlett";"TX";261;"Electra Townie Balloon 7i EQ - 2018";"Electra";"Cruisers Bicycles";24;"In Stock"
3;"Rowlett Bikes";"Rowlett";"TX";260;"Electra Townie Balloon 3i EQ Ladies' - 2018";"Electra";"Cruisers Bicycles";5;"In Stock"
3;"Rowlett Bikes";"Rowlett";"TX";259;"Electra Amsterdam Royal 8i Ladies - 2018";"Electra";"Cruisers Bicycles";0;"Out of Stock"
3;"Rowlett Bikes";"Rowlett";"TX";258;"Electra Amsterdam Royal 8i - 2017/2018";"Electra";"Cruisers Bicycles";10;"In Stock"
3;"Rowlett Bikes";"Rowlett";"TX";257;"Electra Amsterdam Fashion 3i Ladies' - 2017/2018";"Electra";"Cruisers Bicycles";25;"In Stock"
3;"Rowlett Bikes";"Rowlett";"TX";256;"Electra Townie Commute 27D - 2018";"Electra";"Cruisers Bicycles";1;"Low Stock"
3;"Rowlett Bikes";"Rowlett";"TX";255;"Electra Townie Balloon 7i EQ Ladies' - 2017/2018";"Electra";"Cruisers Bicycles";17;"In Stock"
3;"Rowlett Bikes";"Rowlett";"TX";254;"Electra Townie Balloon 3i EQ - 2017/2018";"Electra";"Cruisers Bicycles";4;"Low Stock"
3;"Rowlett Bikes";"Rowlett";"TX";253;"Electra Townie Go! 8i Ladies' - 2018";"Electra";"Cruisers Bicycles";15;"In Stock"
3;"Rowlett Bikes";"Rowlett";"TX";252;"Electra Townie Commute Go! Ladies' - 2018";"Electra";"Cruisers Bicycles";27;"In Stock"
3;"Rowlett Bikes";"Rowlett";"TX";251;"Electra Townie Commute Go! - 2018";"Electra";"Cruisers Bicycles";10;"In Stock"
3;"Rowlett Bikes";"Rowlett";"TX";250;"Electra Townie Go! 8i - 2017/2018";"Electra";"Cruisers Bicycles";16;"In Stock"
3;"Rowlett Bikes";"Rowlett";"TX";249;"Electra White Water 3i - 2018";"Electra";"Cruisers Bicycles";6;"In Stock"
3;"Rowlett Bikes";"Rowlett";"TX";248;"Electra Townie Original 7D EQ Ladies' - 2017/2018";"Electra";"Cruisers Bicycles";11;"In Stock"
3;"Rowlett Bikes";"Rowlett";"TX";247;"Electra Townie Original 7D EQ - 2018";"Electra";"Cruisers Bicycles";3;"Low Stock"
3;"Rowlett Bikes";"Rowlett";"TX";246;"Electra Townie Original 3i EQ Ladies' - 2018";"Electra";"Cruisers Bicycles";7;"In Stock"
3;"Rowlett Bikes";"Rowlett";"TX";245;"Electra Townie Original 3i EQ - 2017/2018";"Electra";"Cruisers Bicycles";10;"In Stock"
3;"Rowlett Bikes";"Rowlett";"TX";244;"Electra Townie Original 21D Ladies' - 2018";"Electra";"Cruisers Bicycles";5;"In Stock"
3;"Rowlett Bikes";"Rowlett";"TX";243;"Electra Townie Original 21D EQ Ladies' - 2018";"Electra";"Cruisers Bicycles";7;"In Stock"
3;"Rowlett Bikes";"Rowlett";"TX";242;"Electra Townie Commute 8D Ladies' - 2018";"Electra";"Cruisers Bicycles";5;"In Stock"
3;"Rowlett Bikes";"Rowlett";"TX";241;"Electra Townie Commute 8D - 2018";"Electra";"Cruisers Bicycles";8;"In Stock"
3;"Rowlett Bikes";"Rowlett";"TX";240;"Electra Townie Commute 27D Ladies - 2018";"Electra";"Cruisers Bicycles";26;"In Stock"
3;"Rowlett Bikes";"Rowlett";"TX";239;"Electra Townie Balloon 8D EQ Ladies' - 2016/2017/2018";"Electra";"Cruisers Bicycles";29;"In Stock"
3;"Rowlett Bikes";"Rowlett";"TX";238;"Electra Townie Balloon 8D EQ - 2016/2017/2018";"Electra";"Cruisers Bicycles";12;"In Stock"
3;"Rowlett Bikes";"Rowlett";"TX";237;"Electra Relic 3i - 2018";"Electra";"Cruisers Bicycles";16;"In Stock"
3;"Rowlett Bikes";"Rowlett";"TX";236;"Electra Morningstar 3i Ladies' - 2018";"Electra";"Cruisers Bicycles";3;"Low Stock"
3;"Rowlett Bikes";"Rowlett";"TX";235;"Electra Koa 3i Ladies' - 2018";"Electra";"Cruisers Bicycles";1;"Low Stock"
3;"Rowlett Bikes";"Rowlett";"TX";234;"Electra Daydreamer 3i Ladies' - 2018";"Electra";"Cruisers Bicycles";24;"In Stock"
3;"Rowlett Bikes";"Rowlett";"TX";233;"Electra Cruiser Lux Fat Tire 7D - 2018";"Electra";"Cruisers Bicycles";9;"In Stock"
3;"Rowlett Bikes";"Rowlett";"TX";232;"Electra Cruiser Lux 7D Ladies' - 2018";"Electra";"Cruisers Bicycles";16;"In Stock"
3;"Rowlett Bikes";"Rowlett";"TX";231;"Electra Cruiser Lux 3i Ladies' - 2018";"Electra";"Cruisers Bicycles";6;"In Stock"
3;"Rowlett Bikes";"Rowlett";"TX";230;"Electra Cruiser Lux 1 Ladies' - 2018";"Electra";"Cruisers Bicycles";29;"In Stock"
3;"Rowlett Bikes";"Rowlett";"TX";229;"Electra Cruiser Lux 1 - 2016/2018";"Electra";"Cruisers Bicycles";7;"In Stock"
3;"Rowlett Bikes";"Rowlett";"TX";228;"Electra Cruiser 7D Tall - 2016/2018";"Electra";"Cruisers Bicycles";29;"In Stock"
3;"Rowlett Bikes";"Rowlett";"TX";227;"Electra Cruiser 7D (24-Inch) Ladies' - 2016/2018";"Electra";"Cruisers Bicycles";22;"In Stock"
3;"Rowlett Bikes";"Rowlett";"TX";226;"Electra Townie Original 21D EQ - 2017/2018";"Electra";"Cruisers Bicycles";14;"In Stock"
3;"Rowlett Bikes";"Rowlett";"TX";225;"Electra Delivery 3i - 2016/2017/2018";"Electra";"Cruisers Bicycles";12;"In Stock"
3;"Rowlett Bikes";"Rowlett";"TX";224;"Electra Cruiser Lux 7D - 2018";"Electra";"Cruisers Bicycles";23;"In Stock"
3;"Rowlett Bikes";"Rowlett";"TX";223;"Electra Cruiser Lux 3i - 2018";"Electra";"Cruisers Bicycles";29;"In Stock"
3;"Rowlett Bikes";"Rowlett";"TX";222;"Electra Cruiser 1 Tall - 2016/2018";"Electra";"Cruisers Bicycles";12;"In Stock"
3;"Rowlett Bikes";"Rowlett";"TX";221;"Electra Cruiser 7D Ladies' - 2016/2018";"Electra";"Cruisers Bicycles";25;"In Stock"
3;"Rowlett Bikes";"Rowlett";"TX";220;"Electra Cruiser 1 Ladies' - 2018";"Electra";"Cruisers Bicycles";0;"Out of Stock"
3;"Rowlett Bikes";"Rowlett";"TX";219;"Electra Moto 3i - 2018";"Electra";"Cruisers Bicycles";29;"In Stock"
3;"Rowlett Bikes";"Rowlett";"TX";218;"Electra Cruiser 7D - 2016/2017/2018";"Electra";"Cruisers Bicycles";21;"In Stock"
3;"Rowlett Bikes";"Rowlett";"TX";217;"Electra Straight 8 3i - 2018";"Electra";"Cruisers Bicycles";4;"Low Stock"
3;"Rowlett Bikes";"Rowlett";"TX";216;"Electra Super Moto 8i - 2018";"Electra";"Cruisers Bicycles";5;"In Stock"
3;"Rowlett Bikes";"Rowlett";"TX";215;"Electra Queen of Hearts 3i - 2018";"Electra";"Cruisers Bicycles";12;"In Stock"
3;"Rowlett Bikes";"Rowlett";"TX";214;"Electra Tiger Shark 3i - 2018";"Electra";"Cruisers Bicycles";30;"In Stock"
3;"Rowlett Bikes";"Rowlett";"TX";213;"Electra Cruiser 1 - 2016/2017/2018";"Electra";"Cruisers Bicycles";10;"In Stock"
3;"Rowlett Bikes";"Rowlett";"TX";212;"Electra Townie Original 21D - 2018";"Electra";"Cruisers Bicycles";23;"In Stock"
3;"Rowlett Bikes";"Rowlett";"TX";82;"Electra Amsterdam Original 3i Ladies' - 2017";"Electra";"Cruisers Bicycles";7;"In Stock"
3;"Rowlett Bikes";"Rowlett";"TX";81;"Electra Amsterdam Fashion 7i Ladies' - 2017";"Electra";"Cruisers Bicycles";18;"In Stock"
3;"Rowlett Bikes";"Rowlett";"TX";80;"Sun Bicycles Brickell Tandem CB - 2017";"Sun Bicycles";"Cruisers Bicycles";22;"In Stock"
3;"Rowlett Bikes";"Rowlett";"TX";79;"Sun Bicycles Boardwalk (24-inch Wheels) - 2017";"Sun Bicycles";"Cruisers Bicycles";29;"In Stock"
3;"Rowlett Bikes";"Rowlett";"TX";78;"Sun Bicycles Biscayne Tandem CB - 2017";"Sun Bicycles";"Cruisers Bicycles";19;"In Stock"
3;"Rowlett Bikes";"Rowlett";"TX";77;"Electra Glam Punk 3i Ladies' - 2017";"Electra";"Cruisers Bicycles";23;"In Stock"
3;"Rowlett Bikes";"Rowlett";"TX";76;"Electra Girl's Hawaii 1 16"" - 2017""";"Electra";"Cruisers Bicycles";23;"In Stock"
3;"Rowlett Bikes";"Rowlett";"TX";75;"Electra Cruiser Lux Fat Tire 1 Ladies - 2017";"Electra";"Cruisers Bicycles";29;"In Stock"
3;"Rowlett Bikes";"Rowlett";"TX";74;"Electra Cruiser Lux 1 - 2017";"Electra";"Cruisers Bicycles";17;"In Stock"
3;"Rowlett Bikes";"Rowlett";"TX";73;"Sun Bicycles Brickell Tandem 7 - 2017";"Sun Bicycles";"Cruisers Bicycles";3;"Low Stock"
3;"Rowlett Bikes";"Rowlett";"TX";72;"Sun Bicycles Biscayne Tandem 7 - 2017";"Sun Bicycles";"Cruisers Bicycles";6;"In Stock"
3;"Rowlett Bikes";"Rowlett";"TX";71;"Sun Bicycles Atlas X-Type - 2017";"Sun Bicycles";"Cruisers Bicycles";13;"In Stock"
3;"Rowlett Bikes";"Rowlett";"TX";70;"Electra Amsterdam Original 3i - 2015/2017";"Electra";"Cruisers Bicycles";2;"Low Stock"
3;"Rowlett Bikes";"Rowlett";"TX";69;"Sun Bicycles Cruz 7 - 2017";"Sun Bicycles";"Cruisers Bicycles";29;"In Stock"
3;"Rowlett Bikes";"Rowlett";"TX";68;"Sun Bicycles Cruz 3 - 2017";"Sun Bicycles";"Cruisers Bicycles";18;"In Stock"
3;"Rowlett Bikes";"Rowlett";"TX";67;"Sun Bicycles Revolutions 24 - Girl's - 2017";"Sun Bicycles";"Cruisers Bicycles";6;"In Stock"
3;"Rowlett Bikes";"Rowlett";"TX";66;"Sun Bicycles Revolutions 24 - 2017";"Sun Bicycles";"Cruisers Bicycles";3;"Low Stock"
3;"Rowlett Bikes";"Rowlett";"TX";65;"Sun Bicycles Lil Bolt Type-R - 2017";"Sun Bicycles";"Cruisers Bicycles";1;"Low Stock"
3;"Rowlett Bikes";"Rowlett";"TX";64;"Electra Townie Original 7D - 2017";"Electra";"Cruisers Bicycles";22;"In Stock"
3;"Rowlett Bikes";"Rowlett";"TX";20;"Electra Townie Original 7D EQ - Women's - 2016";"Electra";"Cruisers Bicycles";19;"In Stock"
3;"Rowlett Bikes";"Rowlett";"TX";19;"Pure Cycles William 3-Speed - 2016";"Pure Cycles";"Cruisers Bicycles";24;"In Stock"
3;"Rowlett Bikes";"Rowlett";"TX";18;"Pure Cycles Western 3-Speed - Women's - 2015/2016";"Pure Cycles";"Cruisers Bicycles";5;"In Stock"
3;"Rowlett Bikes";"Rowlett";"TX";17;"Pure Cycles Vine 8-Speed - 2016";"Pure Cycles";"Cruisers Bicycles";22;"In Stock"
3;"Rowlett Bikes";"Rowlett";"TX";16;"Electra Townie Original 7D EQ - 2016";"Electra";"Cruisers Bicycles";19;"In Stock"
3;"Rowlett Bikes";"Rowlett";"TX";15;"Electra Moto 1 - 2016";"Electra";"Cruisers Bicycles";22;"In Stock"
3;"Rowlett Bikes";"Rowlett";"TX";14;"Electra Girl's Hawaii 1 (16-inch) - 2015/2016";"Electra";"Cruisers Bicycles";4;"Low Stock"
3;"Rowlett Bikes";"Rowlett";"TX";13;"Electra Cruiser 1 (24-Inch) - 2016";"Electra";"Cruisers Bicycles";19;"In Stock"
3;"Rowlett Bikes";"Rowlett";"TX";12;"Electra Townie Original 21D - 2016";"Electra";"Cruisers Bicycles";30;"In Stock"
3;"Rowlett Bikes";"Rowlett";"TX";313;"Electra Townie Original 1 Ladies' - 2018";"Electra";"Comfort Bicycles";0;"Out of Stock"
3;"Rowlett Bikes";"Rowlett";"TX";312;"Electra Townie Commute 8D Ladies' - 2018";"Electra";"Comfort Bicycles";18;"In Stock"
3;"Rowlett Bikes";"Rowlett";"TX";311;"Electra Townie Commute 8D - 2018";"Electra";"Comfort Bicycles";23;"In Stock"
3;"Rowlett Bikes";"Rowlett";"TX";310;"Electra Townie Commute 27D Ladies - 2018";"Electra";"Comfort Bicycles";8;"In Stock"
3;"Rowlett Bikes";"Rowlett";"TX";309;"Electra Townie Commute 27D - 2018";"Electra";"Comfort Bicycles";30;"In Stock"
3;"Rowlett Bikes";"Rowlett";"TX";308;"Electra Townie Balloon 8D EQ Ladies' - 2016/2017/2018";"Electra";"Comfort Bicycles";9;"In Stock"
3;"Rowlett Bikes";"Rowlett";"TX";307;"Electra Townie Balloon 8D EQ - 2016/2017/2018";"Electra";"Comfort Bicycles";17;"In Stock"
3;"Rowlett Bikes";"Rowlett";"TX";306;"Electra Townie Balloon 7i EQ Ladies' - 2017/2018";"Electra";"Comfort Bicycles";7;"In Stock"
3;"Rowlett Bikes";"Rowlett";"TX";305;"Electra Townie Balloon 3i EQ - 2017/2018";"Electra";"Comfort Bicycles";11;"In Stock"
3;"Rowlett Bikes";"Rowlett";"TX";304;"Electra Townie Original 21D EQ - 2017/2018";"Electra";"Comfort Bicycles";23;"In Stock"
3;"Rowlett Bikes";"Rowlett";"TX";303;"Electra Townie Go! 8i - 2017/2018";"Electra";"Comfort Bicycles";13;"In Stock"
3;"Rowlett Bikes";"Rowlett";"TX";302;"Electra Townie Original 1 - 2018";"Electra";"Comfort Bicycles";6;"In Stock"
3;"Rowlett Bikes";"Rowlett";"TX";301;"Electra Townie Balloon 7i EQ - 2018";"Electra";"Comfort Bicycles";29;"In Stock"
3;"Rowlett Bikes";"Rowlett";"TX";300;"Electra Townie Balloon 3i EQ Ladies' - 2018";"Electra";"Comfort Bicycles";3;"Low Stock"
3;"Rowlett Bikes";"Rowlett";"TX";299;"Electra Townie Original 21D - 2018";"Electra";"Comfort Bicycles";29;"In Stock"
3;"Rowlett Bikes";"Rowlett";"TX";111;"Sun Bicycles Drifter 7 - Women's - 2017";"Sun Bicycles";"Comfort Bicycles";29;"In Stock"
3;"Rowlett Bikes";"Rowlett";"TX";110;"Sun Bicycles Drifter 7 - 2017";"Sun Bicycles";"Comfort Bicycles";11;"In Stock"
3;"Rowlett Bikes";"Rowlett";"TX";109;"Sun Bicycles Cruz 7 - Women's - 2017";"Sun Bicycles";"Comfort Bicycles";24;"In Stock"
3;"Rowlett Bikes";"Rowlett";"TX";108;"Sun Bicycles Cruz 3 - Women's - 2017";"Sun Bicycles";"Comfort Bicycles";23;"In Stock"
3;"Rowlett Bikes";"Rowlett";"TX";107;"Sun Bicycles Cruz 7 - 2017";"Sun Bicycles";"Comfort Bicycles";11;"In Stock"
3;"Rowlett Bikes";"Rowlett";"TX";106;"Sun Bicycles Cruz 3 - 2017";"Sun Bicycles";"Comfort Bicycles";1;"Low Stock"
3;"Rowlett Bikes";"Rowlett";"TX";105;"Sun Bicycles Streamway 7 - 2017";"Sun Bicycles";"Comfort Bicycles";1;"Low Stock"
3;"Rowlett Bikes";"Rowlett";"TX";104;"Sun Bicycles Streamway - 2017";"Sun Bicycles";"Comfort Bicycles";22;"In Stock"
3;"Rowlett Bikes";"Rowlett";"TX";103;"Sun Bicycles Streamway 3 - 2017";"Sun Bicycles";"Comfort Bicycles";10;"In Stock"
3;"Rowlett Bikes";"Rowlett";"TX";102;"Electra Townie Original 7D - 2017";"Electra";"Comfort Bicycles";22;"In Stock"
3;"Rowlett Bikes";"Rowlett";"TX";26;"Electra Townie Original 7D EQ - 2016";"Electra";"Comfort Bicycles";27;"In Stock"
3;"Rowlett Bikes";"Rowlett";"TX";25;"Electra Townie Original 7D - 2015/2016";"Electra";"Comfort Bicycles";15;"In Stock"
3;"Rowlett Bikes";"Rowlett";"TX";24;"Electra Townie Original 21D - 2016";"Electra";"Comfort Bicycles";18;"In Stock"
3;"Rowlett Bikes";"Rowlett";"TX";298;"Electra Water Lily 1 (16-inch) - Girl's - 2018";"Electra";"Children Bicycles";14;"In Stock"
3;"Rowlett Bikes";"Rowlett";"TX";297;"Electra Under-The-Sea 1 16"" - 2018""";"Electra";"Children Bicycles";22;"In Stock"
3;"Rowlett Bikes";"Rowlett";"TX";296;"Electra Treasure 3i 20"" - 2018""";"Electra";"Children Bicycles";12;"In Stock"
3;"Rowlett Bikes";"Rowlett";"TX";295;"Electra Treasure 1 20"" - 2018""";"Electra";"Children Bicycles";9;"In Stock"
3;"Rowlett Bikes";"Rowlett";"TX";294;"Electra Tiger Shark 3i (20-inch) - Boys' - 2018";"Electra";"Children Bicycles";13;"In Stock"
3;"Rowlett Bikes";"Rowlett";"TX";293;"Electra Tiger Shark 1 (20-inch) - Boys' - 2018";"Electra";"Children Bicycles";14;"In Stock"
3;"Rowlett Bikes";"Rowlett";"TX";292;"Electra Sweet Ride 3i (20-inch) - Girls' - 2018";"Electra";"Children Bicycles";16;"In Stock"
3;"Rowlett Bikes";"Rowlett";"TX";291;"Electra Sweet Ride 1 (20-inch) - Girl's - 2018";"Electra";"Children Bicycles";10;"In Stock"
3;"Rowlett Bikes";"Rowlett";"TX";290;"Electra Superbolt 3i 20"" - 2018""";"Electra";"Children Bicycles";6;"In Stock"
3;"Rowlett Bikes";"Rowlett";"TX";289;"Electra Superbolt 1 20"" - 2018""";"Electra";"Children Bicycles";2;"Low Stock"
3;"Rowlett Bikes";"Rowlett";"TX";288;"Electra Straight 8 1 (20-inch) - Boy's - 2018";"Electra";"Children Bicycles";2;"Low Stock"
3;"Rowlett Bikes";"Rowlett";"TX";287;"Electra Straight 8 1 (16-inch) - Boy's - 2018";"Electra";"Children Bicycles";26;"In Stock"
3;"Rowlett Bikes";"Rowlett";"TX";286;"Electra Starship 1 16"" - 2018""";"Electra";"Children Bicycles";7;"In Stock"
3;"Rowlett Bikes";"Rowlett";"TX";285;"Electra Soft Serve 1 (16-inch) - Girl's - 2018";"Electra";"Children Bicycles";2;"Low Stock"
3;"Rowlett Bikes";"Rowlett";"TX";284;"Electra Savannah 1 (20-inch) - Girl's - 2018";"Electra";"Children Bicycles";26;"In Stock"
3;"Rowlett Bikes";"Rowlett";"TX";283;"Electra Heartchya 1 (20-inch) - Girl's - 2018";"Electra";"Children Bicycles";1;"Low Stock"
3;"Rowlett Bikes";"Rowlett";"TX";282;"Electra Cyclosaurus 1 (16-inch) - Boy's - 2018";"Electra";"Children Bicycles";18;"In Stock"
3;"Rowlett Bikes";"Rowlett";"TX";281;"Electra Cruiser 7D (24-Inch) Ladies' - 2016/2018";"Electra";"Children Bicycles";2;"Low Stock"
3;"Rowlett Bikes";"Rowlett";"TX";280;"Trek Superfly 24 - 2017/2018";"Trek";"Children Bicycles";1;"Low Stock"
3;"Rowlett Bikes";"Rowlett";"TX";279;"Trek Precaliber 24 7-speed Girl's - 2018";"Trek";"Children Bicycles";15;"In Stock"
3;"Rowlett Bikes";"Rowlett";"TX";278;"Trek Precaliber 24 21-speed Girl's - 2018";"Trek";"Children Bicycles";15;"In Stock"
3;"Rowlett Bikes";"Rowlett";"TX";277;"Trek Precaliber 24 21-speed Boy's - 2018";"Trek";"Children Bicycles";26;"In Stock"
3;"Rowlett Bikes";"Rowlett";"TX";276;"Trek Precaliber 24 (7-Speed) - Boys - 2018";"Trek";"Children Bicycles";14;"In Stock"
3;"Rowlett Bikes";"Rowlett";"TX";275;"Trek Precaliber 20 Girl's - 2018";"Trek";"Children Bicycles";23;"In Stock"
3;"Rowlett Bikes";"Rowlett";"TX";274;"Trek Precaliber 20 Boy's - 2018";"Trek";"Children Bicycles";7;"In Stock"
3;"Rowlett Bikes";"Rowlett";"TX";273;"Trek Precaliber 20 6-speed Girl's - 2018";"Trek";"Children Bicycles";19;"In Stock"
3;"Rowlett Bikes";"Rowlett";"TX";272;"Trek Precaliber 20 6-speed Boy's - 2018";"Trek";"Children Bicycles";12;"In Stock"
3;"Rowlett Bikes";"Rowlett";"TX";271;"Trek Precaliber 16 Girl's - 2018";"Trek";"Children Bicycles";23;"In Stock"
3;"Rowlett Bikes";"Rowlett";"TX";270;"Trek Precaliber 16 Boy's - 2018";"Trek";"Children Bicycles";6;"In Stock"
3;"Rowlett Bikes";"Rowlett";"TX";269;"Trek Precaliber 12 Boy's - 2018";"Trek";"Children Bicycles";26;"In Stock"
3;"Rowlett Bikes";"Rowlett";"TX";268;"Trek Kickster - 2018";"Trek";"Children Bicycles";17;"In Stock"
3;"Rowlett Bikes";"Rowlett";"TX";267;"Trek Precaliber 12 Girl's - 2018";"Trek";"Children Bicycles";12;"In Stock"
3;"Rowlett Bikes";"Rowlett";"TX";266;"Trek Superfly 20 - 2018";"Trek";"Children Bicycles";18;"In Stock"
3;"Rowlett Bikes";"Rowlett";"TX";265;"Strider Strider 20 Sport - 2018";"Strider";"Children Bicycles";22;"In Stock"
3;"Rowlett Bikes";"Rowlett";"TX";264;"Strider Sport 16 - 2018";"Strider";"Children Bicycles";7;"In Stock"
3;"Rowlett Bikes";"Rowlett";"TX";263;"Strider Classic 12 Balance Bike - 2018";"Strider";"Children Bicycles";21;"In Stock"
3;"Rowlett Bikes";"Rowlett";"TX";262;"Trek MT 201 - 2018";"Trek";"Children Bicycles";29;"In Stock"
3;"Rowlett Bikes";"Rowlett";"TX";101;"Electra Townie 7D (20-inch) - Boys' - 2017";"Electra";"Children Bicycles";17;"In Stock"
3;"Rowlett Bikes";"Rowlett";"TX";100;"Electra Townie 3i EQ (20-inch) - Boys' - 2017";"Electra";"Children Bicycles";28;"In Stock"
3;"Rowlett Bikes";"Rowlett";"TX";99;"Electra Sugar Skulls 1 (20-inch) - Girl's - 2017";"Electra";"Children Bicycles";19;"In Stock"
3;"Rowlett Bikes";"Rowlett";"TX";98;"Electra Straight 8 3i (20-inch) - Boy's - 2017";"Electra";"Children Bicycles";5;"In Stock"
3;"Rowlett Bikes";"Rowlett";"TX";97;"Electra Savannah 3i (20-inch) - Girl's - 2017";"Electra";"Children Bicycles";28;"In Stock"
3;"Rowlett Bikes";"Rowlett";"TX";96;"Electra Moto 3i (20-inch) - Boy's - 2017";"Electra";"Children Bicycles";1;"Low Stock"
3;"Rowlett Bikes";"Rowlett";"TX";95;"Electra Girl's Hawaii 1 16"" - 2017""";"Electra";"Children Bicycles";14;"In Stock"
3;"Rowlett Bikes";"Rowlett";"TX";94;"Haro Shredder Pro 20 - 2017";"Haro";"Children Bicycles";15;"In Stock"
3;"Rowlett Bikes";"Rowlett";"TX";93;"Haro Shredder 20 Girls - 2017";"Haro";"Children Bicycles";18;"In Stock"
3;"Rowlett Bikes";"Rowlett";"TX";92;"Haro Shredder 20 - 2017";"Haro";"Children Bicycles";28;"In Stock"
3;"Rowlett Bikes";"Rowlett";"TX";91;"Trek Precaliber 24 (21-Speed) - Girls - 2017";"Trek";"Children Bicycles";8;"In Stock"
3;"Rowlett Bikes";"Rowlett";"TX";90;"Trek Precaliber 16 Girls - 2017";"Trek";"Children Bicycles";9;"In Stock"
3;"Rowlett Bikes";"Rowlett";"TX";89;"Trek Precaliber 16 Boys - 2017";"Trek";"Children Bicycles";22;"In Stock"
3;"Rowlett Bikes";"Rowlett";"TX";88;"Trek Precaliber 12 Girls - 2017";"Trek";"Children Bicycles";28;"In Stock"
3;"Rowlett Bikes";"Rowlett";"TX";87;"Trek Precaliber 12 Boys - 2017";"Trek";"Children Bicycles";16;"In Stock"
3;"Rowlett Bikes";"Rowlett";"TX";86;"Trek Girl's Kickster - 2017";"Trek";"Children Bicycles";27;"In Stock"
3;"Rowlett Bikes";"Rowlett";"TX";85;"Haro Downtown 16 - 2017";"Haro";"Children Bicycles";15;"In Stock"
3;"Rowlett Bikes";"Rowlett";"TX";84;"Sun Bicycles Lil Kitt'n - 2017";"Sun Bicycles";"Children Bicycles";15;"In Stock"
3;"Rowlett Bikes";"Rowlett";"TX";83;"Trek Boy's Kickster - 2015/2017";"Trek";"Children Bicycles";23;"In Stock"
3;"Rowlett Bikes";"Rowlett";"TX";23;"Electra Girl's Hawaii 1 (20-inch) - 2015/2016";"Electra";"Children Bicycles";8;"In Stock"
3;"Rowlett Bikes";"Rowlett";"TX";22;"Electra Girl's Hawaii 1 (16-inch) - 2015/2016";"Electra";"Children Bicycles";20;"In Stock"
3;"Rowlett Bikes";"Rowlett";"TX";21;"Electra Cruiser 1 (24-Inch) - 2016";"Electra";"Children Bicycles";8;"In Stock"
