"product_id";"product_name";"brand_name";"category_name";"model_year";"store_name";"city";"state";"order_year";"order_month";"yr_month";"units_sold";"gross_revenue";"net_revenue"
191;"Electra Loft Go! 8i - 2018";"Electra";"Electric Bikes";2018;"Baldwin Bikes";"Baldwin";"NY";2018;3;"2018-03";1.0;2799.99;2519.991
191;"Electra Loft Go! 8i - 2018";"Electra";"Electric Bikes";2018;"Santa Cruz Bikes";"Santa Cruz";"CA";2018;4;"2018-04";1.0;2799.99;2519.991
191;"Electra Loft Go! 8i - 2018";"Electra";"Electric Bikes";2018;"Baldwin Bikes";"Baldwin";"NY";2018;9;"2018-09";1.0;2799.99;2603.9907
192;"Electra Townie Go! 8i - 2017/2018";"Electra";"Electric Bikes";2018;"Baldwin Bikes";"Baldwin";"NY";2018;1;"2018-01";1.0;2599.99;2469.9905
198;"Electra Townie Commute Go! - 2018";"Electra";"Electric Bikes";2018;"Baldwin Bikes";"Baldwin";"NY";2018;3;"2018-03";1.0;2999.99;2699.991
198;"Electra Townie Commute Go! - 2018";"Electra";"Electric Bikes";2018;"Santa Cruz Bikes";"Santa Cruz";"CA";2018;4;"2018-04";4.0;11999.96;10649.9645
198;"Electra Townie Commute Go! - 2018";"Electra";"Electric Bikes";2018;"Rowlett Bikes";"Rowlett";"TX";2018;4;"2018-04";1.0;2999.99;2399.992
199;"Electra Townie Commute Go! Ladies' - 2018";"Electra";"Electric Bikes";2018;"Baldwin Bikes";"Baldwin";"NY";2018;1;"2018-01";2.0;5999.98;5399.982
12;"Electra Townie Original 21D - 2016";"Electra";"Cruisers Bicycles";2016;"Baldwin Bikes";"Baldwin";"NY";2016;1;"2016-01";7.0;3849.93;3552.9354
12;"Electra Townie Original 21D - 2016";"Electra";"Cruisers Bicycles";2016;"Santa Cruz Bikes";"Santa Cruz";"CA";2016;1;"2016-01";2.0;1099.98;1022.9814
12;"Electra Townie Original 21D - 2016";"Electra";"Cruisers Bicycles";2016;"Baldwin Bikes";"Baldwin";"NY";2016;2;"2016-02";3.0;1649.97;1528.9722
12;"Electra Townie Original 21D - 2016";"Electra";"Cruisers Bicycles";2016;"Rowlett Bikes";"Rowlett";"TX";2016;2;"2016-02";2.0;1099.98;989.982
12;"Electra Townie Original 21D - 2016";"Electra";"Cruisers Bicycles";2016;"Santa Cruz Bikes";"Santa Cruz";"CA";2016;2;"2016-02";2.0;1099.98;1044.981
12;"Electra Townie Original 21D - 2016";"Electra";"Cruisers Bicycles";2016;"Baldwin Bikes";"Baldwin";"NY";2016;3;"2016-03";13.0;7149.87;6506.3817
12;"Electra Townie Original 21D - 2016";"Electra";"Cruisers Bicycles";2016;"Rowlett Bikes";"Rowlett";"TX";2016;3;"2016-03";2.0;1099.98;879.984
12;"Electra Townie Original 21D - 2016";"Electra";"Cruisers Bicycles";2016;"Santa Cruz Bikes";"Santa Cruz";"CA";2016;3;"2016-03";2.0;1099.98;989.982
12;"Electra Townie Original 21D - 2016";"Electra";"Cruisers Bicycles";2016;"Baldwin Bikes";"Baldwin";"NY";2016;4;"2016-04";10.0;5499.9;4966.4097
12;"Electra Townie Original 21D - 2016";"Electra";"Cruisers Bicycles";2016;"Santa Cruz Bikes";"Santa Cruz";"CA";2016;4;"2016-04";6.0;3299.94;2892.9474
12;"Electra Townie Original 21D - 2016";"Electra";"Cruisers Bicycles";2016;"Baldwin Bikes";"Baldwin";"NY";2016;5;"2016-05";10.0;5499.9;4647.4155
12;"Electra Townie Original 21D - 2016";"Electra";"Cruisers Bicycles";2016;"Baldwin Bikes";"Baldwin";"NY";2016;6;"2016-06";1.0;549.99;522.4905
12;"Electra Townie Original 21D - 2016";"Electra";"Cruisers Bicycles";2016;"Santa Cruz Bikes";"Santa Cruz";"CA";2016;6;"2016-06";1.0;549.99;522.4905
12;"Electra Townie Original 21D - 2016";"Electra";"Cruisers Bicycles";2016;"Baldwin Bikes";"Baldwin";"NY";2016;7;"2016-07";12.0;6599.88;5840.8938
12;"Electra Townie Original 21D - 2016";"Electra";"Cruisers Bicycles";2016;"Rowlett Bikes";"Rowlett";"TX";2016;7;"2016-07";1.0;549.99;494.991
12;"Electra Townie Original 21D - 2016";"Electra";"Cruisers Bicycles";2016;"Baldwin Bikes";"Baldwin";"NY";2016;8;"2016-08";5.0;2749.95;2474.955
12;"Electra Townie Original 21D - 2016";"Electra";"Cruisers Bicycles";2016;"Santa Cruz Bikes";"Santa Cruz";"CA";2016;8;"2016-08";2.0;1099.98;989.982
12;"Electra Townie Original 21D - 2016";"Electra";"Cruisers Bicycles";2016;"Baldwin Bikes";"Baldwin";"NY";2016;9;"2016-09";4.0;2199.96;2023.9632
12;"Electra Townie Original 21D - 2016";"Electra";"Cruisers Bicycles";2016;"Santa Cruz Bikes";"Santa Cruz";"CA";2016;9;"2016-09";3.0;1649.97;1534.4721
12;"Electra Townie Original 21D - 2016";"Electra";"Cruisers Bicycles";2016;"Baldwin Bikes";"Baldwin";"NY";2016;10;"2016-10";10.0;5499.9;5010.4089
12;"Electra Townie Original 21D - 2016";"Electra";"Cruisers Bicycles";2016;"Rowlett Bikes";"Rowlett";"TX";2016;10;"2016-10";2.0;1099.98;879.984
12;"Electra Townie Original 21D - 2016";"Electra";"Cruisers Bicycles";2016;"Santa Cruz Bikes";"Santa Cruz";"CA";2016;10;"2016-10";2.0;1099.98;1044.981
12;"Electra Townie Original 21D - 2016";"Electra";"Cruisers Bicycles";2016;"Baldwin Bikes";"Baldwin";"NY";2016;11;"2016-11";3.0;1649.97;1512.4725
12;"Electra Townie Original 21D - 2016";"Electra";"Cruisers Bicycles";2016;"Rowlett Bikes";"Rowlett";"TX";2016;11;"2016-11";1.0;549.99;511.4907
12;"Electra Townie Original 21D - 2016";"Electra";"Cruisers Bicycles";2016;"Santa Cruz Bikes";"Santa Cruz";"CA";2016;11;"2016-11";1.0;549.99;439.992
12;"Electra Townie Original 21D - 2016";"Electra";"Cruisers Bicycles";2016;"Baldwin Bikes";"Baldwin";"NY";2016;12;"2016-12";7.0;3849.93;3420.9378
12;"Electra Townie Original 21D - 2016";"Electra";"Cruisers Bicycles";2016;"Rowlett Bikes";"Rowlett";"TX";2016;12;"2016-12";2.0;1099.98;1044.981
12;"Electra Townie Original 21D - 2016";"Electra";"Cruisers Bicycles";2016;"Santa Cruz Bikes";"Santa Cruz";"CA";2017;1;"2017-01";1.0;549.99;439.992
12;"Electra Townie Original 21D - 2016";"Electra";"Cruisers Bicycles";2016;"Rowlett Bikes";"Rowlett";"TX";2017;2;"2017-02";1.0;549.99;511.4907
12;"Electra Townie Original 21D - 2016";"Electra";"Cruisers Bicycles";2016;"Baldwin Bikes";"Baldwin";"NY";2017;2;"2017-02";2.0;1099.98;1022.9814
12;"Electra Townie Original 21D - 2016";"Electra";"Cruisers Bicycles";2016;"Baldwin Bikes";"Baldwin";"NY";2017;3;"2017-03";2.0;1099.98;1044.981
12;"Electra Townie Original 21D - 2016";"Electra";"Cruisers Bicycles";2016;"Santa Cruz Bikes";"Santa Cruz";"CA";2017;3;"2017-03";3.0;1649.97;1534.4721
12;"Electra Townie Original 21D - 2016";"Electra";"Cruisers Bicycles";2016;"Baldwin Bikes";"Baldwin";"NY";2017;4;"2017-04";1.0;549.99;494.991
12;"Electra Townie Original 21D - 2016";"Electra";"Cruisers Bicycles";2016;"Rowlett Bikes";"Rowlett";"TX";2017;5;"2017-05";2.0;1099.98;989.982
12;"Electra Townie Original 21D - 2016";"Electra";"Cruisers Bicycles";2016;"Baldwin Bikes";"Baldwin";"NY";2017;5;"2017-05";1.0;549.99;439.992
12;"Electra Townie Original 21D - 2016";"Electra";"Cruisers Bicycles";2016;"Rowlett Bikes";"Rowlett";"TX";2017;6;"2017-06";2.0;1099.98;1022.9814
12;"Electra Townie Original 21D - 2016";"Electra";"Cruisers Bicycles";2016;"Baldwin Bikes";"Baldwin";"NY";2017;6;"2017-06";3.0;1649.97;1484.973
12;"Electra Townie Original 21D - 2016";"Electra";"Cruisers Bicycles";2016;"Baldwin Bikes";"Baldwin";"NY";2017;7;"2017-07";3.0;1649.97;1462.9734
12;"Electra Townie Original 21D - 2016";"Electra";"Cruisers Bicycles";2016;"Baldwin Bikes";"Baldwin";"NY";2017;8;"2017-08";5.0;2749.95;2447.4555
12;"Electra Townie Original 21D - 2016";"Electra";"Cruisers Bicycles";2016;"Santa Cruz Bikes";"Santa Cruz";"CA";2017;10;"2017-10";2.0;1099.98;989.982
12;"Electra Townie Original 21D - 2016";"Electra";"Cruisers Bicycles";2016;"Baldwin Bikes";"Baldwin";"NY";2017;10;"2017-10";3.0;1649.97;1484.973
12;"Electra Townie Original 21D - 2016";"Electra";"Cruisers Bicycles";2016;"Santa Cruz Bikes";"Santa Cruz";"CA";2017;11;"2017-11";1.0;549.99;522.4905
12;"Electra Townie Original 21D - 2016";"Electra";"Cruisers Bicycles";2016;"Rowlett Bikes";"Rowlett";"TX";2018;1;"2018-01";1.0;549.99;522.4905
12;"Electra Townie Original 21D - 2016";"Electra";"Cruisers Bicycles";2016;"Rowlett Bikes";"Rowlett";"TX";2018;3;"2018-03";1.0;549.99;522.4905
12;"Electra Townie Original 21D - 2016";"Electra";"Cruisers Bicycles";2016;"Rowlett Bikes";"Rowlett";"TX";2018;4;"2018-04";2.0;1099.98;1044.981
12;"Electra Townie Original 21D - 2016";"Electra";"Cruisers Bicycles";2016;"Santa Cruz Bikes";"Santa Cruz";"CA";2018;4;"2018-04";1.0;549.99;494.991
13;"Electra Cruiser 1 (24-Inch) - 2016";"Electra";"Cruisers Bicycles";2016;"Baldwin Bikes";"Baldwin";"NY";2016;1;"2016-01";6.0;1619.94;1447.1464
13;"Electra Cruiser 1 (24-Inch) - 2016";"Electra";"Cruisers Bicycles";2016;"Santa Cruz Bikes";"Santa Cruz";"CA";2016;1;"2016-01";3.0;809.97;718.1734
13;"Electra Cruiser 1 (24-Inch) - 2016";"Electra";"Cruisers Bicycles";2016;"Rowlett Bikes";"Rowlett";"TX";2016;1;"2016-01";2.0;539.98;431.984
13;"Electra Cruiser 1 (24-Inch) - 2016";"Electra";"Cruisers Bicycles";2016;"Baldwin Bikes";"Baldwin";"NY";2016;2;"2016-02";4.0;1079.96;1009.7626
13;"Electra Cruiser 1 (24-Inch) - 2016";"Electra";"Cruisers Bicycles";2016;"Santa Cruz Bikes";"Santa Cruz";"CA";2016;2;"2016-02";4.0;1079.96;988.1634
13;"Electra Cruiser 1 (24-Inch) - 2016";"Electra";"Cruisers Bicycles";2016;"Rowlett Bikes";"Rowlett";"TX";2016;2;"2016-02";1.0;269.99;215.992
13;"Electra Cruiser 1 (24-Inch) - 2016";"Electra";"Cruisers Bicycles";2016;"Rowlett Bikes";"Rowlett";"TX";2016;3;"2016-03";2.0;539.98;485.982
13;"Electra Cruiser 1 (24-Inch) - 2016";"Electra";"Cruisers Bicycles";2016;"Santa Cruz Bikes";"Santa Cruz";"CA";2016;3;"2016-03";2.0;539.98;485.982
13;"Electra Cruiser 1 (24-Inch) - 2016";"Electra";"Cruisers Bicycles";2016;"Baldwin Bikes";"Baldwin";"NY";2016;3;"2016-03";6.0;1619.94;1511.944
13;"Electra Cruiser 1 (24-Inch) - 2016";"Electra";"Cruisers Bicycles";2016;"Santa Cruz Bikes";"Santa Cruz";"CA";2016;4;"2016-04";1.0;269.99;215.992
13;"Electra Cruiser 1 (24-Inch) - 2016";"Electra";"Cruisers Bicycles";2016;"Baldwin Bikes";"Baldwin";"NY";2016;4;"2016-04";4.0;1079.96;1025.962
13;"Electra Cruiser 1 (24-Inch) - 2016";"Electra";"Cruisers Bicycles";2016;"Baldwin Bikes";"Baldwin";"NY";2016;5;"2016-05";11.0;2969.89;2627.0027
13;"Electra Cruiser 1 (24-Inch) - 2016";"Electra";"Cruisers Bicycles";2016;"Rowlett Bikes";"Rowlett";"TX";2016;5;"2016-05";1.0;269.99;242.991
13;"Electra Cruiser 1 (24-Inch) - 2016";"Electra";"Cruisers Bicycles";2016;"Santa Cruz Bikes";"Santa Cruz";"CA";2016;6;"2016-06";3.0;809.97;683.0747
13;"Electra Cruiser 1 (24-Inch) - 2016";"Electra";"Cruisers Bicycles";2016;"Baldwin Bikes";"Baldwin";"NY";2016;6;"2016-06";5.0;1349.95;1231.1544
13;"Electra Cruiser 1 (24-Inch) - 2016";"Electra";"Cruisers Bicycles";2016;"Baldwin Bikes";"Baldwin";"NY";2016;7;"2016-07";12.0;3239.88;2832.1951
13;"Electra Cruiser 1 (24-Inch) - 2016";"Electra";"Cruisers Bicycles";2016;"Rowlett Bikes";"Rowlett";"TX";2016;8;"2016-08";3.0;809.97;753.2721
13;"Electra Cruiser 1 (24-Inch) - 2016";"Electra";"Cruisers Bicycles";2016;"Baldwin Bikes";"Baldwin";"NY";2016;8;"2016-08";6.0;1619.94;1506.5442
13;"Electra Cruiser 1 (24-Inch) - 2016";"Electra";"Cruisers Bicycles";2016;"Baldwin Bikes";"Baldwin";"NY";2016;9;"2016-09";8.0;2159.92;1960.1274
13;"Electra Cruiser 1 (24-Inch) - 2016";"Electra";"Cruisers Bicycles";2016;"Rowlett Bikes";"Rowlett";"TX";2016;9;"2016-09";4.0;1079.96;1015.1624
13;"Electra Cruiser 1 (24-Inch) - 2016";"Electra";"Cruisers Bicycles";2016;"Santa Cruz Bikes";"Santa Cruz";"CA";2016;9;"2016-09";3.0;809.97;769.4715
13;"Electra Cruiser 1 (24-Inch) - 2016";"Electra";"Cruisers Bicycles";2016;"Rowlett Bikes";"Rowlett";"TX";2016;10;"2016-10";3.0;809.97;688.4745
13;"Electra Cruiser 1 (24-Inch) - 2016";"Electra";"Cruisers Bicycles";2016;"Baldwin Bikes";"Baldwin";"NY";2016;10;"2016-10";11.0;2969.89;2667.5012
13;"Electra Cruiser 1 (24-Inch) - 2016";"Electra";"Cruisers Bicycles";2016;"Santa Cruz Bikes";"Santa Cruz";"CA";2016;10;"2016-10";2.0;539.98;502.1814
13;"Electra Cruiser 1 (24-Inch) - 2016";"Electra";"Cruisers Bicycles";2016;"Rowlett Bikes";"Rowlett";"TX";2016;11;"2016-11";2.0;539.98;485.982
13;"Electra Cruiser 1 (24-Inch) - 2016";"Electra";"Cruisers Bicycles";2016;"Baldwin Bikes";"Baldwin";"NY";2016;11;"2016-11";6.0;1619.94;1457.946
13;"Electra Cruiser 1 (24-Inch) - 2016";"Electra";"Cruisers Bicycles";2016;"Baldwin Bikes";"Baldwin";"NY";2016;12;"2016-12";3.0;809.97;674.975
13;"Electra Cruiser 1 (24-Inch) - 2016";"Electra";"Cruisers Bicycles";2016;"Rowlett Bikes";"Rowlett";"TX";2016;12;"2016-12";2.0;539.98;431.984
13;"Electra Cruiser 1 (24-Inch) - 2016";"Electra";"Cruisers Bicycles";2016;"Baldwin Bikes";"Baldwin";"NY";2017;1;"2017-01";1.0;269.99;242.991
13;"Electra Cruiser 1 (24-Inch) - 2016";"Electra";"Cruisers Bicycles";2016;"Rowlett Bikes";"Rowlett";"TX";2017;1;"2017-01";1.0;269.99;242.991
13;"Electra Cruiser 1 (24-Inch) - 2016";"Electra";"Cruisers Bicycles";2016;"Santa Cruz Bikes";"Santa Cruz";"CA";2017;2;"2017-02";1.0;269.99;215.992
13;"Electra Cruiser 1 (24-Inch) - 2016";"Electra";"Cruisers Bicycles";2016;"Baldwin Bikes";"Baldwin";"NY";2017;2;"2017-02";1.0;269.99;242.991
13;"Electra Cruiser 1 (24-Inch) - 2016";"Electra";"Cruisers Bicycles";2016;"Santa Cruz Bikes";"Santa Cruz";"CA";2017;3;"2017-03";2.0;539.98;431.984
13;"Electra Cruiser 1 (24-Inch) - 2016";"Electra";"Cruisers Bicycles";2016;"Rowlett Bikes";"Rowlett";"TX";2017;3;"2017-03";1.0;269.99;256.4905
13;"Electra Cruiser 1 (24-Inch) - 2016";"Electra";"Cruisers Bicycles";2016;"Baldwin Bikes";"Baldwin";"NY";2017;4;"2017-04";4.0;1079.96;961.1644
13;"Electra Cruiser 1 (24-Inch) - 2016";"Electra";"Cruisers Bicycles";2016;"Santa Cruz Bikes";"Santa Cruz";"CA";2017;5;"2017-05";2.0;539.98;458.983
13;"Electra Cruiser 1 (24-Inch) - 2016";"Electra";"Cruisers Bicycles";2016;"Baldwin Bikes";"Baldwin";"NY";2017;6;"2017-06";3.0;809.97;688.4745
13;"Electra Cruiser 1 (24-Inch) - 2016";"Electra";"Cruisers Bicycles";2016;"Baldwin Bikes";"Baldwin";"NY";2017;7;"2017-07";1.0;269.99;215.992
13;"Electra Cruiser 1 (24-Inch) - 2016";"Electra";"Cruisers Bicycles";2016;"Baldwin Bikes";"Baldwin";"NY";2017;8;"2017-08";5.0;1349.95;1271.6529
13;"Electra Cruiser 1 (24-Inch) - 2016";"Electra";"Cruisers Bicycles";2016;"Rowlett Bikes";"Rowlett";"TX";2017;8;"2017-08";2.0;539.98;502.1814
13;"Electra Cruiser 1 (24-Inch) - 2016";"Electra";"Cruisers Bicycles";2016;"Santa Cruz Bikes";"Santa Cruz";"CA";2017;9;"2017-09";2.0;539.98;512.981
13;"Electra Cruiser 1 (24-Inch) - 2016";"Electra";"Cruisers Bicycles";2016;"Baldwin Bikes";"Baldwin";"NY";2017;10;"2017-10";6.0;1619.94;1506.5442
13;"Electra Cruiser 1 (24-Inch) - 2016";"Electra";"Cruisers Bicycles";2016;"Baldwin Bikes";"Baldwin";"NY";2017;11;"2017-11";1.0;269.99;242.991
13;"Electra Cruiser 1 (24-Inch) - 2016";"Electra";"Cruisers Bicycles";2016;"Santa Cruz Bikes";"Santa Cruz";"CA";2018;1;"2018-01";1.0;269.99;242.991
13;"Electra Cruiser 1 (24-Inch) - 2016";"Electra";"Cruisers Bicycles";2016;"Baldwin Bikes";"Baldwin";"NY";2018;1;"2018-01";3.0;809.97;688.4745
14;"Electra Girl's Hawaii 1 (16-inch) - 2015/2016";"Electra";"Cruisers Bicycles";2016;"Baldwin Bikes";"Baldwin";"NY";2016;1;"2016-01";9.0;2429.91;2216.6179
14;"Electra Girl's Hawaii 1 (16-inch) - 2015/2016";"Electra";"Cruisers Bicycles";2016;"Santa Cruz Bikes";"Santa Cruz";"CA";2016;1;"2016-01";1.0;269.99;251.0907
14;"Electra Girl's Hawaii 1 (16-inch) - 2015/2016";"Electra";"Cruisers Bicycles";2016;"Baldwin Bikes";"Baldwin";"NY";2016;2;"2016-02";6.0;1619.94;1430.947
14;"Electra Girl's Hawaii 1 (16-inch) - 2015/2016";"Electra";"Cruisers Bicycles";2016;"Santa Cruz Bikes";"Santa Cruz";"CA";2016;2;"2016-02";3.0;809.97;764.0717
14;"Electra Girl's Hawaii 1 (16-inch) - 2015/2016";"Electra";"Cruisers Bicycles";2016;"Rowlett Bikes";"Rowlett";"TX";2016;3;"2016-03";1.0;269.99;242.991
14;"Electra Girl's Hawaii 1 (16-inch) - 2015/2016";"Electra";"Cruisers Bicycles";2016;"Baldwin Bikes";"Baldwin";"NY";2016;3;"2016-03";5.0;1349.95;1201.4555
14;"Electra Girl's Hawaii 1 (16-inch) - 2015/2016";"Electra";"Cruisers Bicycles";2016;"Baldwin Bikes";"Baldwin";"NY";2016;4;"2016-04";5.0;1349.95;1255.4535
14;"Electra Girl's Hawaii 1 (16-inch) - 2015/2016";"Electra";"Cruisers Bicycles";2016;"Rowlett Bikes";"Rowlett";"TX";2016;4;"2016-04";1.0;269.99;256.4905
14;"Electra Girl's Hawaii 1 (16-inch) - 2015/2016";"Electra";"Cruisers Bicycles";2016;"Rowlett Bikes";"Rowlett";"TX";2016;5;"2016-05";2.0;539.98;485.982
14;"Electra Girl's Hawaii 1 (16-inch) - 2015/2016";"Electra";"Cruisers Bicycles";2016;"Baldwin Bikes";"Baldwin";"NY";2016;5;"2016-05";4.0;1079.96;926.0657
14;"Electra Girl's Hawaii 1 (16-inch) - 2015/2016";"Electra";"Cruisers Bicycles";2016;"Baldwin Bikes";"Baldwin";"NY";2016;6;"2016-06";3.0;809.97;701.974
14;"Electra Girl's Hawaii 1 (16-inch) - 2015/2016";"Electra";"Cruisers Bicycles";2016;"Santa Cruz Bikes";"Santa Cruz";"CA";2016;6;"2016-06";1.0;269.99;242.991
14;"Electra Girl's Hawaii 1 (16-inch) - 2015/2016";"Electra";"Cruisers Bicycles";2016;"Baldwin Bikes";"Baldwin";"NY";2016;7;"2016-07";6.0;1619.94;1436.3468
14;"Electra Girl's Hawaii 1 (16-inch) - 2015/2016";"Electra";"Cruisers Bicycles";2016;"Rowlett Bikes";"Rowlett";"TX";2016;7;"2016-07";2.0;539.98;485.982
14;"Electra Girl's Hawaii 1 (16-inch) - 2015/2016";"Electra";"Cruisers Bicycles";2016;"Santa Cruz Bikes";"Santa Cruz";"CA";2016;7;"2016-07";2.0;539.98;485.982
14;"Electra Girl's Hawaii 1 (16-inch) - 2015/2016";"Electra";"Cruisers Bicycles";2016;"Baldwin Bikes";"Baldwin";"NY";2016;8;"2016-08";12.0;3239.88;2886.1931
14;"Electra Girl's Hawaii 1 (16-inch) - 2015/2016";"Electra";"Cruisers Bicycles";2016;"Rowlett Bikes";"Rowlett";"TX";2016;8;"2016-08";3.0;809.97;753.2721
14;"Electra Girl's Hawaii 1 (16-inch) - 2015/2016";"Electra";"Cruisers Bicycles";2016;"Santa Cruz Bikes";"Santa Cruz";"CA";2016;8;"2016-08";4.0;1079.96;917.966
14;"Electra Girl's Hawaii 1 (16-inch) - 2015/2016";"Electra";"Cruisers Bicycles";2016;"Baldwin Bikes";"Baldwin";"NY";2016;9;"2016-09";6.0;1619.94;1412.0477
14;"Electra Girl's Hawaii 1 (16-inch) - 2015/2016";"Electra";"Cruisers Bicycles";2016;"Santa Cruz Bikes";"Santa Cruz";"CA";2016;9;"2016-09";1.0;269.99;215.992
14;"Electra Girl's Hawaii 1 (16-inch) - 2015/2016";"Electra";"Cruisers Bicycles";2016;"Baldwin Bikes";"Baldwin";"NY";2016;10;"2016-10";5.0;1349.95;1160.957
14;"Electra Girl's Hawaii 1 (16-inch) - 2015/2016";"Electra";"Cruisers Bicycles";2016;"Santa Cruz Bikes";"Santa Cruz";"CA";2016;10;"2016-10";3.0;809.97;683.0747
14;"Electra Girl's Hawaii 1 (16-inch) - 2015/2016";"Electra";"Cruisers Bicycles";2016;"Santa Cruz Bikes";"Santa Cruz";"CA";2016;12;"2016-12";3.0;809.97;755.972
14;"Electra Girl's Hawaii 1 (16-inch) - 2015/2016";"Electra";"Cruisers Bicycles";2016;"Baldwin Bikes";"Baldwin";"NY";2016;12;"2016-12";4.0;1079.96;926.0657
14;"Electra Girl's Hawaii 1 (16-inch) - 2015/2016";"Electra";"Cruisers Bicycles";2016;"Baldwin Bikes";"Baldwin";"NY";2017;3;"2017-03";1.0;269.99;256.4905
14;"Electra Girl's Hawaii 1 (16-inch) - 2015/2016";"Electra";"Cruisers Bicycles";2016;"Baldwin Bikes";"Baldwin";"NY";2017;4;"2017-04";5.0;1349.95;1239.2541
14;"Electra Girl's Hawaii 1 (16-inch) - 2015/2016";"Electra";"Cruisers Bicycles";2016;"Santa Cruz Bikes";"Santa Cruz";"CA";2017;5;"2017-05";1.0;269.99;251.0907
14;"Electra Girl's Hawaii 1 (16-inch) - 2015/2016";"Electra";"Cruisers Bicycles";2016;"Rowlett Bikes";"Rowlett";"TX";2017;6;"2017-06";2.0;539.98;502.1814
14;"Electra Girl's Hawaii 1 (16-inch) - 2015/2016";"Electra";"Cruisers Bicycles";2016;"Baldwin Bikes";"Baldwin";"NY";2017;7;"2017-07";8.0;2159.92;1933.1284
14;"Electra Girl's Hawaii 1 (16-inch) - 2015/2016";"Electra";"Cruisers Bicycles";2016;"Santa Cruz Bikes";"Santa Cruz";"CA";2017;8;"2017-08";2.0;539.98;431.984
14;"Electra Girl's Hawaii 1 (16-inch) - 2015/2016";"Electra";"Cruisers Bicycles";2016;"Baldwin Bikes";"Baldwin";"NY";2017;8;"2017-08";1.0;269.99;251.0907
14;"Electra Girl's Hawaii 1 (16-inch) - 2015/2016";"Electra";"Cruisers Bicycles";2016;"Baldwin Bikes";"Baldwin";"NY";2017;9;"2017-09";1.0;269.99;215.992
14;"Electra Girl's Hawaii 1 (16-inch) - 2015/2016";"Electra";"Cruisers Bicycles";2016;"Baldwin Bikes";"Baldwin";"NY";2017;11;"2017-11";3.0;809.97;674.975
14;"Electra Girl's Hawaii 1 (16-inch) - 2015/2016";"Electra";"Cruisers Bicycles";2016;"Santa Cruz Bikes";"Santa Cruz";"CA";2017;12;"2017-12";3.0;809.97;701.974
14;"Electra Girl's Hawaii 1 (16-inch) - 2015/2016";"Electra";"Cruisers Bicycles";2016;"Baldwin Bikes";"Baldwin";"NY";2017;12;"2017-12";2.0;539.98;502.1814
14;"Electra Girl's Hawaii 1 (16-inch) - 2015/2016";"Electra";"Cruisers Bicycles";2016;"Baldwin Bikes";"Baldwin";"NY";2018;3;"2018-03";2.0;539.98;485.982
14;"Electra Girl's Hawaii 1 (16-inch) - 2015/2016";"Electra";"Cruisers Bicycles";2016;"Santa Cruz Bikes";"Santa Cruz";"CA";2018;4;"2018-04";1.0;269.99;242.991
15;"Electra Moto 1 - 2016";"Electra";"Cruisers Bicycles";2016;"Baldwin Bikes";"Baldwin";"NY";2016;1;"2016-01";3.0;1589.97;1446.8727
15;"Electra Moto 1 - 2016";"Electra";"Cruisers Bicycles";2016;"Santa Cruz Bikes";"Santa Cruz";"CA";2016;1;"2016-01";2.0;1059.98;847.984
15;"Electra Moto 1 - 2016";"Electra";"Cruisers Bicycles";2016;"Baldwin Bikes";"Baldwin";"NY";2016;2;"2016-02";8.0;4239.92;3741.7294
15;"Electra Moto 1 - 2016";"Electra";"Cruisers Bicycles";2016;"Santa Cruz Bikes";"Santa Cruz";"CA";2016;2;"2016-02";3.0;1589.97;1478.6721
15;"Electra Moto 1 - 2016";"Electra";"Cruisers Bicycles";2016;"Baldwin Bikes";"Baldwin";"NY";2016;3;"2016-03";4.0;2119.96;1934.4635
15;"Electra Moto 1 - 2016";"Electra";"Cruisers Bicycles";2016;"Santa Cruz Bikes";"Santa Cruz";"CA";2016;3;"2016-03";2.0;1059.98;953.982
15;"Electra Moto 1 - 2016";"Electra";"Cruisers Bicycles";2016;"Baldwin Bikes";"Baldwin";"NY";2016;4;"2016-04";3.0;1589.97;1409.7734
15;"Electra Moto 1 - 2016";"Electra";"Cruisers Bicycles";2016;"Santa Cruz Bikes";"Santa Cruz";"CA";2016;4;"2016-04";2.0;1059.98;847.984
15;"Electra Moto 1 - 2016";"Electra";"Cruisers Bicycles";2016;"Santa Cruz Bikes";"Santa Cruz";"CA";2016;5;"2016-05";2.0;1059.98;1006.981
15;"Electra Moto 1 - 2016";"Electra";"Cruisers Bicycles";2016;"Baldwin Bikes";"Baldwin";"NY";2016;5;"2016-05";6.0;3179.94;2867.2459
15;"Electra Moto 1 - 2016";"Electra";"Cruisers Bicycles";2016;"Santa Cruz Bikes";"Santa Cruz";"CA";2016;6;"2016-06";3.0;1589.97;1430.973
15;"Electra Moto 1 - 2016";"Electra";"Cruisers Bicycles";2016;"Baldwin Bikes";"Baldwin";"NY";2016;6;"2016-06";1.0;529.99;476.991
15;"Electra Moto 1 - 2016";"Electra";"Cruisers Bicycles";2016;"Baldwin Bikes";"Baldwin";"NY";2016;7;"2016-07";7.0;3709.93;3471.4345
15;"Electra Moto 1 - 2016";"Electra";"Cruisers Bicycles";2016;"Rowlett Bikes";"Rowlett";"TX";2016;8;"2016-08";4.0;2119.96;1966.2629
15;"Electra Moto 1 - 2016";"Electra";"Cruisers Bicycles";2016;"Baldwin Bikes";"Baldwin";"NY";2016;8;"2016-08";3.0;1589.97;1462.7724
15;"Electra Moto 1 - 2016";"Electra";"Cruisers Bicycles";2016;"Santa Cruz Bikes";"Santa Cruz";"CA";2016;8;"2016-08";2.0;1059.98;985.7814
15;"Electra Moto 1 - 2016";"Electra";"Cruisers Bicycles";2016;"Baldwin Bikes";"Baldwin";"NY";2016;9;"2016-09";5.0;2649.95;2294.8567
15;"Electra Moto 1 - 2016";"Electra";"Cruisers Bicycles";2016;"Santa Cruz Bikes";"Santa Cruz";"CA";2016;9;"2016-09";7.0;3709.93;3370.7364
15;"Electra Moto 1 - 2016";"Electra";"Cruisers Bicycles";2016;"Santa Cruz Bikes";"Santa Cruz";"CA";2016;10;"2016-10";7.0;3709.93;3354.8367
15;"Electra Moto 1 - 2016";"Electra";"Cruisers Bicycles";2016;"Baldwin Bikes";"Baldwin";"NY";2016;10;"2016-10";1.0;529.99;492.8907
15;"Electra Moto 1 - 2016";"Electra";"Cruisers Bicycles";2016;"Rowlett Bikes";"Rowlett";"TX";2016;10;"2016-10";1.0;529.99;476.991
15;"Electra Moto 1 - 2016";"Electra";"Cruisers Bicycles";2016;"Rowlett Bikes";"Rowlett";"TX";2016;11;"2016-11";1.0;529.99;492.8907
15;"Electra Moto 1 - 2016";"Electra";"Cruisers Bicycles";2016;"Baldwin Bikes";"Baldwin";"NY";2016;11;"2016-11";5.0;2649.95;2278.957
15;"Electra Moto 1 - 2016";"Electra";"Cruisers Bicycles";2016;"Santa Cruz Bikes";"Santa Cruz";"CA";2016;11;"2016-11";3.0;1589.97;1446.8727
15;"Electra Moto 1 - 2016";"Electra";"Cruisers Bicycles";2016;"Baldwin Bikes";"Baldwin";"NY";2016;12;"2016-12";12.0;6359.88;5607.2942
15;"Electra Moto 1 - 2016";"Electra";"Cruisers Bicycles";2016;"Santa Cruz Bikes";"Santa Cruz";"CA";2016;12;"2016-12";4.0;2119.96;1939.7634
15;"Electra Moto 1 - 2016";"Electra";"Cruisers Bicycles";2016;"Baldwin Bikes";"Baldwin";"NY";2017;1;"2017-01";1.0;529.99;492.8907
15;"Electra Moto 1 - 2016";"Electra";"Cruisers Bicycles";2016;"Santa Cruz Bikes";"Santa Cruz";"CA";2017;1;"2017-01";5.0;2649.95;2199.4585
15;"Electra Moto 1 - 2016";"Electra";"Cruisers Bicycles";2016;"Santa Cruz Bikes";"Santa Cruz";"CA";2017;2;"2017-02";2.0;1059.98;985.7814
15;"Electra Moto 1 - 2016";"Electra";"Cruisers Bicycles";2016;"Santa Cruz Bikes";"Santa Cruz";"CA";2017;5;"2017-05";2.0;1059.98;1006.981
15;"Electra Moto 1 - 2016";"Electra";"Cruisers Bicycles";2016;"Baldwin Bikes";"Baldwin";"NY";2017;6;"2017-06";1.0;529.99;423.992
15;"Electra Moto 1 - 2016";"Electra";"Cruisers Bicycles";2016;"Baldwin Bikes";"Baldwin";"NY";2017;7;"2017-07";2.0;1059.98;996.3812
15;"Electra Moto 1 - 2016";"Electra";"Cruisers Bicycles";2016;"Baldwin Bikes";"Baldwin";"NY";2017;8;"2017-08";3.0;1589.97;1499.8717
15;"Electra Moto 1 - 2016";"Electra";"Cruisers Bicycles";2016;"Rowlett Bikes";"Rowlett";"TX";2017;8;"2017-08";3.0;1589.97;1446.8727
15;"Electra Moto 1 - 2016";"Electra";"Cruisers Bicycles";2016;"Baldwin Bikes";"Baldwin";"NY";2017;10;"2017-10";5.0;2649.95;2331.956
15;"Electra Moto 1 - 2016";"Electra";"Cruisers Bicycles";2016;"Rowlett Bikes";"Rowlett";"TX";2017;10;"2017-10";1.0;529.99;503.4905
15;"Electra Moto 1 - 2016";"Electra";"Cruisers Bicycles";2016;"Baldwin Bikes";"Baldwin";"NY";2017;11;"2017-11";4.0;2119.96;1695.968
15;"Electra Moto 1 - 2016";"Electra";"Cruisers Bicycles";2016;"Santa Cruz Bikes";"Santa Cruz";"CA";2017;11;"2017-11";2.0;1059.98;953.982
15;"Electra Moto 1 - 2016";"Electra";"Cruisers Bicycles";2016;"Baldwin Bikes";"Baldwin";"NY";2018;2;"2018-02";1.0;529.99;476.991
15;"Electra Moto 1 - 2016";"Electra";"Cruisers Bicycles";2016;"Baldwin Bikes";"Baldwin";"NY";2018;4;"2018-04";2.0;1059.98;1006.981
15;"Electra Moto 1 - 2016";"Electra";"Cruisers Bicycles";2016;"Santa Cruz Bikes";"Santa Cruz";"CA";2018;4;"2018-04";2.0;1059.98;953.982
16;"Electra Townie Original 7D EQ - 2016";"Electra";"Cruisers Bicycles";2016;"Santa Cruz Bikes";"Santa Cruz";"CA";2016;1;"2016-01";2.0;1199.98;1139.981
16;"Electra Townie Original 7D EQ - 2016";"Electra";"Cruisers Bicycles";2016;"Baldwin Bikes";"Baldwin";"NY";2016;1;"2016-01";11.0;6599.89;5909.9015
16;"Electra Townie Original 7D EQ - 2016";"Electra";"Cruisers Bicycles";2016;"Baldwin Bikes";"Baldwin";"NY";2016;2;"2016-02";2.0;1199.98;1139.981
16;"Electra Townie Original 7D EQ - 2016";"Electra";"Cruisers Bicycles";2016;"Baldwin Bikes";"Baldwin";"NY";2016;3;"2016-03";14.0;8399.86;7433.8761
16;"Electra Townie Original 7D EQ - 2016";"Electra";"Cruisers Bicycles";2016;"Santa Cruz Bikes";"Santa Cruz";"CA";2016;3;"2016-03";3.0;1799.97;1649.9725
16;"Electra Townie Original 7D EQ - 2016";"Electra";"Cruisers Bicycles";2016;"Baldwin Bikes";"Baldwin";"NY";2016;4;"2016-04";4.0;2399.96;2177.9637
16;"Electra Townie Original 7D EQ - 2016";"Electra";"Cruisers Bicycles";2016;"Rowlett Bikes";"Rowlett";"TX";2016;4;"2016-04";1.0;599.99;479.992
16;"Electra Townie Original 7D EQ - 2016";"Electra";"Cruisers Bicycles";2016;"Santa Cruz Bikes";"Santa Cruz";"CA";2016;4;"2016-04";2.0;1199.98;959.984
16;"Electra Townie Original 7D EQ - 2016";"Electra";"Cruisers Bicycles";2016;"Baldwin Bikes";"Baldwin";"NY";2016;5;"2016-05";4.0;2399.96;2195.9634
16;"Electra Townie Original 7D EQ - 2016";"Electra";"Cruisers Bicycles";2016;"Santa Cruz Bikes";"Santa Cruz";"CA";2016;5;"2016-05";2.0;1199.98;1139.981
16;"Electra Townie Original 7D EQ - 2016";"Electra";"Cruisers Bicycles";2016;"Rowlett Bikes";"Rowlett";"TX";2016;5;"2016-05";2.0;1199.98;1079.982
16;"Electra Townie Original 7D EQ - 2016";"Electra";"Cruisers Bicycles";2016;"Santa Cruz Bikes";"Santa Cruz";"CA";2016;6;"2016-06";7.0;4199.93;3719.938
16;"Electra Townie Original 7D EQ - 2016";"Electra";"Cruisers Bicycles";2016;"Rowlett Bikes";"Rowlett";"TX";2016;6;"2016-06";2.0;1199.98;1115.9814
16;"Electra Townie Original 7D EQ - 2016";"Electra";"Cruisers Bicycles";2016;"Baldwin Bikes";"Baldwin";"NY";2016;6;"2016-06";2.0;1199.98;1079.982
16;"Electra Townie Original 7D EQ - 2016";"Electra";"Cruisers Bicycles";2016;"Baldwin Bikes";"Baldwin";"NY";2016;7;"2016-07";10.0;5999.9;5339.911
16;"Electra Townie Original 7D EQ - 2016";"Electra";"Cruisers Bicycles";2016;"Rowlett Bikes";"Rowlett";"TX";2016;8;"2016-08";3.0;1799.97;1499.975
16;"Electra Townie Original 7D EQ - 2016";"Electra";"Cruisers Bicycles";2016;"Baldwin Bikes";"Baldwin";"NY";2016;8;"2016-08";6.0;3599.94;2969.9505
16;"Electra Townie Original 7D EQ - 2016";"Electra";"Cruisers Bicycles";2016;"Santa Cruz Bikes";"Santa Cruz";"CA";2016;8;"2016-08";1.0;599.99;479.992
16;"Electra Townie Original 7D EQ - 2016";"Electra";"Cruisers Bicycles";2016;"Baldwin Bikes";"Baldwin";"NY";2016;9;"2016-09";9.0;5399.91;4877.9187
16;"Electra Townie Original 7D EQ - 2016";"Electra";"Cruisers Bicycles";2016;"Santa Cruz Bikes";"Santa Cruz";"CA";2016;9;"2016-09";1.0;599.99;539.991
16;"Electra Townie Original 7D EQ - 2016";"Electra";"Cruisers Bicycles";2016;"Rowlett Bikes";"Rowlett";"TX";2016;10;"2016-10";2.0;1199.98;1115.9814
16;"Electra Townie Original 7D EQ - 2016";"Electra";"Cruisers Bicycles";2016;"Santa Cruz Bikes";"Santa Cruz";"CA";2016;10;"2016-10";2.0;1199.98;959.984
16;"Electra Townie Original 7D EQ - 2016";"Electra";"Cruisers Bicycles";2016;"Baldwin Bikes";"Baldwin";"NY";2016;10;"2016-10";5.0;2999.95;2615.9564
16;"Electra Townie Original 7D EQ - 2016";"Electra";"Cruisers Bicycles";2016;"Baldwin Bikes";"Baldwin";"NY";2016;11;"2016-11";7.0;4199.93;3797.9367
16;"Electra Townie Original 7D EQ - 2016";"Electra";"Cruisers Bicycles";2016;"Rowlett Bikes";"Rowlett";"TX";2016;11;"2016-11";2.0;1199.98;1109.9815
16;"Electra Townie Original 7D EQ - 2016";"Electra";"Cruisers Bicycles";2016;"Santa Cruz Bikes";"Santa Cruz";"CA";2016;11;"2016-11";2.0;1199.98;959.984
16;"Electra Townie Original 7D EQ - 2016";"Electra";"Cruisers Bicycles";2016;"Baldwin Bikes";"Baldwin";"NY";2016;12;"2016-12";8.0;4799.92;4343.9276
16;"Electra Townie Original 7D EQ - 2016";"Electra";"Cruisers Bicycles";2016;"Santa Cruz Bikes";"Santa Cruz";"CA";2016;12;"2016-12";2.0;1199.98;1115.9814
16;"Electra Townie Original 7D EQ - 2016";"Electra";"Cruisers Bicycles";2016;"Baldwin Bikes";"Baldwin";"NY";2017;1;"2017-01";2.0;1199.98;1115.9814
16;"Electra Townie Original 7D EQ - 2016";"Electra";"Cruisers Bicycles";2016;"Baldwin Bikes";"Baldwin";"NY";2017;2;"2017-02";2.0;1199.98;1049.9825
16;"Electra Townie Original 7D EQ - 2016";"Electra";"Cruisers Bicycles";2016;"Rowlett Bikes";"Rowlett";"TX";2017;3;"2017-03";2.0;1199.98;1079.982
16;"Electra Townie Original 7D EQ - 2016";"Electra";"Cruisers Bicycles";2016;"Baldwin Bikes";"Baldwin";"NY";2017;3;"2017-03";6.0;3599.94;2879.952
16;"Electra Townie Original 7D EQ - 2016";"Electra";"Cruisers Bicycles";2016;"Baldwin Bikes";"Baldwin";"NY";2017;4;"2017-04";4.0;2399.96;2039.966
16;"Electra Townie Original 7D EQ - 2016";"Electra";"Cruisers Bicycles";2016;"Baldwin Bikes";"Baldwin";"NY";2017;5;"2017-05";3.0;1799.97;1637.9727
16;"Electra Townie Original 7D EQ - 2016";"Electra";"Cruisers Bicycles";2016;"Santa Cruz Bikes";"Santa Cruz";"CA";2017;6;"2017-06";4.0;2399.96;2039.966
16;"Electra Townie Original 7D EQ - 2016";"Electra";"Cruisers Bicycles";2016;"Santa Cruz Bikes";"Santa Cruz";"CA";2017;7;"2017-07";4.0;2399.96;2039.966
16;"Electra Townie Original 7D EQ - 2016";"Electra";"Cruisers Bicycles";2016;"Baldwin Bikes";"Baldwin";"NY";2017;8;"2017-08";1.0;599.99;569.9905
16;"Electra Townie Original 7D EQ - 2016";"Electra";"Cruisers Bicycles";2016;"Baldwin Bikes";"Baldwin";"NY";2017;9;"2017-09";3.0;1799.97;1709.9715
16;"Electra Townie Original 7D EQ - 2016";"Electra";"Cruisers Bicycles";2016;"Baldwin Bikes";"Baldwin";"NY";2017;10;"2017-10";2.0;1199.98;1139.981
16;"Electra Townie Original 7D EQ - 2016";"Electra";"Cruisers Bicycles";2016;"Baldwin Bikes";"Baldwin";"NY";2017;11;"2017-11";2.0;1199.98;959.984
16;"Electra Townie Original 7D EQ - 2016";"Electra";"Cruisers Bicycles";2016;"Santa Cruz Bikes";"Santa Cruz";"CA";2017;12;"2017-12";1.0;599.99;569.9905
16;"Electra Townie Original 7D EQ - 2016";"Electra";"Cruisers Bicycles";2016;"Rowlett Bikes";"Rowlett";"TX";2017;12;"2017-12";2.0;1199.98;959.984
20;"Electra Townie Original 7D EQ - Women's - 2016";"Electra";"Cruisers Bicycles";2016;"Santa Cruz Bikes";"Santa Cruz";"CA";2016;1;"2016-01";3.0;1799.97;1439.976
20;"Electra Townie Original 7D EQ - Women's - 2016";"Electra";"Cruisers Bicycles";2016;"Baldwin Bikes";"Baldwin";"NY";2016;1;"2016-01";9.0;5399.91;5003.9166
20;"Electra Townie Original 7D EQ - Women's - 2016";"Electra";"Cruisers Bicycles";2016;"Baldwin Bikes";"Baldwin";"NY";2016;2;"2016-02";9.0;5399.91;4745.9209
20;"Electra Townie Original 7D EQ - Women's - 2016";"Electra";"Cruisers Bicycles";2016;"Rowlett Bikes";"Rowlett";"TX";2016;2;"2016-02";1.0;599.99;569.9905
20;"Electra Townie Original 7D EQ - Women's - 2016";"Electra";"Cruisers Bicycles";2016;"Santa Cruz Bikes";"Santa Cruz";"CA";2016;2;"2016-02";2.0;1199.98;1037.9827
20;"Electra Townie Original 7D EQ - Women's - 2016";"Electra";"Cruisers Bicycles";2016;"Rowlett Bikes";"Rowlett";"TX";2016;3;"2016-03";1.0;599.99;539.991
20;"Electra Townie Original 7D EQ - Women's - 2016";"Electra";"Cruisers Bicycles";2016;"Santa Cruz Bikes";"Santa Cruz";"CA";2016;3;"2016-03";3.0;1799.97;1649.9725
20;"Electra Townie Original 7D EQ - Women's - 2016";"Electra";"Cruisers Bicycles";2016;"Baldwin Bikes";"Baldwin";"NY";2016;4;"2016-04";5.0;2999.95;2699.955
20;"Electra Townie Original 7D EQ - Women's - 2016";"Electra";"Cruisers Bicycles";2016;"Rowlett Bikes";"Rowlett";"TX";2016;4;"2016-04";2.0;1199.98;1139.981
20;"Electra Townie Original 7D EQ - Women's - 2016";"Electra";"Cruisers Bicycles";2016;"Santa Cruz Bikes";"Santa Cruz";"CA";2016;4;"2016-04";3.0;1799.97;1619.973
20;"Electra Townie Original 7D EQ - Women's - 2016";"Electra";"Cruisers Bicycles";2016;"Baldwin Bikes";"Baldwin";"NY";2016;5;"2016-05";7.0;4199.93;3605.9399
20;"Electra Townie Original 7D EQ - Women's - 2016";"Electra";"Cruisers Bicycles";2016;"Rowlett Bikes";"Rowlett";"TX";2016;5;"2016-05";1.0;599.99;479.992
20;"Electra Townie Original 7D EQ - Women's - 2016";"Electra";"Cruisers Bicycles";2016;"Baldwin Bikes";"Baldwin";"NY";2016;6;"2016-06";4.0;2399.96;2009.9665
20;"Electra Townie Original 7D EQ - Women's - 2016";"Electra";"Cruisers Bicycles";2016;"Rowlett Bikes";"Rowlett";"TX";2016;6;"2016-06";1.0;599.99;557.9907
20;"Electra Townie Original 7D EQ - Women's - 2016";"Electra";"Cruisers Bicycles";2016;"Baldwin Bikes";"Baldwin";"NY";2016;7;"2016-07";4.0;2399.96;2039.966
20;"Electra Townie Original 7D EQ - Women's - 2016";"Electra";"Cruisers Bicycles";2016;"Santa Cruz Bikes";"Santa Cruz";"CA";2016;8;"2016-08";4.0;2399.96;1997.9667
20;"Electra Townie Original 7D EQ - Women's - 2016";"Electra";"Cruisers Bicycles";2016;"Rowlett Bikes";"Rowlett";"TX";2016;8;"2016-08";1.0;599.99;479.992
20;"Electra Townie Original 7D EQ - Women's - 2016";"Electra";"Cruisers Bicycles";2016;"Baldwin Bikes";"Baldwin";"NY";2016;8;"2016-08";1.0;599.99;539.991
20;"Electra Townie Original 7D EQ - Women's - 2016";"Electra";"Cruisers Bicycles";2016;"Rowlett Bikes";"Rowlett";"TX";2016;9;"2016-09";1.0;599.99;479.992
20;"Electra Townie Original 7D EQ - Women's - 2016";"Electra";"Cruisers Bicycles";2016;"Baldwin Bikes";"Baldwin";"NY";2016;9;"2016-09";6.0;3599.94;3209.9465
20;"Electra Townie Original 7D EQ - Women's - 2016";"Electra";"Cruisers Bicycles";2016;"Santa Cruz Bikes";"Santa Cruz";"CA";2016;9;"2016-09";4.0;2399.96;2099.965
20;"Electra Townie Original 7D EQ - Women's - 2016";"Electra";"Cruisers Bicycles";2016;"Baldwin Bikes";"Baldwin";"NY";2016;10;"2016-10";3.0;1799.97;1709.9715
20;"Electra Townie Original 7D EQ - Women's - 2016";"Electra";"Cruisers Bicycles";2016;"Santa Cruz Bikes";"Santa Cruz";"CA";2016;10;"2016-10";4.0;2399.96;2159.964
20;"Electra Townie Original 7D EQ - Women's - 2016";"Electra";"Cruisers Bicycles";2016;"Baldwin Bikes";"Baldwin";"NY";2016;11;"2016-11";3.0;1799.97;1655.9724
20;"Electra Townie Original 7D EQ - Women's - 2016";"Electra";"Cruisers Bicycles";2016;"Rowlett Bikes";"Rowlett";"TX";2016;11;"2016-11";2.0;1199.98;1115.9814
20;"Electra Townie Original 7D EQ - Women's - 2016";"Electra";"Cruisers Bicycles";2016;"Baldwin Bikes";"Baldwin";"NY";2016;12;"2016-12";2.0;1199.98;1037.9827
20;"Electra Townie Original 7D EQ - Women's - 2016";"Electra";"Cruisers Bicycles";2016;"Baldwin Bikes";"Baldwin";"NY";2017;2;"2017-02";1.0;599.99;479.992
20;"Electra Townie Original 7D EQ - Women's - 2016";"Electra";"Cruisers Bicycles";2016;"Baldwin Bikes";"Baldwin";"NY";2017;3;"2017-03";3.0;1799.97;1595.9734
20;"Electra Townie Original 7D EQ - Women's - 2016";"Electra";"Cruisers Bicycles";2016;"Baldwin Bikes";"Baldwin";"NY";2017;4;"2017-04";2.0;1199.98;1139.981
20;"Electra Townie Original 7D EQ - Women's - 2016";"Electra";"Cruisers Bicycles";2016;"Baldwin Bikes";"Baldwin";"NY";2017;5;"2017-05";1.0;599.99;479.992
20;"Electra Townie Original 7D EQ - Women's - 2016";"Electra";"Cruisers Bicycles";2016;"Santa Cruz Bikes";"Santa Cruz";"CA";2017;5;"2017-05";2.0;1199.98;959.984
20;"Electra Townie Original 7D EQ - Women's - 2016";"Electra";"Cruisers Bicycles";2016;"Baldwin Bikes";"Baldwin";"NY";2017;6;"2017-06";6.0;3599.94;3155.9474
20;"Electra Townie Original 7D EQ - Women's - 2016";"Electra";"Cruisers Bicycles";2016;"Baldwin Bikes";"Baldwin";"NY";2017;7;"2017-07";4.0;2399.96;2177.9637
20;"Electra Townie Original 7D EQ - Women's - 2016";"Electra";"Cruisers Bicycles";2016;"Santa Cruz Bikes";"Santa Cruz";"CA";2017;7;"2017-07";1.0;599.99;479.992
20;"Electra Townie Original 7D EQ - Women's - 2016";"Electra";"Cruisers Bicycles";2016;"Baldwin Bikes";"Baldwin";"NY";2017;8;"2017-08";2.0;1199.98;1037.9827
20;"Electra Townie Original 7D EQ - Women's - 2016";"Electra";"Cruisers Bicycles";2016;"Santa Cruz Bikes";"Santa Cruz";"CA";2017;9;"2017-09";2.0;1199.98;1115.9814
20;"Electra Townie Original 7D EQ - Women's - 2016";"Electra";"Cruisers Bicycles";2016;"Santa Cruz Bikes";"Santa Cruz";"CA";2017;10;"2017-10";1.0;599.99;539.991
20;"Electra Townie Original 7D EQ - Women's - 2016";"Electra";"Cruisers Bicycles";2016;"Baldwin Bikes";"Baldwin";"NY";2017;10;"2017-10";1.0;599.99;569.9905
20;"Electra Townie Original 7D EQ - Women's - 2016";"Electra";"Cruisers Bicycles";2016;"Baldwin Bikes";"Baldwin";"NY";2017;11;"2017-11";5.0;2999.95;2837.9527
20;"Electra Townie Original 7D EQ - Women's - 2016";"Electra";"Cruisers Bicycles";2016;"Baldwin Bikes";"Baldwin";"NY";2017;12;"2017-12";3.0;1799.97;1649.9725
20;"Electra Townie Original 7D EQ - Women's - 2016";"Electra";"Cruisers Bicycles";2016;"Santa Cruz Bikes";"Santa Cruz";"CA";2017;12;"2017-12";1.0;599.99;557.9907
20;"Electra Townie Original 7D EQ - Women's - 2016";"Electra";"Cruisers Bicycles";2016;"Baldwin Bikes";"Baldwin";"NY";2018;3;"2018-03";2.0;1199.98;1139.981
20;"Electra Townie Original 7D EQ - Women's - 2016";"Electra";"Cruisers Bicycles";2016;"Baldwin Bikes";"Baldwin";"NY";2018;4;"2018-04";2.0;1199.98;959.984
64;"Electra Townie Original 7D - 2017";"Electra";"Cruisers Bicycles";2017;"Santa Cruz Bikes";"Santa Cruz";"CA";2017;1;"2017-01";1.0;489.99;391.992
64;"Electra Townie Original 7D - 2017";"Electra";"Cruisers Bicycles";2017;"Baldwin Bikes";"Baldwin";"NY";2017;2;"2017-02";3.0;1469.97;1273.974
64;"Electra Townie Original 7D - 2017";"Electra";"Cruisers Bicycles";2017;"Baldwin Bikes";"Baldwin";"NY";2017;3;"2017-03";1.0;489.99;440.991
64;"Electra Townie Original 7D - 2017";"Electra";"Cruisers Bicycles";2017;"Rowlett Bikes";"Rowlett";"TX";2017;3;"2017-03";1.0;489.99;440.991
64;"Electra Townie Original 7D - 2017";"Electra";"Cruisers Bicycles";2017;"Baldwin Bikes";"Baldwin";"NY";2017;4;"2017-04";2.0;979.98;783.984
64;"Electra Townie Original 7D - 2017";"Electra";"Cruisers Bicycles";2017;"Rowlett Bikes";"Rowlett";"TX";2017;5;"2017-05";2.0;979.98;930.981
64;"Electra Townie Original 7D - 2017";"Electra";"Cruisers Bicycles";2017;"Baldwin Bikes";"Baldwin";"NY";2017;5;"2017-05";1.0;489.99;465.4905
64;"Electra Townie Original 7D - 2017";"Electra";"Cruisers Bicycles";2017;"Baldwin Bikes";"Baldwin";"NY";2017;6;"2017-06";2.0;979.98;911.3814
64;"Electra Townie Original 7D - 2017";"Electra";"Cruisers Bicycles";2017;"Rowlett Bikes";"Rowlett";"TX";2017;6;"2017-06";1.0;489.99;440.991
64;"Electra Townie Original 7D - 2017";"Electra";"Cruisers Bicycles";2017;"Baldwin Bikes";"Baldwin";"NY";2017;7;"2017-07";1.0;489.99;391.992
64;"Electra Townie Original 7D - 2017";"Electra";"Cruisers Bicycles";2017;"Santa Cruz Bikes";"Santa Cruz";"CA";2017;8;"2017-08";2.0;979.98;896.6817
64;"Electra Townie Original 7D - 2017";"Electra";"Cruisers Bicycles";2017;"Rowlett Bikes";"Rowlett";"TX";2017;8;"2017-08";1.0;489.99;440.991
64;"Electra Townie Original 7D - 2017";"Electra";"Cruisers Bicycles";2017;"Baldwin Bikes";"Baldwin";"NY";2017;8;"2017-08";1.0;489.99;440.991
64;"Electra Townie Original 7D - 2017";"Electra";"Cruisers Bicycles";2017;"Baldwin Bikes";"Baldwin";"NY";2017;9;"2017-09";1.0;489.99;391.992
64;"Electra Townie Original 7D - 2017";"Electra";"Cruisers Bicycles";2017;"Rowlett Bikes";"Rowlett";"TX";2017;10;"2017-10";2.0;979.98;911.3814
64;"Electra Townie Original 7D - 2017";"Electra";"Cruisers Bicycles";2017;"Baldwin Bikes";"Baldwin";"NY";2017;10;"2017-10";2.0;979.98;881.982
64;"Electra Townie Original 7D - 2017";"Electra";"Cruisers Bicycles";2017;"Rowlett Bikes";"Rowlett";"TX";2017;12;"2017-12";2.0;979.98;783.984
64;"Electra Townie Original 7D - 2017";"Electra";"Cruisers Bicycles";2017;"Santa Cruz Bikes";"Santa Cruz";"CA";2018;4;"2018-04";1.0;489.99;440.991
70;"Electra Amsterdam Original 3i - 2015/2017";"Electra";"Cruisers Bicycles";2017;"Baldwin Bikes";"Baldwin";"NY";2017;1;"2017-01";2.0;1319.98;1154.9825
70;"Electra Amsterdam Original 3i - 2015/2017";"Electra";"Cruisers Bicycles";2017;"Santa Cruz Bikes";"Santa Cruz";"CA";2017;2;"2017-02";1.0;659.99;626.9905
70;"Electra Amsterdam Original 3i - 2015/2017";"Electra";"Cruisers Bicycles";2017;"Baldwin Bikes";"Baldwin";"NY";2017;4;"2017-04";3.0;1979.97;1669.7747
70;"Electra Amsterdam Original 3i - 2015/2017";"Electra";"Cruisers Bicycles";2017;"Baldwin Bikes";"Baldwin";"NY";2017;5;"2017-05";1.0;659.99;593.991
70;"Electra Amsterdam Original 3i - 2015/2017";"Electra";"Cruisers Bicycles";2017;"Baldwin Bikes";"Baldwin";"NY";2017;6;"2017-06";1.0;659.99;593.991
70;"Electra Amsterdam Original 3i - 2015/2017";"Electra";"Cruisers Bicycles";2017;"Santa Cruz Bikes";"Santa Cruz";"CA";2017;6;"2017-06";2.0;1319.98;1055.984
70;"Electra Amsterdam Original 3i - 2015/2017";"Electra";"Cruisers Bicycles";2017;"Rowlett Bikes";"Rowlett";"TX";2017;6;"2017-06";4.0;2639.96;2507.962
70;"Electra Amsterdam Original 3i - 2015/2017";"Electra";"Cruisers Bicycles";2017;"Baldwin Bikes";"Baldwin";"NY";2017;7;"2017-07";3.0;1979.97;1821.5724
70;"Electra Amsterdam Original 3i - 2015/2017";"Electra";"Cruisers Bicycles";2017;"Baldwin Bikes";"Baldwin";"NY";2017;8;"2017-08";2.0;1319.98;1227.5814
70;"Electra Amsterdam Original 3i - 2015/2017";"Electra";"Cruisers Bicycles";2017;"Santa Cruz Bikes";"Santa Cruz";"CA";2017;8;"2017-08";3.0;1979.97;1854.5719
70;"Electra Amsterdam Original 3i - 2015/2017";"Electra";"Cruisers Bicycles";2017;"Baldwin Bikes";"Baldwin";"NY";2017;9;"2017-09";2.0;1319.98;1187.982
70;"Electra Amsterdam Original 3i - 2015/2017";"Electra";"Cruisers Bicycles";2017;"Baldwin Bikes";"Baldwin";"NY";2017;11;"2017-11";2.0;1319.98;1141.7827
70;"Electra Amsterdam Original 3i - 2015/2017";"Electra";"Cruisers Bicycles";2017;"Baldwin Bikes";"Baldwin";"NY";2017;12;"2017-12";2.0;1319.98;1240.7812
70;"Electra Amsterdam Original 3i - 2015/2017";"Electra";"Cruisers Bicycles";2017;"Baldwin Bikes";"Baldwin";"NY";2018;3;"2018-03";4.0;2639.96;2309.965
74;"Electra Cruiser Lux 1 - 2017";"Electra";"Cruisers Bicycles";2017;"Rowlett Bikes";"Rowlett";"TX";2017;1;"2017-01";1.0;439.99;417.9905
74;"Electra Cruiser Lux 1 - 2017";"Electra";"Cruisers Bicycles";2017;"Rowlett Bikes";"Rowlett";"TX";2017;2;"2017-02";2.0;879.98;791.982
74;"Electra Cruiser Lux 1 - 2017";"Electra";"Cruisers Bicycles";2017;"Santa Cruz Bikes";"Santa Cruz";"CA";2017;3;"2017-03";2.0;879.98;818.3814
74;"Electra Cruiser Lux 1 - 2017";"Electra";"Cruisers Bicycles";2017;"Baldwin Bikes";"Baldwin";"NY";2017;3;"2017-03";1.0;439.99;395.991
74;"Electra Cruiser Lux 1 - 2017";"Electra";"Cruisers Bicycles";2017;"Baldwin Bikes";"Baldwin";"NY";2017;5;"2017-05";2.0;879.98;835.981
74;"Electra Cruiser Lux 1 - 2017";"Electra";"Cruisers Bicycles";2017;"Santa Cruz Bikes";"Santa Cruz";"CA";2017;6;"2017-06";2.0;879.98;791.982
74;"Electra Cruiser Lux 1 - 2017";"Electra";"Cruisers Bicycles";2017;"Baldwin Bikes";"Baldwin";"NY";2017;6;"2017-06";2.0;879.98;769.9825
74;"Electra Cruiser Lux 1 - 2017";"Electra";"Cruisers Bicycles";2017;"Rowlett Bikes";"Rowlett";"TX";2017;6;"2017-06";1.0;439.99;351.992
74;"Electra Cruiser Lux 1 - 2017";"Electra";"Cruisers Bicycles";2017;"Baldwin Bikes";"Baldwin";"NY";2017;7;"2017-07";2.0;879.98;818.3814
74;"Electra Cruiser Lux 1 - 2017";"Electra";"Cruisers Bicycles";2017;"Baldwin Bikes";"Baldwin";"NY";2017;8;"2017-08";2.0;879.98;818.3814
74;"Electra Cruiser Lux 1 - 2017";"Electra";"Cruisers Bicycles";2017;"Santa Cruz Bikes";"Santa Cruz";"CA";2017;8;"2017-08";2.0;879.98;747.983
74;"Electra Cruiser Lux 1 - 2017";"Electra";"Cruisers Bicycles";2017;"Santa Cruz Bikes";"Santa Cruz";"CA";2017;10;"2017-10";1.0;439.99;409.1907
74;"Electra Cruiser Lux 1 - 2017";"Electra";"Cruisers Bicycles";2017;"Rowlett Bikes";"Rowlett";"TX";2017;10;"2017-10";1.0;439.99;395.991
74;"Electra Cruiser Lux 1 - 2017";"Electra";"Cruisers Bicycles";2017;"Baldwin Bikes";"Baldwin";"NY";2017;10;"2017-10";1.0;439.99;395.991
74;"Electra Cruiser Lux 1 - 2017";"Electra";"Cruisers Bicycles";2017;"Baldwin Bikes";"Baldwin";"NY";2017;11;"2017-11";1.0;439.99;417.9905
74;"Electra Cruiser Lux 1 - 2017";"Electra";"Cruisers Bicycles";2017;"Rowlett Bikes";"Rowlett";"TX";2017;12;"2017-12";1.0;439.99;417.9905
74;"Electra Cruiser Lux 1 - 2017";"Electra";"Cruisers Bicycles";2017;"Baldwin Bikes";"Baldwin";"NY";2017;12;"2017-12";2.0;879.98;835.981
75;"Electra Cruiser Lux Fat Tire 1 Ladies - 2017";"Electra";"Cruisers Bicycles";2017;"Baldwin Bikes";"Baldwin";"NY";2017;1;"2017-01";1.0;599.99;557.9907
75;"Electra Cruiser Lux Fat Tire 1 Ladies - 2017";"Electra";"Cruisers Bicycles";2017;"Santa Cruz Bikes";"Santa Cruz";"CA";2017;2;"2017-02";1.0;599.99;557.9907
75;"Electra Cruiser Lux Fat Tire 1 Ladies - 2017";"Electra";"Cruisers Bicycles";2017;"Baldwin Bikes";"Baldwin";"NY";2017;2;"2017-02";1.0;599.99;479.992
75;"Electra Cruiser Lux Fat Tire 1 Ladies - 2017";"Electra";"Cruisers Bicycles";2017;"Baldwin Bikes";"Baldwin";"NY";2017;3;"2017-03";2.0;1199.98;1139.981
75;"Electra Cruiser Lux Fat Tire 1 Ladies - 2017";"Electra";"Cruisers Bicycles";2017;"Baldwin Bikes";"Baldwin";"NY";2017;4;"2017-04";5.0;2999.95;2639.956
75;"Electra Cruiser Lux Fat Tire 1 Ladies - 2017";"Electra";"Cruisers Bicycles";2017;"Baldwin Bikes";"Baldwin";"NY";2017;5;"2017-05";2.0;1199.98;1115.9814
75;"Electra Cruiser Lux Fat Tire 1 Ladies - 2017";"Electra";"Cruisers Bicycles";2017;"Baldwin Bikes";"Baldwin";"NY";2017;6;"2017-06";2.0;1199.98;1139.981
75;"Electra Cruiser Lux Fat Tire 1 Ladies - 2017";"Electra";"Cruisers Bicycles";2017;"Santa Cruz Bikes";"Santa Cruz";"CA";2017;6;"2017-06";2.0;1199.98;959.984
75;"Electra Cruiser Lux Fat Tire 1 Ladies - 2017";"Electra";"Cruisers Bicycles";2017;"Baldwin Bikes";"Baldwin";"NY";2017;11;"2017-11";2.0;1199.98;1139.981
75;"Electra Cruiser Lux Fat Tire 1 Ladies - 2017";"Electra";"Cruisers Bicycles";2017;"Baldwin Bikes";"Baldwin";"NY";2017;12;"2017-12";4.0;2399.96;2267.9622
75;"Electra Cruiser Lux Fat Tire 1 Ladies - 2017";"Electra";"Cruisers Bicycles";2017;"Santa Cruz Bikes";"Santa Cruz";"CA";2017;12;"2017-12";2.0;1199.98;1049.9825
75;"Electra Cruiser Lux Fat Tire 1 Ladies - 2017";"Electra";"Cruisers Bicycles";2017;"Baldwin Bikes";"Baldwin";"NY";2018;4;"2018-04";2.0;1199.98;1139.981
75;"Electra Cruiser Lux Fat Tire 1 Ladies - 2017";"Electra";"Cruisers Bicycles";2017;"Santa Cruz Bikes";"Santa Cruz";"CA";2018;4;"2018-04";1.0;599.99;557.9907
76;"Electra Girl's Hawaii 1 16"" - 2017""";"Electra";"Cruisers Bicycles";2017;"Baldwin Bikes";"Baldwin";"NY";2017;1;"2017-01";2.0;599.98;557.9814
76;"Electra Girl's Hawaii 1 16"" - 2017""";"Electra";"Cruisers Bicycles";2017;"Rowlett Bikes";"Rowlett";"TX";2017;2;"2017-02";2.0;599.98;518.9827
76;"Electra Girl's Hawaii 1 16"" - 2017""";"Electra";"Cruisers Bicycles";2017;"Baldwin Bikes";"Baldwin";"NY";2017;3;"2017-03";1.0;299.99;239.992
76;"Electra Girl's Hawaii 1 16"" - 2017""";"Electra";"Cruisers Bicycles";2017;"Baldwin Bikes";"Baldwin";"NY";2017;4;"2017-04";2.0;599.98;539.982
76;"Electra Girl's Hawaii 1 16"" - 2017""";"Electra";"Cruisers Bicycles";2017;"Baldwin Bikes";"Baldwin";"NY";2017;5;"2017-05";3.0;899.97;854.9715
76;"Electra Girl's Hawaii 1 16"" - 2017""";"Electra";"Cruisers Bicycles";2017;"Baldwin Bikes";"Baldwin";"NY";2017;6;"2017-06";3.0;899.97;779.974
76;"Electra Girl's Hawaii 1 16"" - 2017""";"Electra";"Cruisers Bicycles";2017;"Rowlett Bikes";"Rowlett";"TX";2017;6;"2017-06";2.0;599.98;557.9814
76;"Electra Girl's Hawaii 1 16"" - 2017""";"Electra";"Cruisers Bicycles";2017;"Santa Cruz Bikes";"Santa Cruz";"CA";2017;6;"2017-06";1.0;299.99;239.992
76;"Electra Girl's Hawaii 1 16"" - 2017""";"Electra";"Cruisers Bicycles";2017;"Baldwin Bikes";"Baldwin";"NY";2017;7;"2017-07";4.0;1199.96;1076.9641
76;"Electra Girl's Hawaii 1 16"" - 2017""";"Electra";"Cruisers Bicycles";2017;"Rowlett Bikes";"Rowlett";"TX";2017;7;"2017-07";2.0;599.98;557.9814
76;"Electra Girl's Hawaii 1 16"" - 2017""";"Electra";"Cruisers Bicycles";2017;"Baldwin Bikes";"Baldwin";"NY";2017;8;"2017-08";2.0;599.98;557.9814
76;"Electra Girl's Hawaii 1 16"" - 2017""";"Electra";"Cruisers Bicycles";2017;"Santa Cruz Bikes";"Santa Cruz";"CA";2017;12;"2017-12";2.0;599.98;539.982
76;"Electra Girl's Hawaii 1 16"" - 2017""";"Electra";"Cruisers Bicycles";2017;"Baldwin Bikes";"Baldwin";"NY";2018;3;"2018-03";1.0;299.99;278.9907
77;"Electra Glam Punk 3i Ladies' - 2017";"Electra";"Cruisers Bicycles";2017;"Baldwin Bikes";"Baldwin";"NY";2017;2;"2017-02";4.0;3199.96;2975.9628
77;"Electra Glam Punk 3i Ladies' - 2017";"Electra";"Cruisers Bicycles";2017;"Baldwin Bikes";"Baldwin";"NY";2017;3;"2017-03";4.0;3199.96;2959.963
77;"Electra Glam Punk 3i Ladies' - 2017";"Electra";"Cruisers Bicycles";2017;"Baldwin Bikes";"Baldwin";"NY";2017;5;"2017-05";3.0;2399.97;2127.9734
77;"Electra Glam Punk 3i Ladies' - 2017";"Electra";"Cruisers Bicycles";2017;"Baldwin Bikes";"Baldwin";"NY";2017;6;"2017-06";3.0;2399.97;2263.9717
77;"Electra Glam Punk 3i Ladies' - 2017";"Electra";"Cruisers Bicycles";2017;"Baldwin Bikes";"Baldwin";"NY";2017;7;"2017-07";2.0;1599.98;1439.982
77;"Electra Glam Punk 3i Ladies' - 2017";"Electra";"Cruisers Bicycles";2017;"Baldwin Bikes";"Baldwin";"NY";2017;8;"2017-08";2.0;1599.98;1439.982
77;"Electra Glam Punk 3i Ladies' - 2017";"Electra";"Cruisers Bicycles";2017;"Baldwin Bikes";"Baldwin";"NY";2017;9;"2017-09";4.0;3199.96;3039.962
77;"Electra Glam Punk 3i Ladies' - 2017";"Electra";"Cruisers Bicycles";2017;"Baldwin Bikes";"Baldwin";"NY";2017;10;"2017-10";3.0;2399.97;2079.974
77;"Electra Glam Punk 3i Ladies' - 2017";"Electra";"Cruisers Bicycles";2017;"Baldwin Bikes";"Baldwin";"NY";2017;11;"2017-11";7.0;5599.93;5271.9341
77;"Electra Glam Punk 3i Ladies' - 2017";"Electra";"Cruisers Bicycles";2017;"Santa Cruz Bikes";"Santa Cruz";"CA";2017;12;"2017-12";2.0;1599.98;1279.984
77;"Electra Glam Punk 3i Ladies' - 2017";"Electra";"Cruisers Bicycles";2017;"Baldwin Bikes";"Baldwin";"NY";2018;1;"2018-01";2.0;1599.98;1487.9814
77;"Electra Glam Punk 3i Ladies' - 2017";"Electra";"Cruisers Bicycles";2017;"Rowlett Bikes";"Rowlett";"TX";2018;3;"2018-03";2.0;1599.98;1279.984
81;"Electra Amsterdam Fashion 7i Ladies' - 2017";"Electra";"Cruisers Bicycles";2017;"Santa Cruz Bikes";"Santa Cruz";"CA";2017;1;"2017-01";2.0;2199.98;2089.981
81;"Electra Amsterdam Fashion 7i Ladies' - 2017";"Electra";"Cruisers Bicycles";2017;"Baldwin Bikes";"Baldwin";"NY";2017;2;"2017-02";1.0;1099.99;1044.9905
81;"Electra Amsterdam Fashion 7i Ladies' - 2017";"Electra";"Cruisers Bicycles";2017;"Santa Cruz Bikes";"Santa Cruz";"CA";2017;3;"2017-03";3.0;3299.97;3068.9721
81;"Electra Amsterdam Fashion 7i Ladies' - 2017";"Electra";"Cruisers Bicycles";2017;"Rowlett Bikes";"Rowlett";"TX";2017;4;"2017-04";1.0;1099.99;879.992
81;"Electra Amsterdam Fashion 7i Ladies' - 2017";"Electra";"Cruisers Bicycles";2017;"Baldwin Bikes";"Baldwin";"NY";2017;4;"2017-04";3.0;3299.97;3035.9724
81;"Electra Amsterdam Fashion 7i Ladies' - 2017";"Electra";"Cruisers Bicycles";2017;"Baldwin Bikes";"Baldwin";"NY";2017;6;"2017-06";4.0;4399.96;3805.9654
81;"Electra Amsterdam Fashion 7i Ladies' - 2017";"Electra";"Cruisers Bicycles";2017;"Baldwin Bikes";"Baldwin";"NY";2017;7;"2017-07";4.0;4399.96;3959.964
81;"Electra Amsterdam Fashion 7i Ladies' - 2017";"Electra";"Cruisers Bicycles";2017;"Baldwin Bikes";"Baldwin";"NY";2017;8;"2017-08";3.0;3299.97;2969.973
81;"Electra Amsterdam Fashion 7i Ladies' - 2017";"Electra";"Cruisers Bicycles";2017;"Baldwin Bikes";"Baldwin";"NY";2017;9;"2017-09";2.0;2199.98;2045.9814
81;"Electra Amsterdam Fashion 7i Ladies' - 2017";"Electra";"Cruisers Bicycles";2017;"Santa Cruz Bikes";"Santa Cruz";"CA";2017;10;"2017-10";2.0;2199.98;1979.982
81;"Electra Amsterdam Fashion 7i Ladies' - 2017";"Electra";"Cruisers Bicycles";2017;"Baldwin Bikes";"Baldwin";"NY";2017;10;"2017-10";4.0;4399.96;3849.965
81;"Electra Amsterdam Fashion 7i Ladies' - 2017";"Electra";"Cruisers Bicycles";2017;"Santa Cruz Bikes";"Santa Cruz";"CA";2017;11;"2017-11";1.0;1099.99;989.991
81;"Electra Amsterdam Fashion 7i Ladies' - 2017";"Electra";"Cruisers Bicycles";2017;"Baldwin Bikes";"Baldwin";"NY";2017;11;"2017-11";1.0;1099.99;989.991
81;"Electra Amsterdam Fashion 7i Ladies' - 2017";"Electra";"Cruisers Bicycles";2017;"Baldwin Bikes";"Baldwin";"NY";2017;12;"2017-12";5.0;5499.95;4971.9548
81;"Electra Amsterdam Fashion 7i Ladies' - 2017";"Electra";"Cruisers Bicycles";2017;"Baldwin Bikes";"Baldwin";"NY";2018;2;"2018-02";2.0;2199.98;2089.981
81;"Electra Amsterdam Fashion 7i Ladies' - 2017";"Electra";"Cruisers Bicycles";2017;"Baldwin Bikes";"Baldwin";"NY";2018;3;"2018-03";2.0;2199.98;2089.981
82;"Electra Amsterdam Original 3i Ladies' - 2017";"Electra";"Cruisers Bicycles";2017;"Baldwin Bikes";"Baldwin";"NY";2017;1;"2017-01";1.0;659.99;626.9905
82;"Electra Amsterdam Original 3i Ladies' - 2017";"Electra";"Cruisers Bicycles";2017;"Baldwin Bikes";"Baldwin";"NY";2017;2;"2017-02";2.0;1319.98;1187.982
82;"Electra Amsterdam Original 3i Ladies' - 2017";"Electra";"Cruisers Bicycles";2017;"Rowlett Bikes";"Rowlett";"TX";2017;2;"2017-02";4.0;2639.96;2309.965
82;"Electra Amsterdam Original 3i Ladies' - 2017";"Electra";"Cruisers Bicycles";2017;"Santa Cruz Bikes";"Santa Cruz";"CA";2017;2;"2017-02";2.0;1319.98;1227.5814
82;"Electra Amsterdam Original 3i Ladies' - 2017";"Electra";"Cruisers Bicycles";2017;"Baldwin Bikes";"Baldwin";"NY";2017;3;"2017-03";2.0;1319.98;1055.984
82;"Electra Amsterdam Original 3i Ladies' - 2017";"Electra";"Cruisers Bicycles";2017;"Santa Cruz Bikes";"Santa Cruz";"CA";2017;4;"2017-04";1.0;659.99;527.992
82;"Electra Amsterdam Original 3i Ladies' - 2017";"Electra";"Cruisers Bicycles";2017;"Baldwin Bikes";"Baldwin";"NY";2017;5;"2017-05";1.0;659.99;613.7907
82;"Electra Amsterdam Original 3i Ladies' - 2017";"Electra";"Cruisers Bicycles";2017;"Baldwin Bikes";"Baldwin";"NY";2017;6;"2017-06";2.0;1319.98;1055.984
82;"Electra Amsterdam Original 3i Ladies' - 2017";"Electra";"Cruisers Bicycles";2017;"Rowlett Bikes";"Rowlett";"TX";2017;6;"2017-06";1.0;659.99;613.7907
82;"Electra Amsterdam Original 3i Ladies' - 2017";"Electra";"Cruisers Bicycles";2017;"Baldwin Bikes";"Baldwin";"NY";2017;7;"2017-07";2.0;1319.98;1055.984
82;"Electra Amsterdam Original 3i Ladies' - 2017";"Electra";"Cruisers Bicycles";2017;"Baldwin Bikes";"Baldwin";"NY";2017;8;"2017-08";1.0;659.99;527.992
82;"Electra Amsterdam Original 3i Ladies' - 2017";"Electra";"Cruisers Bicycles";2017;"Baldwin Bikes";"Baldwin";"NY";2017;9;"2017-09";2.0;1319.98;1141.7827
82;"Electra Amsterdam Original 3i Ladies' - 2017";"Electra";"Cruisers Bicycles";2017;"Baldwin Bikes";"Baldwin";"NY";2017;10;"2017-10";1.0;659.99;527.992
82;"Electra Amsterdam Original 3i Ladies' - 2017";"Electra";"Cruisers Bicycles";2017;"Baldwin Bikes";"Baldwin";"NY";2017;11;"2017-11";1.0;659.99;626.9905
82;"Electra Amsterdam Original 3i Ladies' - 2017";"Electra";"Cruisers Bicycles";2017;"Santa Cruz Bikes";"Santa Cruz";"CA";2017;12;"2017-12";1.0;659.99;593.991
82;"Electra Amsterdam Original 3i Ladies' - 2017";"Electra";"Cruisers Bicycles";2017;"Baldwin Bikes";"Baldwin";"NY";2017;12;"2017-12";2.0;1319.98;1055.984
82;"Electra Amsterdam Original 3i Ladies' - 2017";"Electra";"Cruisers Bicycles";2017;"Rowlett Bikes";"Rowlett";"TX";2018;1;"2018-01";1.0;659.99;626.9905
82;"Electra Amsterdam Original 3i Ladies' - 2017";"Electra";"Cruisers Bicycles";2017;"Baldwin Bikes";"Baldwin";"NY";2018;2;"2018-02";1.0;659.99;613.7907
82;"Electra Amsterdam Original 3i Ladies' - 2017";"Electra";"Cruisers Bicycles";2017;"Baldwin Bikes";"Baldwin";"NY";2018;4;"2018-04";3.0;1979.97;1801.7727
212;"Electra Townie Original 21D - 2018";"Electra";"Cruisers Bicycles";2018;"Baldwin Bikes";"Baldwin";"NY";2018;4;"2018-04";1.0;559.99;520.7907
213;"Electra Cruiser 1 - 2016/2017/2018";"Electra";"Cruisers Bicycles";2018;"Baldwin Bikes";"Baldwin";"NY";2018;1;"2018-01";2.0;539.98;512.981
213;"Electra Cruiser 1 - 2016/2017/2018";"Electra";"Cruisers Bicycles";2018;"Santa Cruz Bikes";"Santa Cruz";"CA";2018;4;"2018-04";3.0;809.97;737.0727
213;"Electra Cruiser 1 - 2016/2017/2018";"Electra";"Cruisers Bicycles";2018;"Rowlett Bikes";"Rowlett";"TX";2018;11;"2018-11";2.0;539.98;431.984
214;"Electra Tiger Shark 3i - 2018";"Electra";"Cruisers Bicycles";2018;"Baldwin Bikes";"Baldwin";"NY";2018;2;"2018-02";2.0;1799.98;1619.982
214;"Electra Tiger Shark 3i - 2018";"Electra";"Cruisers Bicycles";2018;"Santa Cruz Bikes";"Santa Cruz";"CA";2018;4;"2018-04";2.0;1799.98;1646.9817
214;"Electra Tiger Shark 3i - 2018";"Electra";"Cruisers Bicycles";2018;"Rowlett Bikes";"Rowlett";"TX";2018;12;"2018-12";1.0;899.99;836.9907
215;"Electra Queen of Hearts 3i - 2018";"Electra";"Cruisers Bicycles";2018;"Baldwin Bikes";"Baldwin";"NY";2018;1;"2018-01";2.0;1499.98;1394.9814
215;"Electra Queen of Hearts 3i - 2018";"Electra";"Cruisers Bicycles";2018;"Baldwin Bikes";"Baldwin";"NY";2018;3;"2018-03";1.0;749.99;697.4907
215;"Electra Queen of Hearts 3i - 2018";"Electra";"Cruisers Bicycles";2018;"Santa Cruz Bikes";"Santa Cruz";"CA";2018;4;"2018-04";3.0;2249.97;2069.9724
216;"Electra Super Moto 8i - 2018";"Electra";"Cruisers Bicycles";2018;"Baldwin Bikes";"Baldwin";"NY";2018;3;"2018-03";2.0;1799.98;1439.984
216;"Electra Super Moto 8i - 2018";"Electra";"Cruisers Bicycles";2018;"Rowlett Bikes";"Rowlett";"TX";2018;4;"2018-04";2.0;1799.98;1709.981
216;"Electra Super Moto 8i - 2018";"Electra";"Cruisers Bicycles";2018;"Santa Cruz Bikes";"Santa Cruz";"CA";2018;4;"2018-04";4.0;3599.96;3293.9634
217;"Electra Straight 8 3i - 2018";"Electra";"Cruisers Bicycles";2018;"Baldwin Bikes";"Baldwin";"NY";2018;2;"2018-02";2.0;1819.98;1455.984
217;"Electra Straight 8 3i - 2018";"Electra";"Cruisers Bicycles";2018;"Santa Cruz Bikes";"Santa Cruz";"CA";2018;4;"2018-04";1.0;909.99;818.991
217;"Electra Straight 8 3i - 2018";"Electra";"Cruisers Bicycles";2018;"Rowlett Bikes";"Rowlett";"TX";2018;4;"2018-04";1.0;909.99;846.2907
218;"Electra Cruiser 7D - 2016/2017/2018";"Electra";"Cruisers Bicycles";2018;"Santa Cruz Bikes";"Santa Cruz";"CA";2018;4;"2018-04";1.0;319.99;303.9905
219;"Electra Moto 3i - 2018";"Electra";"Cruisers Bicycles";2018;"Santa Cruz Bikes";"Santa Cruz";"CA";2018;3;"2018-03";2.0;1279.98;1023.984
219;"Electra Moto 3i - 2018";"Electra";"Cruisers Bicycles";2018;"Baldwin Bikes";"Baldwin";"NY";2018;3;"2018-03";2.0;1279.98;1151.982
219;"Electra Moto 3i - 2018";"Electra";"Cruisers Bicycles";2018;"Baldwin Bikes";"Baldwin";"NY";2018;4;"2018-04";1.0;639.99;595.1907
220;"Electra Cruiser 1 Ladies' - 2018";"Electra";"Cruisers Bicycles";2018;"Santa Cruz Bikes";"Santa Cruz";"CA";2018;2;"2018-02";1.0;269.99;242.991
220;"Electra Cruiser 1 Ladies' - 2018";"Electra";"Cruisers Bicycles";2018;"Baldwin Bikes";"Baldwin";"NY";2018;3;"2018-03";1.0;269.99;251.0907
220;"Electra Cruiser 1 Ladies' - 2018";"Electra";"Cruisers Bicycles";2018;"Baldwin Bikes";"Baldwin";"NY";2018;4;"2018-04";2.0;539.98;485.982
220;"Electra Cruiser 1 Ladies' - 2018";"Electra";"Cruisers Bicycles";2018;"Rowlett Bikes";"Rowlett";"TX";2018;4;"2018-04";2.0;539.98;502.1814
221;"Electra Cruiser 7D Ladies' - 2016/2018";"Electra";"Cruisers Bicycles";2018;"Baldwin Bikes";"Baldwin";"NY";2018;3;"2018-03";1.0;319.99;303.9905
221;"Electra Cruiser 7D Ladies' - 2016/2018";"Electra";"Cruisers Bicycles";2018;"Baldwin Bikes";"Baldwin";"NY";2018;4;"2018-04";1.0;319.99;287.991
222;"Electra Cruiser 1 Tall - 2016/2018";"Electra";"Cruisers Bicycles";2018;"Rowlett Bikes";"Rowlett";"TX";2018;2;"2018-02";1.0;269.99;242.991
223;"Electra Cruiser Lux 3i - 2018";"Electra";"Cruisers Bicycles";2018;"Baldwin Bikes";"Baldwin";"NY";2018;1;"2018-01";2.0;1059.98;985.7814
223;"Electra Cruiser Lux 3i - 2018";"Electra";"Cruisers Bicycles";2018;"Baldwin Bikes";"Baldwin";"NY";2018;2;"2018-02";2.0;1059.98;985.7814
223;"Electra Cruiser Lux 3i - 2018";"Electra";"Cruisers Bicycles";2018;"Baldwin Bikes";"Baldwin";"NY";2018;3;"2018-03";1.0;529.99;476.991
223;"Electra Cruiser Lux 3i - 2018";"Electra";"Cruisers Bicycles";2018;"Baldwin Bikes";"Baldwin";"NY";2018;4;"2018-04";2.0;1059.98;1006.981
224;"Electra Cruiser Lux 7D - 2018";"Electra";"Cruisers Bicycles";2018;"Baldwin Bikes";"Baldwin";"NY";2018;2;"2018-02";1.0;479.99;455.9905
224;"Electra Cruiser Lux 7D - 2018";"Electra";"Cruisers Bicycles";2018;"Santa Cruz Bikes";"Santa Cruz";"CA";2018;4;"2018-04";3.0;1439.97;1367.9715
225;"Electra Delivery 3i - 2016/2017/2018";"Electra";"Cruisers Bicycles";2018;"Baldwin Bikes";"Baldwin";"NY";2018;2;"2018-02";1.0;959.99;863.991
225;"Electra Delivery 3i - 2016/2017/2018";"Electra";"Cruisers Bicycles";2018;"Baldwin Bikes";"Baldwin";"NY";2018;3;"2018-03";1.0;959.99;767.992
225;"Electra Delivery 3i - 2016/2017/2018";"Electra";"Cruisers Bicycles";2018;"Baldwin Bikes";"Baldwin";"NY";2018;4;"2018-04";2.0;1919.98;1785.5814
225;"Electra Delivery 3i - 2016/2017/2018";"Electra";"Cruisers Bicycles";2018;"Santa Cruz Bikes";"Santa Cruz";"CA";2018;4;"2018-04";2.0;1919.98;1535.984
226;"Electra Townie Original 21D EQ - 2017/2018";"Electra";"Cruisers Bicycles";2018;"Santa Cruz Bikes";"Santa Cruz";"CA";2018;2;"2018-02";1.0;679.99;611.991
226;"Electra Townie Original 21D EQ - 2017/2018";"Electra";"Cruisers Bicycles";2018;"Baldwin Bikes";"Baldwin";"NY";2018;4;"2018-04";2.0;1359.98;1264.7814
226;"Electra Townie Original 21D EQ - 2017/2018";"Electra";"Cruisers Bicycles";2018;"Santa Cruz Bikes";"Santa Cruz";"CA";2018;4;"2018-04";4.0;2719.96;2379.965
227;"Electra Cruiser 7D (24-Inch) Ladies' - 2016/2018";"Electra";"Cruisers Bicycles";2018;"Baldwin Bikes";"Baldwin";"NY";2018;2;"2018-02";1.0;319.99;297.5907
227;"Electra Cruiser 7D (24-Inch) Ladies' - 2016/2018";"Electra";"Cruisers Bicycles";2018;"Baldwin Bikes";"Baldwin";"NY";2018;3;"2018-03";3.0;959.97;911.9715
228;"Electra Cruiser 7D Tall - 2016/2018";"Electra";"Cruisers Bicycles";2018;"Baldwin Bikes";"Baldwin";"NY";2018;1;"2018-01";1.0;319.99;297.5907
228;"Electra Cruiser 7D Tall - 2016/2018";"Electra";"Cruisers Bicycles";2018;"Baldwin Bikes";"Baldwin";"NY";2018;8;"2018-08";2.0;639.98;575.982
229;"Electra Cruiser Lux 1 - 2016/2018";"Electra";"Cruisers Bicycles";2018;"Santa Cruz Bikes";"Santa Cruz";"CA";2018;2;"2018-02";2.0;859.98;799.7814
229;"Electra Cruiser Lux 1 - 2016/2018";"Electra";"Cruisers Bicycles";2018;"Baldwin Bikes";"Baldwin";"NY";2018;3;"2018-03";2.0;859.98;687.984
229;"Electra Cruiser Lux 1 - 2016/2018";"Electra";"Cruisers Bicycles";2018;"Rowlett Bikes";"Rowlett";"TX";2018;4;"2018-04";2.0;859.98;687.984
230;"Electra Cruiser Lux 1 Ladies' - 2018";"Electra";"Cruisers Bicycles";2018;"Baldwin Bikes";"Baldwin";"NY";2018;1;"2018-01";2.0;859.98;687.984
230;"Electra Cruiser Lux 1 Ladies' - 2018";"Electra";"Cruisers Bicycles";2018;"Baldwin Bikes";"Baldwin";"NY";2018;2;"2018-02";3.0;1289.97;1225.4715
230;"Electra Cruiser Lux 1 Ladies' - 2018";"Electra";"Cruisers Bicycles";2018;"Baldwin Bikes";"Baldwin";"NY";2018;3;"2018-03";2.0;859.98;799.7814
230;"Electra Cruiser Lux 1 Ladies' - 2018";"Electra";"Cruisers Bicycles";2018;"Rowlett Bikes";"Rowlett";"TX";2018;4;"2018-04";1.0;429.99;386.991
230;"Electra Cruiser Lux 1 Ladies' - 2018";"Electra";"Cruisers Bicycles";2018;"Santa Cruz Bikes";"Santa Cruz";"CA";2018;4;"2018-04";2.0;859.98;773.982
231;"Electra Cruiser Lux 3i Ladies' - 2018";"Electra";"Cruisers Bicycles";2018;"Baldwin Bikes";"Baldwin";"NY";2018;4;"2018-04";2.0;1059.98;847.984
231;"Electra Cruiser Lux 3i Ladies' - 2018";"Electra";"Cruisers Bicycles";2018;"Santa Cruz Bikes";"Santa Cruz";"CA";2018;7;"2018-07";2.0;1059.98;1006.981
232;"Electra Cruiser Lux 7D Ladies' - 2018";"Electra";"Cruisers Bicycles";2018;"Baldwin Bikes";"Baldwin";"NY";2018;1;"2018-01";1.0;479.99;383.992
232;"Electra Cruiser Lux 7D Ladies' - 2018";"Electra";"Cruisers Bicycles";2018;"Baldwin Bikes";"Baldwin";"NY";2018;2;"2018-02";1.0;479.99;383.992
233;"Electra Cruiser Lux Fat Tire 7D - 2018";"Electra";"Cruisers Bicycles";2018;"Baldwin Bikes";"Baldwin";"NY";2018;1;"2018-01";1.0;639.99;595.1907
233;"Electra Cruiser Lux Fat Tire 7D - 2018";"Electra";"Cruisers Bicycles";2018;"Baldwin Bikes";"Baldwin";"NY";2018;3;"2018-03";2.0;1279.98;1215.981
234;"Electra Daydreamer 3i Ladies' - 2018";"Electra";"Cruisers Bicycles";2018;"Baldwin Bikes";"Baldwin";"NY";2018;1;"2018-01";2.0;1799.98;1709.981
234;"Electra Daydreamer 3i Ladies' - 2018";"Electra";"Cruisers Bicycles";2018;"Baldwin Bikes";"Baldwin";"NY";2018;3;"2018-03";3.0;2699.97;2519.972
234;"Electra Daydreamer 3i Ladies' - 2018";"Electra";"Cruisers Bicycles";2018;"Santa Cruz Bikes";"Santa Cruz";"CA";2018;3;"2018-03";1.0;899.99;719.992
235;"Electra Koa 3i Ladies' - 2018";"Electra";"Cruisers Bicycles";2018;"Baldwin Bikes";"Baldwin";"NY";2018;1;"2018-01";3.0;2699.97;2429.973
235;"Electra Koa 3i Ladies' - 2018";"Electra";"Cruisers Bicycles";2018;"Baldwin Bikes";"Baldwin";"NY";2018;3;"2018-03";4.0;3599.96;3149.965
235;"Electra Koa 3i Ladies' - 2018";"Electra";"Cruisers Bicycles";2018;"Baldwin Bikes";"Baldwin";"NY";2018;4;"2018-04";4.0;3599.96;3239.964
236;"Electra Morningstar 3i Ladies' - 2018";"Electra";"Cruisers Bicycles";2018;"Baldwin Bikes";"Baldwin";"NY";2018;1;"2018-01";1.0;749.99;712.4905
236;"Electra Morningstar 3i Ladies' - 2018";"Electra";"Cruisers Bicycles";2018;"Santa Cruz Bikes";"Santa Cruz";"CA";2018;4;"2018-04";1.0;749.99;697.4907
236;"Electra Morningstar 3i Ladies' - 2018";"Electra";"Cruisers Bicycles";2018;"Baldwin Bikes";"Baldwin";"NY";2018;9;"2018-09";1.0;749.99;599.992
237;"Electra Relic 3i - 2018";"Electra";"Cruisers Bicycles";2018;"Santa Cruz Bikes";"Santa Cruz";"CA";2018;1;"2018-01";2.0;1699.98;1614.981
237;"Electra Relic 3i - 2018";"Electra";"Cruisers Bicycles";2018;"Rowlett Bikes";"Rowlett";"TX";2018;3;"2018-03";2.0;1699.98;1614.981
237;"Electra Relic 3i - 2018";"Electra";"Cruisers Bicycles";2018;"Baldwin Bikes";"Baldwin";"NY";2018;4;"2018-04";2.0;1699.98;1614.981
238;"Electra Townie Balloon 8D EQ - 2016/2017/2018";"Electra";"Cruisers Bicycles";2018;"Baldwin Bikes";"Baldwin";"NY";2018;2;"2018-02";1.0;749.99;599.992
238;"Electra Townie Balloon 8D EQ - 2016/2017/2018";"Electra";"Cruisers Bicycles";2018;"Baldwin Bikes";"Baldwin";"NY";2018;4;"2018-04";1.0;749.99;674.991
238;"Electra Townie Balloon 8D EQ - 2016/2017/2018";"Electra";"Cruisers Bicycles";2018;"Baldwin Bikes";"Baldwin";"NY";2018;8;"2018-08";2.0;1499.98;1199.984
239;"Electra Townie Balloon 8D EQ Ladies' - 2016/2017/2018";"Electra";"Cruisers Bicycles";2018;"Baldwin Bikes";"Baldwin";"NY";2018;3;"2018-03";1.0;749.99;674.991
240;"Electra Townie Commute 27D Ladies - 2018";"Electra";"Cruisers Bicycles";2018;"Baldwin Bikes";"Baldwin";"NY";2018;2;"2018-02";2.0;1799.98;1709.981
240;"Electra Townie Commute 27D Ladies - 2018";"Electra";"Cruisers Bicycles";2018;"Santa Cruz Bikes";"Santa Cruz";"CA";2018;4;"2018-04";2.0;1799.98;1619.982
241;"Electra Townie Commute 8D - 2018";"Electra";"Cruisers Bicycles";2018;"Baldwin Bikes";"Baldwin";"NY";2018;1;"2018-01";1.0;749.99;697.4907
241;"Electra Townie Commute 8D - 2018";"Electra";"Cruisers Bicycles";2018;"Baldwin Bikes";"Baldwin";"NY";2018;4;"2018-04";2.0;1499.98;1199.984
242;"Electra Townie Commute 8D Ladies' - 2018";"Electra";"Cruisers Bicycles";2018;"Rowlett Bikes";"Rowlett";"TX";2018;3;"2018-03";4.0;2799.96;2379.966
242;"Electra Townie Commute 8D Ladies' - 2018";"Electra";"Cruisers Bicycles";2018;"Baldwin Bikes";"Baldwin";"NY";2018;3;"2018-03";2.0;1399.98;1119.984
242;"Electra Townie Commute 8D Ladies' - 2018";"Electra";"Cruisers Bicycles";2018;"Baldwin Bikes";"Baldwin";"NY";2018;4;"2018-04";2.0;1399.98;1259.982
242;"Electra Townie Commute 8D Ladies' - 2018";"Electra";"Cruisers Bicycles";2018;"Santa Cruz Bikes";"Santa Cruz";"CA";2018;10;"2018-10";1.0;699.99;629.991
243;"Electra Townie Original 21D EQ Ladies' - 2018";"Electra";"Cruisers Bicycles";2018;"Baldwin Bikes";"Baldwin";"NY";2018;1;"2018-01";2.0;1359.98;1291.981
243;"Electra Townie Original 21D EQ Ladies' - 2018";"Electra";"Cruisers Bicycles";2018;"Baldwin Bikes";"Baldwin";"NY";2018;3;"2018-03";2.0;1359.98;1291.981
243;"Electra Townie Original 21D EQ Ladies' - 2018";"Electra";"Cruisers Bicycles";2018;"Rowlett Bikes";"Rowlett";"TX";2018;3;"2018-03";1.0;679.99;645.9905
243;"Electra Townie Original 21D EQ Ladies' - 2018";"Electra";"Cruisers Bicycles";2018;"Baldwin Bikes";"Baldwin";"NY";2018;4;"2018-04";1.0;679.99;645.9905
244;"Electra Townie Original 21D Ladies' - 2018";"Electra";"Cruisers Bicycles";2018;"Baldwin Bikes";"Baldwin";"NY";2018;1;"2018-01";1.0;559.99;531.9905
244;"Electra Townie Original 21D Ladies' - 2018";"Electra";"Cruisers Bicycles";2018;"Baldwin Bikes";"Baldwin";"NY";2018;3;"2018-03";2.0;1119.98;1041.5814
245;"Electra Townie Original 3i EQ - 2017/2018";"Electra";"Cruisers Bicycles";2018;"Baldwin Bikes";"Baldwin";"NY";2018;3;"2018-03";1.0;659.99;626.9905
245;"Electra Townie Original 3i EQ - 2017/2018";"Electra";"Cruisers Bicycles";2018;"Baldwin Bikes";"Baldwin";"NY";2018;4;"2018-04";1.0;659.99;613.7907
245;"Electra Townie Original 3i EQ - 2017/2018";"Electra";"Cruisers Bicycles";2018;"Rowlett Bikes";"Rowlett";"TX";2018;7;"2018-07";1.0;659.99;593.991
246;"Electra Townie Original 3i EQ Ladies' - 2018";"Electra";"Cruisers Bicycles";2018;"Baldwin Bikes";"Baldwin";"NY";2018;3;"2018-03";1.0;639.99;595.1907
246;"Electra Townie Original 3i EQ Ladies' - 2018";"Electra";"Cruisers Bicycles";2018;"Santa Cruz Bikes";"Santa Cruz";"CA";2018;4;"2018-04";2.0;1279.98;1215.981
247;"Electra Townie Original 7D EQ - 2018";"Electra";"Cruisers Bicycles";2018;"Baldwin Bikes";"Baldwin";"NY";2018;1;"2018-01";1.0;599.99;539.991
247;"Electra Townie Original 7D EQ - 2018";"Electra";"Cruisers Bicycles";2018;"Santa Cruz Bikes";"Santa Cruz";"CA";2018;4;"2018-04";1.0;599.99;479.992
248;"Electra Townie Original 7D EQ Ladies' - 2017/2018";"Electra";"Cruisers Bicycles";2018;"Baldwin Bikes";"Baldwin";"NY";2018;3;"2018-03";2.0;1199.98;959.984
248;"Electra Townie Original 7D EQ Ladies' - 2017/2018";"Electra";"Cruisers Bicycles";2018;"Santa Cruz Bikes";"Santa Cruz";"CA";2018;4;"2018-04";2.0;1199.98;1037.9827
248;"Electra Townie Original 7D EQ Ladies' - 2017/2018";"Electra";"Cruisers Bicycles";2018;"Baldwin Bikes";"Baldwin";"NY";2018;4;"2018-04";3.0;1799.97;1685.9719
249;"Electra White Water 3i - 2018";"Electra";"Cruisers Bicycles";2018;"Rowlett Bikes";"Rowlett";"TX";2018;1;"2018-01";1.0;749.99;674.991
249;"Electra White Water 3i - 2018";"Electra";"Cruisers Bicycles";2018;"Baldwin Bikes";"Baldwin";"NY";2018;2;"2018-02";1.0;749.99;712.4905
249;"Electra White Water 3i - 2018";"Electra";"Cruisers Bicycles";2018;"Santa Cruz Bikes";"Santa Cruz";"CA";2018;3;"2018-03";1.0;749.99;599.992
249;"Electra White Water 3i - 2018";"Electra";"Cruisers Bicycles";2018;"Baldwin Bikes";"Baldwin";"NY";2018;4;"2018-04";2.0;1499.98;1424.981
250;"Electra Townie Go! 8i - 2017/2018";"Electra";"Cruisers Bicycles";2018;"Baldwin Bikes";"Baldwin";"NY";2018;1;"2018-01";1.0;2599.99;2417.9907
251;"Electra Townie Commute Go! - 2018";"Electra";"Cruisers Bicycles";2018;"Baldwin Bikes";"Baldwin";"NY";2018;2;"2018-02";1.0;2999.99;2699.991
251;"Electra Townie Commute Go! - 2018";"Electra";"Cruisers Bicycles";2018;"Baldwin Bikes";"Baldwin";"NY";2018;3;"2018-03";1.0;2999.99;2849.9905
251;"Electra Townie Commute Go! - 2018";"Electra";"Cruisers Bicycles";2018;"Santa Cruz Bikes";"Santa Cruz";"CA";2018;3;"2018-03";1.0;2999.99;2849.9905
251;"Electra Townie Commute Go! - 2018";"Electra";"Cruisers Bicycles";2018;"Baldwin Bikes";"Baldwin";"NY";2018;4;"2018-04";2.0;5999.98;5399.982
251;"Electra Townie Commute Go! - 2018";"Electra";"Cruisers Bicycles";2018;"Santa Cruz Bikes";"Santa Cruz";"CA";2018;4;"2018-04";1.0;2999.99;2849.9905
252;"Electra Townie Commute Go! Ladies' - 2018";"Electra";"Cruisers Bicycles";2018;"Baldwin Bikes";"Baldwin";"NY";2018;3;"2018-03";5.0;14999.95;13799.954
252;"Electra Townie Commute Go! Ladies' - 2018";"Electra";"Cruisers Bicycles";2018;"Baldwin Bikes";"Baldwin";"NY";2018;4;"2018-04";4.0;11999.96;10349.9655
252;"Electra Townie Commute Go! Ladies' - 2018";"Electra";"Cruisers Bicycles";2018;"Santa Cruz Bikes";"Santa Cruz";"CA";2018;4;"2018-04";2.0;5999.98;5699.981
253;"Electra Townie Go! 8i Ladies' - 2018";"Electra";"Cruisers Bicycles";2018;"Baldwin Bikes";"Baldwin";"NY";2018;1;"2018-01";3.0;7799.97;7305.9719
253;"Electra Townie Go! 8i Ladies' - 2018";"Electra";"Cruisers Bicycles";2018;"Santa Cruz Bikes";"Santa Cruz";"CA";2018;1;"2018-01";1.0;2599.99;2079.992
253;"Electra Townie Go! 8i Ladies' - 2018";"Electra";"Cruisers Bicycles";2018;"Santa Cruz Bikes";"Santa Cruz";"CA";2018;4;"2018-04";1.0;2599.99;2339.991
253;"Electra Townie Go! 8i Ladies' - 2018";"Electra";"Cruisers Bicycles";2018;"Baldwin Bikes";"Baldwin";"NY";2018;4;"2018-04";1.0;2599.99;2417.9907
254;"Electra Townie Balloon 3i EQ - 2017/2018";"Electra";"Cruisers Bicycles";2018;"Baldwin Bikes";"Baldwin";"NY";2018;2;"2018-02";2.0;1499.98;1199.984
254;"Electra Townie Balloon 3i EQ - 2017/2018";"Electra";"Cruisers Bicycles";2018;"Baldwin Bikes";"Baldwin";"NY";2018;3;"2018-03";2.0;1499.98;1297.4827
254;"Electra Townie Balloon 3i EQ - 2017/2018";"Electra";"Cruisers Bicycles";2018;"Santa Cruz Bikes";"Santa Cruz";"CA";2018;4;"2018-04";1.0;749.99;674.991
255;"Electra Townie Balloon 7i EQ Ladies' - 2017/2018";"Electra";"Cruisers Bicycles";2018;"Santa Cruz Bikes";"Santa Cruz";"CA";2018;2;"2018-02";2.0;1799.98;1619.982
255;"Electra Townie Balloon 7i EQ Ladies' - 2017/2018";"Electra";"Cruisers Bicycles";2018;"Baldwin Bikes";"Baldwin";"NY";2018;4;"2018-04";1.0;899.99;836.9907
256;"Electra Townie Commute 27D - 2018";"Electra";"Cruisers Bicycles";2018;"Baldwin Bikes";"Baldwin";"NY";2018;4;"2018-04";1.0;899.99;809.991
257;"Electra Amsterdam Fashion 3i Ladies' - 2017/2018";"Electra";"Cruisers Bicycles";2018;"Rowlett Bikes";"Rowlett";"TX";2018;1;"2018-01";1.0;899.99;854.9905
257;"Electra Amsterdam Fashion 3i Ladies' - 2017/2018";"Electra";"Cruisers Bicycles";2018;"Santa Cruz Bikes";"Santa Cruz";"CA";2018;1;"2018-01";2.0;1799.98;1439.984
257;"Electra Amsterdam Fashion 3i Ladies' - 2017/2018";"Electra";"Cruisers Bicycles";2018;"Baldwin Bikes";"Baldwin";"NY";2018;4;"2018-04";2.0;1799.98;1709.981
258;"Electra Amsterdam Royal 8i - 2017/2018";"Electra";"Cruisers Bicycles";2018;"Baldwin Bikes";"Baldwin";"NY";2018;3;"2018-03";1.0;1259.9;1133.91
259;"Electra Amsterdam Royal 8i Ladies - 2018";"Electra";"Cruisers Bicycles";2018;"Baldwin Bikes";"Baldwin";"NY";2018;4;"2018-04";1.0;1199.99;1115.9907
259;"Electra Amsterdam Royal 8i Ladies - 2018";"Electra";"Cruisers Bicycles";2018;"Santa Cruz Bikes";"Santa Cruz";"CA";2018;4;"2018-04";2.0;2399.98;1919.984
260;"Electra Townie Balloon 3i EQ Ladies' - 2018";"Electra";"Cruisers Bicycles";2018;"Baldwin Bikes";"Baldwin";"NY";2018;3;"2018-03";3.0;2399.97;2231.9721
260;"Electra Townie Balloon 3i EQ Ladies' - 2018";"Electra";"Cruisers Bicycles";2018;"Santa Cruz Bikes";"Santa Cruz";"CA";2018;4;"2018-04";3.0;2399.97;2127.9734
261;"Electra Townie Balloon 7i EQ - 2018";"Electra";"Cruisers Bicycles";2018;"Baldwin Bikes";"Baldwin";"NY";2018;3;"2018-03";2.0;1799.98;1673.9814
261;"Electra Townie Balloon 7i EQ - 2018";"Electra";"Cruisers Bicycles";2018;"Santa Cruz Bikes";"Santa Cruz";"CA";2018;4;"2018-04";1.0;899.99;809.991
24;"Electra Townie Original 21D - 2016";"Electra";"Comfort Bicycles";2016;"Baldwin Bikes";"Baldwin";"NY";2016;1;"2016-01";3.0;1649.97;1556.4717
24;"Electra Townie Original 21D - 2016";"Electra";"Comfort Bicycles";2016;"Baldwin Bikes";"Baldwin";"NY";2016;2;"2016-02";4.0;2199.96;1924.965
24;"Electra Townie Original 21D - 2016";"Electra";"Comfort Bicycles";2016;"Santa Cruz Bikes";"Santa Cruz";"CA";2016;2;"2016-02";2.0;1099.98;989.982
24;"Electra Townie Original 21D - 2016";"Electra";"Comfort Bicycles";2016;"Baldwin Bikes";"Baldwin";"NY";2016;3;"2016-03";10.0;5499.9;5037.9084
24;"Electra Townie Original 21D - 2016";"Electra";"Comfort Bicycles";2016;"Rowlett Bikes";"Rowlett";"TX";2016;3;"2016-03";2.0;1099.98;989.982
24;"Electra Townie Original 21D - 2016";"Electra";"Comfort Bicycles";2016;"Rowlett Bikes";"Rowlett";"TX";2016;4;"2016-04";1.0;549.99;494.991
24;"Electra Townie Original 21D - 2016";"Electra";"Comfort Bicycles";2016;"Baldwin Bikes";"Baldwin";"NY";2016;4;"2016-04";8.0;4399.92;4113.9252
24;"Electra Townie Original 21D - 2016";"Electra";"Comfort Bicycles";2016;"Santa Cruz Bikes";"Santa Cruz";"CA";2016;4;"2016-04";2.0;1099.98;1044.981
24;"Electra Townie Original 21D - 2016";"Electra";"Comfort Bicycles";2016;"Rowlett Bikes";"Rowlett";"TX";2016;5;"2016-05";1.0;549.99;522.4905
24;"Electra Townie Original 21D - 2016";"Electra";"Comfort Bicycles";2016;"Baldwin Bikes";"Baldwin";"NY";2016;5;"2016-05";3.0;1649.97;1501.4727
24;"Electra Townie Original 21D - 2016";"Electra";"Comfort Bicycles";2016;"Baldwin Bikes";"Baldwin";"NY";2016;6;"2016-06";5.0;2749.95;2199.96
24;"Electra Townie Original 21D - 2016";"Electra";"Comfort Bicycles";2016;"Santa Cruz Bikes";"Santa Cruz";"CA";2016;6;"2016-06";3.0;1649.97;1539.972
24;"Electra Townie Original 21D - 2016";"Electra";"Comfort Bicycles";2016;"Baldwin Bikes";"Baldwin";"NY";2016;7;"2016-07";7.0;3849.93;3492.4365
24;"Electra Townie Original 21D - 2016";"Electra";"Comfort Bicycles";2016;"Baldwin Bikes";"Baldwin";"NY";2016;8;"2016-08";8.0;4399.92;4113.9252
24;"Electra Townie Original 21D - 2016";"Electra";"Comfort Bicycles";2016;"Santa Cruz Bikes";"Santa Cruz";"CA";2016;8;"2016-08";3.0;1649.97;1429.974
24;"Electra Townie Original 21D - 2016";"Electra";"Comfort Bicycles";2016;"Rowlett Bikes";"Rowlett";"TX";2016;8;"2016-08";3.0;1649.97;1534.4721
24;"Electra Townie Original 21D - 2016";"Electra";"Comfort Bicycles";2016;"Baldwin Bikes";"Baldwin";"NY";2016;9;"2016-09";9.0;4949.91;4427.4195
24;"Electra Townie Original 21D - 2016";"Electra";"Comfort Bicycles";2016;"Santa Cruz Bikes";"Santa Cruz";"CA";2016;9;"2016-09";3.0;1649.97;1534.4721
24;"Electra Townie Original 21D - 2016";"Electra";"Comfort Bicycles";2016;"Baldwin Bikes";"Baldwin";"NY";2016;10;"2016-10";5.0;2749.95;2463.9552
24;"Electra Townie Original 21D - 2016";"Electra";"Comfort Bicycles";2016;"Santa Cruz Bikes";"Santa Cruz";"CA";2016;10;"2016-10";2.0;1099.98;989.982
24;"Electra Townie Original 21D - 2016";"Electra";"Comfort Bicycles";2016;"Rowlett Bikes";"Rowlett";"TX";2016;10;"2016-10";1.0;549.99;522.4905
24;"Electra Townie Original 21D - 2016";"Electra";"Comfort Bicycles";2016;"Rowlett Bikes";"Rowlett";"TX";2016;11;"2016-11";2.0;1099.98;934.983
24;"Electra Townie Original 21D - 2016";"Electra";"Comfort Bicycles";2016;"Baldwin Bikes";"Baldwin";"NY";2016;11;"2016-11";5.0;2749.95;2419.956
24;"Electra Townie Original 21D - 2016";"Electra";"Comfort Bicycles";2016;"Santa Cruz Bikes";"Santa Cruz";"CA";2016;11;"2016-11";2.0;1099.98;1022.9814
24;"Electra Townie Original 21D - 2016";"Electra";"Comfort Bicycles";2016;"Santa Cruz Bikes";"Santa Cruz";"CA";2016;12;"2016-12";4.0;2199.96;2040.4629
24;"Electra Townie Original 21D - 2016";"Electra";"Comfort Bicycles";2016;"Baldwin Bikes";"Baldwin";"NY";2016;12;"2016-12";3.0;1649.97;1446.4737
24;"Electra Townie Original 21D - 2016";"Electra";"Comfort Bicycles";2016;"Baldwin Bikes";"Baldwin";"NY";2017;1;"2017-01";2.0;1099.98;1006.4817
24;"Electra Townie Original 21D - 2016";"Electra";"Comfort Bicycles";2016;"Rowlett Bikes";"Rowlett";"TX";2017;2;"2017-02";2.0;1099.98;989.982
24;"Electra Townie Original 21D - 2016";"Electra";"Comfort Bicycles";2016;"Baldwin Bikes";"Baldwin";"NY";2017;2;"2017-02";2.0;1099.98;1022.9814
24;"Electra Townie Original 21D - 2016";"Electra";"Comfort Bicycles";2016;"Baldwin Bikes";"Baldwin";"NY";2017;3;"2017-03";2.0;1099.98;1044.981
24;"Electra Townie Original 21D - 2016";"Electra";"Comfort Bicycles";2016;"Baldwin Bikes";"Baldwin";"NY";2017;4;"2017-04";3.0;1649.97;1319.976
24;"Electra Townie Original 21D - 2016";"Electra";"Comfort Bicycles";2016;"Baldwin Bikes";"Baldwin";"NY";2017;5;"2017-05";2.0;1099.98;1044.981
24;"Electra Townie Original 21D - 2016";"Electra";"Comfort Bicycles";2016;"Baldwin Bikes";"Baldwin";"NY";2017;6;"2017-06";1.0;549.99;522.4905
24;"Electra Townie Original 21D - 2016";"Electra";"Comfort Bicycles";2016;"Baldwin Bikes";"Baldwin";"NY";2017;8;"2017-08";1.0;549.99;494.991
24;"Electra Townie Original 21D - 2016";"Electra";"Comfort Bicycles";2016;"Baldwin Bikes";"Baldwin";"NY";2017;9;"2017-09";3.0;1649.97;1545.4719
24;"Electra Townie Original 21D - 2016";"Electra";"Comfort Bicycles";2016;"Baldwin Bikes";"Baldwin";"NY";2017;10;"2017-10";2.0;1099.98;989.982
24;"Electra Townie Original 21D - 2016";"Electra";"Comfort Bicycles";2016;"Baldwin Bikes";"Baldwin";"NY";2017;11;"2017-11";2.0;1099.98;879.984
24;"Electra Townie Original 21D - 2016";"Electra";"Comfort Bicycles";2016;"Baldwin Bikes";"Baldwin";"NY";2017;12;"2017-12";2.0;1099.98;989.982
24;"Electra Townie Original 21D - 2016";"Electra";"Comfort Bicycles";2016;"Rowlett Bikes";"Rowlett";"TX";2017;12;"2017-12";1.0;549.99;494.991
24;"Electra Townie Original 21D - 2016";"Electra";"Comfort Bicycles";2016;"Santa Cruz Bikes";"Santa Cruz";"CA";2018;1;"2018-01";2.0;1099.98;1044.981
24;"Electra Townie Original 21D - 2016";"Electra";"Comfort Bicycles";2016;"Rowlett Bikes";"Rowlett";"TX";2018;2;"2018-02";2.0;1099.98;1044.981
24;"Electra Townie Original 21D - 2016";"Electra";"Comfort Bicycles";2016;"Baldwin Bikes";"Baldwin";"NY";2018;2;"2018-02";2.0;1099.98;879.984
24;"Electra Townie Original 21D - 2016";"Electra";"Comfort Bicycles";2016;"Baldwin Bikes";"Baldwin";"NY";2018;4;"2018-04";4.0;2199.96;2012.9634
25;"Electra Townie Original 7D - 2015/2016";"Electra";"Comfort Bicycles";2016;"Santa Cruz Bikes";"Santa Cruz";"CA";2016;1;"2016-01";4.0;1999.96;1849.963
25;"Electra Townie Original 7D - 2015/2016";"Electra";"Comfort Bicycles";2016;"Baldwin Bikes";"Baldwin";"NY";2016;1;"2016-01";3.0;1499.97;1329.9734
25;"Electra Townie Original 7D - 2015/2016";"Electra";"Comfort Bicycles";2016;"Santa Cruz Bikes";"Santa Cruz";"CA";2016;2;"2016-02";5.0;2499.95;2269.9546
25;"Electra Townie Original 7D - 2015/2016";"Electra";"Comfort Bicycles";2016;"Baldwin Bikes";"Baldwin";"NY";2016;2;"2016-02";14.0;6999.86;6264.8747
25;"Electra Townie Original 7D - 2015/2016";"Electra";"Comfort Bicycles";2016;"Rowlett Bikes";"Rowlett";"TX";2016;2;"2016-02";2.0;999.98;949.981
25;"Electra Townie Original 7D - 2015/2016";"Electra";"Comfort Bicycles";2016;"Baldwin Bikes";"Baldwin";"NY";2016;3;"2016-03";4.0;1999.96;1804.9639
25;"Electra Townie Original 7D - 2015/2016";"Electra";"Comfort Bicycles";2016;"Santa Cruz Bikes";"Santa Cruz";"CA";2016;3;"2016-03";2.0;999.98;929.9814
25;"Electra Townie Original 7D - 2015/2016";"Electra";"Comfort Bicycles";2016;"Baldwin Bikes";"Baldwin";"NY";2016;4;"2016-04";3.0;1499.97;1414.9717
25;"Electra Townie Original 7D - 2015/2016";"Electra";"Comfort Bicycles";2016;"Santa Cruz Bikes";"Santa Cruz";"CA";2016;4;"2016-04";1.0;499.99;474.9905
25;"Electra Townie Original 7D - 2015/2016";"Electra";"Comfort Bicycles";2016;"Baldwin Bikes";"Baldwin";"NY";2016;5;"2016-05";8.0;3999.92;3479.9304
25;"Electra Townie Original 7D - 2015/2016";"Electra";"Comfort Bicycles";2016;"Santa Cruz Bikes";"Santa Cruz";"CA";2016;5;"2016-05";4.0;1999.96;1889.9622
25;"Electra Townie Original 7D - 2015/2016";"Electra";"Comfort Bicycles";2016;"Rowlett Bikes";"Rowlett";"TX";2016;5;"2016-05";3.0;1499.97;1424.9715
25;"Electra Townie Original 7D - 2015/2016";"Electra";"Comfort Bicycles";2016;"Baldwin Bikes";"Baldwin";"NY";2016;6;"2016-06";8.0;3999.92;3554.9289
25;"Electra Townie Original 7D - 2015/2016";"Electra";"Comfort Bicycles";2016;"Baldwin Bikes";"Baldwin";"NY";2016;7;"2016-07";7.0;3499.93;3004.9399
25;"Electra Townie Original 7D - 2015/2016";"Electra";"Comfort Bicycles";2016;"Baldwin Bikes";"Baldwin";"NY";2016;8;"2016-08";10.0;4999.9;4724.9055
25;"Electra Townie Original 7D - 2015/2016";"Electra";"Comfort Bicycles";2016;"Santa Cruz Bikes";"Santa Cruz";"CA";2016;8;"2016-08";1.0;499.99;399.992
25;"Electra Townie Original 7D - 2015/2016";"Electra";"Comfort Bicycles";2016;"Baldwin Bikes";"Baldwin";"NY";2016;9;"2016-09";6.0;2999.94;2729.9454
25;"Electra Townie Original 7D - 2015/2016";"Electra";"Comfort Bicycles";2016;"Santa Cruz Bikes";"Santa Cruz";"CA";2016;9;"2016-09";1.0;499.99;449.991
25;"Electra Townie Original 7D - 2015/2016";"Electra";"Comfort Bicycles";2016;"Baldwin Bikes";"Baldwin";"NY";2016;10;"2016-10";8.0;3999.92;3649.927
25;"Electra Townie Original 7D - 2015/2016";"Electra";"Comfort Bicycles";2016;"Santa Cruz Bikes";"Santa Cruz";"CA";2016;10;"2016-10";4.0;1999.96;1749.965
25;"Electra Townie Original 7D - 2015/2016";"Electra";"Comfort Bicycles";2016;"Rowlett Bikes";"Rowlett";"TX";2016;10;"2016-10";1.0;499.99;464.9907
25;"Electra Townie Original 7D - 2015/2016";"Electra";"Comfort Bicycles";2016;"Baldwin Bikes";"Baldwin";"NY";2016;11;"2016-11";7.0;3499.93;3029.9394
25;"Electra Townie Original 7D - 2015/2016";"Electra";"Comfort Bicycles";2016;"Rowlett Bikes";"Rowlett";"TX";2016;11;"2016-11";2.0;999.98;799.984
25;"Electra Townie Original 7D - 2015/2016";"Electra";"Comfort Bicycles";2016;"Baldwin Bikes";"Baldwin";"NY";2016;12;"2016-12";8.0;3999.92;3679.9264
25;"Electra Townie Original 7D - 2015/2016";"Electra";"Comfort Bicycles";2016;"Rowlett Bikes";"Rowlett";"TX";2016;12;"2016-12";1.0;499.99;464.9907
25;"Electra Townie Original 7D - 2015/2016";"Electra";"Comfort Bicycles";2016;"Baldwin Bikes";"Baldwin";"NY";2017;1;"2017-01";4.0;1999.96;1879.9624
25;"Electra Townie Original 7D - 2015/2016";"Electra";"Comfort Bicycles";2016;"Santa Cruz Bikes";"Santa Cruz";"CA";2017;2;"2017-02";3.0;1499.97;1399.972
25;"Electra Townie Original 7D - 2015/2016";"Electra";"Comfort Bicycles";2016;"Santa Cruz Bikes";"Santa Cruz";"CA";2017;3;"2017-03";2.0;999.98;864.9827
25;"Electra Townie Original 7D - 2015/2016";"Electra";"Comfort Bicycles";2016;"Baldwin Bikes";"Baldwin";"NY";2017;3;"2017-03";2.0;999.98;929.9814
25;"Electra Townie Original 7D - 2015/2016";"Electra";"Comfort Bicycles";2016;"Baldwin Bikes";"Baldwin";"NY";2017;4;"2017-04";3.0;1499.97;1199.976
25;"Electra Townie Original 7D - 2015/2016";"Electra";"Comfort Bicycles";2016;"Santa Cruz Bikes";"Santa Cruz";"CA";2017;6;"2017-06";1.0;499.99;449.991
25;"Electra Townie Original 7D - 2015/2016";"Electra";"Comfort Bicycles";2016;"Baldwin Bikes";"Baldwin";"NY";2017;6;"2017-06";3.0;1499.97;1199.976
25;"Electra Townie Original 7D - 2015/2016";"Electra";"Comfort Bicycles";2016;"Rowlett Bikes";"Rowlett";"TX";2017;8;"2017-08";2.0;999.98;799.984
25;"Electra Townie Original 7D - 2015/2016";"Electra";"Comfort Bicycles";2016;"Santa Cruz Bikes";"Santa Cruz";"CA";2017;9;"2017-09";2.0;999.98;899.982
25;"Electra Townie Original 7D - 2015/2016";"Electra";"Comfort Bicycles";2016;"Santa Cruz Bikes";"Santa Cruz";"CA";2017;11;"2017-11";1.0;499.99;464.9907
25;"Electra Townie Original 7D - 2015/2016";"Electra";"Comfort Bicycles";2016;"Baldwin Bikes";"Baldwin";"NY";2017;11;"2017-11";4.0;1999.96;1799.964
25;"Electra Townie Original 7D - 2015/2016";"Electra";"Comfort Bicycles";2016;"Santa Cruz Bikes";"Santa Cruz";"CA";2017;12;"2017-12";2.0;999.98;949.981
25;"Electra Townie Original 7D - 2015/2016";"Electra";"Comfort Bicycles";2016;"Baldwin Bikes";"Baldwin";"NY";2018;3;"2018-03";1.0;499.99;464.9907
25;"Electra Townie Original 7D - 2015/2016";"Electra";"Comfort Bicycles";2016;"Santa Cruz Bikes";"Santa Cruz";"CA";2018;4;"2018-04";1.0;499.99;474.9905
26;"Electra Townie Original 7D EQ - 2016";"Electra";"Comfort Bicycles";2016;"Baldwin Bikes";"Baldwin";"NY";2016;1;"2016-01";6.0;3599.94;3203.9466
26;"Electra Townie Original 7D EQ - 2016";"Electra";"Comfort Bicycles";2016;"Rowlett Bikes";"Rowlett";"TX";2016;1;"2016-01";2.0;1199.98;1115.9814
26;"Electra Townie Original 7D EQ - 2016";"Electra";"Comfort Bicycles";2016;"Baldwin Bikes";"Baldwin";"NY";2016;2;"2016-02";10.0;5999.9;5279.912
26;"Electra Townie Original 7D EQ - 2016";"Electra";"Comfort Bicycles";2016;"Santa Cruz Bikes";"Santa Cruz";"CA";2016;2;"2016-02";1.0;599.99;479.992
26;"Electra Townie Original 7D EQ - 2016";"Electra";"Comfort Bicycles";2016;"Baldwin Bikes";"Baldwin";"NY";2016;3;"2016-03";6.0;3599.94;3239.946
26;"Electra Townie Original 7D EQ - 2016";"Electra";"Comfort Bicycles";2016;"Santa Cruz Bikes";"Santa Cruz";"CA";2016;3;"2016-03";1.0;599.99;539.991
26;"Electra Townie Original 7D EQ - 2016";"Electra";"Comfort Bicycles";2016;"Baldwin Bikes";"Baldwin";"NY";2016;4;"2016-04";1.0;599.99;539.991
26;"Electra Townie Original 7D EQ - 2016";"Electra";"Comfort Bicycles";2016;"Rowlett Bikes";"Rowlett";"TX";2016;5;"2016-05";1.0;599.99;569.9905
26;"Electra Townie Original 7D EQ - 2016";"Electra";"Comfort Bicycles";2016;"Baldwin Bikes";"Baldwin";"NY";2016;5;"2016-05";4.0;2399.96;2219.963
26;"Electra Townie Original 7D EQ - 2016";"Electra";"Comfort Bicycles";2016;"Santa Cruz Bikes";"Santa Cruz";"CA";2016;5;"2016-05";2.0;1199.98;1115.9814
26;"Electra Townie Original 7D EQ - 2016";"Electra";"Comfort Bicycles";2016;"Baldwin Bikes";"Baldwin";"NY";2016;6;"2016-06";5.0;2999.95;2645.9559
26;"Electra Townie Original 7D EQ - 2016";"Electra";"Comfort Bicycles";2016;"Baldwin Bikes";"Baldwin";"NY";2016;7;"2016-07";6.0;3599.94;3257.9457
26;"Electra Townie Original 7D EQ - 2016";"Electra";"Comfort Bicycles";2016;"Baldwin Bikes";"Baldwin";"NY";2016;8;"2016-08";6.0;3599.94;3359.944
26;"Electra Townie Original 7D EQ - 2016";"Electra";"Comfort Bicycles";2016;"Rowlett Bikes";"Rowlett";"TX";2016;8;"2016-08";2.0;1199.98;1139.981
26;"Electra Townie Original 7D EQ - 2016";"Electra";"Comfort Bicycles";2016;"Santa Cruz Bikes";"Santa Cruz";"CA";2016;9;"2016-09";6.0;3599.94;3371.9438
26;"Electra Townie Original 7D EQ - 2016";"Electra";"Comfort Bicycles";2016;"Baldwin Bikes";"Baldwin";"NY";2016;9;"2016-09";6.0;3599.94;2957.9507
26;"Electra Townie Original 7D EQ - 2016";"Electra";"Comfort Bicycles";2016;"Baldwin Bikes";"Baldwin";"NY";2016;10;"2016-10";7.0;4199.93;3677.9387
26;"Electra Townie Original 7D EQ - 2016";"Electra";"Comfort Bicycles";2016;"Santa Cruz Bikes";"Santa Cruz";"CA";2016;10;"2016-10";4.0;2399.96;2279.962
26;"Electra Townie Original 7D EQ - 2016";"Electra";"Comfort Bicycles";2016;"Santa Cruz Bikes";"Santa Cruz";"CA";2016;11;"2016-11";2.0;1199.98;1079.982
26;"Electra Townie Original 7D EQ - 2016";"Electra";"Comfort Bicycles";2016;"Baldwin Bikes";"Baldwin";"NY";2016;11;"2016-11";7.0;4199.93;3917.9347
26;"Electra Townie Original 7D EQ - 2016";"Electra";"Comfort Bicycles";2016;"Rowlett Bikes";"Rowlett";"TX";2016;12;"2016-12";1.0;599.99;539.991
26;"Electra Townie Original 7D EQ - 2016";"Electra";"Comfort Bicycles";2016;"Santa Cruz Bikes";"Santa Cruz";"CA";2016;12;"2016-12";3.0;1799.97;1697.9717
26;"Electra Townie Original 7D EQ - 2016";"Electra";"Comfort Bicycles";2016;"Baldwin Bikes";"Baldwin";"NY";2016;12;"2016-12";6.0;3599.94;3173.9471
26;"Electra Townie Original 7D EQ - 2016";"Electra";"Comfort Bicycles";2016;"Baldwin Bikes";"Baldwin";"NY";2017;1;"2017-01";2.0;1199.98;959.984
26;"Electra Townie Original 7D EQ - 2016";"Electra";"Comfort Bicycles";2016;"Baldwin Bikes";"Baldwin";"NY";2017;2;"2017-02";2.0;1199.98;1079.982
26;"Electra Townie Original 7D EQ - 2016";"Electra";"Comfort Bicycles";2016;"Rowlett Bikes";"Rowlett";"TX";2017;2;"2017-02";1.0;599.99;479.992
26;"Electra Townie Original 7D EQ - 2016";"Electra";"Comfort Bicycles";2016;"Santa Cruz Bikes";"Santa Cruz";"CA";2017;3;"2017-03";2.0;1199.98;1139.981
26;"Electra Townie Original 7D EQ - 2016";"Electra";"Comfort Bicycles";2016;"Baldwin Bikes";"Baldwin";"NY";2017;3;"2017-03";1.0;599.99;479.992
26;"Electra Townie Original 7D EQ - 2016";"Electra";"Comfort Bicycles";2016;"Rowlett Bikes";"Rowlett";"TX";2017;4;"2017-04";2.0;1199.98;1115.9814
26;"Electra Townie Original 7D EQ - 2016";"Electra";"Comfort Bicycles";2016;"Baldwin Bikes";"Baldwin";"NY";2017;4;"2017-04";2.0;1199.98;1139.981
26;"Electra Townie Original 7D EQ - 2016";"Electra";"Comfort Bicycles";2016;"Baldwin Bikes";"Baldwin";"NY";2017;5;"2017-05";5.0;2999.95;2639.956
26;"Electra Townie Original 7D EQ - 2016";"Electra";"Comfort Bicycles";2016;"Rowlett Bikes";"Rowlett";"TX";2017;6;"2017-06";2.0;1199.98;1079.982
26;"Electra Townie Original 7D EQ - 2016";"Electra";"Comfort Bicycles";2016;"Baldwin Bikes";"Baldwin";"NY";2017;6;"2017-06";2.0;1199.98;1115.9814
26;"Electra Townie Original 7D EQ - 2016";"Electra";"Comfort Bicycles";2016;"Baldwin Bikes";"Baldwin";"NY";2017;7;"2017-07";4.0;2399.96;2177.9637
26;"Electra Townie Original 7D EQ - 2016";"Electra";"Comfort Bicycles";2016;"Santa Cruz Bikes";"Santa Cruz";"CA";2017;8;"2017-08";1.0;599.99;557.9907
26;"Electra Townie Original 7D EQ - 2016";"Electra";"Comfort Bicycles";2016;"Baldwin Bikes";"Baldwin";"NY";2017;8;"2017-08";4.0;2399.96;2075.9654
26;"Electra Townie Original 7D EQ - 2016";"Electra";"Comfort Bicycles";2016;"Baldwin Bikes";"Baldwin";"NY";2017;10;"2017-10";1.0;599.99;479.992
26;"Electra Townie Original 7D EQ - 2016";"Electra";"Comfort Bicycles";2016;"Rowlett Bikes";"Rowlett";"TX";2017;10;"2017-10";1.0;599.99;539.991
26;"Electra Townie Original 7D EQ - 2016";"Electra";"Comfort Bicycles";2016;"Baldwin Bikes";"Baldwin";"NY";2017;11;"2017-11";3.0;1799.97;1709.9715
26;"Electra Townie Original 7D EQ - 2016";"Electra";"Comfort Bicycles";2016;"Santa Cruz Bikes";"Santa Cruz";"CA";2017;11;"2017-11";1.0;599.99;569.9905
26;"Electra Townie Original 7D EQ - 2016";"Electra";"Comfort Bicycles";2016;"Rowlett Bikes";"Rowlett";"TX";2017;12;"2017-12";1.0;599.99;557.9907
26;"Electra Townie Original 7D EQ - 2016";"Electra";"Comfort Bicycles";2016;"Baldwin Bikes";"Baldwin";"NY";2018;4;"2018-04";2.0;1199.98;1115.9814
102;"Electra Townie Original 7D - 2017";"Electra";"Comfort Bicycles";2017;"Baldwin Bikes";"Baldwin";"NY";2017;1;"2017-01";2.0;979.98;930.981
102;"Electra Townie Original 7D - 2017";"Electra";"Comfort Bicycles";2017;"Rowlett Bikes";"Rowlett";"TX";2017;1;"2017-01";1.0;489.99;440.991
102;"Electra Townie Original 7D - 2017";"Electra";"Comfort Bicycles";2017;"Santa Cruz Bikes";"Santa Cruz";"CA";2017;1;"2017-01";2.0;979.98;911.3814
102;"Electra Townie Original 7D - 2017";"Electra";"Comfort Bicycles";2017;"Baldwin Bikes";"Baldwin";"NY";2017;2;"2017-02";4.0;1959.96;1788.4635
102;"Electra Townie Original 7D - 2017";"Electra";"Comfort Bicycles";2017;"Baldwin Bikes";"Baldwin";"NY";2017;3;"2017-03";2.0;979.98;930.981
102;"Electra Townie Original 7D - 2017";"Electra";"Comfort Bicycles";2017;"Rowlett Bikes";"Rowlett";"TX";2017;3;"2017-03";1.0;489.99;455.6907
102;"Electra Townie Original 7D - 2017";"Electra";"Comfort Bicycles";2017;"Santa Cruz Bikes";"Santa Cruz";"CA";2017;4;"2017-04";2.0;979.98;783.984
102;"Electra Townie Original 7D - 2017";"Electra";"Comfort Bicycles";2017;"Baldwin Bikes";"Baldwin";"NY";2017;4;"2017-04";1.0;489.99;455.6907
102;"Electra Townie Original 7D - 2017";"Electra";"Comfort Bicycles";2017;"Baldwin Bikes";"Baldwin";"NY";2017;5;"2017-05";4.0;1959.96;1763.964
102;"Electra Townie Original 7D - 2017";"Electra";"Comfort Bicycles";2017;"Santa Cruz Bikes";"Santa Cruz";"CA";2017;6;"2017-06";2.0;979.98;930.981
102;"Electra Townie Original 7D - 2017";"Electra";"Comfort Bicycles";2017;"Baldwin Bikes";"Baldwin";"NY";2017;7;"2017-07";2.0;979.98;881.982
102;"Electra Townie Original 7D - 2017";"Electra";"Comfort Bicycles";2017;"Baldwin Bikes";"Baldwin";"NY";2017;8;"2017-08";1.0;489.99;455.6907
102;"Electra Townie Original 7D - 2017";"Electra";"Comfort Bicycles";2017;"Rowlett Bikes";"Rowlett";"TX";2017;8;"2017-08";2.0;979.98;911.3814
102;"Electra Townie Original 7D - 2017";"Electra";"Comfort Bicycles";2017;"Baldwin Bikes";"Baldwin";"NY";2017;10;"2017-10";2.0;979.98;881.982
102;"Electra Townie Original 7D - 2017";"Electra";"Comfort Bicycles";2017;"Rowlett Bikes";"Rowlett";"TX";2017;10;"2017-10";2.0;979.98;881.982
102;"Electra Townie Original 7D - 2017";"Electra";"Comfort Bicycles";2017;"Santa Cruz Bikes";"Santa Cruz";"CA";2017;10;"2017-10";2.0;979.98;930.981
102;"Electra Townie Original 7D - 2017";"Electra";"Comfort Bicycles";2017;"Baldwin Bikes";"Baldwin";"NY";2017;12;"2017-12";1.0;489.99;391.992
102;"Electra Townie Original 7D - 2017";"Electra";"Comfort Bicycles";2017;"Baldwin Bikes";"Baldwin";"NY";2018;1;"2018-01";2.0;979.98;930.981
102;"Electra Townie Original 7D - 2017";"Electra";"Comfort Bicycles";2017;"Baldwin Bikes";"Baldwin";"NY";2018;3;"2018-03";2.0;979.98;930.981
102;"Electra Townie Original 7D - 2017";"Electra";"Comfort Bicycles";2017;"Santa Cruz Bikes";"Santa Cruz";"CA";2018;3;"2018-03";1.0;489.99;455.6907
102;"Electra Townie Original 7D - 2017";"Electra";"Comfort Bicycles";2017;"Santa Cruz Bikes";"Santa Cruz";"CA";2018;4;"2018-04";1.0;489.99;455.6907
299;"Electra Townie Original 21D - 2018";"Electra";"Comfort Bicycles";2018;"Baldwin Bikes";"Baldwin";"NY";2018;3;"2018-03";1.0;559.99;447.992
300;"Electra Townie Balloon 3i EQ Ladies' - 2018";"Electra";"Comfort Bicycles";2018;"Baldwin Bikes";"Baldwin";"NY";2018;1;"2018-01";2.0;1599.98;1279.984
300;"Electra Townie Balloon 3i EQ Ladies' - 2018";"Electra";"Comfort Bicycles";2018;"Baldwin Bikes";"Baldwin";"NY";2018;2;"2018-02";1.0;799.99;759.9905
300;"Electra Townie Balloon 3i EQ Ladies' - 2018";"Electra";"Comfort Bicycles";2018;"Baldwin Bikes";"Baldwin";"NY";2018;3;"2018-03";1.0;799.99;639.992
300;"Electra Townie Balloon 3i EQ Ladies' - 2018";"Electra";"Comfort Bicycles";2018;"Baldwin Bikes";"Baldwin";"NY";2018;4;"2018-04";2.0;1599.98;1279.984
300;"Electra Townie Balloon 3i EQ Ladies' - 2018";"Electra";"Comfort Bicycles";2018;"Santa Cruz Bikes";"Santa Cruz";"CA";2018;4;"2018-04";2.0;1599.98;1487.9814
301;"Electra Townie Balloon 7i EQ - 2018";"Electra";"Comfort Bicycles";2018;"Rowlett Bikes";"Rowlett";"TX";2018;2;"2018-02";2.0;1799.98;1673.9814
301;"Electra Townie Balloon 7i EQ - 2018";"Electra";"Comfort Bicycles";2018;"Santa Cruz Bikes";"Santa Cruz";"CA";2018;3;"2018-03";1.0;899.99;719.992
301;"Electra Townie Balloon 7i EQ - 2018";"Electra";"Comfort Bicycles";2018;"Santa Cruz Bikes";"Santa Cruz";"CA";2018;4;"2018-04";1.0;899.99;809.991
301;"Electra Townie Balloon 7i EQ - 2018";"Electra";"Comfort Bicycles";2018;"Rowlett Bikes";"Rowlett";"TX";2018;7;"2018-07";1.0;899.99;809.991
302;"Electra Townie Original 1 - 2018";"Electra";"Comfort Bicycles";2018;"Santa Cruz Bikes";"Santa Cruz";"CA";2018;3;"2018-03";1.0;449.99;359.992
302;"Electra Townie Original 1 - 2018";"Electra";"Comfort Bicycles";2018;"Santa Cruz Bikes";"Santa Cruz";"CA";2018;4;"2018-04";4.0;1799.96;1709.962
303;"Electra Townie Go! 8i - 2017/2018";"Electra";"Comfort Bicycles";2018;"Santa Cruz Bikes";"Santa Cruz";"CA";2018;4;"2018-04";2.0;5199.98;4835.9814
304;"Electra Townie Original 21D EQ - 2017/2018";"Electra";"Comfort Bicycles";2018;"Rowlett Bikes";"Rowlett";"TX";2018;1;"2018-01";2.0;1359.98;1223.982
304;"Electra Townie Original 21D EQ - 2017/2018";"Electra";"Comfort Bicycles";2018;"Baldwin Bikes";"Baldwin";"NY";2018;2;"2018-02";1.0;679.99;611.991
304;"Electra Townie Original 21D EQ - 2017/2018";"Electra";"Comfort Bicycles";2018;"Baldwin Bikes";"Baldwin";"NY";2018;4;"2018-04";2.0;1359.98;1291.981
304;"Electra Townie Original 21D EQ - 2017/2018";"Electra";"Comfort Bicycles";2018;"Santa Cruz Bikes";"Santa Cruz";"CA";2018;4;"2018-04";2.0;1359.98;1223.982
304;"Electra Townie Original 21D EQ - 2017/2018";"Electra";"Comfort Bicycles";2018;"Rowlett Bikes";"Rowlett";"TX";2018;4;"2018-04";2.0;1359.98;1087.984
305;"Electra Townie Balloon 3i EQ - 2017/2018";"Electra";"Comfort Bicycles";2018;"Baldwin Bikes";"Baldwin";"NY";2018;1;"2018-01";1.0;749.99;674.991
306;"Electra Townie Balloon 7i EQ Ladies' - 2017/2018";"Electra";"Comfort Bicycles";2018;"Santa Cruz Bikes";"Santa Cruz";"CA";2018;2;"2018-02";1.0;899.99;809.991
306;"Electra Townie Balloon 7i EQ Ladies' - 2017/2018";"Electra";"Comfort Bicycles";2018;"Baldwin Bikes";"Baldwin";"NY";2018;2;"2018-02";1.0;899.99;809.991
306;"Electra Townie Balloon 7i EQ Ladies' - 2017/2018";"Electra";"Comfort Bicycles";2018;"Baldwin Bikes";"Baldwin";"NY";2018;3;"2018-03";2.0;1799.98;1709.981
306;"Electra Townie Balloon 7i EQ Ladies' - 2017/2018";"Electra";"Comfort Bicycles";2018;"Baldwin Bikes";"Baldwin";"NY";2018;4;"2018-04";2.0;1799.98;1709.981
307;"Electra Townie Balloon 8D EQ - 2016/2017/2018";"Electra";"Comfort Bicycles";2018;"Baldwin Bikes";"Baldwin";"NY";2018;1;"2018-01";3.0;2249.97;2092.4721
308;"Electra Townie Balloon 8D EQ Ladies' - 2016/2017/2018";"Electra";"Comfort Bicycles";2018;"Santa Cruz Bikes";"Santa Cruz";"CA";2018;3;"2018-03";2.0;1499.98;1199.984
308;"Electra Townie Balloon 8D EQ Ladies' - 2016/2017/2018";"Electra";"Comfort Bicycles";2018;"Baldwin Bikes";"Baldwin";"NY";2018;4;"2018-04";4.0;2999.96;2549.966
309;"Electra Townie Commute 27D - 2018";"Electra";"Comfort Bicycles";2018;"Santa Cruz Bikes";"Santa Cruz";"CA";2018;4;"2018-04";1.0;899.99;836.9907
310;"Electra Townie Commute 27D Ladies - 2018";"Electra";"Comfort Bicycles";2018;"Santa Cruz Bikes";"Santa Cruz";"CA";2018;3;"2018-03";2.0;1799.98;1673.9814
310;"Electra Townie Commute 27D Ladies - 2018";"Electra";"Comfort Bicycles";2018;"Rowlett Bikes";"Rowlett";"TX";2018;4;"2018-04";4.0;3599.96;3383.9624
310;"Electra Townie Commute 27D Ladies - 2018";"Electra";"Comfort Bicycles";2018;"Baldwin Bikes";"Baldwin";"NY";2018;4;"2018-04";1.0;899.99;854.9905
311;"Electra Townie Commute 8D - 2018";"Electra";"Comfort Bicycles";2018;"Baldwin Bikes";"Baldwin";"NY";2018;1;"2018-01";1.0;749.99;674.991
311;"Electra Townie Commute 8D - 2018";"Electra";"Comfort Bicycles";2018;"Baldwin Bikes";"Baldwin";"NY";2018;4;"2018-04";2.0;1499.98;1199.984
312;"Electra Townie Commute 8D Ladies' - 2018";"Electra";"Comfort Bicycles";2018;"Baldwin Bikes";"Baldwin";"NY";2018;4;"2018-04";2.0;1399.98;1259.982
313;"Electra Townie Original 1 Ladies' - 2018";"Electra";"Comfort Bicycles";2018;"Baldwin Bikes";"Baldwin";"NY";2018;1;"2018-01";2.0;899.98;809.982
313;"Electra Townie Original 1 Ladies' - 2018";"Electra";"Comfort Bicycles";2018;"Baldwin Bikes";"Baldwin";"NY";2018;4;"2018-04";1.0;449.99;359.992
313;"Electra Townie Original 1 Ladies' - 2018";"Electra";"Comfort Bicycles";2018;"Santa Cruz Bikes";"Santa Cruz";"CA";2018;4;"2018-04";1.0;449.99;404.991
314;"Electra Townie Original 21D EQ Ladies' - 2018";"Electra";"Comfort Bicycles";2018;"Santa Cruz Bikes";"Santa Cruz";"CA";2018;4;"2018-04";2.0;1359.98;1087.984
315;"Electra Townie Original 21D Ladies' - 2018";"Electra";"Comfort Bicycles";2018;"Baldwin Bikes";"Baldwin";"NY";2018;4;"2018-04";2.0;1119.98;1063.981
21;"Electra Cruiser 1 (24-Inch) - 2016";"Electra";"Children Bicycles";2016;"Santa Cruz Bikes";"Santa Cruz";"CA";2016;1;"2016-01";1.0;269.99;256.4905
21;"Electra Cruiser 1 (24-Inch) - 2016";"Electra";"Children Bicycles";2016;"Baldwin Bikes";"Baldwin";"NY";2016;1;"2016-01";9.0;2429.91;2246.3168
21;"Electra Cruiser 1 (24-Inch) - 2016";"Electra";"Children Bicycles";2016;"Baldwin Bikes";"Baldwin";"NY";2016;2;"2016-02";5.0;1349.95;1187.956
21;"Electra Cruiser 1 (24-Inch) - 2016";"Electra";"Children Bicycles";2016;"Rowlett Bikes";"Rowlett";"TX";2016;2;"2016-02";2.0;539.98;431.984
21;"Electra Cruiser 1 (24-Inch) - 2016";"Electra";"Children Bicycles";2016;"Santa Cruz Bikes";"Santa Cruz";"CA";2016;2;"2016-02";3.0;809.97;745.1724
21;"Electra Cruiser 1 (24-Inch) - 2016";"Electra";"Children Bicycles";2016;"Baldwin Bikes";"Baldwin";"NY";2016;3;"2016-03";3.0;809.97;718.1734
21;"Electra Cruiser 1 (24-Inch) - 2016";"Electra";"Children Bicycles";2016;"Baldwin Bikes";"Baldwin";"NY";2016;4;"2016-04";7.0;1889.93;1655.0387
21;"Electra Cruiser 1 (24-Inch) - 2016";"Electra";"Children Bicycles";2016;"Santa Cruz Bikes";"Santa Cruz";"CA";2016;4;"2016-04";2.0;539.98;502.1814
21;"Electra Cruiser 1 (24-Inch) - 2016";"Electra";"Children Bicycles";2016;"Baldwin Bikes";"Baldwin";"NY";2016;5;"2016-05";3.0;809.97;728.973
21;"Electra Cruiser 1 (24-Inch) - 2016";"Electra";"Children Bicycles";2016;"Santa Cruz Bikes";"Santa Cruz";"CA";2016;5;"2016-05";1.0;269.99;242.991
21;"Electra Cruiser 1 (24-Inch) - 2016";"Electra";"Children Bicycles";2016;"Rowlett Bikes";"Rowlett";"TX";2016;5;"2016-05";2.0;539.98;512.981
21;"Electra Cruiser 1 (24-Inch) - 2016";"Electra";"Children Bicycles";2016;"Baldwin Bikes";"Baldwin";"NY";2016;6;"2016-06";8.0;2159.92;1997.926
21;"Electra Cruiser 1 (24-Inch) - 2016";"Electra";"Children Bicycles";2016;"Santa Cruz Bikes";"Santa Cruz";"CA";2016;6;"2016-06";1.0;269.99;256.4905
21;"Electra Cruiser 1 (24-Inch) - 2016";"Electra";"Children Bicycles";2016;"Baldwin Bikes";"Baldwin";"NY";2016;7;"2016-07";5.0;1349.95;1231.1544
21;"Electra Cruiser 1 (24-Inch) - 2016";"Electra";"Children Bicycles";2016;"Rowlett Bikes";"Rowlett";"TX";2016;8;"2016-08";7.0;1889.93;1690.1374
21;"Electra Cruiser 1 (24-Inch) - 2016";"Electra";"Children Bicycles";2016;"Baldwin Bikes";"Baldwin";"NY";2016;8;"2016-08";13.0;3509.87;3183.1821
21;"Electra Cruiser 1 (24-Inch) - 2016";"Electra";"Children Bicycles";2016;"Baldwin Bikes";"Baldwin";"NY";2016;9;"2016-09";8.0;2159.92;2003.3258
21;"Electra Cruiser 1 (24-Inch) - 2016";"Electra";"Children Bicycles";2016;"Baldwin Bikes";"Baldwin";"NY";2016;10;"2016-10";15.0;4049.85;3685.3635
21;"Electra Cruiser 1 (24-Inch) - 2016";"Electra";"Children Bicycles";2016;"Santa Cruz Bikes";"Santa Cruz";"CA";2016;10;"2016-10";2.0;539.98;512.981
21;"Electra Cruiser 1 (24-Inch) - 2016";"Electra";"Children Bicycles";2016;"Baldwin Bikes";"Baldwin";"NY";2016;11;"2016-11";6.0;1619.94;1522.7436
21;"Electra Cruiser 1 (24-Inch) - 2016";"Electra";"Children Bicycles";2016;"Santa Cruz Bikes";"Santa Cruz";"CA";2016;11;"2016-11";4.0;1079.96;863.968
21;"Electra Cruiser 1 (24-Inch) - 2016";"Electra";"Children Bicycles";2016;"Santa Cruz Bikes";"Santa Cruz";"CA";2016;12;"2016-12";2.0;539.98;472.4825
21;"Electra Cruiser 1 (24-Inch) - 2016";"Electra";"Children Bicycles";2016;"Baldwin Bikes";"Baldwin";"NY";2016;12;"2016-12";6.0;1619.94;1501.1444
21;"Electra Cruiser 1 (24-Inch) - 2016";"Electra";"Children Bicycles";2016;"Rowlett Bikes";"Rowlett";"TX";2016;12;"2016-12";2.0;539.98;512.981
21;"Electra Cruiser 1 (24-Inch) - 2016";"Electra";"Children Bicycles";2016;"Baldwin Bikes";"Baldwin";"NY";2017;1;"2017-01";2.0;539.98;502.1814
21;"Electra Cruiser 1 (24-Inch) - 2016";"Electra";"Children Bicycles";2016;"Rowlett Bikes";"Rowlett";"TX";2017;2;"2017-02";2.0;539.98;502.1814
21;"Electra Cruiser 1 (24-Inch) - 2016";"Electra";"Children Bicycles";2016;"Baldwin Bikes";"Baldwin";"NY";2017;3;"2017-03";4.0;1079.96;934.1654
21;"Electra Cruiser 1 (24-Inch) - 2016";"Electra";"Children Bicycles";2016;"Baldwin Bikes";"Baldwin";"NY";2017;4;"2017-04";1.0;269.99;256.4905
21;"Electra Cruiser 1 (24-Inch) - 2016";"Electra";"Children Bicycles";2016;"Baldwin Bikes";"Baldwin";"NY";2017;5;"2017-05";2.0;539.98;512.981
21;"Electra Cruiser 1 (24-Inch) - 2016";"Electra";"Children Bicycles";2016;"Baldwin Bikes";"Baldwin";"NY";2017;6;"2017-06";1.0;269.99;215.992
21;"Electra Cruiser 1 (24-Inch) - 2016";"Electra";"Children Bicycles";2016;"Rowlett Bikes";"Rowlett";"TX";2017;6;"2017-06";2.0;539.98;502.1814
21;"Electra Cruiser 1 (24-Inch) - 2016";"Electra";"Children Bicycles";2016;"Baldwin Bikes";"Baldwin";"NY";2017;7;"2017-07";1.0;269.99;256.4905
21;"Electra Cruiser 1 (24-Inch) - 2016";"Electra";"Children Bicycles";2016;"Baldwin Bikes";"Baldwin";"NY";2017;9;"2017-09";3.0;809.97;728.973
21;"Electra Cruiser 1 (24-Inch) - 2016";"Electra";"Children Bicycles";2016;"Baldwin Bikes";"Baldwin";"NY";2017;10;"2017-10";1.0;269.99;251.0907
21;"Electra Cruiser 1 (24-Inch) - 2016";"Electra";"Children Bicycles";2016;"Baldwin Bikes";"Baldwin";"NY";2017;11;"2017-11";1.0;269.99;251.0907
21;"Electra Cruiser 1 (24-Inch) - 2016";"Electra";"Children Bicycles";2016;"Santa Cruz Bikes";"Santa Cruz";"CA";2018;1;"2018-01";2.0;539.98;502.1814
22;"Electra Girl's Hawaii 1 (16-inch) - 2015/2016";"Electra";"Children Bicycles";2016;"Baldwin Bikes";"Baldwin";"NY";2016;1;"2016-01";8.0;2159.92;1892.6299
22;"Electra Girl's Hawaii 1 (16-inch) - 2015/2016";"Electra";"Children Bicycles";2016;"Santa Cruz Bikes";"Santa Cruz";"CA";2016;1;"2016-01";2.0;539.98;512.981
22;"Electra Girl's Hawaii 1 (16-inch) - 2015/2016";"Electra";"Children Bicycles";2016;"Santa Cruz Bikes";"Santa Cruz";"CA";2016;2;"2016-02";5.0;1349.95;1204.1554
22;"Electra Girl's Hawaii 1 (16-inch) - 2015/2016";"Electra";"Children Bicycles";2016;"Baldwin Bikes";"Baldwin";"NY";2016;2;"2016-02";7.0;1889.93;1601.0407
22;"Electra Girl's Hawaii 1 (16-inch) - 2015/2016";"Electra";"Children Bicycles";2016;"Baldwin Bikes";"Baldwin";"NY";2016;3;"2016-03";12.0;3239.88;2778.1971
22;"Electra Girl's Hawaii 1 (16-inch) - 2015/2016";"Electra";"Children Bicycles";2016;"Rowlett Bikes";"Rowlett";"TX";2016;3;"2016-03";2.0;539.98;431.984
22;"Electra Girl's Hawaii 1 (16-inch) - 2015/2016";"Electra";"Children Bicycles";2016;"Baldwin Bikes";"Baldwin";"NY";2016;4;"2016-04";3.0;809.97;688.4745
22;"Electra Girl's Hawaii 1 (16-inch) - 2015/2016";"Electra";"Children Bicycles";2016;"Santa Cruz Bikes";"Santa Cruz";"CA";2016;4;"2016-04";2.0;539.98;431.984
22;"Electra Girl's Hawaii 1 (16-inch) - 2015/2016";"Electra";"Children Bicycles";2016;"Baldwin Bikes";"Baldwin";"NY";2016;5;"2016-05";10.0;2699.9;2513.6069
22;"Electra Girl's Hawaii 1 (16-inch) - 2015/2016";"Electra";"Children Bicycles";2016;"Santa Cruz Bikes";"Santa Cruz";"CA";2016;5;"2016-05";2.0;539.98;485.982
22;"Electra Girl's Hawaii 1 (16-inch) - 2015/2016";"Electra";"Children Bicycles";2016;"Baldwin Bikes";"Baldwin";"NY";2016;6;"2016-06";4.0;1079.96;1007.0627
22;"Electra Girl's Hawaii 1 (16-inch) - 2015/2016";"Electra";"Children Bicycles";2016;"Santa Cruz Bikes";"Santa Cruz";"CA";2016;6;"2016-06";2.0;539.98;431.984
22;"Electra Girl's Hawaii 1 (16-inch) - 2015/2016";"Electra";"Children Bicycles";2016;"Baldwin Bikes";"Baldwin";"NY";2016;7;"2016-07";9.0;2429.91;2116.7216
22;"Electra Girl's Hawaii 1 (16-inch) - 2015/2016";"Electra";"Children Bicycles";2016;"Rowlett Bikes";"Rowlett";"TX";2016;7;"2016-07";1.0;269.99;215.992
22;"Electra Girl's Hawaii 1 (16-inch) - 2015/2016";"Electra";"Children Bicycles";2016;"Santa Cruz Bikes";"Santa Cruz";"CA";2016;7;"2016-07";1.0;269.99;242.991
22;"Electra Girl's Hawaii 1 (16-inch) - 2015/2016";"Electra";"Children Bicycles";2016;"Baldwin Bikes";"Baldwin";"NY";2016;8;"2016-08";4.0;1079.96;1012.4625
22;"Electra Girl's Hawaii 1 (16-inch) - 2015/2016";"Electra";"Children Bicycles";2016;"Santa Cruz Bikes";"Santa Cruz";"CA";2016;8;"2016-08";4.0;1079.96;1015.1624
22;"Electra Girl's Hawaii 1 (16-inch) - 2015/2016";"Electra";"Children Bicycles";2016;"Baldwin Bikes";"Baldwin";"NY";2016;9;"2016-09";4.0;1079.96;953.0647
22;"Electra Girl's Hawaii 1 (16-inch) - 2015/2016";"Electra";"Children Bicycles";2016;"Santa Cruz Bikes";"Santa Cruz";"CA";2016;9;"2016-09";2.0;539.98;494.0817
22;"Electra Girl's Hawaii 1 (16-inch) - 2015/2016";"Electra";"Children Bicycles";2016;"Rowlett Bikes";"Rowlett";"TX";2016;9;"2016-09";6.0;1619.94;1471.4455
22;"Electra Girl's Hawaii 1 (16-inch) - 2015/2016";"Electra";"Children Bicycles";2016;"Baldwin Bikes";"Baldwin";"NY";2016;10;"2016-10";7.0;1889.93;1773.8343
22;"Electra Girl's Hawaii 1 (16-inch) - 2015/2016";"Electra";"Children Bicycles";2016;"Santa Cruz Bikes";"Santa Cruz";"CA";2016;10;"2016-10";4.0;1079.96;944.965
22;"Electra Girl's Hawaii 1 (16-inch) - 2015/2016";"Electra";"Children Bicycles";2016;"Rowlett Bikes";"Rowlett";"TX";2016;10;"2016-10";2.0;539.98;485.982
22;"Electra Girl's Hawaii 1 (16-inch) - 2015/2016";"Electra";"Children Bicycles";2016;"Santa Cruz Bikes";"Santa Cruz";"CA";2016;11;"2016-11";3.0;809.97;769.4715
22;"Electra Girl's Hawaii 1 (16-inch) - 2015/2016";"Electra";"Children Bicycles";2016;"Baldwin Bikes";"Baldwin";"NY";2016;12;"2016-12";8.0;2159.92;1911.5292
22;"Electra Girl's Hawaii 1 (16-inch) - 2015/2016";"Electra";"Children Bicycles";2016;"Baldwin Bikes";"Baldwin";"NY";2017;1;"2017-01";3.0;809.97;764.0717
22;"Electra Girl's Hawaii 1 (16-inch) - 2015/2016";"Electra";"Children Bicycles";2016;"Santa Cruz Bikes";"Santa Cruz";"CA";2017;1;"2017-01";1.0;269.99;251.0907
22;"Electra Girl's Hawaii 1 (16-inch) - 2015/2016";"Electra";"Children Bicycles";2016;"Baldwin Bikes";"Baldwin";"NY";2017;2;"2017-02";2.0;539.98;502.1814
22;"Electra Girl's Hawaii 1 (16-inch) - 2015/2016";"Electra";"Children Bicycles";2016;"Baldwin Bikes";"Baldwin";"NY";2017;3;"2017-03";3.0;809.97;683.0747
22;"Electra Girl's Hawaii 1 (16-inch) - 2015/2016";"Electra";"Children Bicycles";2016;"Rowlett Bikes";"Rowlett";"TX";2017;3;"2017-03";2.0;539.98;502.1814
22;"Electra Girl's Hawaii 1 (16-inch) - 2015/2016";"Electra";"Children Bicycles";2016;"Santa Cruz Bikes";"Santa Cruz";"CA";2017;3;"2017-03";2.0;539.98;512.981
22;"Electra Girl's Hawaii 1 (16-inch) - 2015/2016";"Electra";"Children Bicycles";2016;"Rowlett Bikes";"Rowlett";"TX";2017;4;"2017-04";1.0;269.99;215.992
22;"Electra Girl's Hawaii 1 (16-inch) - 2015/2016";"Electra";"Children Bicycles";2016;"Baldwin Bikes";"Baldwin";"NY";2017;4;"2017-04";2.0;539.98;485.982
22;"Electra Girl's Hawaii 1 (16-inch) - 2015/2016";"Electra";"Children Bicycles";2016;"Baldwin Bikes";"Baldwin";"NY";2017;5;"2017-05";2.0;539.98;431.984
22;"Electra Girl's Hawaii 1 (16-inch) - 2015/2016";"Electra";"Children Bicycles";2016;"Santa Cruz Bikes";"Santa Cruz";"CA";2017;5;"2017-05";2.0;539.98;431.984
22;"Electra Girl's Hawaii 1 (16-inch) - 2015/2016";"Electra";"Children Bicycles";2016;"Baldwin Bikes";"Baldwin";"NY";2017;6;"2017-06";2.0;539.98;431.984
22;"Electra Girl's Hawaii 1 (16-inch) - 2015/2016";"Electra";"Children Bicycles";2016;"Rowlett Bikes";"Rowlett";"TX";2017;6;"2017-06";4.0;1079.96;917.966
22;"Electra Girl's Hawaii 1 (16-inch) - 2015/2016";"Electra";"Children Bicycles";2016;"Baldwin Bikes";"Baldwin";"NY";2017;9;"2017-09";1.0;269.99;251.0907
22;"Electra Girl's Hawaii 1 (16-inch) - 2015/2016";"Electra";"Children Bicycles";2016;"Baldwin Bikes";"Baldwin";"NY";2017;10;"2017-10";2.0;539.98;472.4825
22;"Electra Girl's Hawaii 1 (16-inch) - 2015/2016";"Electra";"Children Bicycles";2016;"Santa Cruz Bikes";"Santa Cruz";"CA";2018;4;"2018-04";2.0;539.98;485.982
23;"Electra Girl's Hawaii 1 (20-inch) - 2015/2016";"Electra";"Children Bicycles";2016;"Baldwin Bikes";"Baldwin";"NY";2016;1;"2016-01";7.0;2099.93;1796.9401
23;"Electra Girl's Hawaii 1 (20-inch) - 2015/2016";"Electra";"Children Bicycles";2016;"Santa Cruz Bikes";"Santa Cruz";"CA";2016;1;"2016-01";3.0;899.97;809.973
23;"Electra Girl's Hawaii 1 (20-inch) - 2015/2016";"Electra";"Children Bicycles";2016;"Baldwin Bikes";"Baldwin";"NY";2016;2;"2016-02";19.0;5699.81;5129.829
23;"Electra Girl's Hawaii 1 (20-inch) - 2015/2016";"Electra";"Children Bicycles";2016;"Rowlett Bikes";"Rowlett";"TX";2016;2;"2016-02";4.0;1199.96;959.968
23;"Electra Girl's Hawaii 1 (20-inch) - 2015/2016";"Electra";"Children Bicycles";2016;"Baldwin Bikes";"Baldwin";"NY";2016;3;"2016-03";4.0;1199.96;998.9667
23;"Electra Girl's Hawaii 1 (20-inch) - 2015/2016";"Electra";"Children Bicycles";2016;"Santa Cruz Bikes";"Santa Cruz";"CA";2016;3;"2016-03";2.0;599.98;557.9814
23;"Electra Girl's Hawaii 1 (20-inch) - 2015/2016";"Electra";"Children Bicycles";2016;"Santa Cruz Bikes";"Santa Cruz";"CA";2016;4;"2016-04";2.0;599.98;524.9825
23;"Electra Girl's Hawaii 1 (20-inch) - 2015/2016";"Electra";"Children Bicycles";2016;"Baldwin Bikes";"Baldwin";"NY";2016;4;"2016-04";1.0;299.99;278.9907
23;"Electra Girl's Hawaii 1 (20-inch) - 2015/2016";"Electra";"Children Bicycles";2016;"Baldwin Bikes";"Baldwin";"NY";2016;5;"2016-05";5.0;1499.95;1379.954
23;"Electra Girl's Hawaii 1 (20-inch) - 2015/2016";"Electra";"Children Bicycles";2016;"Baldwin Bikes";"Baldwin";"NY";2016;6;"2016-06";6.0;1799.94;1517.9494
23;"Electra Girl's Hawaii 1 (20-inch) - 2015/2016";"Electra";"Children Bicycles";2016;"Santa Cruz Bikes";"Santa Cruz";"CA";2016;6;"2016-06";2.0;599.98;539.982
23;"Electra Girl's Hawaii 1 (20-inch) - 2015/2016";"Electra";"Children Bicycles";2016;"Rowlett Bikes";"Rowlett";"TX";2016;7;"2016-07";2.0;599.98;518.9827
23;"Electra Girl's Hawaii 1 (20-inch) - 2015/2016";"Electra";"Children Bicycles";2016;"Baldwin Bikes";"Baldwin";"NY";2016;7;"2016-07";4.0;1199.96;1004.9665
23;"Electra Girl's Hawaii 1 (20-inch) - 2015/2016";"Electra";"Children Bicycles";2016;"Santa Cruz Bikes";"Santa Cruz";"CA";2016;7;"2016-07";2.0;599.98;569.981
23;"Electra Girl's Hawaii 1 (20-inch) - 2015/2016";"Electra";"Children Bicycles";2016;"Rowlett Bikes";"Rowlett";"TX";2016;8;"2016-08";2.0;599.98;524.9825
23;"Electra Girl's Hawaii 1 (20-inch) - 2015/2016";"Electra";"Children Bicycles";2016;"Baldwin Bikes";"Baldwin";"NY";2016;8;"2016-08";6.0;1799.94;1628.9457
23;"Electra Girl's Hawaii 1 (20-inch) - 2015/2016";"Electra";"Children Bicycles";2016;"Santa Cruz Bikes";"Santa Cruz";"CA";2016;8;"2016-08";1.0;299.99;284.9905
23;"Electra Girl's Hawaii 1 (20-inch) - 2015/2016";"Electra";"Children Bicycles";2016;"Baldwin Bikes";"Baldwin";"NY";2016;9;"2016-09";9.0;2699.91;2372.9209
23;"Electra Girl's Hawaii 1 (20-inch) - 2015/2016";"Electra";"Children Bicycles";2016;"Santa Cruz Bikes";"Santa Cruz";"CA";2016;9;"2016-09";2.0;599.98;479.984
23;"Electra Girl's Hawaii 1 (20-inch) - 2015/2016";"Electra";"Children Bicycles";2016;"Rowlett Bikes";"Rowlett";"TX";2016;9;"2016-09";1.0;299.99;278.9907
23;"Electra Girl's Hawaii 1 (20-inch) - 2015/2016";"Electra";"Children Bicycles";2016;"Santa Cruz Bikes";"Santa Cruz";"CA";2016;10;"2016-10";2.0;599.98;557.9814
23;"Electra Girl's Hawaii 1 (20-inch) - 2015/2016";"Electra";"Children Bicycles";2016;"Baldwin Bikes";"Baldwin";"NY";2016;10;"2016-10";14.0;4199.86;3821.8726
23;"Electra Girl's Hawaii 1 (20-inch) - 2015/2016";"Electra";"Children Bicycles";2016;"Baldwin Bikes";"Baldwin";"NY";2016;11;"2016-11";4.0;1199.96;1064.9645
23;"Electra Girl's Hawaii 1 (20-inch) - 2015/2016";"Electra";"Children Bicycles";2016;"Santa Cruz Bikes";"Santa Cruz";"CA";2016;11;"2016-11";2.0;599.98;557.9814
23;"Electra Girl's Hawaii 1 (20-inch) - 2015/2016";"Electra";"Children Bicycles";2016;"Baldwin Bikes";"Baldwin";"NY";2016;12;"2016-12";5.0;1499.95;1277.9574
23;"Electra Girl's Hawaii 1 (20-inch) - 2015/2016";"Electra";"Children Bicycles";2016;"Santa Cruz Bikes";"Santa Cruz";"CA";2016;12;"2016-12";7.0;2099.93;1904.9365
23;"Electra Girl's Hawaii 1 (20-inch) - 2015/2016";"Electra";"Children Bicycles";2016;"Rowlett Bikes";"Rowlett";"TX";2016;12;"2016-12";1.0;299.99;284.9905
23;"Electra Girl's Hawaii 1 (20-inch) - 2015/2016";"Electra";"Children Bicycles";2016;"Rowlett Bikes";"Rowlett";"TX";2017;1;"2017-01";1.0;299.99;269.991
23;"Electra Girl's Hawaii 1 (20-inch) - 2015/2016";"Electra";"Children Bicycles";2016;"Baldwin Bikes";"Baldwin";"NY";2017;2;"2017-02";3.0;899.97;854.9715
23;"Electra Girl's Hawaii 1 (20-inch) - 2015/2016";"Electra";"Children Bicycles";2016;"Santa Cruz Bikes";"Santa Cruz";"CA";2017;2;"2017-02";2.0;599.98;569.981
23;"Electra Girl's Hawaii 1 (20-inch) - 2015/2016";"Electra";"Children Bicycles";2016;"Santa Cruz Bikes";"Santa Cruz";"CA";2017;3;"2017-03";1.0;299.99;269.991
23;"Electra Girl's Hawaii 1 (20-inch) - 2015/2016";"Electra";"Children Bicycles";2016;"Santa Cruz Bikes";"Santa Cruz";"CA";2017;4;"2017-04";1.0;299.99;278.9907
23;"Electra Girl's Hawaii 1 (20-inch) - 2015/2016";"Electra";"Children Bicycles";2016;"Baldwin Bikes";"Baldwin";"NY";2017;4;"2017-04";2.0;599.98;557.9814
23;"Electra Girl's Hawaii 1 (20-inch) - 2015/2016";"Electra";"Children Bicycles";2016;"Baldwin Bikes";"Baldwin";"NY";2017;5;"2017-05";3.0;899.97;749.975
23;"Electra Girl's Hawaii 1 (20-inch) - 2015/2016";"Electra";"Children Bicycles";2016;"Baldwin Bikes";"Baldwin";"NY";2017;6;"2017-06";5.0;1499.95;1277.9574
23;"Electra Girl's Hawaii 1 (20-inch) - 2015/2016";"Electra";"Children Bicycles";2016;"Baldwin Bikes";"Baldwin";"NY";2017;7;"2017-07";2.0;599.98;557.9814
23;"Electra Girl's Hawaii 1 (20-inch) - 2015/2016";"Electra";"Children Bicycles";2016;"Baldwin Bikes";"Baldwin";"NY";2017;8;"2017-08";3.0;899.97;749.975
23;"Electra Girl's Hawaii 1 (20-inch) - 2015/2016";"Electra";"Children Bicycles";2016;"Baldwin Bikes";"Baldwin";"NY";2017;9;"2017-09";2.0;599.98;539.982
23;"Electra Girl's Hawaii 1 (20-inch) - 2015/2016";"Electra";"Children Bicycles";2016;"Baldwin Bikes";"Baldwin";"NY";2017;10;"2017-10";3.0;899.97;818.9727
23;"Electra Girl's Hawaii 1 (20-inch) - 2015/2016";"Electra";"Children Bicycles";2016;"Santa Cruz Bikes";"Santa Cruz";"CA";2017;11;"2017-11";1.0;299.99;269.991
23;"Electra Girl's Hawaii 1 (20-inch) - 2015/2016";"Electra";"Children Bicycles";2016;"Baldwin Bikes";"Baldwin";"NY";2017;11;"2017-11";2.0;599.98;569.981
23;"Electra Girl's Hawaii 1 (20-inch) - 2015/2016";"Electra";"Children Bicycles";2016;"Baldwin Bikes";"Baldwin";"NY";2018;2;"2018-02";2.0;599.98;479.984
23;"Electra Girl's Hawaii 1 (20-inch) - 2015/2016";"Electra";"Children Bicycles";2016;"Rowlett Bikes";"Rowlett";"TX";2018;4;"2018-04";1.0;299.99;284.9905
23;"Electra Girl's Hawaii 1 (20-inch) - 2015/2016";"Electra";"Children Bicycles";2016;"Santa Cruz Bikes";"Santa Cruz";"CA";2018;4;"2018-04";1.0;299.99;278.9907
95;"Electra Girl's Hawaii 1 16"" - 2017""";"Electra";"Children Bicycles";2017;"Santa Cruz Bikes";"Santa Cruz";"CA";2017;1;"2017-01";3.0;899.97;764.9745
95;"Electra Girl's Hawaii 1 16"" - 2017""";"Electra";"Children Bicycles";2017;"Baldwin Bikes";"Baldwin";"NY";2017;1;"2017-01";1.0;299.99;269.991
95;"Electra Girl's Hawaii 1 16"" - 2017""";"Electra";"Children Bicycles";2017;"Santa Cruz Bikes";"Santa Cruz";"CA";2017;2;"2017-02";1.0;299.99;278.9907
95;"Electra Girl's Hawaii 1 16"" - 2017""";"Electra";"Children Bicycles";2017;"Baldwin Bikes";"Baldwin";"NY";2017;2;"2017-02";2.0;599.98;479.984
95;"Electra Girl's Hawaii 1 16"" - 2017""";"Electra";"Children Bicycles";2017;"Baldwin Bikes";"Baldwin";"NY";2017;3;"2017-03";10.0;2999.9;2828.9057
95;"Electra Girl's Hawaii 1 16"" - 2017""";"Electra";"Children Bicycles";2017;"Santa Cruz Bikes";"Santa Cruz";"CA";2017;3;"2017-03";2.0;599.98;569.981
95;"Electra Girl's Hawaii 1 16"" - 2017""";"Electra";"Children Bicycles";2017;"Baldwin Bikes";"Baldwin";"NY";2017;4;"2017-04";2.0;599.98;569.981
95;"Electra Girl's Hawaii 1 16"" - 2017""";"Electra";"Children Bicycles";2017;"Baldwin Bikes";"Baldwin";"NY";2017;5;"2017-05";1.0;299.99;269.991
95;"Electra Girl's Hawaii 1 16"" - 2017""";"Electra";"Children Bicycles";2017;"Rowlett Bikes";"Rowlett";"TX";2017;6;"2017-06";2.0;599.98;569.981
95;"Electra Girl's Hawaii 1 16"" - 2017""";"Electra";"Children Bicycles";2017;"Baldwin Bikes";"Baldwin";"NY";2017;7;"2017-07";3.0;899.97;818.9727
95;"Electra Girl's Hawaii 1 16"" - 2017""";"Electra";"Children Bicycles";2017;"Rowlett Bikes";"Rowlett";"TX";2017;7;"2017-07";2.0;599.98;557.9814
95;"Electra Girl's Hawaii 1 16"" - 2017""";"Electra";"Children Bicycles";2017;"Baldwin Bikes";"Baldwin";"NY";2017;8;"2017-08";1.0;299.99;269.991
95;"Electra Girl's Hawaii 1 16"" - 2017""";"Electra";"Children Bicycles";2017;"Baldwin Bikes";"Baldwin";"NY";2017;9;"2017-09";1.0;299.99;284.9905
95;"Electra Girl's Hawaii 1 16"" - 2017""";"Electra";"Children Bicycles";2017;"Santa Cruz Bikes";"Santa Cruz";"CA";2017;10;"2017-10";2.0;599.98;539.982
95;"Electra Girl's Hawaii 1 16"" - 2017""";"Electra";"Children Bicycles";2017;"Baldwin Bikes";"Baldwin";"NY";2017;10;"2017-10";2.0;599.98;518.9827
95;"Electra Girl's Hawaii 1 16"" - 2017""";"Electra";"Children Bicycles";2017;"Santa Cruz Bikes";"Santa Cruz";"CA";2017;11;"2017-11";2.0;599.98;479.984
95;"Electra Girl's Hawaii 1 16"" - 2017""";"Electra";"Children Bicycles";2017;"Baldwin Bikes";"Baldwin";"NY";2017;11;"2017-11";3.0;899.97;842.9719
95;"Electra Girl's Hawaii 1 16"" - 2017""";"Electra";"Children Bicycles";2017;"Santa Cruz Bikes";"Santa Cruz";"CA";2017;12;"2017-12";2.0;599.98;569.981
95;"Electra Girl's Hawaii 1 16"" - 2017""";"Electra";"Children Bicycles";2017;"Santa Cruz Bikes";"Santa Cruz";"CA";2018;4;"2018-04";5.0;1499.95;1298.9567
96;"Electra Moto 3i (20-inch) - Boy's - 2017";"Electra";"Children Bicycles";2017;"Baldwin Bikes";"Baldwin";"NY";2017;1;"2017-01";2.0;699.98;559.984
96;"Electra Moto 3i (20-inch) - Boy's - 2017";"Electra";"Children Bicycles";2017;"Rowlett Bikes";"Rowlett";"TX";2017;2;"2017-02";1.0;349.99;325.4907
96;"Electra Moto 3i (20-inch) - Boy's - 2017";"Electra";"Children Bicycles";2017;"Baldwin Bikes";"Baldwin";"NY";2017;2;"2017-02";2.0;699.98;650.9814
96;"Electra Moto 3i (20-inch) - Boy's - 2017";"Electra";"Children Bicycles";2017;"Baldwin Bikes";"Baldwin";"NY";2017;3;"2017-03";2.0;699.98;664.981
96;"Electra Moto 3i (20-inch) - Boy's - 2017";"Electra";"Children Bicycles";2017;"Rowlett Bikes";"Rowlett";"TX";2017;4;"2017-04";2.0;699.98;629.982
96;"Electra Moto 3i (20-inch) - Boy's - 2017";"Electra";"Children Bicycles";2017;"Baldwin Bikes";"Baldwin";"NY";2017;4;"2017-04";2.0;699.98;559.984
96;"Electra Moto 3i (20-inch) - Boy's - 2017";"Electra";"Children Bicycles";2017;"Baldwin Bikes";"Baldwin";"NY";2017;5;"2017-05";1.0;349.99;325.4907
96;"Electra Moto 3i (20-inch) - Boy's - 2017";"Electra";"Children Bicycles";2017;"Santa Cruz Bikes";"Santa Cruz";"CA";2017;5;"2017-05";1.0;349.99;332.4905
96;"Electra Moto 3i (20-inch) - Boy's - 2017";"Electra";"Children Bicycles";2017;"Baldwin Bikes";"Baldwin";"NY";2017;6;"2017-06";1.0;349.99;332.4905
96;"Electra Moto 3i (20-inch) - Boy's - 2017";"Electra";"Children Bicycles";2017;"Baldwin Bikes";"Baldwin";"NY";2017;7;"2017-07";3.0;1049.97;909.974
96;"Electra Moto 3i (20-inch) - Boy's - 2017";"Electra";"Children Bicycles";2017;"Santa Cruz Bikes";"Santa Cruz";"CA";2017;8;"2017-08";2.0;699.98;650.9814
96;"Electra Moto 3i (20-inch) - Boy's - 2017";"Electra";"Children Bicycles";2017;"Baldwin Bikes";"Baldwin";"NY";2017;9;"2017-09";3.0;1049.97;965.9724
96;"Electra Moto 3i (20-inch) - Boy's - 2017";"Electra";"Children Bicycles";2017;"Baldwin Bikes";"Baldwin";"NY";2017;12;"2017-12";1.0;349.99;314.991
96;"Electra Moto 3i (20-inch) - Boy's - 2017";"Electra";"Children Bicycles";2017;"Santa Cruz Bikes";"Santa Cruz";"CA";2017;12;"2017-12";2.0;699.98;650.9814
96;"Electra Moto 3i (20-inch) - Boy's - 2017";"Electra";"Children Bicycles";2017;"Santa Cruz Bikes";"Santa Cruz";"CA";2018;2;"2018-02";2.0;699.98;650.9814
96;"Electra Moto 3i (20-inch) - Boy's - 2017";"Electra";"Children Bicycles";2017;"Santa Cruz Bikes";"Santa Cruz";"CA";2018;4;"2018-04";2.0;699.98;559.984
96;"Electra Moto 3i (20-inch) - Boy's - 2017";"Electra";"Children Bicycles";2017;"Baldwin Bikes";"Baldwin";"NY";2018;4;"2018-04";1.0;349.99;314.991
96;"Electra Moto 3i (20-inch) - Boy's - 2017";"Electra";"Children Bicycles";2017;"Baldwin Bikes";"Baldwin";"NY";2018;8;"2018-08";1.0;349.99;279.992
97;"Electra Savannah 3i (20-inch) - Girl's - 2017";"Electra";"Children Bicycles";2017;"Santa Cruz Bikes";"Santa Cruz";"CA";2017;1;"2017-01";2.0;699.98;629.982
97;"Electra Savannah 3i (20-inch) - Girl's - 2017";"Electra";"Children Bicycles";2017;"Baldwin Bikes";"Baldwin";"NY";2017;1;"2017-01";2.0;699.98;650.9814
97;"Electra Savannah 3i (20-inch) - Girl's - 2017";"Electra";"Children Bicycles";2017;"Rowlett Bikes";"Rowlett";"TX";2017;2;"2017-02";2.0;699.98;629.982
97;"Electra Savannah 3i (20-inch) - Girl's - 2017";"Electra";"Children Bicycles";2017;"Baldwin Bikes";"Baldwin";"NY";2017;3;"2017-03";1.0;349.99;279.992
97;"Electra Savannah 3i (20-inch) - Girl's - 2017";"Electra";"Children Bicycles";2017;"Baldwin Bikes";"Baldwin";"NY";2017;4;"2017-04";1.0;349.99;314.991
97;"Electra Savannah 3i (20-inch) - Girl's - 2017";"Electra";"Children Bicycles";2017;"Rowlett Bikes";"Rowlett";"TX";2017;6;"2017-06";2.0;699.98;559.984
97;"Electra Savannah 3i (20-inch) - Girl's - 2017";"Electra";"Children Bicycles";2017;"Baldwin Bikes";"Baldwin";"NY";2017;6;"2017-06";1.0;349.99;325.4907
97;"Electra Savannah 3i (20-inch) - Girl's - 2017";"Electra";"Children Bicycles";2017;"Baldwin Bikes";"Baldwin";"NY";2017;7;"2017-07";3.0;1049.97;909.974
97;"Electra Savannah 3i (20-inch) - Girl's - 2017";"Electra";"Children Bicycles";2017;"Santa Cruz Bikes";"Santa Cruz";"CA";2017;8;"2017-08";1.0;349.99;314.991
97;"Electra Savannah 3i (20-inch) - Girl's - 2017";"Electra";"Children Bicycles";2017;"Baldwin Bikes";"Baldwin";"NY";2017;8;"2017-08";4.0;1399.96;1294.963
97;"Electra Savannah 3i (20-inch) - Girl's - 2017";"Electra";"Children Bicycles";2017;"Baldwin Bikes";"Baldwin";"NY";2017;9;"2017-09";3.0;1049.97;874.975
97;"Electra Savannah 3i (20-inch) - Girl's - 2017";"Electra";"Children Bicycles";2017;"Baldwin Bikes";"Baldwin";"NY";2017;10;"2017-10";3.0;1049.97;983.4719
97;"Electra Savannah 3i (20-inch) - Girl's - 2017";"Electra";"Children Bicycles";2017;"Rowlett Bikes";"Rowlett";"TX";2017;11;"2017-11";1.0;349.99;279.992
97;"Electra Savannah 3i (20-inch) - Girl's - 2017";"Electra";"Children Bicycles";2017;"Baldwin Bikes";"Baldwin";"NY";2018;2;"2018-02";1.0;349.99;332.4905
97;"Electra Savannah 3i (20-inch) - Girl's - 2017";"Electra";"Children Bicycles";2017;"Baldwin Bikes";"Baldwin";"NY";2018;4;"2018-04";4.0;1399.96;1224.965
97;"Electra Savannah 3i (20-inch) - Girl's - 2017";"Electra";"Children Bicycles";2017;"Santa Cruz Bikes";"Santa Cruz";"CA";2018;4;"2018-04";2.0;699.98;650.9814
98;"Electra Straight 8 3i (20-inch) - Boy's - 2017";"Electra";"Children Bicycles";2017;"Baldwin Bikes";"Baldwin";"NY";2017;1;"2017-01";4.0;1959.96;1567.968
98;"Electra Straight 8 3i (20-inch) - Boy's - 2017";"Electra";"Children Bicycles";2017;"Rowlett Bikes";"Rowlett";"TX";2017;5;"2017-05";1.0;489.99;455.6907
98;"Electra Straight 8 3i (20-inch) - Boy's - 2017";"Electra";"Children Bicycles";2017;"Baldwin Bikes";"Baldwin";"NY";2017;6;"2017-06";2.0;979.98;930.981
98;"Electra Straight 8 3i (20-inch) - Boy's - 2017";"Electra";"Children Bicycles";2017;"Baldwin Bikes";"Baldwin";"NY";2017;7;"2017-07";2.0;979.98;783.984
98;"Electra Straight 8 3i (20-inch) - Boy's - 2017";"Electra";"Children Bicycles";2017;"Baldwin Bikes";"Baldwin";"NY";2017;8;"2017-08";4.0;1959.96;1842.3624
98;"Electra Straight 8 3i (20-inch) - Boy's - 2017";"Electra";"Children Bicycles";2017;"Santa Cruz Bikes";"Santa Cruz";"CA";2017;8;"2017-08";2.0;979.98;783.984
98;"Electra Straight 8 3i (20-inch) - Boy's - 2017";"Electra";"Children Bicycles";2017;"Baldwin Bikes";"Baldwin";"NY";2017;9;"2017-09";2.0;979.98;911.3814
98;"Electra Straight 8 3i (20-inch) - Boy's - 2017";"Electra";"Children Bicycles";2017;"Baldwin Bikes";"Baldwin";"NY";2017;10;"2017-10";1.0;489.99;440.991
98;"Electra Straight 8 3i (20-inch) - Boy's - 2017";"Electra";"Children Bicycles";2017;"Baldwin Bikes";"Baldwin";"NY";2018;3;"2018-03";1.0;489.99;455.6907
98;"Electra Straight 8 3i (20-inch) - Boy's - 2017";"Electra";"Children Bicycles";2017;"Baldwin Bikes";"Baldwin";"NY";2018;4;"2018-04";1.0;489.99;465.4905
99;"Electra Sugar Skulls 1 (20-inch) - Girl's - 2017";"Electra";"Children Bicycles";2017;"Baldwin Bikes";"Baldwin";"NY";2017;1;"2017-01";3.0;899.97;788.9737
99;"Electra Sugar Skulls 1 (20-inch) - Girl's - 2017";"Electra";"Children Bicycles";2017;"Santa Cruz Bikes";"Santa Cruz";"CA";2017;3;"2017-03";1.0;299.99;269.991
99;"Electra Sugar Skulls 1 (20-inch) - Girl's - 2017";"Electra";"Children Bicycles";2017;"Rowlett Bikes";"Rowlett";"TX";2017;3;"2017-03";1.0;299.99;269.991
99;"Electra Sugar Skulls 1 (20-inch) - Girl's - 2017";"Electra";"Children Bicycles";2017;"Baldwin Bikes";"Baldwin";"NY";2017;3;"2017-03";3.0;899.97;848.9717
99;"Electra Sugar Skulls 1 (20-inch) - Girl's - 2017";"Electra";"Children Bicycles";2017;"Rowlett Bikes";"Rowlett";"TX";2017;4;"2017-04";2.0;599.98;524.9825
99;"Electra Sugar Skulls 1 (20-inch) - Girl's - 2017";"Electra";"Children Bicycles";2017;"Baldwin Bikes";"Baldwin";"NY";2017;7;"2017-07";2.0;599.98;554.9815
99;"Electra Sugar Skulls 1 (20-inch) - Girl's - 2017";"Electra";"Children Bicycles";2017;"Santa Cruz Bikes";"Santa Cruz";"CA";2017;7;"2017-07";4.0;1199.96;1037.9654
99;"Electra Sugar Skulls 1 (20-inch) - Girl's - 2017";"Electra";"Children Bicycles";2017;"Santa Cruz Bikes";"Santa Cruz";"CA";2017;8;"2017-08";2.0;599.98;539.982
99;"Electra Sugar Skulls 1 (20-inch) - Girl's - 2017";"Electra";"Children Bicycles";2017;"Baldwin Bikes";"Baldwin";"NY";2017;8;"2017-08";1.0;299.99;284.9905
99;"Electra Sugar Skulls 1 (20-inch) - Girl's - 2017";"Electra";"Children Bicycles";2017;"Santa Cruz Bikes";"Santa Cruz";"CA";2017;9;"2017-09";1.0;299.99;239.992
99;"Electra Sugar Skulls 1 (20-inch) - Girl's - 2017";"Electra";"Children Bicycles";2017;"Baldwin Bikes";"Baldwin";"NY";2017;11;"2017-11";4.0;1199.96;1049.965
99;"Electra Sugar Skulls 1 (20-inch) - Girl's - 2017";"Electra";"Children Bicycles";2017;"Baldwin Bikes";"Baldwin";"NY";2017;12;"2017-12";2.0;599.98;569.981
99;"Electra Sugar Skulls 1 (20-inch) - Girl's - 2017";"Electra";"Children Bicycles";2017;"Santa Cruz Bikes";"Santa Cruz";"CA";2017;12;"2017-12";2.0;599.98;479.984
99;"Electra Sugar Skulls 1 (20-inch) - Girl's - 2017";"Electra";"Children Bicycles";2017;"Rowlett Bikes";"Rowlett";"TX";2018;1;"2018-01";2.0;599.98;539.982
99;"Electra Sugar Skulls 1 (20-inch) - Girl's - 2017";"Electra";"Children Bicycles";2017;"Baldwin Bikes";"Baldwin";"NY";2018;1;"2018-01";1.0;299.99;284.9905
99;"Electra Sugar Skulls 1 (20-inch) - Girl's - 2017";"Electra";"Children Bicycles";2017;"Santa Cruz Bikes";"Santa Cruz";"CA";2018;3;"2018-03";2.0;599.98;539.982
99;"Electra Sugar Skulls 1 (20-inch) - Girl's - 2017";"Electra";"Children Bicycles";2017;"Santa Cruz Bikes";"Santa Cruz";"CA";2018;4;"2018-04";1.0;299.99;269.991
100;"Electra Townie 3i EQ (20-inch) - Boys' - 2017";"Electra";"Children Bicycles";2017;"Baldwin Bikes";"Baldwin";"NY";2017;2;"2017-02";4.0;1959.96;1759.0641
100;"Electra Townie 3i EQ (20-inch) - Boys' - 2017";"Electra";"Children Bicycles";2017;"Baldwin Bikes";"Baldwin";"NY";2017;3;"2017-03";2.0;979.98;783.984
100;"Electra Townie 3i EQ (20-inch) - Boys' - 2017";"Electra";"Children Bicycles";2017;"Rowlett Bikes";"Rowlett";"TX";2017;4;"2017-04";1.0;489.99;391.992
100;"Electra Townie 3i EQ (20-inch) - Boys' - 2017";"Electra";"Children Bicycles";2017;"Baldwin Bikes";"Baldwin";"NY";2017;4;"2017-04";8.0;3919.92;3508.3284
100;"Electra Townie 3i EQ (20-inch) - Boys' - 2017";"Electra";"Children Bicycles";2017;"Baldwin Bikes";"Baldwin";"NY";2017;5;"2017-05";2.0;979.98;783.984
100;"Electra Townie 3i EQ (20-inch) - Boys' - 2017";"Electra";"Children Bicycles";2017;"Baldwin Bikes";"Baldwin";"NY";2017;6;"2017-06";2.0;979.98;857.4825
100;"Electra Townie 3i EQ (20-inch) - Boys' - 2017";"Electra";"Children Bicycles";2017;"Santa Cruz Bikes";"Santa Cruz";"CA";2017;7;"2017-07";1.0;489.99;465.4905
100;"Electra Townie 3i EQ (20-inch) - Boys' - 2017";"Electra";"Children Bicycles";2017;"Baldwin Bikes";"Baldwin";"NY";2017;7;"2017-07";1.0;489.99;391.992
100;"Electra Townie 3i EQ (20-inch) - Boys' - 2017";"Electra";"Children Bicycles";2017;"Rowlett Bikes";"Rowlett";"TX";2017;8;"2017-08";2.0;979.98;911.3814
100;"Electra Townie 3i EQ (20-inch) - Boys' - 2017";"Electra";"Children Bicycles";2017;"Santa Cruz Bikes";"Santa Cruz";"CA";2017;9;"2017-09";3.0;1469.97;1386.6717
100;"Electra Townie 3i EQ (20-inch) - Boys' - 2017";"Electra";"Children Bicycles";2017;"Baldwin Bikes";"Baldwin";"NY";2017;10;"2017-10";2.0;979.98;921.1812
100;"Electra Townie 3i EQ (20-inch) - Boys' - 2017";"Electra";"Children Bicycles";2017;"Baldwin Bikes";"Baldwin";"NY";2017;11;"2017-11";2.0;979.98;906.4815
100;"Electra Townie 3i EQ (20-inch) - Boys' - 2017";"Electra";"Children Bicycles";2017;"Santa Cruz Bikes";"Santa Cruz";"CA";2017;11;"2017-11";1.0;489.99;455.6907
100;"Electra Townie 3i EQ (20-inch) - Boys' - 2017";"Electra";"Children Bicycles";2017;"Santa Cruz Bikes";"Santa Cruz";"CA";2017;12;"2017-12";2.0;979.98;930.981
100;"Electra Townie 3i EQ (20-inch) - Boys' - 2017";"Electra";"Children Bicycles";2017;"Baldwin Bikes";"Baldwin";"NY";2018;1;"2018-01";1.0;489.99;465.4905
100;"Electra Townie 3i EQ (20-inch) - Boys' - 2017";"Electra";"Children Bicycles";2017;"Rowlett Bikes";"Rowlett";"TX";2018;3;"2018-03";2.0;979.98;930.981
100;"Electra Townie 3i EQ (20-inch) - Boys' - 2017";"Electra";"Children Bicycles";2017;"Baldwin Bikes";"Baldwin";"NY";2018;3;"2018-03";2.0;979.98;881.982
100;"Electra Townie 3i EQ (20-inch) - Boys' - 2017";"Electra";"Children Bicycles";2017;"Santa Cruz Bikes";"Santa Cruz";"CA";2018;4;"2018-04";1.0;489.99;391.992
101;"Electra Townie 7D (20-inch) - Boys' - 2017";"Electra";"Children Bicycles";2017;"Baldwin Bikes";"Baldwin";"NY";2017;1;"2017-01";2.0;679.98;543.984
101;"Electra Townie 7D (20-inch) - Boys' - 2017";"Electra";"Children Bicycles";2017;"Baldwin Bikes";"Baldwin";"NY";2017;2;"2017-02";4.0;1359.96;1244.3634
101;"Electra Townie 7D (20-inch) - Boys' - 2017";"Electra";"Children Bicycles";2017;"Baldwin Bikes";"Baldwin";"NY";2017;3;"2017-03";1.0;339.99;322.9905
101;"Electra Townie 7D (20-inch) - Boys' - 2017";"Electra";"Children Bicycles";2017;"Santa Cruz Bikes";"Santa Cruz";"CA";2017;3;"2017-03";1.0;339.99;316.1907
101;"Electra Townie 7D (20-inch) - Boys' - 2017";"Electra";"Children Bicycles";2017;"Santa Cruz Bikes";"Santa Cruz";"CA";2017;4;"2017-04";2.0;679.98;632.3814
101;"Electra Townie 7D (20-inch) - Boys' - 2017";"Electra";"Children Bicycles";2017;"Santa Cruz Bikes";"Santa Cruz";"CA";2017;5;"2017-05";2.0;679.98;645.981
101;"Electra Townie 7D (20-inch) - Boys' - 2017";"Electra";"Children Bicycles";2017;"Baldwin Bikes";"Baldwin";"NY";2017;5;"2017-05";2.0;679.98;543.984
101;"Electra Townie 7D (20-inch) - Boys' - 2017";"Electra";"Children Bicycles";2017;"Baldwin Bikes";"Baldwin";"NY";2017;6;"2017-06";1.0;339.99;271.992
101;"Electra Townie 7D (20-inch) - Boys' - 2017";"Electra";"Children Bicycles";2017;"Baldwin Bikes";"Baldwin";"NY";2017;7;"2017-07";5.0;1699.95;1461.957
101;"Electra Townie 7D (20-inch) - Boys' - 2017";"Electra";"Children Bicycles";2017;"Santa Cruz Bikes";"Santa Cruz";"CA";2017;7;"2017-07";1.0;339.99;305.991
101;"Electra Townie 7D (20-inch) - Boys' - 2017";"Electra";"Children Bicycles";2017;"Baldwin Bikes";"Baldwin";"NY";2017;8;"2017-08";2.0;679.98;543.984
101;"Electra Townie 7D (20-inch) - Boys' - 2017";"Electra";"Children Bicycles";2017;"Baldwin Bikes";"Baldwin";"NY";2017;9;"2017-09";2.0;679.98;645.981
101;"Electra Townie 7D (20-inch) - Boys' - 2017";"Electra";"Children Bicycles";2017;"Baldwin Bikes";"Baldwin";"NY";2017;11;"2017-11";3.0;1019.97;894.1737
101;"Electra Townie 7D (20-inch) - Boys' - 2017";"Electra";"Children Bicycles";2017;"Baldwin Bikes";"Baldwin";"NY";2017;12;"2017-12";3.0;1019.97;948.5721
101;"Electra Townie 7D (20-inch) - Boys' - 2017";"Electra";"Children Bicycles";2017;"Santa Cruz Bikes";"Santa Cruz";"CA";2017;12;"2017-12";1.0;339.99;322.9905
101;"Electra Townie 7D (20-inch) - Boys' - 2017";"Electra";"Children Bicycles";2017;"Baldwin Bikes";"Baldwin";"NY";2018;3;"2018-03";4.0;1359.96;1257.963
101;"Electra Townie 7D (20-inch) - Boys' - 2017";"Electra";"Children Bicycles";2017;"Baldwin Bikes";"Baldwin";"NY";2018;4;"2018-04";2.0;679.98;632.3814
101;"Electra Townie 7D (20-inch) - Boys' - 2017";"Electra";"Children Bicycles";2017;"Santa Cruz Bikes";"Santa Cruz";"CA";2018;10;"2018-10";2.0;679.98;543.984
281;"Electra Cruiser 7D (24-Inch) Ladies' - 2016/2018";"Electra";"Children Bicycles";2018;"Baldwin Bikes";"Baldwin";"NY";2018;3;"2018-03";2.0;639.98;595.1814
281;"Electra Cruiser 7D (24-Inch) Ladies' - 2016/2018";"Electra";"Children Bicycles";2018;"Baldwin Bikes";"Baldwin";"NY";2018;4;"2018-04";1.0;319.99;297.5907
282;"Electra Cyclosaurus 1 (16-inch) - Boy's - 2018";"Electra";"Children Bicycles";2018;"Baldwin Bikes";"Baldwin";"NY";2018;1;"2018-01";3.0;839.97;755.973
282;"Electra Cyclosaurus 1 (16-inch) - Boy's - 2018";"Electra";"Children Bicycles";2018;"Rowlett Bikes";"Rowlett";"TX";2018;1;"2018-01";1.0;279.99;265.9905
282;"Electra Cyclosaurus 1 (16-inch) - Boy's - 2018";"Electra";"Children Bicycles";2018;"Santa Cruz Bikes";"Santa Cruz";"CA";2018;4;"2018-04";2.0;559.98;447.984
282;"Electra Cyclosaurus 1 (16-inch) - Boy's - 2018";"Electra";"Children Bicycles";2018;"Baldwin Bikes";"Baldwin";"NY";2018;4;"2018-04";2.0;559.98;531.981
283;"Electra Heartchya 1 (20-inch) - Girl's - 2018";"Electra";"Children Bicycles";2018;"Santa Cruz Bikes";"Santa Cruz";"CA";2018;1;"2018-01";2.0;639.98;511.984
283;"Electra Heartchya 1 (20-inch) - Girl's - 2018";"Electra";"Children Bicycles";2018;"Baldwin Bikes";"Baldwin";"NY";2018;1;"2018-01";2.0;639.98;511.984
283;"Electra Heartchya 1 (20-inch) - Girl's - 2018";"Electra";"Children Bicycles";2018;"Baldwin Bikes";"Baldwin";"NY";2018;3;"2018-03";1.0;319.99;297.5907
283;"Electra Heartchya 1 (20-inch) - Girl's - 2018";"Electra";"Children Bicycles";2018;"Baldwin Bikes";"Baldwin";"NY";2018;11;"2018-11";2.0;639.98;607.981
285;"Electra Soft Serve 1 (16-inch) - Girl's - 2018";"Electra";"Children Bicycles";2018;"Santa Cruz Bikes";"Santa Cruz";"CA";2018;4;"2018-04";1.0;279.99;223.992
286;"Electra Starship 1 16"" - 2018""";"Electra";"Children Bicycles";2018;"Baldwin Bikes";"Baldwin";"NY";2018;3;"2018-03";2.0;559.98;503.982
286;"Electra Starship 1 16"" - 2018""";"Electra";"Children Bicycles";2018;"Santa Cruz Bikes";"Santa Cruz";"CA";2018;4;"2018-04";3.0;839.97;708.3747
287;"Electra Straight 8 1 (16-inch) - Boy's - 2018";"Electra";"Children Bicycles";2018;"Baldwin Bikes";"Baldwin";"NY";2018;3;"2018-03";1.0;279.99;265.9905
288;"Electra Straight 8 1 (20-inch) - Boy's - 2018";"Electra";"Children Bicycles";2018;"Baldwin Bikes";"Baldwin";"NY";2018;4;"2018-04";1.0;389.99;362.6907
289;"Electra Superbolt 1 20"" - 2018""";"Electra";"Children Bicycles";2018;"Santa Cruz Bikes";"Santa Cruz";"CA";2018;10;"2018-10";2.0;639.98;607.981
290;"Electra Superbolt 3i 20"" - 2018""";"Electra";"Children Bicycles";2018;"Baldwin Bikes";"Baldwin";"NY";2018;1;"2018-01";1.0;369.99;351.4905
292;"Electra Sweet Ride 3i (20-inch) - Girls' - 2018";"Electra";"Children Bicycles";2018;"Santa Cruz Bikes";"Santa Cruz";"CA";2018;2;"2018-02";1.0;369.99;295.992
292;"Electra Sweet Ride 3i (20-inch) - Girls' - 2018";"Electra";"Children Bicycles";2018;"Baldwin Bikes";"Baldwin";"NY";2018;3;"2018-03";2.0;739.98;702.981
292;"Electra Sweet Ride 3i (20-inch) - Girls' - 2018";"Electra";"Children Bicycles";2018;"Baldwin Bikes";"Baldwin";"NY";2018;4;"2018-04";2.0;739.98;702.981
293;"Electra Tiger Shark 1 (20-inch) - Boys' - 2018";"Electra";"Children Bicycles";2018;"Santa Cruz Bikes";"Santa Cruz";"CA";2018;4;"2018-04";1.0;319.99;297.5907
293;"Electra Tiger Shark 1 (20-inch) - Boys' - 2018";"Electra";"Children Bicycles";2018;"Baldwin Bikes";"Baldwin";"NY";2018;4;"2018-04";3.0;959.97;911.9715
293;"Electra Tiger Shark 1 (20-inch) - Boys' - 2018";"Electra";"Children Bicycles";2018;"Santa Cruz Bikes";"Santa Cruz";"CA";2018;10;"2018-10";2.0;639.98;595.1814
294;"Electra Tiger Shark 3i (20-inch) - Boys' - 2018";"Electra";"Children Bicycles";2018;"Baldwin Bikes";"Baldwin";"NY";2018;3;"2018-03";1.0;369.99;332.991
295;"Electra Treasure 1 20"" - 2018""";"Electra";"Children Bicycles";2018;"Baldwin Bikes";"Baldwin";"NY";2018;2;"2018-02";2.0;639.98;511.984
295;"Electra Treasure 1 20"" - 2018""";"Electra";"Children Bicycles";2018;"Rowlett Bikes";"Rowlett";"TX";2018;3;"2018-03";2.0;639.98;607.981
295;"Electra Treasure 1 20"" - 2018""";"Electra";"Children Bicycles";2018;"Baldwin Bikes";"Baldwin";"NY";2018;4;"2018-04";5.0;1599.95;1411.1559
295;"Electra Treasure 1 20"" - 2018""";"Electra";"Children Bicycles";2018;"Santa Cruz Bikes";"Santa Cruz";"CA";2018;4;"2018-04";1.0;319.99;303.9905
296;"Electra Treasure 3i 20"" - 2018""";"Electra";"Children Bicycles";2018;"Baldwin Bikes";"Baldwin";"NY";2018;1;"2018-01";1.0;369.99;295.992
297;"Electra Under-The-Sea 1 16"" - 2018""";"Electra";"Children Bicycles";2018;"Baldwin Bikes";"Baldwin";"NY";2018;1;"2018-01";3.0;839.97;699.975
297;"Electra Under-The-Sea 1 16"" - 2018""";"Electra";"Children Bicycles";2018;"Rowlett Bikes";"Rowlett";"TX";2018;3;"2018-03";2.0;559.98;531.981
297;"Electra Under-The-Sea 1 16"" - 2018""";"Electra";"Children Bicycles";2018;"Baldwin Bikes";"Baldwin";"NY";2018;4;"2018-04";3.0;839.97;755.973
298;"Electra Water Lily 1 (16-inch) - Girl's - 2018";"Electra";"Children Bicycles";2018;"Baldwin Bikes";"Baldwin";"NY";2018;1;"2018-01";1.0;279.99;251.991
298;"Electra Water Lily 1 (16-inch) - Girl's - 2018";"Electra";"Children Bicycles";2018;"Baldwin Bikes";"Baldwin";"NY";2018;3;"2018-03";2.0;559.98;531.981
298;"Electra Water Lily 1 (16-inch) - Girl's - 2018";"Electra";"Children Bicycles";2018;"Baldwin Bikes";"Baldwin";"NY";2018;4;"2018-04";2.0;559.98;531.981
37;"Haro Flightline One ST - 2017";"Haro";"Mountain Bikes";2017;"Rowlett Bikes";"Rowlett";"TX";2017;1;"2017-01";2.0;759.98;706.7814
37;"Haro Flightline One ST - 2017";"Haro";"Mountain Bikes";2017;"Santa Cruz Bikes";"Santa Cruz";"CA";2017;4;"2017-04";1.0;379.99;353.3907
37;"Haro Flightline One ST - 2017";"Haro";"Mountain Bikes";2017;"Baldwin Bikes";"Baldwin";"NY";2017;4;"2017-04";1.0;379.99;341.991
37;"Haro Flightline One ST - 2017";"Haro";"Mountain Bikes";2017;"Santa Cruz Bikes";"Santa Cruz";"CA";2017;6;"2017-06";2.0;759.98;607.984
37;"Haro Flightline One ST - 2017";"Haro";"Mountain Bikes";2017;"Baldwin Bikes";"Baldwin";"NY";2017;7;"2017-07";3.0;1139.97;1044.9725
37;"Haro Flightline One ST - 2017";"Haro";"Mountain Bikes";2017;"Baldwin Bikes";"Baldwin";"NY";2017;8;"2017-08";1.0;379.99;341.991
37;"Haro Flightline One ST - 2017";"Haro";"Mountain Bikes";2017;"Baldwin Bikes";"Baldwin";"NY";2017;9;"2017-09";3.0;1139.97;987.974
37;"Haro Flightline One ST - 2017";"Haro";"Mountain Bikes";2017;"Santa Cruz Bikes";"Santa Cruz";"CA";2017;10;"2017-10";2.0;759.98;607.984
37;"Haro Flightline One ST - 2017";"Haro";"Mountain Bikes";2017;"Baldwin Bikes";"Baldwin";"NY";2017;10;"2017-10";6.0;2279.94;2021.5468
37;"Haro Flightline One ST - 2017";"Haro";"Mountain Bikes";2017;"Baldwin Bikes";"Baldwin";"NY";2017;11;"2017-11";3.0;1139.97;1037.3727
37;"Haro Flightline One ST - 2017";"Haro";"Mountain Bikes";2017;"Baldwin Bikes";"Baldwin";"NY";2018;4;"2018-04";6.0;2279.94;2025.3467
37;"Haro Flightline One ST - 2017";"Haro";"Mountain Bikes";2017;"Santa Cruz Bikes";"Santa Cruz";"CA";2018;4;"2018-04";1.0;379.99;353.3907
38;"Haro Flightline Two 26 Plus - 2017";"Haro";"Mountain Bikes";2017;"Rowlett Bikes";"Rowlett";"TX";2017;1;"2017-01";1.0;549.99;439.992
38;"Haro Flightline Two 26 Plus - 2017";"Haro";"Mountain Bikes";2017;"Santa Cruz Bikes";"Santa Cruz";"CA";2017;2;"2017-02";2.0;1099.98;879.984
38;"Haro Flightline Two 26 Plus - 2017";"Haro";"Mountain Bikes";2017;"Baldwin Bikes";"Baldwin";"NY";2017;4;"2017-04";4.0;2199.96;2067.9624
38;"Haro Flightline Two 26 Plus - 2017";"Haro";"Mountain Bikes";2017;"Baldwin Bikes";"Baldwin";"NY";2017;5;"2017-05";3.0;1649.97;1517.9724
38;"Haro Flightline Two 26 Plus - 2017";"Haro";"Mountain Bikes";2017;"Santa Cruz Bikes";"Santa Cruz";"CA";2017;5;"2017-05";1.0;549.99;511.4907
38;"Haro Flightline Two 26 Plus - 2017";"Haro";"Mountain Bikes";2017;"Rowlett Bikes";"Rowlett";"TX";2017;6;"2017-06";2.0;1099.98;951.4827
38;"Haro Flightline Two 26 Plus - 2017";"Haro";"Mountain Bikes";2017;"Baldwin Bikes";"Baldwin";"NY";2017;7;"2017-07";1.0;549.99;511.4907
38;"Haro Flightline Two 26 Plus - 2017";"Haro";"Mountain Bikes";2017;"Rowlett Bikes";"Rowlett";"TX";2017;9;"2017-09";2.0;1099.98;989.982
38;"Haro Flightline Two 26 Plus - 2017";"Haro";"Mountain Bikes";2017;"Baldwin Bikes";"Baldwin";"NY";2017;10;"2017-10";3.0;1649.97;1501.4727
38;"Haro Flightline Two 26 Plus - 2017";"Haro";"Mountain Bikes";2017;"Baldwin Bikes";"Baldwin";"NY";2017;11;"2017-11";4.0;2199.96;2045.9628
38;"Haro Flightline Two 26 Plus - 2017";"Haro";"Mountain Bikes";2017;"Baldwin Bikes";"Baldwin";"NY";2017;12;"2017-12";3.0;1649.97;1545.4719
38;"Haro Flightline Two 26 Plus - 2017";"Haro";"Mountain Bikes";2017;"Baldwin Bikes";"Baldwin";"NY";2018;3;"2018-03";2.0;1099.98;1044.981
41;"Haro Shift R3 - 2017";"Haro";"Mountain Bikes";2017;"Santa Cruz Bikes";"Santa Cruz";"CA";2017;1;"2017-01";2.0;2939.98;2792.981
41;"Haro Shift R3 - 2017";"Haro";"Mountain Bikes";2017;"Rowlett Bikes";"Rowlett";"TX";2017;3;"2017-03";1.0;1469.99;1367.0907
41;"Haro Shift R3 - 2017";"Haro";"Mountain Bikes";2017;"Baldwin Bikes";"Baldwin";"NY";2017;3;"2017-03";4.0;5879.96;5585.962
41;"Haro Shift R3 - 2017";"Haro";"Mountain Bikes";2017;"Baldwin Bikes";"Baldwin";"NY";2017;4;"2017-04";3.0;4409.97;3910.1734
41;"Haro Shift R3 - 2017";"Haro";"Mountain Bikes";2017;"Baldwin Bikes";"Baldwin";"NY";2017;5;"2017-05";1.0;1469.99;1175.992
41;"Haro Shift R3 - 2017";"Haro";"Mountain Bikes";2017;"Santa Cruz Bikes";"Santa Cruz";"CA";2017;5;"2017-05";1.0;1469.99;1367.0907
41;"Haro Shift R3 - 2017";"Haro";"Mountain Bikes";2017;"Baldwin Bikes";"Baldwin";"NY";2017;6;"2017-06";1.0;1469.99;1396.4905
41;"Haro Shift R3 - 2017";"Haro";"Mountain Bikes";2017;"Baldwin Bikes";"Baldwin";"NY";2017;7;"2017-07";1.0;1469.99;1175.992
41;"Haro Shift R3 - 2017";"Haro";"Mountain Bikes";2017;"Rowlett Bikes";"Rowlett";"TX";2017;8;"2017-08";2.0;2939.98;2645.982
41;"Haro Shift R3 - 2017";"Haro";"Mountain Bikes";2017;"Baldwin Bikes";"Baldwin";"NY";2017;9;"2017-09";4.0;5879.96;5144.965
41;"Haro Shift R3 - 2017";"Haro";"Mountain Bikes";2017;"Santa Cruz Bikes";"Santa Cruz";"CA";2017;10;"2017-10";2.0;2939.98;2690.0817
41;"Haro Shift R3 - 2017";"Haro";"Mountain Bikes";2017;"Baldwin Bikes";"Baldwin";"NY";2017;10;"2017-10";1.0;1469.99;1396.4905
41;"Haro Shift R3 - 2017";"Haro";"Mountain Bikes";2017;"Baldwin Bikes";"Baldwin";"NY";2017;11;"2017-11";3.0;4409.97;4042.4725
41;"Haro Shift R3 - 2017";"Haro";"Mountain Bikes";2017;"Rowlett Bikes";"Rowlett";"TX";2017;12;"2017-12";1.0;1469.99;1396.4905
41;"Haro Shift R3 - 2017";"Haro";"Mountain Bikes";2017;"Baldwin Bikes";"Baldwin";"NY";2018;2;"2018-02";2.0;2939.98;2792.981
41;"Haro Shift R3 - 2017";"Haro";"Mountain Bikes";2017;"Santa Cruz Bikes";"Santa Cruz";"CA";2018;4;"2018-04";2.0;2939.98;2734.1814
41;"Haro Shift R3 - 2017";"Haro";"Mountain Bikes";2017;"Baldwin Bikes";"Baldwin";"NY";2018;4;"2018-04";4.0;5879.96;5365.4635
44;"Haro SR 1.1 - 2017";"Haro";"Mountain Bikes";2017;"Rowlett Bikes";"Rowlett";"TX";2017;2;"2017-02";2.0;1079.98;863.984
44;"Haro SR 1.1 - 2017";"Haro";"Mountain Bikes";2017;"Baldwin Bikes";"Baldwin";"NY";2017;4;"2017-04";2.0;1079.98;1004.3814
44;"Haro SR 1.1 - 2017";"Haro";"Mountain Bikes";2017;"Baldwin Bikes";"Baldwin";"NY";2017;5;"2017-05";2.0;1079.98;998.9815
44;"Haro SR 1.1 - 2017";"Haro";"Mountain Bikes";2017;"Baldwin Bikes";"Baldwin";"NY";2017;6;"2017-06";3.0;1619.97;1474.1727
44;"Haro SR 1.1 - 2017";"Haro";"Mountain Bikes";2017;"Santa Cruz Bikes";"Santa Cruz";"CA";2017;6;"2017-06";1.0;539.99;502.1907
44;"Haro SR 1.1 - 2017";"Haro";"Mountain Bikes";2017;"Rowlett Bikes";"Rowlett";"TX";2017;7;"2017-07";1.0;539.99;502.1907
44;"Haro SR 1.1 - 2017";"Haro";"Mountain Bikes";2017;"Baldwin Bikes";"Baldwin";"NY";2017;9;"2017-09";1.0;539.99;512.9905
44;"Haro SR 1.1 - 2017";"Haro";"Mountain Bikes";2017;"Santa Cruz Bikes";"Santa Cruz";"CA";2017;9;"2017-09";2.0;1079.98;971.982
44;"Haro SR 1.1 - 2017";"Haro";"Mountain Bikes";2017;"Baldwin Bikes";"Baldwin";"NY";2017;10;"2017-10";2.0;1079.98;1025.981
44;"Haro SR 1.1 - 2017";"Haro";"Mountain Bikes";2017;"Baldwin Bikes";"Baldwin";"NY";2017;11;"2017-11";4.0;2159.96;1868.3654
44;"Haro SR 1.1 - 2017";"Haro";"Mountain Bikes";2017;"Santa Cruz Bikes";"Santa Cruz";"CA";2017;12;"2017-12";1.0;539.99;512.9905
44;"Haro SR 1.1 - 2017";"Haro";"Mountain Bikes";2017;"Santa Cruz Bikes";"Santa Cruz";"CA";2018;4;"2018-04";1.0;539.99;502.1907
45;"Haro SR 1.2 - 2017";"Haro";"Mountain Bikes";2017;"Baldwin Bikes";"Baldwin";"NY";2017;1;"2017-01";2.0;1739.98;1652.981
45;"Haro SR 1.2 - 2017";"Haro";"Mountain Bikes";2017;"Baldwin Bikes";"Baldwin";"NY";2017;2;"2017-02";7.0;6089.93;5385.2381
45;"Haro SR 1.2 - 2017";"Haro";"Mountain Bikes";2017;"Rowlett Bikes";"Rowlett";"TX";2017;2;"2017-02";1.0;869.99;809.0907
45;"Haro SR 1.2 - 2017";"Haro";"Mountain Bikes";2017;"Santa Cruz Bikes";"Santa Cruz";"CA";2017;3;"2017-03";2.0;1739.98;1652.981
45;"Haro SR 1.2 - 2017";"Haro";"Mountain Bikes";2017;"Baldwin Bikes";"Baldwin";"NY";2017;4;"2017-04";7.0;6089.93;5098.1414
45;"Haro SR 1.2 - 2017";"Haro";"Mountain Bikes";2017;"Rowlett Bikes";"Rowlett";"TX";2017;4;"2017-04";1.0;869.99;695.992
45;"Haro SR 1.2 - 2017";"Haro";"Mountain Bikes";2017;"Baldwin Bikes";"Baldwin";"NY";2017;5;"2017-05";3.0;2609.97;2201.0747
45;"Haro SR 1.2 - 2017";"Haro";"Mountain Bikes";2017;"Baldwin Bikes";"Baldwin";"NY";2017;7;"2017-07";6.0;5219.94;4811.0447
45;"Haro SR 1.2 - 2017";"Haro";"Mountain Bikes";2017;"Santa Cruz Bikes";"Santa Cruz";"CA";2017;8;"2017-08";4.0;3479.96;3010.1654
45;"Haro SR 1.2 - 2017";"Haro";"Mountain Bikes";2017;"Baldwin Bikes";"Baldwin";"NY";2017;8;"2017-08";2.0;1739.98;1391.984
45;"Haro SR 1.2 - 2017";"Haro";"Mountain Bikes";2017;"Santa Cruz Bikes";"Santa Cruz";"CA";2017;9;"2017-09";2.0;1739.98;1652.981
45;"Haro SR 1.2 - 2017";"Haro";"Mountain Bikes";2017;"Rowlett Bikes";"Rowlett";"TX";2017;9;"2017-09";2.0;1739.98;1652.981
45;"Haro SR 1.2 - 2017";"Haro";"Mountain Bikes";2017;"Baldwin Bikes";"Baldwin";"NY";2017;11;"2017-11";5.0;4349.95;3793.1564
45;"Haro SR 1.2 - 2017";"Haro";"Mountain Bikes";2017;"Santa Cruz Bikes";"Santa Cruz";"CA";2017;12;"2017-12";2.0;1739.98;1391.984
45;"Haro SR 1.2 - 2017";"Haro";"Mountain Bikes";2017;"Baldwin Bikes";"Baldwin";"NY";2017;12;"2017-12";3.0;2609.97;2314.1734
45;"Haro SR 1.2 - 2017";"Haro";"Mountain Bikes";2017;"Santa Cruz Bikes";"Santa Cruz";"CA";2018;4;"2018-04";3.0;2609.97;2348.973
46;"Haro SR 1.3 - 2017";"Haro";"Mountain Bikes";2017;"Baldwin Bikes";"Baldwin";"NY";2017;4;"2017-04";2.0;2819.98;2678.981
46;"Haro SR 1.3 - 2017";"Haro";"Mountain Bikes";2017;"Rowlett Bikes";"Rowlett";"TX";2017;4;"2017-04";2.0;2819.98;2622.5814
46;"Haro SR 1.3 - 2017";"Haro";"Mountain Bikes";2017;"Santa Cruz Bikes";"Santa Cruz";"CA";2017;5;"2017-05";2.0;2819.98;2580.2817
46;"Haro SR 1.3 - 2017";"Haro";"Mountain Bikes";2017;"Baldwin Bikes";"Baldwin";"NY";2017;5;"2017-05";3.0;4229.97;3595.4745
46;"Haro SR 1.3 - 2017";"Haro";"Mountain Bikes";2017;"Baldwin Bikes";"Baldwin";"NY";2017;7;"2017-07";2.0;2819.98;2537.982
46;"Haro SR 1.3 - 2017";"Haro";"Mountain Bikes";2017;"Baldwin Bikes";"Baldwin";"NY";2017;8;"2017-08";7.0;9869.93;8643.2387
46;"Haro SR 1.3 - 2017";"Haro";"Mountain Bikes";2017;"Baldwin Bikes";"Baldwin";"NY";2017;10;"2017-10";1.0;1409.99;1311.2907
46;"Haro SR 1.3 - 2017";"Haro";"Mountain Bikes";2017;"Santa Cruz Bikes";"Santa Cruz";"CA";2017;10;"2017-10";2.0;2819.98;2255.984
46;"Haro SR 1.3 - 2017";"Haro";"Mountain Bikes";2017;"Baldwin Bikes";"Baldwin";"NY";2017;11;"2017-11";1.0;1409.99;1339.4905
46;"Haro SR 1.3 - 2017";"Haro";"Mountain Bikes";2017;"Rowlett Bikes";"Rowlett";"TX";2018;3;"2018-03";1.0;1409.99;1311.2907
46;"Haro SR 1.3 - 2017";"Haro";"Mountain Bikes";2017;"Baldwin Bikes";"Baldwin";"NY";2018;4;"2018-04";4.0;5639.96;5245.1628
85;"Haro Downtown 16 - 2017";"Haro";"Children Bicycles";2017;"Santa Cruz Bikes";"Santa Cruz";"CA";2017;1;"2017-01";2.0;659.98;527.984
85;"Haro Downtown 16 - 2017";"Haro";"Children Bicycles";2017;"Baldwin Bikes";"Baldwin";"NY";2017;1;"2017-01";2.0;659.98;626.981
85;"Haro Downtown 16 - 2017";"Haro";"Children Bicycles";2017;"Santa Cruz Bikes";"Santa Cruz";"CA";2017;2;"2017-02";1.0;329.99;313.4905
85;"Haro Downtown 16 - 2017";"Haro";"Children Bicycles";2017;"Rowlett Bikes";"Rowlett";"TX";2017;3;"2017-03";1.0;329.99;313.4905
85;"Haro Downtown 16 - 2017";"Haro";"Children Bicycles";2017;"Baldwin Bikes";"Baldwin";"NY";2017;3;"2017-03";2.0;659.98;577.4825
85;"Haro Downtown 16 - 2017";"Haro";"Children Bicycles";2017;"Rowlett Bikes";"Rowlett";"TX";2017;4;"2017-04";3.0;989.97;841.4745
85;"Haro Downtown 16 - 2017";"Haro";"Children Bicycles";2017;"Baldwin Bikes";"Baldwin";"NY";2017;4;"2017-04";3.0;989.97;841.4745
85;"Haro Downtown 16 - 2017";"Haro";"Children Bicycles";2017;"Santa Cruz Bikes";"Santa Cruz";"CA";2017;4;"2017-04";1.0;329.99;296.991
85;"Haro Downtown 16 - 2017";"Haro";"Children Bicycles";2017;"Santa Cruz Bikes";"Santa Cruz";"CA";2017;6;"2017-06";2.0;659.98;527.984
85;"Haro Downtown 16 - 2017";"Haro";"Children Bicycles";2017;"Baldwin Bikes";"Baldwin";"NY";2017;6;"2017-06";3.0;989.97;824.975
85;"Haro Downtown 16 - 2017";"Haro";"Children Bicycles";2017;"Baldwin Bikes";"Baldwin";"NY";2017;7;"2017-07";2.0;659.98;593.982
85;"Haro Downtown 16 - 2017";"Haro";"Children Bicycles";2017;"Baldwin Bikes";"Baldwin";"NY";2017;9;"2017-09";1.0;329.99;263.992
85;"Haro Downtown 16 - 2017";"Haro";"Children Bicycles";2017;"Baldwin Bikes";"Baldwin";"NY";2017;10;"2017-10";2.0;659.98;527.984
85;"Haro Downtown 16 - 2017";"Haro";"Children Bicycles";2017;"Baldwin Bikes";"Baldwin";"NY";2017;12;"2017-12";1.0;329.99;263.992
85;"Haro Downtown 16 - 2017";"Haro";"Children Bicycles";2017;"Baldwin Bikes";"Baldwin";"NY";2018;2;"2018-02";2.0;659.98;593.982
85;"Haro Downtown 16 - 2017";"Haro";"Children Bicycles";2017;"Baldwin Bikes";"Baldwin";"NY";2018;4;"2018-04";2.0;659.98;527.984
92;"Haro Shredder 20 - 2017";"Haro";"Children Bicycles";2017;"Baldwin Bikes";"Baldwin";"NY";2017;2;"2017-02";4.0;839.96;726.5654
92;"Haro Shredder 20 - 2017";"Haro";"Children Bicycles";2017;"Baldwin Bikes";"Baldwin";"NY";2017;3;"2017-03";3.0;629.97;566.973
92;"Haro Shredder 20 - 2017";"Haro";"Children Bicycles";2017;"Santa Cruz Bikes";"Santa Cruz";"CA";2017;3;"2017-03";1.0;209.99;167.992
92;"Haro Shredder 20 - 2017";"Haro";"Children Bicycles";2017;"Santa Cruz Bikes";"Santa Cruz";"CA";2017;4;"2017-04";2.0;419.98;377.982
92;"Haro Shredder 20 - 2017";"Haro";"Children Bicycles";2017;"Baldwin Bikes";"Baldwin";"NY";2017;5;"2017-05";2.0;419.98;363.2827
92;"Haro Shredder 20 - 2017";"Haro";"Children Bicycles";2017;"Santa Cruz Bikes";"Santa Cruz";"CA";2017;5;"2017-05";2.0;419.98;335.984
92;"Haro Shredder 20 - 2017";"Haro";"Children Bicycles";2017;"Baldwin Bikes";"Baldwin";"NY";2017;6;"2017-06";2.0;419.98;335.984
92;"Haro Shredder 20 - 2017";"Haro";"Children Bicycles";2017;"Baldwin Bikes";"Baldwin";"NY";2017;7;"2017-07";1.0;209.99;195.2907
92;"Haro Shredder 20 - 2017";"Haro";"Children Bicycles";2017;"Baldwin Bikes";"Baldwin";"NY";2017;9;"2017-09";2.0;419.98;390.5814
92;"Haro Shredder 20 - 2017";"Haro";"Children Bicycles";2017;"Baldwin Bikes";"Baldwin";"NY";2017;10;"2017-10";3.0;629.97;558.5734
92;"Haro Shredder 20 - 2017";"Haro";"Children Bicycles";2017;"Santa Cruz Bikes";"Santa Cruz";"CA";2017;10;"2017-10";1.0;209.99;188.991
92;"Haro Shredder 20 - 2017";"Haro";"Children Bicycles";2017;"Baldwin Bikes";"Baldwin";"NY";2017;11;"2017-11";1.0;209.99;167.992
92;"Haro Shredder 20 - 2017";"Haro";"Children Bicycles";2017;"Santa Cruz Bikes";"Santa Cruz";"CA";2017;11;"2017-11";1.0;209.99;188.991
92;"Haro Shredder 20 - 2017";"Haro";"Children Bicycles";2017;"Baldwin Bikes";"Baldwin";"NY";2017;12;"2017-12";3.0;629.97;573.2727
92;"Haro Shredder 20 - 2017";"Haro";"Children Bicycles";2017;"Santa Cruz Bikes";"Santa Cruz";"CA";2018;1;"2018-01";2.0;419.98;335.984
92;"Haro Shredder 20 - 2017";"Haro";"Children Bicycles";2017;"Baldwin Bikes";"Baldwin";"NY";2018;2;"2018-02";1.0;209.99;195.2907
92;"Haro Shredder 20 - 2017";"Haro";"Children Bicycles";2017;"Rowlett Bikes";"Rowlett";"TX";2018;3;"2018-03";2.0;419.98;398.981
92;"Haro Shredder 20 - 2017";"Haro";"Children Bicycles";2017;"Baldwin Bikes";"Baldwin";"NY";2018;4;"2018-04";3.0;629.97;590.0719
92;"Haro Shredder 20 - 2017";"Haro";"Children Bicycles";2017;"Santa Cruz Bikes";"Santa Cruz";"CA";2018;4;"2018-04";3.0;629.97;524.975
93;"Haro Shredder 20 Girls - 2017";"Haro";"Children Bicycles";2017;"Rowlett Bikes";"Rowlett";"TX";2017;2;"2017-02";2.0;419.98;335.984
93;"Haro Shredder 20 Girls - 2017";"Haro";"Children Bicycles";2017;"Baldwin Bikes";"Baldwin";"NY";2017;2;"2017-02";3.0;629.97;558.5734
93;"Haro Shredder 20 Girls - 2017";"Haro";"Children Bicycles";2017;"Baldwin Bikes";"Baldwin";"NY";2017;3;"2017-03";6.0;1259.94;1167.5444
93;"Haro Shredder 20 Girls - 2017";"Haro";"Children Bicycles";2017;"Baldwin Bikes";"Baldwin";"NY";2017;4;"2017-04";6.0;1259.94;1108.7472
93;"Haro Shredder 20 Girls - 2017";"Haro";"Children Bicycles";2017;"Baldwin Bikes";"Baldwin";"NY";2017;7;"2017-07";2.0;419.98;335.984
93;"Haro Shredder 20 Girls - 2017";"Haro";"Children Bicycles";2017;"Baldwin Bikes";"Baldwin";"NY";2017;8;"2017-08";1.0;209.99;188.991
93;"Haro Shredder 20 Girls - 2017";"Haro";"Children Bicycles";2017;"Santa Cruz Bikes";"Santa Cruz";"CA";2017;9;"2017-09";3.0;629.97;566.973
93;"Haro Shredder 20 Girls - 2017";"Haro";"Children Bicycles";2017;"Baldwin Bikes";"Baldwin";"NY";2017;9;"2017-09";1.0;209.99;195.2907
93;"Haro Shredder 20 Girls - 2017";"Haro";"Children Bicycles";2017;"Rowlett Bikes";"Rowlett";"TX";2017;10;"2017-10";2.0;419.98;398.981
93;"Haro Shredder 20 Girls - 2017";"Haro";"Children Bicycles";2017;"Baldwin Bikes";"Baldwin";"NY";2017;10;"2017-10";1.0;209.99;188.991
93;"Haro Shredder 20 Girls - 2017";"Haro";"Children Bicycles";2017;"Baldwin Bikes";"Baldwin";"NY";2017;12;"2017-12";3.0;629.97;587.972
93;"Haro Shredder 20 Girls - 2017";"Haro";"Children Bicycles";2017;"Santa Cruz Bikes";"Santa Cruz";"CA";2017;12;"2017-12";1.0;209.99;199.4905
93;"Haro Shredder 20 Girls - 2017";"Haro";"Children Bicycles";2017;"Baldwin Bikes";"Baldwin";"NY";2018;1;"2018-01";2.0;419.98;398.981
93;"Haro Shredder 20 Girls - 2017";"Haro";"Children Bicycles";2017;"Baldwin Bikes";"Baldwin";"NY";2018;2;"2018-02";2.0;419.98;377.982
93;"Haro Shredder 20 Girls - 2017";"Haro";"Children Bicycles";2017;"Baldwin Bikes";"Baldwin";"NY";2018;3;"2018-03";1.0;209.99;195.2907
93;"Haro Shredder 20 Girls - 2017";"Haro";"Children Bicycles";2017;"Baldwin Bikes";"Baldwin";"NY";2018;4;"2018-04";3.0;629.97;558.5734
94;"Haro Shredder Pro 20 - 2017";"Haro";"Children Bicycles";2017;"Baldwin Bikes";"Baldwin";"NY";2017;1;"2017-01";2.0;499.98;474.981
94;"Haro Shredder Pro 20 - 2017";"Haro";"Children Bicycles";2017;"Santa Cruz Bikes";"Santa Cruz";"CA";2017;1;"2017-01";1.0;249.99;237.4905
94;"Haro Shredder Pro 20 - 2017";"Haro";"Children Bicycles";2017;"Baldwin Bikes";"Baldwin";"NY";2017;2;"2017-02";2.0;499.98;399.984
94;"Haro Shredder Pro 20 - 2017";"Haro";"Children Bicycles";2017;"Santa Cruz Bikes";"Santa Cruz";"CA";2017;3;"2017-03";1.0;249.99;237.4905
94;"Haro Shredder Pro 20 - 2017";"Haro";"Children Bicycles";2017;"Rowlett Bikes";"Rowlett";"TX";2017;4;"2017-04";1.0;249.99;199.992
94;"Haro Shredder Pro 20 - 2017";"Haro";"Children Bicycles";2017;"Baldwin Bikes";"Baldwin";"NY";2017;5;"2017-05";1.0;249.99;224.991
94;"Haro Shredder Pro 20 - 2017";"Haro";"Children Bicycles";2017;"Baldwin Bikes";"Baldwin";"NY";2017;6;"2017-06";2.0;499.98;399.984
94;"Haro Shredder Pro 20 - 2017";"Haro";"Children Bicycles";2017;"Baldwin Bikes";"Baldwin";"NY";2017;8;"2017-08";4.0;999.96;924.963
94;"Haro Shredder Pro 20 - 2017";"Haro";"Children Bicycles";2017;"Baldwin Bikes";"Baldwin";"NY";2017;9;"2017-09";4.0;999.96;874.965
94;"Haro Shredder Pro 20 - 2017";"Haro";"Children Bicycles";2017;"Baldwin Bikes";"Baldwin";"NY";2017;10;"2017-10";2.0;499.98;399.984
94;"Haro Shredder Pro 20 - 2017";"Haro";"Children Bicycles";2017;"Santa Cruz Bikes";"Santa Cruz";"CA";2017;10;"2017-10";2.0;499.98;464.9814
94;"Haro Shredder Pro 20 - 2017";"Haro";"Children Bicycles";2017;"Baldwin Bikes";"Baldwin";"NY";2017;11;"2017-11";3.0;749.97;687.4725
94;"Haro Shredder Pro 20 - 2017";"Haro";"Children Bicycles";2017;"Santa Cruz Bikes";"Santa Cruz";"CA";2017;11;"2017-11";2.0;499.98;474.981
94;"Haro Shredder Pro 20 - 2017";"Haro";"Children Bicycles";2017;"Baldwin Bikes";"Baldwin";"NY";2017;12;"2017-12";1.0;249.99;224.991
5;"Heller Shagamaw Frame - 2016";"Heller";"Mountain Bikes";2016;"Santa Cruz Bikes";"Santa Cruz";"CA";2016;1;"2016-01";1.0;1320.99;1188.891
5;"Heller Shagamaw Frame - 2016";"Heller";"Mountain Bikes";2016;"Baldwin Bikes";"Baldwin";"NY";2016;1;"2016-01";7.0;9246.93;8190.138
5;"Heller Shagamaw Frame - 2016";"Heller";"Mountain Bikes";2016;"Baldwin Bikes";"Baldwin";"NY";2016;2;"2016-02";4.0;5283.96;4398.8967
5;"Heller Shagamaw Frame - 2016";"Heller";"Mountain Bikes";2016;"Rowlett Bikes";"Rowlett";"TX";2016;2;"2016-02";3.0;3962.97;3632.7225
5;"Heller Shagamaw Frame - 2016";"Heller";"Mountain Bikes";2016;"Baldwin Bikes";"Baldwin";"NY";2016;3;"2016-03";8.0;10567.92;9194.0904
5;"Heller Shagamaw Frame - 2016";"Heller";"Mountain Bikes";2016;"Baldwin Bikes";"Baldwin";"NY";2016;4;"2016-04";6.0;7925.94;7001.247
5;"Heller Shagamaw Frame - 2016";"Heller";"Mountain Bikes";2016;"Baldwin Bikes";"Baldwin";"NY";2016;5;"2016-05";8.0;10567.92;9088.4112
5;"Heller Shagamaw Frame - 2016";"Heller";"Mountain Bikes";2016;"Baldwin Bikes";"Baldwin";"NY";2016;6;"2016-06";6.0;7925.94;7120.1361
5;"Heller Shagamaw Frame - 2016";"Heller";"Mountain Bikes";2016;"Santa Cruz Bikes";"Santa Cruz";"CA";2016;7;"2016-07";2.0;2641.98;2113.584
5;"Heller Shagamaw Frame - 2016";"Heller";"Mountain Bikes";2016;"Baldwin Bikes";"Baldwin";"NY";2016;7;"2016-07";5.0;6604.95;5851.9857
5;"Heller Shagamaw Frame - 2016";"Heller";"Mountain Bikes";2016;"Rowlett Bikes";"Rowlett";"TX";2016;8;"2016-08";4.0;5283.96;4623.465
5;"Heller Shagamaw Frame - 2016";"Heller";"Mountain Bikes";2016;"Baldwin Bikes";"Baldwin";"NY";2016;8;"2016-08";4.0;5283.96;4530.9957
5;"Heller Shagamaw Frame - 2016";"Heller";"Mountain Bikes";2016;"Santa Cruz Bikes";"Santa Cruz";"CA";2016;8;"2016-08";1.0;1320.99;1254.9405
5;"Heller Shagamaw Frame - 2016";"Heller";"Mountain Bikes";2016;"Rowlett Bikes";"Rowlett";"TX";2016;9;"2016-09";3.0;3962.97;3764.8215
5;"Heller Shagamaw Frame - 2016";"Heller";"Mountain Bikes";2016;"Baldwin Bikes";"Baldwin";"NY";2016;9;"2016-09";6.0;7925.94;6803.0985
5;"Heller Shagamaw Frame - 2016";"Heller";"Mountain Bikes";2016;"Baldwin Bikes";"Baldwin";"NY";2016;10;"2016-10";6.0;7925.94;7001.247
5;"Heller Shagamaw Frame - 2016";"Heller";"Mountain Bikes";2016;"Santa Cruz Bikes";"Santa Cruz";"CA";2016;10;"2016-10";2.0;2641.98;2509.881
5;"Heller Shagamaw Frame - 2016";"Heller";"Mountain Bikes";2016;"Rowlett Bikes";"Rowlett";"TX";2016;11;"2016-11";1.0;1320.99;1188.891
5;"Heller Shagamaw Frame - 2016";"Heller";"Mountain Bikes";2016;"Baldwin Bikes";"Baldwin";"NY";2016;11;"2016-11";1.0;1320.99;1254.9405
5;"Heller Shagamaw Frame - 2016";"Heller";"Mountain Bikes";2016;"Santa Cruz Bikes";"Santa Cruz";"CA";2016;11;"2016-11";2.0;2641.98;2483.4612
5;"Heller Shagamaw Frame - 2016";"Heller";"Mountain Bikes";2016;"Baldwin Bikes";"Baldwin";"NY";2016;12;"2016-12";8.0;10567.92;9392.2389
5;"Heller Shagamaw Frame - 2016";"Heller";"Mountain Bikes";2016;"Santa Cruz Bikes";"Santa Cruz";"CA";2016;12;"2016-12";3.0;3962.97;3764.8215
5;"Heller Shagamaw Frame - 2016";"Heller";"Mountain Bikes";2016;"Rowlett Bikes";"Rowlett";"TX";2016;12;"2016-12";2.0;2641.98;2113.584
5;"Heller Shagamaw Frame - 2016";"Heller";"Mountain Bikes";2016;"Baldwin Bikes";"Baldwin";"NY";2017;1;"2017-01";1.0;1320.99;1228.5207
5;"Heller Shagamaw Frame - 2016";"Heller";"Mountain Bikes";2016;"Rowlett Bikes";"Rowlett";"TX";2017;1;"2017-01";1.0;1320.99;1228.5207
5;"Heller Shagamaw Frame - 2016";"Heller";"Mountain Bikes";2016;"Santa Cruz Bikes";"Santa Cruz";"CA";2017;2;"2017-02";6.0;7925.94;7133.346
5;"Heller Shagamaw Frame - 2016";"Heller";"Mountain Bikes";2016;"Baldwin Bikes";"Baldwin";"NY";2017;2;"2017-02";4.0;5283.96;4887.663
5;"Heller Shagamaw Frame - 2016";"Heller";"Mountain Bikes";2016;"Baldwin Bikes";"Baldwin";"NY";2017;3;"2017-03";1.0;1320.99;1056.792
5;"Heller Shagamaw Frame - 2016";"Heller";"Mountain Bikes";2016;"Santa Cruz Bikes";"Santa Cruz";"CA";2017;3;"2017-03";2.0;2641.98;2377.782
5;"Heller Shagamaw Frame - 2016";"Heller";"Mountain Bikes";2016;"Santa Cruz Bikes";"Santa Cruz";"CA";2017;4;"2017-04";2.0;2641.98;2457.0414
5;"Heller Shagamaw Frame - 2016";"Heller";"Mountain Bikes";2016;"Baldwin Bikes";"Baldwin";"NY";2017;4;"2017-04";1.0;1320.99;1056.792
5;"Heller Shagamaw Frame - 2016";"Heller";"Mountain Bikes";2016;"Santa Cruz Bikes";"Santa Cruz";"CA";2017;5;"2017-05";3.0;3962.97;3434.574
5;"Heller Shagamaw Frame - 2016";"Heller";"Mountain Bikes";2016;"Baldwin Bikes";"Baldwin";"NY";2017;5;"2017-05";3.0;3962.97;3738.4017
5;"Heller Shagamaw Frame - 2016";"Heller";"Mountain Bikes";2016;"Baldwin Bikes";"Baldwin";"NY";2017;6;"2017-06";3.0;3962.97;3645.9324
5;"Heller Shagamaw Frame - 2016";"Heller";"Mountain Bikes";2016;"Baldwin Bikes";"Baldwin";"NY";2017;7;"2017-07";2.0;2641.98;2417.4117
5;"Heller Shagamaw Frame - 2016";"Heller";"Mountain Bikes";2016;"Baldwin Bikes";"Baldwin";"NY";2017;8;"2017-08";2.0;2641.98;2311.7325
5;"Heller Shagamaw Frame - 2016";"Heller";"Mountain Bikes";2016;"Baldwin Bikes";"Baldwin";"NY";2017;9;"2017-09";2.0;2641.98;2377.782
5;"Heller Shagamaw Frame - 2016";"Heller";"Mountain Bikes";2016;"Baldwin Bikes";"Baldwin";"NY";2017;12;"2017-12";2.0;2641.98;2113.584
5;"Heller Shagamaw Frame - 2016";"Heller";"Mountain Bikes";2016;"Santa Cruz Bikes";"Santa Cruz";"CA";2018;2;"2018-02";1.0;1320.99;1228.5207
131;"Heller Bloodhound Trail - 2018";"Heller";"Mountain Bikes";2018;"Santa Cruz Bikes";"Santa Cruz";"CA";2018;1;"2018-01";2.0;5198.0;4158.4
131;"Heller Bloodhound Trail - 2018";"Heller";"Mountain Bikes";2018;"Baldwin Bikes";"Baldwin";"NY";2018;4;"2018-04";2.0;5198.0;4834.14
137;"Heller Shagamaw GX1 - 2018";"Heller";"Mountain Bikes";2018;"Baldwin Bikes";"Baldwin";"NY";2018;2;"2018-02";2.0;5198.0;4158.4
137;"Heller Shagamaw GX1 - 2018";"Heller";"Mountain Bikes";2018;"Baldwin Bikes";"Baldwin";"NY";2018;3;"2018-03";1.0;2599.0;2339.1
137;"Heller Shagamaw GX1 - 2018";"Heller";"Mountain Bikes";2018;"Baldwin Bikes";"Baldwin";"NY";2018;4;"2018-04";2.0;5198.0;4808.15
17;"Pure Cycles Vine 8-Speed - 2016";"Pure Cycles";"Cruisers Bicycles";2016;"Baldwin Bikes";"Baldwin";"NY";2016;1;"2016-01";10.0;4290.0;3843.84
17;"Pure Cycles Vine 8-Speed - 2016";"Pure Cycles";"Cruisers Bicycles";2016;"Santa Cruz Bikes";"Santa Cruz";"CA";2016;1;"2016-01";1.0;429.0;343.2
17;"Pure Cycles Vine 8-Speed - 2016";"Pure Cycles";"Cruisers Bicycles";2016;"Baldwin Bikes";"Baldwin";"NY";2016;2;"2016-02";5.0;2145.0;1900.47
17;"Pure Cycles Vine 8-Speed - 2016";"Pure Cycles";"Cruisers Bicycles";2016;"Santa Cruz Bikes";"Santa Cruz";"CA";2016;2;"2016-02";5.0;2145.0;2020.59
17;"Pure Cycles Vine 8-Speed - 2016";"Pure Cycles";"Cruisers Bicycles";2016;"Santa Cruz Bikes";"Santa Cruz";"CA";2016;3;"2016-03";3.0;1287.0;1184.04
17;"Pure Cycles Vine 8-Speed - 2016";"Pure Cycles";"Cruisers Bicycles";2016;"Rowlett Bikes";"Rowlett";"TX";2016;3;"2016-03";2.0;858.0;785.07
17;"Pure Cycles Vine 8-Speed - 2016";"Pure Cycles";"Cruisers Bicycles";2016;"Baldwin Bikes";"Baldwin";"NY";2016;3;"2016-03";2.0;858.0;793.65
17;"Pure Cycles Vine 8-Speed - 2016";"Pure Cycles";"Cruisers Bicycles";2016;"Santa Cruz Bikes";"Santa Cruz";"CA";2016;4;"2016-04";2.0;858.0;815.1
17;"Pure Cycles Vine 8-Speed - 2016";"Pure Cycles";"Cruisers Bicycles";2016;"Baldwin Bikes";"Baldwin";"NY";2016;4;"2016-04";1.0;429.0;398.97
17;"Pure Cycles Vine 8-Speed - 2016";"Pure Cycles";"Cruisers Bicycles";2016;"Baldwin Bikes";"Baldwin";"NY";2016;5;"2016-05";9.0;3861.0;3466.32
17;"Pure Cycles Vine 8-Speed - 2016";"Pure Cycles";"Cruisers Bicycles";2016;"Rowlett Bikes";"Rowlett";"TX";2016;5;"2016-05";3.0;1287.0;1093.95
17;"Pure Cycles Vine 8-Speed - 2016";"Pure Cycles";"Cruisers Bicycles";2016;"Santa Cruz Bikes";"Santa Cruz";"CA";2016;5;"2016-05";1.0;429.0;407.55
17;"Pure Cycles Vine 8-Speed - 2016";"Pure Cycles";"Cruisers Bicycles";2016;"Baldwin Bikes";"Baldwin";"NY";2016;6;"2016-06";4.0;1716.0;1565.85
17;"Pure Cycles Vine 8-Speed - 2016";"Pure Cycles";"Cruisers Bicycles";2016;"Santa Cruz Bikes";"Santa Cruz";"CA";2016;6;"2016-06";2.0;858.0;772.2
17;"Pure Cycles Vine 8-Speed - 2016";"Pure Cycles";"Cruisers Bicycles";2016;"Baldwin Bikes";"Baldwin";"NY";2016;7;"2016-07";7.0;3003.0;2737.02
17;"Pure Cycles Vine 8-Speed - 2016";"Pure Cycles";"Cruisers Bicycles";2016;"Rowlett Bikes";"Rowlett";"TX";2016;8;"2016-08";2.0;858.0;815.1
17;"Pure Cycles Vine 8-Speed - 2016";"Pure Cycles";"Cruisers Bicycles";2016;"Santa Cruz Bikes";"Santa Cruz";"CA";2016;8;"2016-08";1.0;429.0;407.55
17;"Pure Cycles Vine 8-Speed - 2016";"Pure Cycles";"Cruisers Bicycles";2016;"Santa Cruz Bikes";"Santa Cruz";"CA";2016;9;"2016-09";6.0;2574.0;2102.1
17;"Pure Cycles Vine 8-Speed - 2016";"Pure Cycles";"Cruisers Bicycles";2016;"Baldwin Bikes";"Baldwin";"NY";2016;9;"2016-09";3.0;1287.0;1158.3
17;"Pure Cycles Vine 8-Speed - 2016";"Pure Cycles";"Cruisers Bicycles";2016;"Rowlett Bikes";"Rowlett";"TX";2016;9;"2016-09";4.0;1716.0;1595.88
17;"Pure Cycles Vine 8-Speed - 2016";"Pure Cycles";"Cruisers Bicycles";2016;"Baldwin Bikes";"Baldwin";"NY";2016;10;"2016-10";7.0;3003.0;2779.92
17;"Pure Cycles Vine 8-Speed - 2016";"Pure Cycles";"Cruisers Bicycles";2016;"Santa Cruz Bikes";"Santa Cruz";"CA";2016;10;"2016-10";3.0;1287.0;1171.17
17;"Pure Cycles Vine 8-Speed - 2016";"Pure Cycles";"Cruisers Bicycles";2016;"Baldwin Bikes";"Baldwin";"NY";2016;11;"2016-11";6.0;2574.0;2385.24
17;"Pure Cycles Vine 8-Speed - 2016";"Pure Cycles";"Cruisers Bicycles";2016;"Santa Cruz Bikes";"Santa Cruz";"CA";2016;12;"2016-12";3.0;1287.0;1196.91
17;"Pure Cycles Vine 8-Speed - 2016";"Pure Cycles";"Cruisers Bicycles";2016;"Baldwin Bikes";"Baldwin";"NY";2016;12;"2016-12";7.0;3003.0;2655.51
17;"Pure Cycles Vine 8-Speed - 2016";"Pure Cycles";"Cruisers Bicycles";2016;"Santa Cruz Bikes";"Santa Cruz";"CA";2017;1;"2017-01";2.0;858.0;686.4
17;"Pure Cycles Vine 8-Speed - 2016";"Pure Cycles";"Cruisers Bicycles";2016;"Baldwin Bikes";"Baldwin";"NY";2017;1;"2017-01";1.0;429.0;407.55
17;"Pure Cycles Vine 8-Speed - 2016";"Pure Cycles";"Cruisers Bicycles";2016;"Baldwin Bikes";"Baldwin";"NY";2017;2;"2017-02";1.0;429.0;386.1
17;"Pure Cycles Vine 8-Speed - 2016";"Pure Cycles";"Cruisers Bicycles";2016;"Baldwin Bikes";"Baldwin";"NY";2017;3;"2017-03";5.0;2145.0;1900.47
17;"Pure Cycles Vine 8-Speed - 2016";"Pure Cycles";"Cruisers Bicycles";2016;"Baldwin Bikes";"Baldwin";"NY";2017;5;"2017-05";3.0;1287.0;1072.5
17;"Pure Cycles Vine 8-Speed - 2016";"Pure Cycles";"Cruisers Bicycles";2016;"Baldwin Bikes";"Baldwin";"NY";2017;7;"2017-07";1.0;429.0;386.1
17;"Pure Cycles Vine 8-Speed - 2016";"Pure Cycles";"Cruisers Bicycles";2016;"Rowlett Bikes";"Rowlett";"TX";2017;8;"2017-08";2.0;858.0;815.1
17;"Pure Cycles Vine 8-Speed - 2016";"Pure Cycles";"Cruisers Bicycles";2016;"Santa Cruz Bikes";"Santa Cruz";"CA";2017;8;"2017-08";2.0;858.0;772.2
17;"Pure Cycles Vine 8-Speed - 2016";"Pure Cycles";"Cruisers Bicycles";2016;"Baldwin Bikes";"Baldwin";"NY";2017;9;"2017-09";3.0;1287.0;1128.27
17;"Pure Cycles Vine 8-Speed - 2016";"Pure Cycles";"Cruisers Bicycles";2016;"Baldwin Bikes";"Baldwin";"NY";2017;10;"2017-10";5.0;2145.0;2012.01
17;"Pure Cycles Vine 8-Speed - 2016";"Pure Cycles";"Cruisers Bicycles";2016;"Baldwin Bikes";"Baldwin";"NY";2017;11;"2017-11";2.0;858.0;772.2
17;"Pure Cycles Vine 8-Speed - 2016";"Pure Cycles";"Cruisers Bicycles";2016;"Rowlett Bikes";"Rowlett";"TX";2017;12;"2017-12";2.0;858.0;797.94
17;"Pure Cycles Vine 8-Speed - 2016";"Pure Cycles";"Cruisers Bicycles";2016;"Baldwin Bikes";"Baldwin";"NY";2017;12;"2017-12";1.0;429.0;407.55
17;"Pure Cycles Vine 8-Speed - 2016";"Pure Cycles";"Cruisers Bicycles";2016;"Baldwin Bikes";"Baldwin";"NY";2018;3;"2018-03";1.0;429.0;407.55
17;"Pure Cycles Vine 8-Speed - 2016";"Pure Cycles";"Cruisers Bicycles";2016;"Baldwin Bikes";"Baldwin";"NY";2018;4;"2018-04";3.0;1287.0;1184.04
18;"Pure Cycles Western 3-Speed - Women's - 2015/2016";"Pure Cycles";"Cruisers Bicycles";2016;"Baldwin Bikes";"Baldwin";"NY";2016;1;"2016-01";6.0;2694.0;2532.36
18;"Pure Cycles Western 3-Speed - Women's - 2015/2016";"Pure Cycles";"Cruisers Bicycles";2016;"Baldwin Bikes";"Baldwin";"NY";2016;2;"2016-02";5.0;2245.0;2047.44
18;"Pure Cycles Western 3-Speed - Women's - 2015/2016";"Pure Cycles";"Cruisers Bicycles";2016;"Rowlett Bikes";"Rowlett";"TX";2016;2;"2016-02";1.0;449.0;359.2
18;"Pure Cycles Western 3-Speed - Women's - 2015/2016";"Pure Cycles";"Cruisers Bicycles";2016;"Santa Cruz Bikes";"Santa Cruz";"CA";2016;3;"2016-03";2.0;898.0;776.77
18;"Pure Cycles Western 3-Speed - Women's - 2015/2016";"Pure Cycles";"Cruisers Bicycles";2016;"Baldwin Bikes";"Baldwin";"NY";2016;3;"2016-03";6.0;2694.0;2451.54
18;"Pure Cycles Western 3-Speed - Women's - 2015/2016";"Pure Cycles";"Cruisers Bicycles";2016;"Santa Cruz Bikes";"Santa Cruz";"CA";2016;4;"2016-04";3.0;1347.0;1135.97
18;"Pure Cycles Western 3-Speed - Women's - 2015/2016";"Pure Cycles";"Cruisers Bicycles";2016;"Baldwin Bikes";"Baldwin";"NY";2016;4;"2016-04";8.0;3592.0;3156.47
18;"Pure Cycles Western 3-Speed - Women's - 2015/2016";"Pure Cycles";"Cruisers Bicycles";2016;"Baldwin Bikes";"Baldwin";"NY";2016;5;"2016-05";5.0;2245.0;2074.38
18;"Pure Cycles Western 3-Speed - Women's - 2015/2016";"Pure Cycles";"Cruisers Bicycles";2016;"Santa Cruz Bikes";"Santa Cruz";"CA";2016;5;"2016-05";1.0;449.0;417.57
18;"Pure Cycles Western 3-Speed - Women's - 2015/2016";"Pure Cycles";"Cruisers Bicycles";2016;"Rowlett Bikes";"Rowlett";"TX";2016;5;"2016-05";1.0;449.0;417.57
18;"Pure Cycles Western 3-Speed - Women's - 2015/2016";"Pure Cycles";"Cruisers Bicycles";2016;"Baldwin Bikes";"Baldwin";"NY";2016;6;"2016-06";5.0;2245.0;2132.75
18;"Pure Cycles Western 3-Speed - Women's - 2015/2016";"Pure Cycles";"Cruisers Bicycles";2016;"Rowlett Bikes";"Rowlett";"TX";2016;6;"2016-06";2.0;898.0;808.2
18;"Pure Cycles Western 3-Speed - Women's - 2015/2016";"Pure Cycles";"Cruisers Bicycles";2016;"Baldwin Bikes";"Baldwin";"NY";2016;7;"2016-07";10.0;4490.0;4027.53
18;"Pure Cycles Western 3-Speed - Women's - 2015/2016";"Pure Cycles";"Cruisers Bicycles";2016;"Baldwin Bikes";"Baldwin";"NY";2016;8;"2016-08";6.0;2694.0;2451.54
18;"Pure Cycles Western 3-Speed - Women's - 2015/2016";"Pure Cycles";"Cruisers Bicycles";2016;"Rowlett Bikes";"Rowlett";"TX";2016;8;"2016-08";3.0;1347.0;1212.3
18;"Pure Cycles Western 3-Speed - Women's - 2015/2016";"Pure Cycles";"Cruisers Bicycles";2016;"Santa Cruz Bikes";"Santa Cruz";"CA";2016;8;"2016-08";2.0;898.0;853.1
18;"Pure Cycles Western 3-Speed - Women's - 2015/2016";"Pure Cycles";"Cruisers Bicycles";2016;"Santa Cruz Bikes";"Santa Cruz";"CA";2016;9;"2016-09";2.0;898.0;785.75
18;"Pure Cycles Western 3-Speed - Women's - 2015/2016";"Pure Cycles";"Cruisers Bicycles";2016;"Baldwin Bikes";"Baldwin";"NY";2016;9;"2016-09";5.0;2245.0;2020.5
18;"Pure Cycles Western 3-Speed - Women's - 2015/2016";"Pure Cycles";"Cruisers Bicycles";2016;"Rowlett Bikes";"Rowlett";"TX";2016;9;"2016-09";3.0;1347.0;1261.69
18;"Pure Cycles Western 3-Speed - Women's - 2015/2016";"Pure Cycles";"Cruisers Bicycles";2016;"Santa Cruz Bikes";"Santa Cruz";"CA";2016;10;"2016-10";4.0;1796.0;1688.24
18;"Pure Cycles Western 3-Speed - Women's - 2015/2016";"Pure Cycles";"Cruisers Bicycles";2016;"Baldwin Bikes";"Baldwin";"NY";2016;10;"2016-10";4.0;1796.0;1436.8
18;"Pure Cycles Western 3-Speed - Women's - 2015/2016";"Pure Cycles";"Cruisers Bicycles";2016;"Baldwin Bikes";"Baldwin";"NY";2016;11;"2016-11";9.0;4041.0;3654.86
18;"Pure Cycles Western 3-Speed - Women's - 2015/2016";"Pure Cycles";"Cruisers Bicycles";2016;"Rowlett Bikes";"Rowlett";"TX";2016;11;"2016-11";2.0;898.0;835.14
18;"Pure Cycles Western 3-Speed - Women's - 2015/2016";"Pure Cycles";"Cruisers Bicycles";2016;"Baldwin Bikes";"Baldwin";"NY";2016;12;"2016-12";15.0;6735.0;6142.32
18;"Pure Cycles Western 3-Speed - Women's - 2015/2016";"Pure Cycles";"Cruisers Bicycles";2016;"Santa Cruz Bikes";"Santa Cruz";"CA";2016;12;"2016-12";2.0;898.0;830.65
18;"Pure Cycles Western 3-Speed - Women's - 2015/2016";"Pure Cycles";"Cruisers Bicycles";2016;"Baldwin Bikes";"Baldwin";"NY";2017;3;"2017-03";1.0;449.0;426.55
18;"Pure Cycles Western 3-Speed - Women's - 2015/2016";"Pure Cycles";"Cruisers Bicycles";2016;"Baldwin Bikes";"Baldwin";"NY";2017;4;"2017-04";1.0;449.0;404.1
18;"Pure Cycles Western 3-Speed - Women's - 2015/2016";"Pure Cycles";"Cruisers Bicycles";2016;"Santa Cruz Bikes";"Santa Cruz";"CA";2017;5;"2017-05";2.0;898.0;853.1
18;"Pure Cycles Western 3-Speed - Women's - 2015/2016";"Pure Cycles";"Cruisers Bicycles";2016;"Baldwin Bikes";"Baldwin";"NY";2017;6;"2017-06";1.0;449.0;404.1
18;"Pure Cycles Western 3-Speed - Women's - 2015/2016";"Pure Cycles";"Cruisers Bicycles";2016;"Baldwin Bikes";"Baldwin";"NY";2017;7;"2017-07";4.0;1796.0;1571.5
18;"Pure Cycles Western 3-Speed - Women's - 2015/2016";"Pure Cycles";"Cruisers Bicycles";2016;"Baldwin Bikes";"Baldwin";"NY";2017;8;"2017-08";4.0;1796.0;1526.6
18;"Pure Cycles Western 3-Speed - Women's - 2015/2016";"Pure Cycles";"Cruisers Bicycles";2016;"Rowlett Bikes";"Rowlett";"TX";2017;8;"2017-08";1.0;449.0;417.57
18;"Pure Cycles Western 3-Speed - Women's - 2015/2016";"Pure Cycles";"Cruisers Bicycles";2016;"Santa Cruz Bikes";"Santa Cruz";"CA";2017;8;"2017-08";1.0;449.0;359.2
18;"Pure Cycles Western 3-Speed - Women's - 2015/2016";"Pure Cycles";"Cruisers Bicycles";2016;"Baldwin Bikes";"Baldwin";"NY";2017;11;"2017-11";2.0;898.0;718.4
18;"Pure Cycles Western 3-Speed - Women's - 2015/2016";"Pure Cycles";"Cruisers Bicycles";2016;"Rowlett Bikes";"Rowlett";"TX";2018;1;"2018-01";2.0;898.0;853.1
18;"Pure Cycles Western 3-Speed - Women's - 2015/2016";"Pure Cycles";"Cruisers Bicycles";2016;"Baldwin Bikes";"Baldwin";"NY";2018;3;"2018-03";1.0;449.0;417.57
18;"Pure Cycles Western 3-Speed - Women's - 2015/2016";"Pure Cycles";"Cruisers Bicycles";2016;"Baldwin Bikes";"Baldwin";"NY";2018;4;"2018-04";1.0;449.0;404.1
18;"Pure Cycles Western 3-Speed - Women's - 2015/2016";"Pure Cycles";"Cruisers Bicycles";2016;"Rowlett Bikes";"Rowlett";"TX";2018;4;"2018-04";1.0;449.0;404.1
19;"Pure Cycles William 3-Speed - 2016";"Pure Cycles";"Cruisers Bicycles";2016;"Baldwin Bikes";"Baldwin";"NY";2016;1;"2016-01";5.0;2245.0;1908.25
19;"Pure Cycles William 3-Speed - 2016";"Pure Cycles";"Cruisers Bicycles";2016;"Baldwin Bikes";"Baldwin";"NY";2016;2;"2016-02";8.0;3592.0;3156.47
19;"Pure Cycles William 3-Speed - 2016";"Pure Cycles";"Cruisers Bicycles";2016;"Rowlett Bikes";"Rowlett";"TX";2016;2;"2016-02";1.0;449.0;359.2
19;"Pure Cycles William 3-Speed - 2016";"Pure Cycles";"Cruisers Bicycles";2016;"Baldwin Bikes";"Baldwin";"NY";2016;3;"2016-03";8.0;3592.0;3282.19
19;"Pure Cycles William 3-Speed - 2016";"Pure Cycles";"Cruisers Bicycles";2016;"Santa Cruz Bikes";"Santa Cruz";"CA";2016;3;"2016-03";2.0;898.0;776.77
19;"Pure Cycles William 3-Speed - 2016";"Pure Cycles";"Cruisers Bicycles";2016;"Baldwin Bikes";"Baldwin";"NY";2016;4;"2016-04";4.0;1796.0;1643.34
19;"Pure Cycles William 3-Speed - 2016";"Pure Cycles";"Cruisers Bicycles";2016;"Rowlett Bikes";"Rowlett";"TX";2016;5;"2016-05";4.0;1796.0;1670.28
19;"Pure Cycles William 3-Speed - 2016";"Pure Cycles";"Cruisers Bicycles";2016;"Baldwin Bikes";"Baldwin";"NY";2016;5;"2016-05";3.0;1347.0;1239.24
19;"Pure Cycles William 3-Speed - 2016";"Pure Cycles";"Cruisers Bicycles";2016;"Rowlett Bikes";"Rowlett";"TX";2016;6;"2016-06";1.0;449.0;404.1
19;"Pure Cycles William 3-Speed - 2016";"Pure Cycles";"Cruisers Bicycles";2016;"Baldwin Bikes";"Baldwin";"NY";2016;6;"2016-06";4.0;1796.0;1629.87
19;"Pure Cycles William 3-Speed - 2016";"Pure Cycles";"Cruisers Bicycles";2016;"Santa Cruz Bikes";"Santa Cruz";"CA";2016;6;"2016-06";2.0;898.0;835.14
19;"Pure Cycles William 3-Speed - 2016";"Pure Cycles";"Cruisers Bicycles";2016;"Baldwin Bikes";"Baldwin";"NY";2016;7;"2016-07";2.0;898.0;785.75
19;"Pure Cycles William 3-Speed - 2016";"Pure Cycles";"Cruisers Bicycles";2016;"Rowlett Bikes";"Rowlett";"TX";2016;8;"2016-08";3.0;1347.0;1144.95
19;"Pure Cycles William 3-Speed - 2016";"Pure Cycles";"Cruisers Bicycles";2016;"Baldwin Bikes";"Baldwin";"NY";2016;8;"2016-08";4.0;1796.0;1562.52
19;"Pure Cycles William 3-Speed - 2016";"Pure Cycles";"Cruisers Bicycles";2016;"Baldwin Bikes";"Baldwin";"NY";2016;9;"2016-09";6.0;2694.0;2397.66
19;"Pure Cycles William 3-Speed - 2016";"Pure Cycles";"Cruisers Bicycles";2016;"Rowlett Bikes";"Rowlett";"TX";2016;9;"2016-09";2.0;898.0;844.12
19;"Pure Cycles William 3-Speed - 2016";"Pure Cycles";"Cruisers Bicycles";2016;"Santa Cruz Bikes";"Santa Cruz";"CA";2016;9;"2016-09";1.0;449.0;404.1
19;"Pure Cycles William 3-Speed - 2016";"Pure Cycles";"Cruisers Bicycles";2016;"Santa Cruz Bikes";"Santa Cruz";"CA";2016;10;"2016-10";3.0;1347.0;1257.2
19;"Pure Cycles William 3-Speed - 2016";"Pure Cycles";"Cruisers Bicycles";2016;"Baldwin Bikes";"Baldwin";"NY";2016;10;"2016-10";2.0;898.0;853.1
19;"Pure Cycles William 3-Speed - 2016";"Pure Cycles";"Cruisers Bicycles";2016;"Santa Cruz Bikes";"Santa Cruz";"CA";2016;11;"2016-11";2.0;898.0;763.3
19;"Pure Cycles William 3-Speed - 2016";"Pure Cycles";"Cruisers Bicycles";2016;"Baldwin Bikes";"Baldwin";"NY";2016;11;"2016-11";5.0;2245.0;1863.35
19;"Pure Cycles William 3-Speed - 2016";"Pure Cycles";"Cruisers Bicycles";2016;"Baldwin Bikes";"Baldwin";"NY";2016;12;"2016-12";3.0;1347.0;1252.71
19;"Pure Cycles William 3-Speed - 2016";"Pure Cycles";"Cruisers Bicycles";2016;"Santa Cruz Bikes";"Santa Cruz";"CA";2016;12;"2016-12";3.0;1347.0;1261.69
19;"Pure Cycles William 3-Speed - 2016";"Pure Cycles";"Cruisers Bicycles";2016;"Rowlett Bikes";"Rowlett";"TX";2016;12;"2016-12";2.0;898.0;808.2
19;"Pure Cycles William 3-Speed - 2016";"Pure Cycles";"Cruisers Bicycles";2016;"Rowlett Bikes";"Rowlett";"TX";2017;1;"2017-01";2.0;898.0;808.2
19;"Pure Cycles William 3-Speed - 2016";"Pure Cycles";"Cruisers Bicycles";2016;"Baldwin Bikes";"Baldwin";"NY";2017;1;"2017-01";1.0;449.0;417.57
19;"Pure Cycles William 3-Speed - 2016";"Pure Cycles";"Cruisers Bicycles";2016;"Baldwin Bikes";"Baldwin";"NY";2017;2;"2017-02";5.0;2245.0;1912.74
19;"Pure Cycles William 3-Speed - 2016";"Pure Cycles";"Cruisers Bicycles";2016;"Rowlett Bikes";"Rowlett";"TX";2017;3;"2017-03";1.0;449.0;404.1
19;"Pure Cycles William 3-Speed - 2016";"Pure Cycles";"Cruisers Bicycles";2016;"Baldwin Bikes";"Baldwin";"NY";2017;3;"2017-03";2.0;898.0;853.1
19;"Pure Cycles William 3-Speed - 2016";"Pure Cycles";"Cruisers Bicycles";2016;"Baldwin Bikes";"Baldwin";"NY";2017;4;"2017-04";3.0;1347.0;1257.2
19;"Pure Cycles William 3-Speed - 2016";"Pure Cycles";"Cruisers Bicycles";2016;"Baldwin Bikes";"Baldwin";"NY";2017;7;"2017-07";2.0;898.0;835.14
19;"Pure Cycles William 3-Speed - 2016";"Pure Cycles";"Cruisers Bicycles";2016;"Baldwin Bikes";"Baldwin";"NY";2017;8;"2017-08";3.0;1347.0;1167.4
19;"Pure Cycles William 3-Speed - 2016";"Pure Cycles";"Cruisers Bicycles";2016;"Baldwin Bikes";"Baldwin";"NY";2017;10;"2017-10";5.0;2245.0;1912.74
19;"Pure Cycles William 3-Speed - 2016";"Pure Cycles";"Cruisers Bicycles";2016;"Baldwin Bikes";"Baldwin";"NY";2017;11;"2017-11";3.0;1347.0;1167.4
19;"Pure Cycles William 3-Speed - 2016";"Pure Cycles";"Cruisers Bicycles";2016;"Baldwin Bikes";"Baldwin";"NY";2018;4;"2018-04";2.0;898.0;835.14
2;"Ritchey Timberwolf Frameset - 2016";"Ritchey";"Mountain Bikes";2016;"Santa Cruz Bikes";"Santa Cruz";"CA";2016;1;"2016-01";4.0;2999.96;2549.966
2;"Ritchey Timberwolf Frameset - 2016";"Ritchey";"Mountain Bikes";2016;"Baldwin Bikes";"Baldwin";"NY";2016;1;"2016-01";1.0;749.99;599.992
2;"Ritchey Timberwolf Frameset - 2016";"Ritchey";"Mountain Bikes";2016;"Baldwin Bikes";"Baldwin";"NY";2016;2;"2016-02";4.0;2999.96;2572.4657
2;"Ritchey Timberwolf Frameset - 2016";"Ritchey";"Mountain Bikes";2016;"Santa Cruz Bikes";"Santa Cruz";"CA";2016;2;"2016-02";1.0;749.99;599.992
2;"Ritchey Timberwolf Frameset - 2016";"Ritchey";"Mountain Bikes";2016;"Baldwin Bikes";"Baldwin";"NY";2016;3;"2016-03";6.0;4499.94;4229.9436
2;"Ritchey Timberwolf Frameset - 2016";"Ritchey";"Mountain Bikes";2016;"Santa Cruz Bikes";"Santa Cruz";"CA";2016;3;"2016-03";3.0;2249.97;2122.4717
2;"Ritchey Timberwolf Frameset - 2016";"Ritchey";"Mountain Bikes";2016;"Santa Cruz Bikes";"Santa Cruz";"CA";2016;4;"2016-04";1.0;749.99;712.4905
2;"Ritchey Timberwolf Frameset - 2016";"Ritchey";"Mountain Bikes";2016;"Baldwin Bikes";"Baldwin";"NY";2016;4;"2016-04";7.0;5249.93;4702.4373
2;"Ritchey Timberwolf Frameset - 2016";"Ritchey";"Mountain Bikes";2016;"Baldwin Bikes";"Baldwin";"NY";2016;5;"2016-05";10.0;7499.9;6839.9088
2;"Ritchey Timberwolf Frameset - 2016";"Ritchey";"Mountain Bikes";2016;"Santa Cruz Bikes";"Santa Cruz";"CA";2016;5;"2016-05";1.0;749.99;712.4905
2;"Ritchey Timberwolf Frameset - 2016";"Ritchey";"Mountain Bikes";2016;"Baldwin Bikes";"Baldwin";"NY";2016;6;"2016-06";11.0;8249.89;7327.4023
2;"Ritchey Timberwolf Frameset - 2016";"Ritchey";"Mountain Bikes";2016;"Rowlett Bikes";"Rowlett";"TX";2016;6;"2016-06";1.0;749.99;697.4907
2;"Ritchey Timberwolf Frameset - 2016";"Ritchey";"Mountain Bikes";2016;"Santa Cruz Bikes";"Santa Cruz";"CA";2016;6;"2016-06";1.0;749.99;674.991
2;"Ritchey Timberwolf Frameset - 2016";"Ritchey";"Mountain Bikes";2016;"Baldwin Bikes";"Baldwin";"NY";2016;7;"2016-07";8.0;5999.92;5099.932
2;"Ritchey Timberwolf Frameset - 2016";"Ritchey";"Mountain Bikes";2016;"Santa Cruz Bikes";"Santa Cruz";"CA";2016;7;"2016-07";1.0;749.99;674.991
2;"Ritchey Timberwolf Frameset - 2016";"Ritchey";"Mountain Bikes";2016;"Baldwin Bikes";"Baldwin";"NY";2016;8;"2016-08";6.0;4499.94;4019.9464
2;"Ritchey Timberwolf Frameset - 2016";"Ritchey";"Mountain Bikes";2016;"Santa Cruz Bikes";"Santa Cruz";"CA";2016;8;"2016-08";2.0;1499.98;1394.9814
2;"Ritchey Timberwolf Frameset - 2016";"Ritchey";"Mountain Bikes";2016;"Rowlett Bikes";"Rowlett";"TX";2016;8;"2016-08";1.0;749.99;697.4907
2;"Ritchey Timberwolf Frameset - 2016";"Ritchey";"Mountain Bikes";2016;"Santa Cruz Bikes";"Santa Cruz";"CA";2016;9;"2016-09";4.0;2999.96;2804.9626
2;"Ritchey Timberwolf Frameset - 2016";"Ritchey";"Mountain Bikes";2016;"Baldwin Bikes";"Baldwin";"NY";2016;9;"2016-09";3.0;2249.97;1912.4745
2;"Ritchey Timberwolf Frameset - 2016";"Ritchey";"Mountain Bikes";2016;"Rowlett Bikes";"Rowlett";"TX";2016;9;"2016-09";1.0;749.99;674.991
2;"Ritchey Timberwolf Frameset - 2016";"Ritchey";"Mountain Bikes";2016;"Santa Cruz Bikes";"Santa Cruz";"CA";2016;10;"2016-10";4.0;2999.96;2812.4625
2;"Ritchey Timberwolf Frameset - 2016";"Ritchey";"Mountain Bikes";2016;"Baldwin Bikes";"Baldwin";"NY";2016;10;"2016-10";5.0;3749.95;3547.4527
2;"Ritchey Timberwolf Frameset - 2016";"Ritchey";"Mountain Bikes";2016;"Baldwin Bikes";"Baldwin";"NY";2016;11;"2016-11";4.0;2999.96;2399.968
2;"Ritchey Timberwolf Frameset - 2016";"Ritchey";"Mountain Bikes";2016;"Baldwin Bikes";"Baldwin";"NY";2016;12;"2016-12";4.0;2999.96;2699.964
2;"Ritchey Timberwolf Frameset - 2016";"Ritchey";"Mountain Bikes";2016;"Santa Cruz Bikes";"Santa Cruz";"CA";2017;1;"2017-01";2.0;1499.98;1349.982
2;"Ritchey Timberwolf Frameset - 2016";"Ritchey";"Mountain Bikes";2016;"Baldwin Bikes";"Baldwin";"NY";2017;1;"2017-01";2.0;1499.98;1349.982
2;"Ritchey Timberwolf Frameset - 2016";"Ritchey";"Mountain Bikes";2016;"Baldwin Bikes";"Baldwin";"NY";2017;3;"2017-03";2.0;1499.98;1199.984
2;"Ritchey Timberwolf Frameset - 2016";"Ritchey";"Mountain Bikes";2016;"Santa Cruz Bikes";"Santa Cruz";"CA";2017;4;"2017-04";1.0;749.99;712.4905
2;"Ritchey Timberwolf Frameset - 2016";"Ritchey";"Mountain Bikes";2016;"Baldwin Bikes";"Baldwin";"NY";2017;5;"2017-05";3.0;2249.97;2092.4721
2;"Ritchey Timberwolf Frameset - 2016";"Ritchey";"Mountain Bikes";2016;"Santa Cruz Bikes";"Santa Cruz";"CA";2017;5;"2017-05";2.0;1499.98;1199.984
2;"Ritchey Timberwolf Frameset - 2016";"Ritchey";"Mountain Bikes";2016;"Baldwin Bikes";"Baldwin";"NY";2017;7;"2017-07";1.0;749.99;674.991
2;"Ritchey Timberwolf Frameset - 2016";"Ritchey";"Mountain Bikes";2016;"Santa Cruz Bikes";"Santa Cruz";"CA";2017;8;"2017-08";2.0;1499.98;1349.982
2;"Ritchey Timberwolf Frameset - 2016";"Ritchey";"Mountain Bikes";2016;"Rowlett Bikes";"Rowlett";"TX";2017;9;"2017-09";2.0;1499.98;1424.981
2;"Ritchey Timberwolf Frameset - 2016";"Ritchey";"Mountain Bikes";2016;"Santa Cruz Bikes";"Santa Cruz";"CA";2017;12;"2017-12";2.0;1499.98;1349.982
2;"Ritchey Timberwolf Frameset - 2016";"Ritchey";"Mountain Bikes";2016;"Baldwin Bikes";"Baldwin";"NY";2018;1;"2018-01";2.0;1499.98;1199.984
2;"Ritchey Timberwolf Frameset - 2016";"Ritchey";"Mountain Bikes";2016;"Santa Cruz Bikes";"Santa Cruz";"CA";2018;2;"2018-02";2.0;1499.98;1199.984
2;"Ritchey Timberwolf Frameset - 2016";"Ritchey";"Mountain Bikes";2016;"Santa Cruz Bikes";"Santa Cruz";"CA";2018;4;"2018-04";1.0;749.99;712.4905
263;"Strider Classic 12 Balance Bike - 2018";"Strider";"Children Bicycles";2018;"Rowlett Bikes";"Rowlett";"TX";2018;1;"2018-01";2.0;179.98;143.984
263;"Strider Classic 12 Balance Bike - 2018";"Strider";"Children Bicycles";2018;"Baldwin Bikes";"Baldwin";"NY";2018;2;"2018-02";2.0;179.98;161.982
263;"Strider Classic 12 Balance Bike - 2018";"Strider";"Children Bicycles";2018;"Baldwin Bikes";"Baldwin";"NY";2018;3;"2018-03";3.0;269.97;227.6747
263;"Strider Classic 12 Balance Bike - 2018";"Strider";"Children Bicycles";2018;"Rowlett Bikes";"Rowlett";"TX";2018;4;"2018-04";2.0;179.98;161.982
263;"Strider Classic 12 Balance Bike - 2018";"Strider";"Children Bicycles";2018;"Santa Cruz Bikes";"Santa Cruz";"CA";2018;4;"2018-04";2.0;179.98;161.982
264;"Strider Sport 16 - 2018";"Strider";"Children Bicycles";2018;"Baldwin Bikes";"Baldwin";"NY";2018;3;"2018-03";3.0;749.97;682.4727
264;"Strider Sport 16 - 2018";"Strider";"Children Bicycles";2018;"Santa Cruz Bikes";"Santa Cruz";"CA";2018;4;"2018-04";2.0;499.98;474.981
265;"Strider Strider 20 Sport - 2018";"Strider";"Children Bicycles";2018;"Rowlett Bikes";"Rowlett";"TX";2018;2;"2018-02";1.0;289.99;275.4905
265;"Strider Strider 20 Sport - 2018";"Strider";"Children Bicycles";2018;"Baldwin Bikes";"Baldwin";"NY";2018;3;"2018-03";2.0;579.98;521.982
265;"Strider Strider 20 Sport - 2018";"Strider";"Children Bicycles";2018;"Baldwin Bikes";"Baldwin";"NY";2018;4;"2018-04";5.0;1449.95;1275.956
265;"Strider Strider 20 Sport - 2018";"Strider";"Children Bicycles";2018;"Santa Cruz Bikes";"Santa Cruz";"CA";2018;4;"2018-04";1.0;289.99;231.992
35;"Sun Bicycles Spider 3i - 2017";"Sun Bicycles";"Mountain Bikes";2017;"Rowlett Bikes";"Rowlett";"TX";2017;2;"2017-02";1.0;832.99;666.392
35;"Sun Bicycles Spider 3i - 2017";"Sun Bicycles";"Mountain Bikes";2017;"Rowlett Bikes";"Rowlett";"TX";2017;3;"2017-03";2.0;1665.98;1332.784
35;"Sun Bicycles Spider 3i - 2017";"Sun Bicycles";"Mountain Bikes";2017;"Baldwin Bikes";"Baldwin";"NY";2017;3;"2017-03";1.0;832.99;749.691
35;"Sun Bicycles Spider 3i - 2017";"Sun Bicycles";"Mountain Bikes";2017;"Baldwin Bikes";"Baldwin";"NY";2017;5;"2017-05";2.0;1665.98;1499.382
35;"Sun Bicycles Spider 3i - 2017";"Sun Bicycles";"Mountain Bikes";2017;"Baldwin Bikes";"Baldwin";"NY";2017;6;"2017-06";4.0;3331.96;3132.0424
35;"Sun Bicycles Spider 3i - 2017";"Sun Bicycles";"Mountain Bikes";2017;"Rowlett Bikes";"Rowlett";"TX";2017;6;"2017-06";1.0;832.99;749.691
35;"Sun Bicycles Spider 3i - 2017";"Sun Bicycles";"Mountain Bikes";2017;"Baldwin Bikes";"Baldwin";"NY";2017;7;"2017-07";3.0;2498.97;2165.774
35;"Sun Bicycles Spider 3i - 2017";"Sun Bicycles";"Mountain Bikes";2017;"Rowlett Bikes";"Rowlett";"TX";2017;8;"2017-08";1.0;832.99;791.3405
35;"Sun Bicycles Spider 3i - 2017";"Sun Bicycles";"Mountain Bikes";2017;"Baldwin Bikes";"Baldwin";"NY";2017;8;"2017-08";2.0;1665.98;1582.681
35;"Sun Bicycles Spider 3i - 2017";"Sun Bicycles";"Mountain Bikes";2017;"Rowlett Bikes";"Rowlett";"TX";2017;9;"2017-09";2.0;1665.98;1549.3614
35;"Sun Bicycles Spider 3i - 2017";"Sun Bicycles";"Mountain Bikes";2017;"Baldwin Bikes";"Baldwin";"NY";2017;9;"2017-09";1.0;832.99;774.6807
35;"Sun Bicycles Spider 3i - 2017";"Sun Bicycles";"Mountain Bikes";2017;"Baldwin Bikes";"Baldwin";"NY";2017;10;"2017-10";1.0;832.99;749.691
35;"Sun Bicycles Spider 3i - 2017";"Sun Bicycles";"Mountain Bikes";2017;"Rowlett Bikes";"Rowlett";"TX";2017;10;"2017-10";2.0;1665.98;1582.681
35;"Sun Bicycles Spider 3i - 2017";"Sun Bicycles";"Mountain Bikes";2017;"Baldwin Bikes";"Baldwin";"NY";2018;2;"2018-02";1.0;832.99;666.392
35;"Sun Bicycles Spider 3i - 2017";"Sun Bicycles";"Mountain Bikes";2017;"Baldwin Bikes";"Baldwin";"NY";2018;3;"2018-03";2.0;1665.98;1499.382
60;"Sun Bicycles ElectroLite - 2017";"Sun Bicycles";"Electric Bikes";2017;"Baldwin Bikes";"Baldwin";"NY";2017;1;"2017-01";2.0;3119.98;2495.984
60;"Sun Bicycles ElectroLite - 2017";"Sun Bicycles";"Electric Bikes";2017;"Santa Cruz Bikes";"Santa Cruz";"CA";2017;2;"2017-02";1.0;1559.99;1247.992
60;"Sun Bicycles ElectroLite - 2017";"Sun Bicycles";"Electric Bikes";2017;"Baldwin Bikes";"Baldwin";"NY";2017;2;"2017-02";2.0;3119.98;2495.984
60;"Sun Bicycles ElectroLite - 2017";"Sun Bicycles";"Electric Bikes";2017;"Baldwin Bikes";"Baldwin";"NY";2017;3;"2017-03";1.0;1559.99;1481.9905
60;"Sun Bicycles ElectroLite - 2017";"Sun Bicycles";"Electric Bikes";2017;"Rowlett Bikes";"Rowlett";"TX";2017;6;"2017-06";1.0;1559.99;1403.991
60;"Sun Bicycles ElectroLite - 2017";"Sun Bicycles";"Electric Bikes";2017;"Santa Cruz Bikes";"Santa Cruz";"CA";2017;7;"2017-07";2.0;3119.98;2495.984
60;"Sun Bicycles ElectroLite - 2017";"Sun Bicycles";"Electric Bikes";2017;"Baldwin Bikes";"Baldwin";"NY";2017;7;"2017-07";4.0;6239.96;5771.963
60;"Sun Bicycles ElectroLite - 2017";"Sun Bicycles";"Electric Bikes";2017;"Rowlett Bikes";"Rowlett";"TX";2017;8;"2017-08";1.0;1559.99;1450.7907
60;"Sun Bicycles ElectroLite - 2017";"Sun Bicycles";"Electric Bikes";2017;"Baldwin Bikes";"Baldwin";"NY";2017;8;"2017-08";5.0;7799.95;6707.957
60;"Sun Bicycles ElectroLite - 2017";"Sun Bicycles";"Electric Bikes";2017;"Santa Cruz Bikes";"Santa Cruz";"CA";2017;8;"2017-08";1.0;1559.99;1403.991
60;"Sun Bicycles ElectroLite - 2017";"Sun Bicycles";"Electric Bikes";2017;"Rowlett Bikes";"Rowlett";"TX";2017;9;"2017-09";1.0;1559.99;1481.9905
60;"Sun Bicycles ElectroLite - 2017";"Sun Bicycles";"Electric Bikes";2017;"Santa Cruz Bikes";"Santa Cruz";"CA";2017;9;"2017-09";2.0;3119.98;2901.5814
60;"Sun Bicycles ElectroLite - 2017";"Sun Bicycles";"Electric Bikes";2017;"Baldwin Bikes";"Baldwin";"NY";2017;9;"2017-09";1.0;1559.99;1450.7907
60;"Sun Bicycles ElectroLite - 2017";"Sun Bicycles";"Electric Bikes";2017;"Baldwin Bikes";"Baldwin";"NY";2017;11;"2017-11";2.0;3119.98;2854.7817
60;"Sun Bicycles ElectroLite - 2017";"Sun Bicycles";"Electric Bikes";2017;"Baldwin Bikes";"Baldwin";"NY";2018;1;"2018-01";2.0;3119.98;2729.9825
60;"Sun Bicycles ElectroLite - 2017";"Sun Bicycles";"Electric Bikes";2017;"Baldwin Bikes";"Baldwin";"NY";2018;3;"2018-03";1.0;1559.99;1403.991
60;"Sun Bicycles ElectroLite - 2017";"Sun Bicycles";"Electric Bikes";2017;"Baldwin Bikes";"Baldwin";"NY";2018;4;"2018-04";2.0;3119.98;2963.981
60;"Sun Bicycles ElectroLite - 2017";"Sun Bicycles";"Electric Bikes";2017;"Santa Cruz Bikes";"Santa Cruz";"CA";2018;4;"2018-04";2.0;3119.98;2901.5814
60;"Sun Bicycles ElectroLite - 2017";"Sun Bicycles";"Electric Bikes";2017;"Santa Cruz Bikes";"Santa Cruz";"CA";2018;10;"2018-10";1.0;1559.99;1403.991
65;"Sun Bicycles Lil Bolt Type-R - 2017";"Sun Bicycles";"Cruisers Bicycles";2017;"Rowlett Bikes";"Rowlett";"TX";2017;2;"2017-02";2.0;693.98;624.582
65;"Sun Bicycles Lil Bolt Type-R - 2017";"Sun Bicycles";"Cruisers Bicycles";2017;"Rowlett Bikes";"Rowlett";"TX";2017;3;"2017-03";2.0;693.98;645.4014
65;"Sun Bicycles Lil Bolt Type-R - 2017";"Sun Bicycles";"Cruisers Bicycles";2017;"Santa Cruz Bikes";"Santa Cruz";"CA";2017;3;"2017-03";1.0;346.99;329.6405
65;"Sun Bicycles Lil Bolt Type-R - 2017";"Sun Bicycles";"Cruisers Bicycles";2017;"Baldwin Bikes";"Baldwin";"NY";2017;3;"2017-03";3.0;1040.97;954.2225
65;"Sun Bicycles Lil Bolt Type-R - 2017";"Sun Bicycles";"Cruisers Bicycles";2017;"Baldwin Bikes";"Baldwin";"NY";2017;4;"2017-04";5.0;1734.95;1582.2744
65;"Sun Bicycles Lil Bolt Type-R - 2017";"Sun Bicycles";"Cruisers Bicycles";2017;"Santa Cruz Bikes";"Santa Cruz";"CA";2017;4;"2017-04";2.0;693.98;645.4014
65;"Sun Bicycles Lil Bolt Type-R - 2017";"Sun Bicycles";"Cruisers Bicycles";2017;"Baldwin Bikes";"Baldwin";"NY";2017;5;"2017-05";4.0;1387.96;1179.766
65;"Sun Bicycles Lil Bolt Type-R - 2017";"Sun Bicycles";"Cruisers Bicycles";2017;"Santa Cruz Bikes";"Santa Cruz";"CA";2017;5;"2017-05";1.0;346.99;322.7007
65;"Sun Bicycles Lil Bolt Type-R - 2017";"Sun Bicycles";"Cruisers Bicycles";2017;"Rowlett Bikes";"Rowlett";"TX";2017;6;"2017-06";6.0;2081.94;1859.8664
65;"Sun Bicycles Lil Bolt Type-R - 2017";"Sun Bicycles";"Cruisers Bicycles";2017;"Baldwin Bikes";"Baldwin";"NY";2017;6;"2017-06";3.0;1040.97;968.1021
65;"Sun Bicycles Lil Bolt Type-R - 2017";"Sun Bicycles";"Cruisers Bicycles";2017;"Santa Cruz Bikes";"Santa Cruz";"CA";2017;6;"2017-06";2.0;693.98;645.4014
65;"Sun Bicycles Lil Bolt Type-R - 2017";"Sun Bicycles";"Cruisers Bicycles";2017;"Baldwin Bikes";"Baldwin";"NY";2017;7;"2017-07";8.0;2775.92;2404.6407
65;"Sun Bicycles Lil Bolt Type-R - 2017";"Sun Bicycles";"Cruisers Bicycles";2017;"Baldwin Bikes";"Baldwin";"NY";2017;8;"2017-08";2.0;693.98;555.184
65;"Sun Bicycles Lil Bolt Type-R - 2017";"Sun Bicycles";"Cruisers Bicycles";2017;"Santa Cruz Bikes";"Santa Cruz";"CA";2017;8;"2017-08";2.0;693.98;645.4014
65;"Sun Bicycles Lil Bolt Type-R - 2017";"Sun Bicycles";"Cruisers Bicycles";2017;"Baldwin Bikes";"Baldwin";"NY";2017;9;"2017-09";4.0;1387.96;1304.6824
65;"Sun Bicycles Lil Bolt Type-R - 2017";"Sun Bicycles";"Cruisers Bicycles";2017;"Baldwin Bikes";"Baldwin";"NY";2017;10;"2017-10";5.0;1734.95;1568.3948
65;"Sun Bicycles Lil Bolt Type-R - 2017";"Sun Bicycles";"Cruisers Bicycles";2017;"Baldwin Bikes";"Baldwin";"NY";2017;12;"2017-12";1.0;346.99;329.6405
65;"Sun Bicycles Lil Bolt Type-R - 2017";"Sun Bicycles";"Cruisers Bicycles";2017;"Baldwin Bikes";"Baldwin";"NY";2018;1;"2018-01";2.0;693.98;555.184
65;"Sun Bicycles Lil Bolt Type-R - 2017";"Sun Bicycles";"Cruisers Bicycles";2017;"Santa Cruz Bikes";"Santa Cruz";"CA";2018;2;"2018-02";2.0;693.98;659.281
65;"Sun Bicycles Lil Bolt Type-R - 2017";"Sun Bicycles";"Cruisers Bicycles";2017;"Baldwin Bikes";"Baldwin";"NY";2018;4;"2018-04";1.0;346.99;277.592
65;"Sun Bicycles Lil Bolt Type-R - 2017";"Sun Bicycles";"Cruisers Bicycles";2017;"Santa Cruz Bikes";"Santa Cruz";"CA";2018;4;"2018-04";2.0;693.98;624.582
66;"Sun Bicycles Revolutions 24 - 2017";"Sun Bicycles";"Cruisers Bicycles";2017;"Rowlett Bikes";"Rowlett";"TX";2017;1;"2017-01";1.0;250.99;200.792
66;"Sun Bicycles Revolutions 24 - 2017";"Sun Bicycles";"Cruisers Bicycles";2017;"Baldwin Bikes";"Baldwin";"NY";2017;2;"2017-02";2.0;501.98;476.881
66;"Sun Bicycles Revolutions 24 - 2017";"Sun Bicycles";"Cruisers Bicycles";2017;"Baldwin Bikes";"Baldwin";"NY";2017;3;"2017-03";1.0;250.99;200.792
66;"Sun Bicycles Revolutions 24 - 2017";"Sun Bicycles";"Cruisers Bicycles";2017;"Rowlett Bikes";"Rowlett";"TX";2017;3;"2017-03";2.0;501.98;451.782
66;"Sun Bicycles Revolutions 24 - 2017";"Sun Bicycles";"Cruisers Bicycles";2017;"Baldwin Bikes";"Baldwin";"NY";2017;4;"2017-04";1.0;250.99;225.891
66;"Sun Bicycles Revolutions 24 - 2017";"Sun Bicycles";"Cruisers Bicycles";2017;"Baldwin Bikes";"Baldwin";"NY";2017;5;"2017-05";5.0;1254.95;1079.257
66;"Sun Bicycles Revolutions 24 - 2017";"Sun Bicycles";"Cruisers Bicycles";2017;"Baldwin Bikes";"Baldwin";"NY";2017;6;"2017-06";2.0;501.98;401.584
66;"Sun Bicycles Revolutions 24 - 2017";"Sun Bicycles";"Cruisers Bicycles";2017;"Rowlett Bikes";"Rowlett";"TX";2017;6;"2017-06";1.0;250.99;233.4207
66;"Sun Bicycles Revolutions 24 - 2017";"Sun Bicycles";"Cruisers Bicycles";2017;"Baldwin Bikes";"Baldwin";"NY";2017;7;"2017-07";3.0;752.97;710.3017
66;"Sun Bicycles Revolutions 24 - 2017";"Sun Bicycles";"Cruisers Bicycles";2017;"Santa Cruz Bikes";"Santa Cruz";"CA";2017;8;"2017-08";2.0;501.98;401.584
66;"Sun Bicycles Revolutions 24 - 2017";"Sun Bicycles";"Cruisers Bicycles";2017;"Baldwin Bikes";"Baldwin";"NY";2017;9;"2017-09";2.0;501.98;451.782
66;"Sun Bicycles Revolutions 24 - 2017";"Sun Bicycles";"Cruisers Bicycles";2017;"Santa Cruz Bikes";"Santa Cruz";"CA";2017;10;"2017-10";2.0;501.98;466.8414
66;"Sun Bicycles Revolutions 24 - 2017";"Sun Bicycles";"Cruisers Bicycles";2017;"Baldwin Bikes";"Baldwin";"NY";2017;10;"2017-10";2.0;501.98;451.782
66;"Sun Bicycles Revolutions 24 - 2017";"Sun Bicycles";"Cruisers Bicycles";2017;"Baldwin Bikes";"Baldwin";"NY";2017;11;"2017-11";3.0;752.97;677.673
66;"Sun Bicycles Revolutions 24 - 2017";"Sun Bicycles";"Cruisers Bicycles";2017;"Baldwin Bikes";"Baldwin";"NY";2018;1;"2018-01";6.0;1505.94;1380.445
66;"Sun Bicycles Revolutions 24 - 2017";"Sun Bicycles";"Cruisers Bicycles";2017;"Baldwin Bikes";"Baldwin";"NY";2018;4;"2018-04";1.0;250.99;200.792
67;"Sun Bicycles Revolutions 24 - Girl's - 2017";"Sun Bicycles";"Cruisers Bicycles";2017;"Rowlett Bikes";"Rowlett";"TX";2017;1;"2017-01";2.0;501.98;401.584
67;"Sun Bicycles Revolutions 24 - Girl's - 2017";"Sun Bicycles";"Cruisers Bicycles";2017;"Santa Cruz Bikes";"Santa Cruz";"CA";2017;1;"2017-01";1.0;250.99;225.891
67;"Sun Bicycles Revolutions 24 - Girl's - 2017";"Sun Bicycles";"Cruisers Bicycles";2017;"Rowlett Bikes";"Rowlett";"TX";2017;2;"2017-02";2.0;501.98;401.584
67;"Sun Bicycles Revolutions 24 - Girl's - 2017";"Sun Bicycles";"Cruisers Bicycles";2017;"Santa Cruz Bikes";"Santa Cruz";"CA";2017;3;"2017-03";2.0;501.98;476.881
67;"Sun Bicycles Revolutions 24 - Girl's - 2017";"Sun Bicycles";"Cruisers Bicycles";2017;"Baldwin Bikes";"Baldwin";"NY";2017;4;"2017-04";3.0;752.97;667.6334
67;"Sun Bicycles Revolutions 24 - Girl's - 2017";"Sun Bicycles";"Cruisers Bicycles";2017;"Rowlett Bikes";"Rowlett";"TX";2017;5;"2017-05";1.0;250.99;225.891
67;"Sun Bicycles Revolutions 24 - Girl's - 2017";"Sun Bicycles";"Cruisers Bicycles";2017;"Baldwin Bikes";"Baldwin";"NY";2017;5;"2017-05";4.0;1003.96;928.663
67;"Sun Bicycles Revolutions 24 - Girl's - 2017";"Sun Bicycles";"Cruisers Bicycles";2017;"Baldwin Bikes";"Baldwin";"NY";2017;8;"2017-08";1.0;250.99;225.891
67;"Sun Bicycles Revolutions 24 - Girl's - 2017";"Sun Bicycles";"Cruisers Bicycles";2017;"Baldwin Bikes";"Baldwin";"NY";2017;9;"2017-09";2.0;501.98;401.584
67;"Sun Bicycles Revolutions 24 - Girl's - 2017";"Sun Bicycles";"Cruisers Bicycles";2017;"Baldwin Bikes";"Baldwin";"NY";2017;10;"2017-10";2.0;501.98;401.584
67;"Sun Bicycles Revolutions 24 - Girl's - 2017";"Sun Bicycles";"Cruisers Bicycles";2017;"Santa Cruz Bikes";"Santa Cruz";"CA";2017;12;"2017-12";2.0;501.98;476.881
67;"Sun Bicycles Revolutions 24 - Girl's - 2017";"Sun Bicycles";"Cruisers Bicycles";2017;"Rowlett Bikes";"Rowlett";"TX";2018;3;"2018-03";2.0;501.98;401.584
67;"Sun Bicycles Revolutions 24 - Girl's - 2017";"Sun Bicycles";"Cruisers Bicycles";2017;"Baldwin Bikes";"Baldwin";"NY";2018;4;"2018-04";1.0;250.99;200.792
68;"Sun Bicycles Cruz 3 - 2017";"Sun Bicycles";"Cruisers Bicycles";2017;"Baldwin Bikes";"Baldwin";"NY";2017;1;"2017-01";2.0;899.98;836.9814
68;"Sun Bicycles Cruz 3 - 2017";"Sun Bicycles";"Cruisers Bicycles";2017;"Baldwin Bikes";"Baldwin";"NY";2017;3;"2017-03";1.0;449.99;359.992
68;"Sun Bicycles Cruz 3 - 2017";"Sun Bicycles";"Cruisers Bicycles";2017;"Baldwin Bikes";"Baldwin";"NY";2017;4;"2017-04";1.0;449.99;404.991
68;"Sun Bicycles Cruz 3 - 2017";"Sun Bicycles";"Cruisers Bicycles";2017;"Baldwin Bikes";"Baldwin";"NY";2017;5;"2017-05";1.0;449.99;359.992
68;"Sun Bicycles Cruz 3 - 2017";"Sun Bicycles";"Cruisers Bicycles";2017;"Baldwin Bikes";"Baldwin";"NY";2017;6;"2017-06";3.0;1349.97;1183.4737
68;"Sun Bicycles Cruz 3 - 2017";"Sun Bicycles";"Cruisers Bicycles";2017;"Santa Cruz Bikes";"Santa Cruz";"CA";2017;7;"2017-07";6.0;2699.94;2519.944
68;"Sun Bicycles Cruz 3 - 2017";"Sun Bicycles";"Cruisers Bicycles";2017;"Baldwin Bikes";"Baldwin";"NY";2017;7;"2017-07";1.0;449.99;404.991
68;"Sun Bicycles Cruz 3 - 2017";"Sun Bicycles";"Cruisers Bicycles";2017;"Baldwin Bikes";"Baldwin";"NY";2017;8;"2017-08";1.0;449.99;404.991
68;"Sun Bicycles Cruz 3 - 2017";"Sun Bicycles";"Cruisers Bicycles";2017;"Baldwin Bikes";"Baldwin";"NY";2017;9;"2017-09";2.0;899.98;854.981
68;"Sun Bicycles Cruz 3 - 2017";"Sun Bicycles";"Cruisers Bicycles";2017;"Baldwin Bikes";"Baldwin";"NY";2017;10;"2017-10";4.0;1799.96;1682.9626
68;"Sun Bicycles Cruz 3 - 2017";"Sun Bicycles";"Cruisers Bicycles";2017;"Santa Cruz Bikes";"Santa Cruz";"CA";2017;10;"2017-10";1.0;449.99;418.4907
68;"Sun Bicycles Cruz 3 - 2017";"Sun Bicycles";"Cruisers Bicycles";2017;"Santa Cruz Bikes";"Santa Cruz";"CA";2017;11;"2017-11";2.0;899.98;836.9814
68;"Sun Bicycles Cruz 3 - 2017";"Sun Bicycles";"Cruisers Bicycles";2017;"Baldwin Bikes";"Baldwin";"NY";2018;4;"2018-04";1.0;449.99;404.991
69;"Sun Bicycles Cruz 7 - 2017";"Sun Bicycles";"Cruisers Bicycles";2017;"Baldwin Bikes";"Baldwin";"NY";2017;1;"2017-01";1.0;416.99;396.1405
69;"Sun Bicycles Cruz 7 - 2017";"Sun Bicycles";"Cruisers Bicycles";2017;"Baldwin Bikes";"Baldwin";"NY";2017;3;"2017-03";1.0;416.99;396.1405
69;"Sun Bicycles Cruz 7 - 2017";"Sun Bicycles";"Cruisers Bicycles";2017;"Baldwin Bikes";"Baldwin";"NY";2017;4;"2017-04";2.0;833.98;750.582
69;"Sun Bicycles Cruz 7 - 2017";"Sun Bicycles";"Cruisers Bicycles";2017;"Baldwin Bikes";"Baldwin";"NY";2017;5;"2017-05";4.0;1667.96;1551.2028
69;"Sun Bicycles Cruz 7 - 2017";"Sun Bicycles";"Cruisers Bicycles";2017;"Santa Cruz Bikes";"Santa Cruz";"CA";2017;6;"2017-06";2.0;833.98;775.6014
69;"Sun Bicycles Cruz 7 - 2017";"Sun Bicycles";"Cruisers Bicycles";2017;"Baldwin Bikes";"Baldwin";"NY";2017;6;"2017-06";2.0;833.98;792.281
69;"Sun Bicycles Cruz 7 - 2017";"Sun Bicycles";"Cruisers Bicycles";2017;"Baldwin Bikes";"Baldwin";"NY";2017;7;"2017-07";2.0;833.98;792.281
69;"Sun Bicycles Cruz 7 - 2017";"Sun Bicycles";"Cruisers Bicycles";2017;"Rowlett Bikes";"Rowlett";"TX";2017;9;"2017-09";2.0;833.98;775.6014
69;"Sun Bicycles Cruz 7 - 2017";"Sun Bicycles";"Cruisers Bicycles";2017;"Santa Cruz Bikes";"Santa Cruz";"CA";2017;9;"2017-09";3.0;1250.97;1146.7225
69;"Sun Bicycles Cruz 7 - 2017";"Sun Bicycles";"Cruisers Bicycles";2017;"Baldwin Bikes";"Baldwin";"NY";2017;12;"2017-12";4.0;1667.96;1376.067
69;"Sun Bicycles Cruz 7 - 2017";"Sun Bicycles";"Cruisers Bicycles";2017;"Santa Cruz Bikes";"Santa Cruz";"CA";2017;12;"2017-12";3.0;1250.97;1054.9847
69;"Sun Bicycles Cruz 7 - 2017";"Sun Bicycles";"Cruisers Bicycles";2017;"Santa Cruz Bikes";"Santa Cruz";"CA";2018;2;"2018-02";2.0;833.98;792.281
69;"Sun Bicycles Cruz 7 - 2017";"Sun Bicycles";"Cruisers Bicycles";2017;"Baldwin Bikes";"Baldwin";"NY";2018;4;"2018-04";1.0;416.99;396.1405
71;"Sun Bicycles Atlas X-Type - 2017";"Sun Bicycles";"Cruisers Bicycles";2017;"Santa Cruz Bikes";"Santa Cruz";"CA";2017;1;"2017-01";1.0;416.99;387.8007
71;"Sun Bicycles Atlas X-Type - 2017";"Sun Bicycles";"Cruisers Bicycles";2017;"Rowlett Bikes";"Rowlett";"TX";2017;2;"2017-02";2.0;833.98;750.582
71;"Sun Bicycles Atlas X-Type - 2017";"Sun Bicycles";"Cruisers Bicycles";2017;"Baldwin Bikes";"Baldwin";"NY";2017;3;"2017-03";1.0;416.99;375.291
71;"Sun Bicycles Atlas X-Type - 2017";"Sun Bicycles";"Cruisers Bicycles";2017;"Rowlett Bikes";"Rowlett";"TX";2017;4;"2017-04";2.0;833.98;792.281
71;"Sun Bicycles Atlas X-Type - 2017";"Sun Bicycles";"Cruisers Bicycles";2017;"Baldwin Bikes";"Baldwin";"NY";2017;4;"2017-04";3.0;1250.97;1125.873
71;"Sun Bicycles Atlas X-Type - 2017";"Sun Bicycles";"Cruisers Bicycles";2017;"Santa Cruz Bikes";"Santa Cruz";"CA";2017;5;"2017-05";2.0;833.98;792.281
71;"Sun Bicycles Atlas X-Type - 2017";"Sun Bicycles";"Cruisers Bicycles";2017;"Santa Cruz Bikes";"Santa Cruz";"CA";2017;6;"2017-06";2.0;833.98;792.281
71;"Sun Bicycles Atlas X-Type - 2017";"Sun Bicycles";"Cruisers Bicycles";2017;"Baldwin Bikes";"Baldwin";"NY";2017;6;"2017-06";3.0;1250.97;1054.9847
71;"Sun Bicycles Atlas X-Type - 2017";"Sun Bicycles";"Cruisers Bicycles";2017;"Baldwin Bikes";"Baldwin";"NY";2017;7;"2017-07";1.0;416.99;333.592
71;"Sun Bicycles Atlas X-Type - 2017";"Sun Bicycles";"Cruisers Bicycles";2017;"Baldwin Bikes";"Baldwin";"NY";2017;8;"2017-08";1.0;416.99;375.291
71;"Sun Bicycles Atlas X-Type - 2017";"Sun Bicycles";"Cruisers Bicycles";2017;"Baldwin Bikes";"Baldwin";"NY";2017;9;"2017-09";4.0;1667.96;1459.465
71;"Sun Bicycles Atlas X-Type - 2017";"Sun Bicycles";"Cruisers Bicycles";2017;"Rowlett Bikes";"Rowlett";"TX";2017;9;"2017-09";2.0;833.98;775.6014
71;"Sun Bicycles Atlas X-Type - 2017";"Sun Bicycles";"Cruisers Bicycles";2017;"Baldwin Bikes";"Baldwin";"NY";2017;10;"2017-10";4.0;1667.96;1534.5232
71;"Sun Bicycles Atlas X-Type - 2017";"Sun Bicycles";"Cruisers Bicycles";2017;"Santa Cruz Bikes";"Santa Cruz";"CA";2017;10;"2017-10";2.0;833.98;792.281
71;"Sun Bicycles Atlas X-Type - 2017";"Sun Bicycles";"Cruisers Bicycles";2017;"Baldwin Bikes";"Baldwin";"NY";2017;11;"2017-11";6.0;2501.94;2318.4644
71;"Sun Bicycles Atlas X-Type - 2017";"Sun Bicycles";"Cruisers Bicycles";2017;"Santa Cruz Bikes";"Santa Cruz";"CA";2018;3;"2018-03";1.0;416.99;375.291
71;"Sun Bicycles Atlas X-Type - 2017";"Sun Bicycles";"Cruisers Bicycles";2017;"Santa Cruz Bikes";"Santa Cruz";"CA";2018;4;"2018-04";2.0;833.98;792.281
71;"Sun Bicycles Atlas X-Type - 2017";"Sun Bicycles";"Cruisers Bicycles";2017;"Baldwin Bikes";"Baldwin";"NY";2018;4;"2018-04";2.0;833.98;792.281
72;"Sun Bicycles Biscayne Tandem 7 - 2017";"Sun Bicycles";"Cruisers Bicycles";2017;"Baldwin Bikes";"Baldwin";"NY";2017;1;"2017-01";2.0;1239.98;1165.5812
72;"Sun Bicycles Biscayne Tandem 7 - 2017";"Sun Bicycles";"Cruisers Bicycles";2017;"Baldwin Bikes";"Baldwin";"NY";2017;2;"2017-02";3.0;1859.97;1673.973
72;"Sun Bicycles Biscayne Tandem 7 - 2017";"Sun Bicycles";"Cruisers Bicycles";2017;"Rowlett Bikes";"Rowlett";"TX";2017;3;"2017-03";1.0;619.99;588.9905
72;"Sun Bicycles Biscayne Tandem 7 - 2017";"Sun Bicycles";"Cruisers Bicycles";2017;"Baldwin Bikes";"Baldwin";"NY";2017;3;"2017-03";2.0;1239.98;1115.982
72;"Sun Bicycles Biscayne Tandem 7 - 2017";"Sun Bicycles";"Cruisers Bicycles";2017;"Baldwin Bikes";"Baldwin";"NY";2017;4;"2017-04";4.0;2479.96;2231.964
72;"Sun Bicycles Biscayne Tandem 7 - 2017";"Sun Bicycles";"Cruisers Bicycles";2017;"Baldwin Bikes";"Baldwin";"NY";2017;6;"2017-06";3.0;1859.97;1549.975
72;"Sun Bicycles Biscayne Tandem 7 - 2017";"Sun Bicycles";"Cruisers Bicycles";2017;"Baldwin Bikes";"Baldwin";"NY";2017;7;"2017-07";2.0;1239.98;1146.9815
72;"Sun Bicycles Biscayne Tandem 7 - 2017";"Sun Bicycles";"Cruisers Bicycles";2017;"Rowlett Bikes";"Rowlett";"TX";2017;8;"2017-08";2.0;1239.98;991.984
72;"Sun Bicycles Biscayne Tandem 7 - 2017";"Sun Bicycles";"Cruisers Bicycles";2017;"Baldwin Bikes";"Baldwin";"NY";2017;8;"2017-08";4.0;2479.96;2107.966
72;"Sun Bicycles Biscayne Tandem 7 - 2017";"Sun Bicycles";"Cruisers Bicycles";2017;"Baldwin Bikes";"Baldwin";"NY";2017;9;"2017-09";3.0;1859.97;1673.973
72;"Sun Bicycles Biscayne Tandem 7 - 2017";"Sun Bicycles";"Cruisers Bicycles";2017;"Baldwin Bikes";"Baldwin";"NY";2017;11;"2017-11";2.0;1239.98;1153.1814
72;"Sun Bicycles Biscayne Tandem 7 - 2017";"Sun Bicycles";"Cruisers Bicycles";2017;"Rowlett Bikes";"Rowlett";"TX";2017;12;"2017-12";2.0;1239.98;1153.1814
72;"Sun Bicycles Biscayne Tandem 7 - 2017";"Sun Bicycles";"Cruisers Bicycles";2017;"Baldwin Bikes";"Baldwin";"NY";2017;12;"2017-12";2.0;1239.98;1177.981
72;"Sun Bicycles Biscayne Tandem 7 - 2017";"Sun Bicycles";"Cruisers Bicycles";2017;"Rowlett Bikes";"Rowlett";"TX";2018;7;"2018-07";1.0;619.99;557.991
73;"Sun Bicycles Brickell Tandem 7 - 2017";"Sun Bicycles";"Cruisers Bicycles";2017;"Baldwin Bikes";"Baldwin";"NY";2017;1;"2017-01";1.0;749.99;712.4905
73;"Sun Bicycles Brickell Tandem 7 - 2017";"Sun Bicycles";"Cruisers Bicycles";2017;"Baldwin Bikes";"Baldwin";"NY";2017;2;"2017-02";2.0;1499.98;1424.981
73;"Sun Bicycles Brickell Tandem 7 - 2017";"Sun Bicycles";"Cruisers Bicycles";2017;"Baldwin Bikes";"Baldwin";"NY";2017;3;"2017-03";1.0;749.99;712.4905
73;"Sun Bicycles Brickell Tandem 7 - 2017";"Sun Bicycles";"Cruisers Bicycles";2017;"Baldwin Bikes";"Baldwin";"NY";2017;4;"2017-04";4.0;2999.96;2594.9654
73;"Sun Bicycles Brickell Tandem 7 - 2017";"Sun Bicycles";"Cruisers Bicycles";2017;"Baldwin Bikes";"Baldwin";"NY";2017;5;"2017-05";3.0;2249.97;1972.4737
73;"Sun Bicycles Brickell Tandem 7 - 2017";"Sun Bicycles";"Cruisers Bicycles";2017;"Baldwin Bikes";"Baldwin";"NY";2017;6;"2017-06";4.0;2999.96;2774.963
73;"Sun Bicycles Brickell Tandem 7 - 2017";"Sun Bicycles";"Cruisers Bicycles";2017;"Rowlett Bikes";"Rowlett";"TX";2017;6;"2017-06";1.0;749.99;697.4907
73;"Sun Bicycles Brickell Tandem 7 - 2017";"Sun Bicycles";"Cruisers Bicycles";2017;"Baldwin Bikes";"Baldwin";"NY";2017;7;"2017-07";2.0;1499.98;1199.984
73;"Sun Bicycles Brickell Tandem 7 - 2017";"Sun Bicycles";"Cruisers Bicycles";2017;"Baldwin Bikes";"Baldwin";"NY";2017;8;"2017-08";4.0;2999.96;2819.9624
73;"Sun Bicycles Brickell Tandem 7 - 2017";"Sun Bicycles";"Cruisers Bicycles";2017;"Baldwin Bikes";"Baldwin";"NY";2017;10;"2017-10";4.0;2999.96;2759.9632
73;"Sun Bicycles Brickell Tandem 7 - 2017";"Sun Bicycles";"Cruisers Bicycles";2017;"Baldwin Bikes";"Baldwin";"NY";2017;11;"2017-11";1.0;749.99;599.992
73;"Sun Bicycles Brickell Tandem 7 - 2017";"Sun Bicycles";"Cruisers Bicycles";2017;"Rowlett Bikes";"Rowlett";"TX";2017;12;"2017-12";1.0;749.99;599.992
73;"Sun Bicycles Brickell Tandem 7 - 2017";"Sun Bicycles";"Cruisers Bicycles";2017;"Baldwin Bikes";"Baldwin";"NY";2017;12;"2017-12";1.0;749.99;674.991
78;"Sun Bicycles Biscayne Tandem CB - 2017";"Sun Bicycles";"Cruisers Bicycles";2017;"Santa Cruz Bikes";"Santa Cruz";"CA";2017;1;"2017-01";1.0;647.99;615.5905
78;"Sun Bicycles Biscayne Tandem CB - 2017";"Sun Bicycles";"Cruisers Bicycles";2017;"Rowlett Bikes";"Rowlett";"TX";2017;2;"2017-02";1.0;647.99;602.6307
78;"Sun Bicycles Biscayne Tandem CB - 2017";"Sun Bicycles";"Cruisers Bicycles";2017;"Baldwin Bikes";"Baldwin";"NY";2017;3;"2017-03";3.0;1943.97;1769.0127
78;"Sun Bicycles Biscayne Tandem CB - 2017";"Sun Bicycles";"Cruisers Bicycles";2017;"Rowlett Bikes";"Rowlett";"TX";2017;3;"2017-03";2.0;1295.98;1166.382
78;"Sun Bicycles Biscayne Tandem CB - 2017";"Sun Bicycles";"Cruisers Bicycles";2017;"Baldwin Bikes";"Baldwin";"NY";2017;4;"2017-04";1.0;647.99;518.392
78;"Sun Bicycles Biscayne Tandem CB - 2017";"Sun Bicycles";"Cruisers Bicycles";2017;"Baldwin Bikes";"Baldwin";"NY";2017;5;"2017-05";1.0;647.99;615.5905
78;"Sun Bicycles Biscayne Tandem CB - 2017";"Sun Bicycles";"Cruisers Bicycles";2017;"Baldwin Bikes";"Baldwin";"NY";2017;6;"2017-06";3.0;1943.97;1846.7715
78;"Sun Bicycles Biscayne Tandem CB - 2017";"Sun Bicycles";"Cruisers Bicycles";2017;"Rowlett Bikes";"Rowlett";"TX";2017;8;"2017-08";3.0;1943.97;1749.573
78;"Sun Bicycles Biscayne Tandem CB - 2017";"Sun Bicycles";"Cruisers Bicycles";2017;"Baldwin Bikes";"Baldwin";"NY";2017;10;"2017-10";3.0;1943.97;1820.8519
78;"Sun Bicycles Biscayne Tandem CB - 2017";"Sun Bicycles";"Cruisers Bicycles";2017;"Rowlett Bikes";"Rowlett";"TX";2017;10;"2017-10";3.0;1943.97;1833.8117
78;"Sun Bicycles Biscayne Tandem CB - 2017";"Sun Bicycles";"Cruisers Bicycles";2017;"Baldwin Bikes";"Baldwin";"NY";2017;11;"2017-11";6.0;3887.94;3304.749
78;"Sun Bicycles Biscayne Tandem CB - 2017";"Sun Bicycles";"Cruisers Bicycles";2017;"Baldwin Bikes";"Baldwin";"NY";2017;12;"2017-12";2.0;1295.98;1205.2614
78;"Sun Bicycles Biscayne Tandem CB - 2017";"Sun Bicycles";"Cruisers Bicycles";2017;"Rowlett Bikes";"Rowlett";"TX";2018;1;"2018-01";1.0;647.99;583.191
78;"Sun Bicycles Biscayne Tandem CB - 2017";"Sun Bicycles";"Cruisers Bicycles";2017;"Baldwin Bikes";"Baldwin";"NY";2018;1;"2018-01";1.0;647.99;602.6307
78;"Sun Bicycles Biscayne Tandem CB - 2017";"Sun Bicycles";"Cruisers Bicycles";2017;"Baldwin Bikes";"Baldwin";"NY";2018;2;"2018-02";2.0;1295.98;1166.382
78;"Sun Bicycles Biscayne Tandem CB - 2017";"Sun Bicycles";"Cruisers Bicycles";2017;"Rowlett Bikes";"Rowlett";"TX";2018;3;"2018-03";2.0;1295.98;1166.382
78;"Sun Bicycles Biscayne Tandem CB - 2017";"Sun Bicycles";"Cruisers Bicycles";2017;"Baldwin Bikes";"Baldwin";"NY";2018;4;"2018-04";1.0;647.99;583.191
78;"Sun Bicycles Biscayne Tandem CB - 2017";"Sun Bicycles";"Cruisers Bicycles";2017;"Santa Cruz Bikes";"Santa Cruz";"CA";2018;4;"2018-04";3.0;1943.97;1749.573
79;"Sun Bicycles Boardwalk (24-inch Wheels) - 2017";"Sun Bicycles";"Cruisers Bicycles";2017;"Baldwin Bikes";"Baldwin";"NY";2017;1;"2017-01";2.0;805.98;685.083
79;"Sun Bicycles Boardwalk (24-inch Wheels) - 2017";"Sun Bicycles";"Cruisers Bicycles";2017;"Baldwin Bikes";"Baldwin";"NY";2017;2;"2017-02";2.0;805.98;725.382
79;"Sun Bicycles Boardwalk (24-inch Wheels) - 2017";"Sun Bicycles";"Cruisers Bicycles";2017;"Baldwin Bikes";"Baldwin";"NY";2017;3;"2017-03";1.0;402.99;322.392
79;"Sun Bicycles Boardwalk (24-inch Wheels) - 2017";"Sun Bicycles";"Cruisers Bicycles";2017;"Baldwin Bikes";"Baldwin";"NY";2017;4;"2017-04";2.0;805.98;749.5614
79;"Sun Bicycles Boardwalk (24-inch Wheels) - 2017";"Sun Bicycles";"Cruisers Bicycles";2017;"Baldwin Bikes";"Baldwin";"NY";2017;6;"2017-06";2.0;805.98;725.382
79;"Sun Bicycles Boardwalk (24-inch Wheels) - 2017";"Sun Bicycles";"Cruisers Bicycles";2017;"Santa Cruz Bikes";"Santa Cruz";"CA";2017;7;"2017-07";4.0;1611.96;1370.166
79;"Sun Bicycles Boardwalk (24-inch Wheels) - 2017";"Sun Bicycles";"Cruisers Bicycles";2017;"Rowlett Bikes";"Rowlett";"TX";2017;8;"2017-08";1.0;402.99;374.7807
79;"Sun Bicycles Boardwalk (24-inch Wheels) - 2017";"Sun Bicycles";"Cruisers Bicycles";2017;"Baldwin Bikes";"Baldwin";"NY";2017;10;"2017-10";1.0;402.99;374.7807
79;"Sun Bicycles Boardwalk (24-inch Wheels) - 2017";"Sun Bicycles";"Cruisers Bicycles";2017;"Santa Cruz Bikes";"Santa Cruz";"CA";2017;10;"2017-10";2.0;805.98;749.5614
79;"Sun Bicycles Boardwalk (24-inch Wheels) - 2017";"Sun Bicycles";"Cruisers Bicycles";2017;"Santa Cruz Bikes";"Santa Cruz";"CA";2017;11;"2017-11";1.0;402.99;322.392
79;"Sun Bicycles Boardwalk (24-inch Wheels) - 2017";"Sun Bicycles";"Cruisers Bicycles";2017;"Baldwin Bikes";"Baldwin";"NY";2018;4;"2018-04";3.0;1208.97;1047.774
80;"Sun Bicycles Brickell Tandem CB - 2017";"Sun Bicycles";"Cruisers Bicycles";2017;"Santa Cruz Bikes";"Santa Cruz";"CA";2017;1;"2017-01";1.0;761.99;609.592
80;"Sun Bicycles Brickell Tandem CB - 2017";"Sun Bicycles";"Cruisers Bicycles";2017;"Baldwin Bikes";"Baldwin";"NY";2017;3;"2017-03";4.0;3047.96;2865.0824
80;"Sun Bicycles Brickell Tandem CB - 2017";"Sun Bicycles";"Cruisers Bicycles";2017;"Baldwin Bikes";"Baldwin";"NY";2017;4;"2017-04";1.0;761.99;708.6507
80;"Sun Bicycles Brickell Tandem CB - 2017";"Sun Bicycles";"Cruisers Bicycles";2017;"Baldwin Bikes";"Baldwin";"NY";2017;5;"2017-05";2.0;1523.98;1417.3014
80;"Sun Bicycles Brickell Tandem CB - 2017";"Sun Bicycles";"Cruisers Bicycles";2017;"Baldwin Bikes";"Baldwin";"NY";2017;6;"2017-06";2.0;1523.98;1447.781
80;"Sun Bicycles Brickell Tandem CB - 2017";"Sun Bicycles";"Cruisers Bicycles";2017;"Santa Cruz Bikes";"Santa Cruz";"CA";2017;7;"2017-07";1.0;761.99;708.6507
80;"Sun Bicycles Brickell Tandem CB - 2017";"Sun Bicycles";"Cruisers Bicycles";2017;"Baldwin Bikes";"Baldwin";"NY";2017;9;"2017-09";1.0;761.99;708.6507
80;"Sun Bicycles Brickell Tandem CB - 2017";"Sun Bicycles";"Cruisers Bicycles";2017;"Baldwin Bikes";"Baldwin";"NY";2017;10;"2017-10";3.0;2285.97;1828.776
80;"Sun Bicycles Brickell Tandem CB - 2017";"Sun Bicycles";"Cruisers Bicycles";2017;"Baldwin Bikes";"Baldwin";"NY";2017;11;"2017-11";1.0;761.99;609.592
80;"Sun Bicycles Brickell Tandem CB - 2017";"Sun Bicycles";"Cruisers Bicycles";2017;"Baldwin Bikes";"Baldwin";"NY";2017;12;"2017-12";1.0;761.99;723.8905
80;"Sun Bicycles Brickell Tandem CB - 2017";"Sun Bicycles";"Cruisers Bicycles";2017;"Rowlett Bikes";"Rowlett";"TX";2018;3;"2018-03";2.0;1523.98;1417.3014
103;"Sun Bicycles Streamway 3 - 2017";"Sun Bicycles";"Comfort Bicycles";2017;"Baldwin Bikes";"Baldwin";"NY";2017;1;"2017-01";1.0;551.99;524.3905
103;"Sun Bicycles Streamway 3 - 2017";"Sun Bicycles";"Comfort Bicycles";2017;"Baldwin Bikes";"Baldwin";"NY";2017;2;"2017-02";2.0;1103.98;883.184
103;"Sun Bicycles Streamway 3 - 2017";"Sun Bicycles";"Comfort Bicycles";2017;"Rowlett Bikes";"Rowlett";"TX";2017;3;"2017-03";2.0;1103.98;938.383
103;"Sun Bicycles Streamway 3 - 2017";"Sun Bicycles";"Comfort Bicycles";2017;"Baldwin Bikes";"Baldwin";"NY";2017;3;"2017-03";1.0;551.99;513.3507
103;"Sun Bicycles Streamway 3 - 2017";"Sun Bicycles";"Comfort Bicycles";2017;"Rowlett Bikes";"Rowlett";"TX";2017;4;"2017-04";2.0;1103.98;1048.781
103;"Sun Bicycles Streamway 3 - 2017";"Sun Bicycles";"Comfort Bicycles";2017;"Baldwin Bikes";"Baldwin";"NY";2017;4;"2017-04";4.0;2207.96;1992.6839
103;"Sun Bicycles Streamway 3 - 2017";"Sun Bicycles";"Comfort Bicycles";2017;"Baldwin Bikes";"Baldwin";"NY";2017;5;"2017-05";1.0;551.99;496.791
103;"Sun Bicycles Streamway 3 - 2017";"Sun Bicycles";"Comfort Bicycles";2017;"Santa Cruz Bikes";"Santa Cruz";"CA";2017;5;"2017-05";1.0;551.99;441.592
103;"Sun Bicycles Streamway 3 - 2017";"Sun Bicycles";"Comfort Bicycles";2017;"Baldwin Bikes";"Baldwin";"NY";2017;6;"2017-06";2.0;1103.98;965.9825
103;"Sun Bicycles Streamway 3 - 2017";"Sun Bicycles";"Comfort Bicycles";2017;"Baldwin Bikes";"Baldwin";"NY";2017;8;"2017-08";4.0;2207.96;2086.5222
103;"Sun Bicycles Streamway 3 - 2017";"Sun Bicycles";"Comfort Bicycles";2017;"Santa Cruz Bikes";"Santa Cruz";"CA";2017;9;"2017-09";2.0;1103.98;1048.781
103;"Sun Bicycles Streamway 3 - 2017";"Sun Bicycles";"Comfort Bicycles";2017;"Baldwin Bikes";"Baldwin";"NY";2017;9;"2017-09";1.0;551.99;496.791
103;"Sun Bicycles Streamway 3 - 2017";"Sun Bicycles";"Comfort Bicycles";2017;"Baldwin Bikes";"Baldwin";"NY";2017;10;"2017-10";7.0;3863.93;3455.4574
103;"Sun Bicycles Streamway 3 - 2017";"Sun Bicycles";"Comfort Bicycles";2017;"Baldwin Bikes";"Baldwin";"NY";2017;11;"2017-11";1.0;551.99;524.3905
103;"Sun Bicycles Streamway 3 - 2017";"Sun Bicycles";"Comfort Bicycles";2017;"Baldwin Bikes";"Baldwin";"NY";2017;12;"2017-12";4.0;2207.96;2042.363
103;"Sun Bicycles Streamway 3 - 2017";"Sun Bicycles";"Comfort Bicycles";2017;"Santa Cruz Bikes";"Santa Cruz";"CA";2017;12;"2017-12";1.0;551.99;496.791
103;"Sun Bicycles Streamway 3 - 2017";"Sun Bicycles";"Comfort Bicycles";2017;"Baldwin Bikes";"Baldwin";"NY";2018;1;"2018-01";2.0;1103.98;883.184
103;"Sun Bicycles Streamway 3 - 2017";"Sun Bicycles";"Comfort Bicycles";2017;"Rowlett Bikes";"Rowlett";"TX";2018;4;"2018-04";1.0;551.99;524.3905
104;"Sun Bicycles Streamway - 2017";"Sun Bicycles";"Comfort Bicycles";2017;"Baldwin Bikes";"Baldwin";"NY";2017;1;"2017-01";4.0;1927.96;1667.6854
104;"Sun Bicycles Streamway - 2017";"Sun Bicycles";"Comfort Bicycles";2017;"Baldwin Bikes";"Baldwin";"NY";2017;2;"2017-02";3.0;1445.97;1253.174
104;"Sun Bicycles Streamway - 2017";"Sun Bicycles";"Comfort Bicycles";2017;"Santa Cruz Bikes";"Santa Cruz";"CA";2017;2;"2017-02";3.0;1445.97;1204.975
104;"Sun Bicycles Streamway - 2017";"Sun Bicycles";"Comfort Bicycles";2017;"Baldwin Bikes";"Baldwin";"NY";2017;7;"2017-07";1.0;481.99;385.592
104;"Sun Bicycles Streamway - 2017";"Sun Bicycles";"Comfort Bicycles";2017;"Rowlett Bikes";"Rowlett";"TX";2017;8;"2017-08";2.0;963.98;915.781
104;"Sun Bicycles Streamway - 2017";"Sun Bicycles";"Comfort Bicycles";2017;"Santa Cruz Bikes";"Santa Cruz";"CA";2017;9;"2017-09";1.0;481.99;385.592
104;"Sun Bicycles Streamway - 2017";"Sun Bicycles";"Comfort Bicycles";2017;"Baldwin Bikes";"Baldwin";"NY";2017;9;"2017-09";2.0;963.98;896.5014
104;"Sun Bicycles Streamway - 2017";"Sun Bicycles";"Comfort Bicycles";2017;"Baldwin Bikes";"Baldwin";"NY";2017;10;"2017-10";2.0;963.98;843.4825
104;"Sun Bicycles Streamway - 2017";"Sun Bicycles";"Comfort Bicycles";2017;"Baldwin Bikes";"Baldwin";"NY";2017;11;"2017-11";1.0;481.99;457.8905
104;"Sun Bicycles Streamway - 2017";"Sun Bicycles";"Comfort Bicycles";2017;"Baldwin Bikes";"Baldwin";"NY";2017;12;"2017-12";4.0;1927.96;1812.2824
104;"Sun Bicycles Streamway - 2017";"Sun Bicycles";"Comfort Bicycles";2017;"Rowlett Bikes";"Rowlett";"TX";2017;12;"2017-12";2.0;963.98;896.5014
104;"Sun Bicycles Streamway - 2017";"Sun Bicycles";"Comfort Bicycles";2017;"Santa Cruz Bikes";"Santa Cruz";"CA";2017;12;"2017-12";1.0;481.99;433.791
104;"Sun Bicycles Streamway - 2017";"Sun Bicycles";"Comfort Bicycles";2017;"Baldwin Bikes";"Baldwin";"NY";2018;2;"2018-02";1.0;481.99;457.8905
104;"Sun Bicycles Streamway - 2017";"Sun Bicycles";"Comfort Bicycles";2017;"Santa Cruz Bikes";"Santa Cruz";"CA";2018;4;"2018-04";1.0;481.99;433.791
104;"Sun Bicycles Streamway - 2017";"Sun Bicycles";"Comfort Bicycles";2017;"Baldwin Bikes";"Baldwin";"NY";2018;4;"2018-04";2.0;963.98;771.184
105;"Sun Bicycles Streamway 7 - 2017";"Sun Bicycles";"Comfort Bicycles";2017;"Baldwin Bikes";"Baldwin";"NY";2017;1;"2017-01";2.0;1067.98;993.2214
105;"Sun Bicycles Streamway 7 - 2017";"Sun Bicycles";"Comfort Bicycles";2017;"Baldwin Bikes";"Baldwin";"NY";2017;3;"2017-03";2.0;1067.98;993.2214
105;"Sun Bicycles Streamway 7 - 2017";"Sun Bicycles";"Comfort Bicycles";2017;"Santa Cruz Bikes";"Santa Cruz";"CA";2017;4;"2017-04";2.0;1067.98;854.384
105;"Sun Bicycles Streamway 7 - 2017";"Sun Bicycles";"Comfort Bicycles";2017;"Baldwin Bikes";"Baldwin";"NY";2017;4;"2017-04";4.0;2135.96;1954.4034
105;"Sun Bicycles Streamway 7 - 2017";"Sun Bicycles";"Comfort Bicycles";2017;"Baldwin Bikes";"Baldwin";"NY";2017;5;"2017-05";2.0;1067.98;961.182
105;"Sun Bicycles Streamway 7 - 2017";"Sun Bicycles";"Comfort Bicycles";2017;"Santa Cruz Bikes";"Santa Cruz";"CA";2017;5;"2017-05";1.0;533.99;507.2905
105;"Sun Bicycles Streamway 7 - 2017";"Sun Bicycles";"Comfort Bicycles";2017;"Baldwin Bikes";"Baldwin";"NY";2017;6;"2017-06";1.0;533.99;507.2905
105;"Sun Bicycles Streamway 7 - 2017";"Sun Bicycles";"Comfort Bicycles";2017;"Santa Cruz Bikes";"Santa Cruz";"CA";2017;6;"2017-06";1.0;533.99;480.591
105;"Sun Bicycles Streamway 7 - 2017";"Sun Bicycles";"Comfort Bicycles";2017;"Baldwin Bikes";"Baldwin";"NY";2017;7;"2017-07";3.0;1601.97;1281.576
105;"Sun Bicycles Streamway 7 - 2017";"Sun Bicycles";"Comfort Bicycles";2017;"Baldwin Bikes";"Baldwin";"NY";2017;8;"2017-08";2.0;1067.98;923.8027
105;"Sun Bicycles Streamway 7 - 2017";"Sun Bicycles";"Comfort Bicycles";2017;"Santa Cruz Bikes";"Santa Cruz";"CA";2017;9;"2017-09";3.0;1601.97;1511.1917
105;"Sun Bicycles Streamway 7 - 2017";"Sun Bicycles";"Comfort Bicycles";2017;"Baldwin Bikes";"Baldwin";"NY";2017;9;"2017-09";3.0;1601.97;1473.8124
105;"Sun Bicycles Streamway 7 - 2017";"Sun Bicycles";"Comfort Bicycles";2017;"Santa Cruz Bikes";"Santa Cruz";"CA";2017;10;"2017-10";4.0;2135.96;1815.566
105;"Sun Bicycles Streamway 7 - 2017";"Sun Bicycles";"Comfort Bicycles";2017;"Baldwin Bikes";"Baldwin";"NY";2017;10;"2017-10";1.0;533.99;507.2905
105;"Sun Bicycles Streamway 7 - 2017";"Sun Bicycles";"Comfort Bicycles";2017;"Santa Cruz Bikes";"Santa Cruz";"CA";2017;12;"2017-12";2.0;1067.98;961.182
105;"Sun Bicycles Streamway 7 - 2017";"Sun Bicycles";"Comfort Bicycles";2017;"Rowlett Bikes";"Rowlett";"TX";2018;3;"2018-03";1.0;533.99;507.2905
105;"Sun Bicycles Streamway 7 - 2017";"Sun Bicycles";"Comfort Bicycles";2017;"Santa Cruz Bikes";"Santa Cruz";"CA";2018;4;"2018-04";1.0;533.99;496.6107
105;"Sun Bicycles Streamway 7 - 2017";"Sun Bicycles";"Comfort Bicycles";2017;"Baldwin Bikes";"Baldwin";"NY";2018;4;"2018-04";1.0;533.99;480.591
105;"Sun Bicycles Streamway 7 - 2017";"Sun Bicycles";"Comfort Bicycles";2017;"Baldwin Bikes";"Baldwin";"NY";2018;8;"2018-08";1.0;533.99;427.192
106;"Sun Bicycles Cruz 3 - 2017";"Sun Bicycles";"Comfort Bicycles";2017;"Baldwin Bikes";"Baldwin";"NY";2017;1;"2017-01";4.0;1799.96;1664.963
106;"Sun Bicycles Cruz 3 - 2017";"Sun Bicycles";"Comfort Bicycles";2017;"Santa Cruz Bikes";"Santa Cruz";"CA";2017;1;"2017-01";3.0;1349.97;1196.9734
106;"Sun Bicycles Cruz 3 - 2017";"Sun Bicycles";"Comfort Bicycles";2017;"Rowlett Bikes";"Rowlett";"TX";2017;2;"2017-02";2.0;899.98;809.982
106;"Sun Bicycles Cruz 3 - 2017";"Sun Bicycles";"Comfort Bicycles";2017;"Baldwin Bikes";"Baldwin";"NY";2017;2;"2017-02";2.0;899.98;854.981
106;"Sun Bicycles Cruz 3 - 2017";"Sun Bicycles";"Comfort Bicycles";2017;"Baldwin Bikes";"Baldwin";"NY";2017;4;"2017-04";2.0;899.98;719.984
106;"Sun Bicycles Cruz 3 - 2017";"Sun Bicycles";"Comfort Bicycles";2017;"Baldwin Bikes";"Baldwin";"NY";2017;5;"2017-05";5.0;2249.95;2060.9542
106;"Sun Bicycles Cruz 3 - 2017";"Sun Bicycles";"Comfort Bicycles";2017;"Rowlett Bikes";"Rowlett";"TX";2017;5;"2017-05";1.0;449.99;418.4907
106;"Sun Bicycles Cruz 3 - 2017";"Sun Bicycles";"Comfort Bicycles";2017;"Santa Cruz Bikes";"Santa Cruz";"CA";2017;5;"2017-05";1.0;449.99;427.4905
106;"Sun Bicycles Cruz 3 - 2017";"Sun Bicycles";"Comfort Bicycles";2017;"Baldwin Bikes";"Baldwin";"NY";2017;6;"2017-06";2.0;899.98;854.981
106;"Sun Bicycles Cruz 3 - 2017";"Sun Bicycles";"Comfort Bicycles";2017;"Baldwin Bikes";"Baldwin";"NY";2017;7;"2017-07";3.0;1349.97;1237.4725
106;"Sun Bicycles Cruz 3 - 2017";"Sun Bicycles";"Comfort Bicycles";2017;"Baldwin Bikes";"Baldwin";"NY";2017;8;"2017-08";3.0;1349.97;1196.9734
106;"Sun Bicycles Cruz 3 - 2017";"Sun Bicycles";"Comfort Bicycles";2017;"Baldwin Bikes";"Baldwin";"NY";2017;9;"2017-09";1.0;449.99;418.4907
106;"Sun Bicycles Cruz 3 - 2017";"Sun Bicycles";"Comfort Bicycles";2017;"Santa Cruz Bikes";"Santa Cruz";"CA";2017;9;"2017-09";2.0;899.98;854.981
106;"Sun Bicycles Cruz 3 - 2017";"Sun Bicycles";"Comfort Bicycles";2017;"Baldwin Bikes";"Baldwin";"NY";2017;10;"2017-10";6.0;2699.94;2384.947
106;"Sun Bicycles Cruz 3 - 2017";"Sun Bicycles";"Comfort Bicycles";2017;"Baldwin Bikes";"Baldwin";"NY";2018;2;"2018-02";1.0;449.99;404.991
106;"Sun Bicycles Cruz 3 - 2017";"Sun Bicycles";"Comfort Bicycles";2017;"Santa Cruz Bikes";"Santa Cruz";"CA";2018;4;"2018-04";4.0;1799.96;1529.966
107;"Sun Bicycles Cruz 7 - 2017";"Sun Bicycles";"Comfort Bicycles";2017;"Baldwin Bikes";"Baldwin";"NY";2017;1;"2017-01";1.0;416.99;396.1405
107;"Sun Bicycles Cruz 7 - 2017";"Sun Bicycles";"Comfort Bicycles";2017;"Rowlett Bikes";"Rowlett";"TX";2017;2;"2017-02";2.0;833.98;792.281
107;"Sun Bicycles Cruz 7 - 2017";"Sun Bicycles";"Comfort Bicycles";2017;"Baldwin Bikes";"Baldwin";"NY";2017;4;"2017-04";2.0;833.98;792.281
107;"Sun Bicycles Cruz 7 - 2017";"Sun Bicycles";"Comfort Bicycles";2017;"Baldwin Bikes";"Baldwin";"NY";2017;5;"2017-05";6.0;2501.94;2335.144
107;"Sun Bicycles Cruz 7 - 2017";"Sun Bicycles";"Comfort Bicycles";2017;"Baldwin Bikes";"Baldwin";"NY";2017;6;"2017-06";2.0;833.98;667.184
107;"Sun Bicycles Cruz 7 - 2017";"Sun Bicycles";"Comfort Bicycles";2017;"Baldwin Bikes";"Baldwin";"NY";2017;8;"2017-08";1.0;416.99;333.592
107;"Sun Bicycles Cruz 7 - 2017";"Sun Bicycles";"Comfort Bicycles";2017;"Baldwin Bikes";"Baldwin";"NY";2017;10;"2017-10";2.0;833.98;667.184
107;"Sun Bicycles Cruz 7 - 2017";"Sun Bicycles";"Comfort Bicycles";2017;"Baldwin Bikes";"Baldwin";"NY";2017;11;"2017-11";2.0;833.98;750.582
107;"Sun Bicycles Cruz 7 - 2017";"Sun Bicycles";"Comfort Bicycles";2017;"Santa Cruz Bikes";"Santa Cruz";"CA";2017;12;"2017-12";1.0;416.99;375.291
107;"Sun Bicycles Cruz 7 - 2017";"Sun Bicycles";"Comfort Bicycles";2017;"Santa Cruz Bikes";"Santa Cruz";"CA";2018;1;"2018-01";1.0;416.99;396.1405
107;"Sun Bicycles Cruz 7 - 2017";"Sun Bicycles";"Comfort Bicycles";2017;"Baldwin Bikes";"Baldwin";"NY";2018;1;"2018-01";2.0;833.98;792.281
107;"Sun Bicycles Cruz 7 - 2017";"Sun Bicycles";"Comfort Bicycles";2017;"Santa Cruz Bikes";"Santa Cruz";"CA";2018;4;"2018-04";2.0;833.98;667.184
107;"Sun Bicycles Cruz 7 - 2017";"Sun Bicycles";"Comfort Bicycles";2017;"Baldwin Bikes";"Baldwin";"NY";2018;4;"2018-04";1.0;416.99;396.1405
108;"Sun Bicycles Cruz 3 - Women's - 2017";"Sun Bicycles";"Comfort Bicycles";2017;"Baldwin Bikes";"Baldwin";"NY";2017;1;"2017-01";1.0;449.99;404.991
108;"Sun Bicycles Cruz 3 - Women's - 2017";"Sun Bicycles";"Comfort Bicycles";2017;"Rowlett Bikes";"Rowlett";"TX";2017;2;"2017-02";2.0;899.98;836.9814
108;"Sun Bicycles Cruz 3 - Women's - 2017";"Sun Bicycles";"Comfort Bicycles";2017;"Baldwin Bikes";"Baldwin";"NY";2017;2;"2017-02";1.0;449.99;418.4907
108;"Sun Bicycles Cruz 3 - Women's - 2017";"Sun Bicycles";"Comfort Bicycles";2017;"Baldwin Bikes";"Baldwin";"NY";2017;4;"2017-04";3.0;1349.97;1079.976
108;"Sun Bicycles Cruz 3 - Women's - 2017";"Sun Bicycles";"Comfort Bicycles";2017;"Baldwin Bikes";"Baldwin";"NY";2017;5;"2017-05";3.0;1349.97;1138.4747
108;"Sun Bicycles Cruz 3 - Women's - 2017";"Sun Bicycles";"Comfort Bicycles";2017;"Baldwin Bikes";"Baldwin";"NY";2017;6;"2017-06";4.0;1799.96;1664.963
108;"Sun Bicycles Cruz 3 - Women's - 2017";"Sun Bicycles";"Comfort Bicycles";2017;"Rowlett Bikes";"Rowlett";"TX";2017;6;"2017-06";2.0;899.98;854.981
108;"Sun Bicycles Cruz 3 - Women's - 2017";"Sun Bicycles";"Comfort Bicycles";2017;"Baldwin Bikes";"Baldwin";"NY";2017;7;"2017-07";1.0;449.99;359.992
108;"Sun Bicycles Cruz 3 - Women's - 2017";"Sun Bicycles";"Comfort Bicycles";2017;"Santa Cruz Bikes";"Santa Cruz";"CA";2017;7;"2017-07";2.0;899.98;719.984
108;"Sun Bicycles Cruz 3 - Women's - 2017";"Sun Bicycles";"Comfort Bicycles";2017;"Baldwin Bikes";"Baldwin";"NY";2017;8;"2017-08";1.0;449.99;418.4907
108;"Sun Bicycles Cruz 3 - Women's - 2017";"Sun Bicycles";"Comfort Bicycles";2017;"Santa Cruz Bikes";"Santa Cruz";"CA";2017;9;"2017-09";2.0;899.98;719.984
108;"Sun Bicycles Cruz 3 - Women's - 2017";"Sun Bicycles";"Comfort Bicycles";2017;"Baldwin Bikes";"Baldwin";"NY";2017;10;"2017-10";5.0;2249.95;2002.4555
108;"Sun Bicycles Cruz 3 - Women's - 2017";"Sun Bicycles";"Comfort Bicycles";2017;"Baldwin Bikes";"Baldwin";"NY";2017;11;"2017-11";2.0;899.98;787.4825
108;"Sun Bicycles Cruz 3 - Women's - 2017";"Sun Bicycles";"Comfort Bicycles";2017;"Baldwin Bikes";"Baldwin";"NY";2017;12;"2017-12";1.0;449.99;404.991
108;"Sun Bicycles Cruz 3 - Women's - 2017";"Sun Bicycles";"Comfort Bicycles";2017;"Baldwin Bikes";"Baldwin";"NY";2018;4;"2018-04";2.0;899.98;809.982
109;"Sun Bicycles Cruz 7 - Women's - 2017";"Sun Bicycles";"Comfort Bicycles";2017;"Baldwin Bikes";"Baldwin";"NY";2017;1;"2017-01";4.0;1667.96;1442.7854
109;"Sun Bicycles Cruz 7 - Women's - 2017";"Sun Bicycles";"Comfort Bicycles";2017;"Santa Cruz Bikes";"Santa Cruz";"CA";2017;2;"2017-02";2.0;833.98;667.184
109;"Sun Bicycles Cruz 7 - Women's - 2017";"Sun Bicycles";"Comfort Bicycles";2017;"Rowlett Bikes";"Rowlett";"TX";2017;3;"2017-03";1.0;416.99;333.592
109;"Sun Bicycles Cruz 7 - Women's - 2017";"Sun Bicycles";"Comfort Bicycles";2017;"Baldwin Bikes";"Baldwin";"NY";2017;3;"2017-03";2.0;833.98;792.281
109;"Sun Bicycles Cruz 7 - Women's - 2017";"Sun Bicycles";"Comfort Bicycles";2017;"Santa Cruz Bikes";"Santa Cruz";"CA";2017;4;"2017-04";1.0;416.99;333.592
109;"Sun Bicycles Cruz 7 - Women's - 2017";"Sun Bicycles";"Comfort Bicycles";2017;"Baldwin Bikes";"Baldwin";"NY";2017;4;"2017-04";2.0;833.98;750.582
109;"Sun Bicycles Cruz 7 - Women's - 2017";"Sun Bicycles";"Comfort Bicycles";2017;"Baldwin Bikes";"Baldwin";"NY";2017;7;"2017-07";4.0;1667.96;1501.164
109;"Sun Bicycles Cruz 7 - Women's - 2017";"Sun Bicycles";"Comfort Bicycles";2017;"Baldwin Bikes";"Baldwin";"NY";2017;8;"2017-08";1.0;416.99;387.8007
109;"Sun Bicycles Cruz 7 - Women's - 2017";"Sun Bicycles";"Comfort Bicycles";2017;"Rowlett Bikes";"Rowlett";"TX";2017;8;"2017-08";2.0;833.98;667.184
109;"Sun Bicycles Cruz 7 - Women's - 2017";"Sun Bicycles";"Comfort Bicycles";2017;"Rowlett Bikes";"Rowlett";"TX";2017;9;"2017-09";2.0;833.98;775.6014
109;"Sun Bicycles Cruz 7 - Women's - 2017";"Sun Bicycles";"Comfort Bicycles";2017;"Santa Cruz Bikes";"Santa Cruz";"CA";2017;9;"2017-09";2.0;833.98;792.281
109;"Sun Bicycles Cruz 7 - Women's - 2017";"Sun Bicycles";"Comfort Bicycles";2017;"Santa Cruz Bikes";"Santa Cruz";"CA";2017;10;"2017-10";2.0;833.98;750.582
109;"Sun Bicycles Cruz 7 - Women's - 2017";"Sun Bicycles";"Comfort Bicycles";2017;"Baldwin Bikes";"Baldwin";"NY";2017;12;"2017-12";2.0;833.98;667.184
109;"Sun Bicycles Cruz 7 - Women's - 2017";"Sun Bicycles";"Comfort Bicycles";2017;"Baldwin Bikes";"Baldwin";"NY";2018;3;"2018-03";4.0;1667.96;1567.8824
109;"Sun Bicycles Cruz 7 - Women's - 2017";"Sun Bicycles";"Comfort Bicycles";2017;"Rowlett Bikes";"Rowlett";"TX";2018;3;"2018-03";1.0;416.99;387.8007
109;"Sun Bicycles Cruz 7 - Women's - 2017";"Sun Bicycles";"Comfort Bicycles";2017;"Santa Cruz Bikes";"Santa Cruz";"CA";2018;3;"2018-03";2.0;833.98;775.6014
109;"Sun Bicycles Cruz 7 - Women's - 2017";"Sun Bicycles";"Comfort Bicycles";2017;"Baldwin Bikes";"Baldwin";"NY";2018;4;"2018-04";1.0;416.99;375.291
110;"Sun Bicycles Drifter 7 - 2017";"Sun Bicycles";"Comfort Bicycles";2017;"Baldwin Bikes";"Baldwin";"NY";2017;1;"2017-01";2.0;941.98;876.0414
110;"Sun Bicycles Drifter 7 - 2017";"Sun Bicycles";"Comfort Bicycles";2017;"Santa Cruz Bikes";"Santa Cruz";"CA";2017;3;"2017-03";1.0;470.99;438.0207
110;"Sun Bicycles Drifter 7 - 2017";"Sun Bicycles";"Comfort Bicycles";2017;"Rowlett Bikes";"Rowlett";"TX";2017;3;"2017-03";1.0;470.99;447.4405
110;"Sun Bicycles Drifter 7 - 2017";"Sun Bicycles";"Comfort Bicycles";2017;"Baldwin Bikes";"Baldwin";"NY";2017;6;"2017-06";4.0;1883.96;1601.366
110;"Sun Bicycles Drifter 7 - 2017";"Sun Bicycles";"Comfort Bicycles";2017;"Rowlett Bikes";"Rowlett";"TX";2017;6;"2017-06";1.0;470.99;438.0207
110;"Sun Bicycles Drifter 7 - 2017";"Sun Bicycles";"Comfort Bicycles";2017;"Baldwin Bikes";"Baldwin";"NY";2017;8;"2017-08";1.0;470.99;376.792
110;"Sun Bicycles Drifter 7 - 2017";"Sun Bicycles";"Comfort Bicycles";2017;"Baldwin Bikes";"Baldwin";"NY";2017;9;"2017-09";2.0;941.98;894.881
110;"Sun Bicycles Drifter 7 - 2017";"Sun Bicycles";"Comfort Bicycles";2017;"Baldwin Bikes";"Baldwin";"NY";2017;10;"2017-10";4.0;1883.96;1629.6254
110;"Sun Bicycles Drifter 7 - 2017";"Sun Bicycles";"Comfort Bicycles";2017;"Santa Cruz Bikes";"Santa Cruz";"CA";2017;11;"2017-11";2.0;941.98;894.881
110;"Sun Bicycles Drifter 7 - 2017";"Sun Bicycles";"Comfort Bicycles";2017;"Rowlett Bikes";"Rowlett";"TX";2017;12;"2017-12";2.0;941.98;876.0414
110;"Sun Bicycles Drifter 7 - 2017";"Sun Bicycles";"Comfort Bicycles";2017;"Baldwin Bikes";"Baldwin";"NY";2018;1;"2018-01";1.0;470.99;438.0207
110;"Sun Bicycles Drifter 7 - 2017";"Sun Bicycles";"Comfort Bicycles";2017;"Santa Cruz Bikes";"Santa Cruz";"CA";2018;2;"2018-02";1.0;470.99;438.0207
110;"Sun Bicycles Drifter 7 - 2017";"Sun Bicycles";"Comfort Bicycles";2017;"Baldwin Bikes";"Baldwin";"NY";2018;3;"2018-03";2.0;941.98;847.782
110;"Sun Bicycles Drifter 7 - 2017";"Sun Bicycles";"Comfort Bicycles";2017;"Santa Cruz Bikes";"Santa Cruz";"CA";2018;4;"2018-04";1.0;470.99;447.4405
111;"Sun Bicycles Drifter 7 - Women's - 2017";"Sun Bicycles";"Comfort Bicycles";2017;"Baldwin Bikes";"Baldwin";"NY";2017;2;"2017-02";3.0;1412.97;1285.8027
111;"Sun Bicycles Drifter 7 - Women's - 2017";"Sun Bicycles";"Comfort Bicycles";2017;"Baldwin Bikes";"Baldwin";"NY";2017;3;"2017-03";1.0;470.99;376.792
111;"Sun Bicycles Drifter 7 - Women's - 2017";"Sun Bicycles";"Comfort Bicycles";2017;"Rowlett Bikes";"Rowlett";"TX";2017;3;"2017-03";1.0;470.99;438.0207
111;"Sun Bicycles Drifter 7 - Women's - 2017";"Sun Bicycles";"Comfort Bicycles";2017;"Santa Cruz Bikes";"Santa Cruz";"CA";2017;5;"2017-05";1.0;470.99;376.792
111;"Sun Bicycles Drifter 7 - Women's - 2017";"Sun Bicycles";"Comfort Bicycles";2017;"Rowlett Bikes";"Rowlett";"TX";2017;6;"2017-06";1.0;470.99;447.4405
111;"Sun Bicycles Drifter 7 - Women's - 2017";"Sun Bicycles";"Comfort Bicycles";2017;"Baldwin Bikes";"Baldwin";"NY";2017;6;"2017-06";1.0;470.99;376.792
111;"Sun Bicycles Drifter 7 - Women's - 2017";"Sun Bicycles";"Comfort Bicycles";2017;"Baldwin Bikes";"Baldwin";"NY";2017;7;"2017-07";4.0;1883.96;1709.6937
111;"Sun Bicycles Drifter 7 - Women's - 2017";"Sun Bicycles";"Comfort Bicycles";2017;"Baldwin Bikes";"Baldwin";"NY";2017;8;"2017-08";2.0;941.98;753.584
111;"Sun Bicycles Drifter 7 - Women's - 2017";"Sun Bicycles";"Comfort Bicycles";2017;"Santa Cruz Bikes";"Santa Cruz";"CA";2017;8;"2017-08";2.0;941.98;894.881
111;"Sun Bicycles Drifter 7 - Women's - 2017";"Sun Bicycles";"Comfort Bicycles";2017;"Baldwin Bikes";"Baldwin";"NY";2017;9;"2017-09";2.0;941.98;894.881
111;"Sun Bicycles Drifter 7 - Women's - 2017";"Sun Bicycles";"Comfort Bicycles";2017;"Baldwin Bikes";"Baldwin";"NY";2017;11;"2017-11";1.0;470.99;423.891
111;"Sun Bicycles Drifter 7 - Women's - 2017";"Sun Bicycles";"Comfort Bicycles";2017;"Baldwin Bikes";"Baldwin";"NY";2017;12;"2017-12";2.0;941.98;824.2325
111;"Sun Bicycles Drifter 7 - Women's - 2017";"Sun Bicycles";"Comfort Bicycles";2017;"Baldwin Bikes";"Baldwin";"NY";2018;3;"2018-03";1.0;470.99;376.792
111;"Sun Bicycles Drifter 7 - Women's - 2017";"Sun Bicycles";"Comfort Bicycles";2017;"Baldwin Bikes";"Baldwin";"NY";2018;4;"2018-04";2.0;941.98;847.782
84;"Sun Bicycles Lil Kitt'n - 2017";"Sun Bicycles";"Children Bicycles";2017;"Baldwin Bikes";"Baldwin";"NY";2017;1;"2017-01";1.0;109.99;98.991
84;"Sun Bicycles Lil Kitt'n - 2017";"Sun Bicycles";"Children Bicycles";2017;"Santa Cruz Bikes";"Santa Cruz";"CA";2017;2;"2017-02";1.0;109.99;87.992
84;"Sun Bicycles Lil Kitt'n - 2017";"Sun Bicycles";"Children Bicycles";2017;"Rowlett Bikes";"Rowlett";"TX";2017;2;"2017-02";3.0;329.97;280.4745
84;"Sun Bicycles Lil Kitt'n - 2017";"Sun Bicycles";"Children Bicycles";2017;"Baldwin Bikes";"Baldwin";"NY";2017;2;"2017-02";1.0;109.99;104.4905
84;"Sun Bicycles Lil Kitt'n - 2017";"Sun Bicycles";"Children Bicycles";2017;"Santa Cruz Bikes";"Santa Cruz";"CA";2017;5;"2017-05";2.0;219.98;204.5814
84;"Sun Bicycles Lil Kitt'n - 2017";"Sun Bicycles";"Children Bicycles";2017;"Baldwin Bikes";"Baldwin";"NY";2017;7;"2017-07";4.0;439.96;413.5624
84;"Sun Bicycles Lil Kitt'n - 2017";"Sun Bicycles";"Children Bicycles";2017;"Rowlett Bikes";"Rowlett";"TX";2017;9;"2017-09";2.0;219.98;175.984
84;"Sun Bicycles Lil Kitt'n - 2017";"Sun Bicycles";"Children Bicycles";2017;"Santa Cruz Bikes";"Santa Cruz";"CA";2017;10;"2017-10";1.0;109.99;104.4905
84;"Sun Bicycles Lil Kitt'n - 2017";"Sun Bicycles";"Children Bicycles";2017;"Baldwin Bikes";"Baldwin";"NY";2017;10;"2017-10";2.0;219.98;208.981
84;"Sun Bicycles Lil Kitt'n - 2017";"Sun Bicycles";"Children Bicycles";2017;"Rowlett Bikes";"Rowlett";"TX";2017;10;"2017-10";1.0;109.99;98.991
84;"Sun Bicycles Lil Kitt'n - 2017";"Sun Bicycles";"Children Bicycles";2017;"Santa Cruz Bikes";"Santa Cruz";"CA";2017;11;"2017-11";1.0;109.99;87.992
84;"Sun Bicycles Lil Kitt'n - 2017";"Sun Bicycles";"Children Bicycles";2017;"Baldwin Bikes";"Baldwin";"NY";2018;1;"2018-01";2.0;219.98;197.982
84;"Sun Bicycles Lil Kitt'n - 2017";"Sun Bicycles";"Children Bicycles";2017;"Baldwin Bikes";"Baldwin";"NY";2018;3;"2018-03";1.0;109.99;87.992
84;"Sun Bicycles Lil Kitt'n - 2017";"Sun Bicycles";"Children Bicycles";2017;"Santa Cruz Bikes";"Santa Cruz";"CA";2018;3;"2018-03";2.0;219.98;175.984
52;"Surly Steamroller - 2017";"Surly";"Road Bikes";2017;"Santa Cruz Bikes";"Santa Cruz";"CA";2017;1;"2017-01";1.0;875.99;832.1905
52;"Surly Steamroller - 2017";"Surly";"Road Bikes";2017;"Baldwin Bikes";"Baldwin";"NY";2017;1;"2017-01";2.0;1751.98;1629.3414
52;"Surly Steamroller - 2017";"Surly";"Road Bikes";2017;"Rowlett Bikes";"Rowlett";"TX";2017;1;"2017-01";2.0;1751.98;1664.381
52;"Surly Steamroller - 2017";"Surly";"Road Bikes";2017;"Baldwin Bikes";"Baldwin";"NY";2017;2;"2017-02";1.0;875.99;832.1905
52;"Surly Steamroller - 2017";"Surly";"Road Bikes";2017;"Baldwin Bikes";"Baldwin";"NY";2017;3;"2017-03";3.0;2627.97;2189.975
52;"Surly Steamroller - 2017";"Surly";"Road Bikes";2017;"Rowlett Bikes";"Rowlett";"TX";2017;3;"2017-03";2.0;1751.98;1664.381
52;"Surly Steamroller - 2017";"Surly";"Road Bikes";2017;"Baldwin Bikes";"Baldwin";"NY";2017;5;"2017-05";1.0;875.99;832.1905
52;"Surly Steamroller - 2017";"Surly";"Road Bikes";2017;"Baldwin Bikes";"Baldwin";"NY";2017;6;"2017-06";4.0;3503.96;3065.965
52;"Surly Steamroller - 2017";"Surly";"Road Bikes";2017;"Rowlett Bikes";"Rowlett";"TX";2017;6;"2017-06";1.0;875.99;814.6707
52;"Surly Steamroller - 2017";"Surly";"Road Bikes";2017;"Baldwin Bikes";"Baldwin";"NY";2017;7;"2017-07";1.0;875.99;700.792
52;"Surly Steamroller - 2017";"Surly";"Road Bikes";2017;"Baldwin Bikes";"Baldwin";"NY";2017;8;"2017-08";2.0;1751.98;1576.782
52;"Surly Steamroller - 2017";"Surly";"Road Bikes";2017;"Baldwin Bikes";"Baldwin";"NY";2017;9;"2017-09";1.0;875.99;700.792
52;"Surly Steamroller - 2017";"Surly";"Road Bikes";2017;"Baldwin Bikes";"Baldwin";"NY";2017;10;"2017-10";1.0;875.99;814.6707
52;"Surly Steamroller - 2017";"Surly";"Road Bikes";2017;"Baldwin Bikes";"Baldwin";"NY";2017;11;"2017-11";2.0;1751.98;1664.381
52;"Surly Steamroller - 2017";"Surly";"Road Bikes";2017;"Rowlett Bikes";"Rowlett";"TX";2017;12;"2017-12";1.0;875.99;814.6707
52;"Surly Steamroller - 2017";"Surly";"Road Bikes";2017;"Baldwin Bikes";"Baldwin";"NY";2017;12;"2017-12";2.0;1751.98;1646.8612
52;"Surly Steamroller - 2017";"Surly";"Road Bikes";2017;"Santa Cruz Bikes";"Santa Cruz";"CA";2017;12;"2017-12";2.0;1751.98;1401.584
52;"Surly Steamroller - 2017";"Surly";"Road Bikes";2017;"Baldwin Bikes";"Baldwin";"NY";2018;1;"2018-01";2.0;1751.98;1576.782
52;"Surly Steamroller - 2017";"Surly";"Road Bikes";2017;"Baldwin Bikes";"Baldwin";"NY";2018;3;"2018-03";1.0;875.99;814.6707
52;"Surly Steamroller - 2017";"Surly";"Road Bikes";2017;"Santa Cruz Bikes";"Santa Cruz";"CA";2018;4;"2018-04";1.0;875.99;788.391
52;"Surly Steamroller - 2017";"Surly";"Road Bikes";2017;"Baldwin Bikes";"Baldwin";"NY";2018;4;"2018-04";2.0;1751.98;1664.381
53;"Surly Ogre Frameset - 2017";"Surly";"Road Bikes";2017;"Baldwin Bikes";"Baldwin";"NY";2017;1;"2017-01";2.0;1499.98;1424.981
53;"Surly Ogre Frameset - 2017";"Surly";"Road Bikes";2017;"Santa Cruz Bikes";"Santa Cruz";"CA";2017;1;"2017-01";1.0;749.99;712.4905
53;"Surly Ogre Frameset - 2017";"Surly";"Road Bikes";2017;"Rowlett Bikes";"Rowlett";"TX";2017;2;"2017-02";1.0;749.99;697.4907
53;"Surly Ogre Frameset - 2017";"Surly";"Road Bikes";2017;"Santa Cruz Bikes";"Santa Cruz";"CA";2017;3;"2017-03";1.0;749.99;599.992
53;"Surly Ogre Frameset - 2017";"Surly";"Road Bikes";2017;"Baldwin Bikes";"Baldwin";"NY";2017;3;"2017-03";1.0;749.99;697.4907
53;"Surly Ogre Frameset - 2017";"Surly";"Road Bikes";2017;"Baldwin Bikes";"Baldwin";"NY";2017;4;"2017-04";1.0;749.99;712.4905
53;"Surly Ogre Frameset - 2017";"Surly";"Road Bikes";2017;"Santa Cruz Bikes";"Santa Cruz";"CA";2017;5;"2017-05";1.0;749.99;674.991
53;"Surly Ogre Frameset - 2017";"Surly";"Road Bikes";2017;"Baldwin Bikes";"Baldwin";"NY";2017;9;"2017-09";1.0;749.99;674.991
53;"Surly Ogre Frameset - 2017";"Surly";"Road Bikes";2017;"Baldwin Bikes";"Baldwin";"NY";2017;10;"2017-10";5.0;3749.95;3397.4547
53;"Surly Ogre Frameset - 2017";"Surly";"Road Bikes";2017;"Baldwin Bikes";"Baldwin";"NY";2017;11;"2017-11";1.0;749.99;712.4905
53;"Surly Ogre Frameset - 2017";"Surly";"Road Bikes";2017;"Santa Cruz Bikes";"Santa Cruz";"CA";2017;12;"2017-12";2.0;1499.98;1199.984
53;"Surly Ogre Frameset - 2017";"Surly";"Road Bikes";2017;"Santa Cruz Bikes";"Santa Cruz";"CA";2018;1;"2018-01";1.0;749.99;712.4905
53;"Surly Ogre Frameset - 2017";"Surly";"Road Bikes";2017;"Santa Cruz Bikes";"Santa Cruz";"CA";2018;2;"2018-02";1.0;749.99;599.992
53;"Surly Ogre Frameset - 2017";"Surly";"Road Bikes";2017;"Baldwin Bikes";"Baldwin";"NY";2018;3;"2018-03";1.0;749.99;697.4907
53;"Surly Ogre Frameset - 2017";"Surly";"Road Bikes";2017;"Baldwin Bikes";"Baldwin";"NY";2018;4;"2018-04";2.0;1499.98;1394.9814
161;"Surly ECR - 2018";"Surly";"Road Bikes";2018;"Baldwin Bikes";"Baldwin";"NY";2018;3;"2018-03";3.0;5697.0;5127.3
163;"Surly Pack Rat - 2018";"Surly";"Road Bikes";2018;"Baldwin Bikes";"Baldwin";"NY";2018;1;"2018-01";2.0;2698.0;2158.4
163;"Surly Pack Rat - 2018";"Surly";"Road Bikes";2018;"Santa Cruz Bikes";"Santa Cruz";"CA";2018;3;"2018-03";2.0;2698.0;2158.4
163;"Surly Pack Rat - 2018";"Surly";"Road Bikes";2018;"Baldwin Bikes";"Baldwin";"NY";2018;4;"2018-04";2.0;2698.0;2509.14
163;"Surly Pack Rat - 2018";"Surly";"Road Bikes";2018;"Santa Cruz Bikes";"Santa Cruz";"CA";2018;4;"2018-04";2.0;2698.0;2509.14
164;"Surly Straggler 650b - 2018";"Surly";"Road Bikes";2018;"Baldwin Bikes";"Baldwin";"NY";2018;1;"2018-01";2.0;3098.0;2478.4
164;"Surly Straggler 650b - 2018";"Surly";"Road Bikes";2018;"Baldwin Bikes";"Baldwin";"NY";2018;3;"2018-03";2.0;3098.0;2881.14
167;"Surly ECR Frameset - 2018";"Surly";"Road Bikes";2018;"Baldwin Bikes";"Baldwin";"NY";2018;3;"2018-03";1.0;749.99;712.4905
168;"Surly Straggler - 2018";"Surly";"Road Bikes";2018;"Baldwin Bikes";"Baldwin";"NY";2018;1;"2018-01";2.0;3098.0;2478.4
168;"Surly Straggler - 2018";"Surly";"Road Bikes";2018;"Baldwin Bikes";"Baldwin";"NY";2018;3;"2018-03";1.0;1549.0;1471.55
168;"Surly Straggler - 2018";"Surly";"Road Bikes";2018;"Baldwin Bikes";"Baldwin";"NY";2018;4;"2018-04";1.0;1549.0;1394.1
3;"Surly Wednesday Frameset - 2016";"Surly";"Mountain Bikes";2016;"Baldwin Bikes";"Baldwin";"NY";2016;1;"2016-01";10.0;9999.9;9009.9099
3;"Surly Wednesday Frameset - 2016";"Surly";"Mountain Bikes";2016;"Rowlett Bikes";"Rowlett";"TX";2016;1;"2016-01";1.0;999.99;949.9905
3;"Surly Wednesday Frameset - 2016";"Surly";"Mountain Bikes";2016;"Baldwin Bikes";"Baldwin";"NY";2016;2;"2016-02";6.0;5999.94;5359.9464
3;"Surly Wednesday Frameset - 2016";"Surly";"Mountain Bikes";2016;"Rowlett Bikes";"Rowlett";"TX";2016;2;"2016-02";2.0;1999.98;1899.981
3;"Surly Wednesday Frameset - 2016";"Surly";"Mountain Bikes";2016;"Santa Cruz Bikes";"Santa Cruz";"CA";2016;2;"2016-02";2.0;1999.98;1899.981
3;"Surly Wednesday Frameset - 2016";"Surly";"Mountain Bikes";2016;"Santa Cruz Bikes";"Santa Cruz";"CA";2016;3;"2016-03";6.0;5999.94;5149.9485
3;"Surly Wednesday Frameset - 2016";"Surly";"Mountain Bikes";2016;"Baldwin Bikes";"Baldwin";"NY";2016;3;"2016-03";5.0;4999.95;4429.9557
3;"Surly Wednesday Frameset - 2016";"Surly";"Mountain Bikes";2016;"Rowlett Bikes";"Rowlett";"TX";2016;3;"2016-03";2.0;1999.98;1899.981
3;"Surly Wednesday Frameset - 2016";"Surly";"Mountain Bikes";2016;"Santa Cruz Bikes";"Santa Cruz";"CA";2016;4;"2016-04";3.0;2999.97;2729.9727
3;"Surly Wednesday Frameset - 2016";"Surly";"Mountain Bikes";2016;"Baldwin Bikes";"Baldwin";"NY";2016;4;"2016-04";5.0;4999.95;4359.9564
3;"Surly Wednesday Frameset - 2016";"Surly";"Mountain Bikes";2016;"Rowlett Bikes";"Rowlett";"TX";2016;5;"2016-05";2.0;1999.98;1799.982
3;"Surly Wednesday Frameset - 2016";"Surly";"Mountain Bikes";2016;"Baldwin Bikes";"Baldwin";"NY";2016;5;"2016-05";8.0;7999.92;7109.9289
3;"Surly Wednesday Frameset - 2016";"Surly";"Mountain Bikes";2016;"Santa Cruz Bikes";"Santa Cruz";"CA";2016;5;"2016-05";1.0;999.99;799.992
3;"Surly Wednesday Frameset - 2016";"Surly";"Mountain Bikes";2016;"Baldwin Bikes";"Baldwin";"NY";2016;6;"2016-06";5.0;4999.95;4299.957
3;"Surly Wednesday Frameset - 2016";"Surly";"Mountain Bikes";2016;"Santa Cruz Bikes";"Santa Cruz";"CA";2016;6;"2016-06";2.0;1999.98;1859.9814
3;"Surly Wednesday Frameset - 2016";"Surly";"Mountain Bikes";2016;"Rowlett Bikes";"Rowlett";"TX";2016;6;"2016-06";2.0;1999.98;1899.981
3;"Surly Wednesday Frameset - 2016";"Surly";"Mountain Bikes";2016;"Baldwin Bikes";"Baldwin";"NY";2016;7;"2016-07";6.0;5999.94;5249.9475
3;"Surly Wednesday Frameset - 2016";"Surly";"Mountain Bikes";2016;"Santa Cruz Bikes";"Santa Cruz";"CA";2016;8;"2016-08";3.0;2999.97;2829.9717
3;"Surly Wednesday Frameset - 2016";"Surly";"Mountain Bikes";2016;"Baldwin Bikes";"Baldwin";"NY";2016;8;"2016-08";6.0;5999.94;5099.949
3;"Surly Wednesday Frameset - 2016";"Surly";"Mountain Bikes";2016;"Santa Cruz Bikes";"Santa Cruz";"CA";2016;9;"2016-09";5.0;4999.95;4429.9557
3;"Surly Wednesday Frameset - 2016";"Surly";"Mountain Bikes";2016;"Baldwin Bikes";"Baldwin";"NY";2016;9;"2016-09";5.0;4999.95;4429.9557
3;"Surly Wednesday Frameset - 2016";"Surly";"Mountain Bikes";2016;"Rowlett Bikes";"Rowlett";"TX";2016;9;"2016-09";1.0;999.99;899.991
3;"Surly Wednesday Frameset - 2016";"Surly";"Mountain Bikes";2016;"Santa Cruz Bikes";"Santa Cruz";"CA";2016;10;"2016-10";2.0;1999.98;1859.9814
3;"Surly Wednesday Frameset - 2016";"Surly";"Mountain Bikes";2016;"Baldwin Bikes";"Baldwin";"NY";2016;10;"2016-10";2.0;1999.98;1799.982
3;"Surly Wednesday Frameset - 2016";"Surly";"Mountain Bikes";2016;"Rowlett Bikes";"Rowlett";"TX";2016;11;"2016-11";1.0;999.99;929.9907
3;"Surly Wednesday Frameset - 2016";"Surly";"Mountain Bikes";2016;"Santa Cruz Bikes";"Santa Cruz";"CA";2016;11;"2016-11";2.0;1999.98;1859.9814
3;"Surly Wednesday Frameset - 2016";"Surly";"Mountain Bikes";2016;"Baldwin Bikes";"Baldwin";"NY";2016;11;"2016-11";5.0;4999.95;4149.9585
3;"Surly Wednesday Frameset - 2016";"Surly";"Mountain Bikes";2016;"Rowlett Bikes";"Rowlett";"TX";2016;12;"2016-12";2.0;1999.98;1799.982
3;"Surly Wednesday Frameset - 2016";"Surly";"Mountain Bikes";2016;"Santa Cruz Bikes";"Santa Cruz";"CA";2016;12;"2016-12";1.0;999.99;929.9907
3;"Surly Wednesday Frameset - 2016";"Surly";"Mountain Bikes";2016;"Baldwin Bikes";"Baldwin";"NY";2016;12;"2016-12";1.0;999.99;929.9907
3;"Surly Wednesday Frameset - 2016";"Surly";"Mountain Bikes";2016;"Santa Cruz Bikes";"Santa Cruz";"CA";2017;1;"2017-01";1.0;999.99;799.992
3;"Surly Wednesday Frameset - 2016";"Surly";"Mountain Bikes";2016;"Baldwin Bikes";"Baldwin";"NY";2017;1;"2017-01";1.0;999.99;799.992
3;"Surly Wednesday Frameset - 2016";"Surly";"Mountain Bikes";2016;"Santa Cruz Bikes";"Santa Cruz";"CA";2017;2;"2017-02";2.0;1999.98;1859.9814
3;"Surly Wednesday Frameset - 2016";"Surly";"Mountain Bikes";2016;"Baldwin Bikes";"Baldwin";"NY";2017;2;"2017-02";2.0;1999.98;1749.9825
3;"Surly Wednesday Frameset - 2016";"Surly";"Mountain Bikes";2016;"Rowlett Bikes";"Rowlett";"TX";2017;2;"2017-02";1.0;999.99;949.9905
3;"Surly Wednesday Frameset - 2016";"Surly";"Mountain Bikes";2016;"Santa Cruz Bikes";"Santa Cruz";"CA";2017;3;"2017-03";1.0;999.99;949.9905
3;"Surly Wednesday Frameset - 2016";"Surly";"Mountain Bikes";2016;"Baldwin Bikes";"Baldwin";"NY";2017;3;"2017-03";2.0;1999.98;1859.9814
3;"Surly Wednesday Frameset - 2016";"Surly";"Mountain Bikes";2016;"Santa Cruz Bikes";"Santa Cruz";"CA";2017;6;"2017-06";1.0;999.99;899.991
3;"Surly Wednesday Frameset - 2016";"Surly";"Mountain Bikes";2016;"Baldwin Bikes";"Baldwin";"NY";2017;7;"2017-07";1.0;999.99;929.9907
3;"Surly Wednesday Frameset - 2016";"Surly";"Mountain Bikes";2016;"Baldwin Bikes";"Baldwin";"NY";2017;8;"2017-08";3.0;2999.97;2749.9725
3;"Surly Wednesday Frameset - 2016";"Surly";"Mountain Bikes";2016;"Santa Cruz Bikes";"Santa Cruz";"CA";2017;8;"2017-08";1.0;999.99;899.991
3;"Surly Wednesday Frameset - 2016";"Surly";"Mountain Bikes";2016;"Rowlett Bikes";"Rowlett";"TX";2017;8;"2017-08";2.0;1999.98;1599.984
3;"Surly Wednesday Frameset - 2016";"Surly";"Mountain Bikes";2016;"Baldwin Bikes";"Baldwin";"NY";2017;10;"2017-10";1.0;999.99;949.9905
3;"Surly Wednesday Frameset - 2016";"Surly";"Mountain Bikes";2016;"Santa Cruz Bikes";"Santa Cruz";"CA";2017;12;"2017-12";1.0;999.99;899.991
3;"Surly Wednesday Frameset - 2016";"Surly";"Mountain Bikes";2016;"Baldwin Bikes";"Baldwin";"NY";2018;1;"2018-01";2.0;1999.98;1729.9827
6;"Surly Ice Cream Truck Frameset - 2016";"Surly";"Mountain Bikes";2016;"Santa Cruz Bikes";"Santa Cruz";"CA";2016;1;"2016-01";1.0;469.99;437.0907
6;"Surly Ice Cream Truck Frameset - 2016";"Surly";"Mountain Bikes";2016;"Baldwin Bikes";"Baldwin";"NY";2016;1;"2016-01";3.0;1409.97;1268.973
6;"Surly Ice Cream Truck Frameset - 2016";"Surly";"Mountain Bikes";2016;"Baldwin Bikes";"Baldwin";"NY";2016;2;"2016-02";4.0;1879.96;1626.1654
6;"Surly Ice Cream Truck Frameset - 2016";"Surly";"Mountain Bikes";2016;"Santa Cruz Bikes";"Santa Cruz";"CA";2016;2;"2016-02";1.0;469.99;422.991
6;"Surly Ice Cream Truck Frameset - 2016";"Surly";"Mountain Bikes";2016;"Rowlett Bikes";"Rowlett";"TX";2016;2;"2016-02";2.0;939.98;845.982
6;"Surly Ice Cream Truck Frameset - 2016";"Surly";"Mountain Bikes";2016;"Baldwin Bikes";"Baldwin";"NY";2016;3;"2016-03";8.0;3759.92;3271.1304
6;"Surly Ice Cream Truck Frameset - 2016";"Surly";"Mountain Bikes";2016;"Santa Cruz Bikes";"Santa Cruz";"CA";2016;3;"2016-03";3.0;1409.97;1330.0717
6;"Surly Ice Cream Truck Frameset - 2016";"Surly";"Mountain Bikes";2016;"Santa Cruz Bikes";"Santa Cruz";"CA";2016;4;"2016-04";2.0;939.98;860.0817
6;"Surly Ice Cream Truck Frameset - 2016";"Surly";"Mountain Bikes";2016;"Baldwin Bikes";"Baldwin";"NY";2016;4;"2016-04";2.0;939.98;869.4815
6;"Surly Ice Cream Truck Frameset - 2016";"Surly";"Mountain Bikes";2016;"Baldwin Bikes";"Baldwin";"NY";2016;5;"2016-05";9.0;4229.91;3990.2151
6;"Surly Ice Cream Truck Frameset - 2016";"Surly";"Mountain Bikes";2016;"Santa Cruz Bikes";"Santa Cruz";"CA";2016;5;"2016-05";1.0;469.99;437.0907
6;"Surly Ice Cream Truck Frameset - 2016";"Surly";"Mountain Bikes";2016;"Baldwin Bikes";"Baldwin";"NY";2016;6;"2016-06";13.0;6109.87;5508.2828
6;"Surly Ice Cream Truck Frameset - 2016";"Surly";"Mountain Bikes";2016;"Santa Cruz Bikes";"Santa Cruz";"CA";2016;6;"2016-06";2.0;939.98;751.984
6;"Surly Ice Cream Truck Frameset - 2016";"Surly";"Mountain Bikes";2016;"Rowlett Bikes";"Rowlett";"TX";2016;7;"2016-07";2.0;939.98;892.981
6;"Surly Ice Cream Truck Frameset - 2016";"Surly";"Mountain Bikes";2016;"Baldwin Bikes";"Baldwin";"NY";2016;7;"2016-07";7.0;3289.93;2890.4385
6;"Surly Ice Cream Truck Frameset - 2016";"Surly";"Mountain Bikes";2016;"Santa Cruz Bikes";"Santa Cruz";"CA";2016;7;"2016-07";2.0;939.98;874.1814
6;"Surly Ice Cream Truck Frameset - 2016";"Surly";"Mountain Bikes";2016;"Santa Cruz Bikes";"Santa Cruz";"CA";2016;8;"2016-08";2.0;939.98;892.981
6;"Surly Ice Cream Truck Frameset - 2016";"Surly";"Mountain Bikes";2016;"Baldwin Bikes";"Baldwin";"NY";2016;8;"2016-08";8.0;3759.92;3346.3288
6;"Surly Ice Cream Truck Frameset - 2016";"Surly";"Mountain Bikes";2016;"Baldwin Bikes";"Baldwin";"NY";2016;9;"2016-09";14.0;6579.86;5903.0744
6;"Surly Ice Cream Truck Frameset - 2016";"Surly";"Mountain Bikes";2016;"Santa Cruz Bikes";"Santa Cruz";"CA";2016;9;"2016-09";5.0;2349.95;2194.8533
6;"Surly Ice Cream Truck Frameset - 2016";"Surly";"Mountain Bikes";2016;"Rowlett Bikes";"Rowlett";"TX";2016;9;"2016-09";1.0;469.99;437.0907
6;"Surly Ice Cream Truck Frameset - 2016";"Surly";"Mountain Bikes";2016;"Santa Cruz Bikes";"Santa Cruz";"CA";2016;10;"2016-10";4.0;1879.96;1720.1634
6;"Surly Ice Cream Truck Frameset - 2016";"Surly";"Mountain Bikes";2016;"Baldwin Bikes";"Baldwin";"NY";2016;10;"2016-10";7.0;3289.93;2693.0427
6;"Surly Ice Cream Truck Frameset - 2016";"Surly";"Mountain Bikes";2016;"Rowlett Bikes";"Rowlett";"TX";2016;10;"2016-10";1.0;469.99;375.992
6;"Surly Ice Cream Truck Frameset - 2016";"Surly";"Mountain Bikes";2016;"Rowlett Bikes";"Rowlett";"TX";2016;11;"2016-11";2.0;939.98;813.0827
6;"Surly Ice Cream Truck Frameset - 2016";"Surly";"Mountain Bikes";2016;"Santa Cruz Bikes";"Santa Cruz";"CA";2016;11;"2016-11";1.0;469.99;422.991
6;"Surly Ice Cream Truck Frameset - 2016";"Surly";"Mountain Bikes";2016;"Baldwin Bikes";"Baldwin";"NY";2016;11;"2016-11";2.0;939.98;845.982
6;"Surly Ice Cream Truck Frameset - 2016";"Surly";"Mountain Bikes";2016;"Baldwin Bikes";"Baldwin";"NY";2016;12;"2016-12";3.0;1409.97;1198.4745
6;"Surly Ice Cream Truck Frameset - 2016";"Surly";"Mountain Bikes";2016;"Rowlett Bikes";"Rowlett";"TX";2016;12;"2016-12";2.0;939.98;845.982
6;"Surly Ice Cream Truck Frameset - 2016";"Surly";"Mountain Bikes";2016;"Santa Cruz Bikes";"Santa Cruz";"CA";2016;12;"2016-12";2.0;939.98;845.982
6;"Surly Ice Cream Truck Frameset - 2016";"Surly";"Mountain Bikes";2016;"Baldwin Bikes";"Baldwin";"NY";2017;1;"2017-01";3.0;1409.97;1339.4715
6;"Surly Ice Cream Truck Frameset - 2016";"Surly";"Mountain Bikes";2016;"Santa Cruz Bikes";"Santa Cruz";"CA";2017;1;"2017-01";1.0;469.99;437.0907
6;"Surly Ice Cream Truck Frameset - 2016";"Surly";"Mountain Bikes";2016;"Santa Cruz Bikes";"Santa Cruz";"CA";2017;2;"2017-02";1.0;469.99;437.0907
6;"Surly Ice Cream Truck Frameset - 2016";"Surly";"Mountain Bikes";2016;"Baldwin Bikes";"Baldwin";"NY";2017;2;"2017-02";1.0;469.99;422.991
6;"Surly Ice Cream Truck Frameset - 2016";"Surly";"Mountain Bikes";2016;"Baldwin Bikes";"Baldwin";"NY";2017;3;"2017-03";7.0;3289.93;3116.0337
6;"Surly Ice Cream Truck Frameset - 2016";"Surly";"Mountain Bikes";2016;"Rowlett Bikes";"Rowlett";"TX";2017;3;"2017-03";2.0;939.98;751.984
6;"Surly Ice Cream Truck Frameset - 2016";"Surly";"Mountain Bikes";2016;"Baldwin Bikes";"Baldwin";"NY";2017;4;"2017-04";2.0;939.98;822.4825
6;"Surly Ice Cream Truck Frameset - 2016";"Surly";"Mountain Bikes";2016;"Rowlett Bikes";"Rowlett";"TX";2017;4;"2017-04";1.0;469.99;446.4905
6;"Surly Ice Cream Truck Frameset - 2016";"Surly";"Mountain Bikes";2016;"Santa Cruz Bikes";"Santa Cruz";"CA";2017;5;"2017-05";2.0;939.98;751.984
6;"Surly Ice Cream Truck Frameset - 2016";"Surly";"Mountain Bikes";2016;"Baldwin Bikes";"Baldwin";"NY";2017;5;"2017-05";2.0;939.98;798.983
6;"Surly Ice Cream Truck Frameset - 2016";"Surly";"Mountain Bikes";2016;"Rowlett Bikes";"Rowlett";"TX";2017;6;"2017-06";1.0;469.99;437.0907
6;"Surly Ice Cream Truck Frameset - 2016";"Surly";"Mountain Bikes";2016;"Baldwin Bikes";"Baldwin";"NY";2017;7;"2017-07";4.0;1879.96;1597.966
6;"Surly Ice Cream Truck Frameset - 2016";"Surly";"Mountain Bikes";2016;"Baldwin Bikes";"Baldwin";"NY";2017;8;"2017-08";2.0;939.98;751.984
6;"Surly Ice Cream Truck Frameset - 2016";"Surly";"Mountain Bikes";2016;"Rowlett Bikes";"Rowlett";"TX";2017;9;"2017-09";1.0;469.99;422.991
6;"Surly Ice Cream Truck Frameset - 2016";"Surly";"Mountain Bikes";2016;"Baldwin Bikes";"Baldwin";"NY";2017;9;"2017-09";4.0;1879.96;1738.963
6;"Surly Ice Cream Truck Frameset - 2016";"Surly";"Mountain Bikes";2016;"Baldwin Bikes";"Baldwin";"NY";2017;10;"2017-10";5.0;2349.95;2204.2531
6;"Surly Ice Cream Truck Frameset - 2016";"Surly";"Mountain Bikes";2016;"Rowlett Bikes";"Rowlett";"TX";2017;10;"2017-10";2.0;939.98;874.1814
6;"Surly Ice Cream Truck Frameset - 2016";"Surly";"Mountain Bikes";2016;"Santa Cruz Bikes";"Santa Cruz";"CA";2017;11;"2017-11";4.0;1879.96;1597.966
6;"Surly Ice Cream Truck Frameset - 2016";"Surly";"Mountain Bikes";2016;"Baldwin Bikes";"Baldwin";"NY";2017;11;"2017-11";2.0;939.98;845.982
6;"Surly Ice Cream Truck Frameset - 2016";"Surly";"Mountain Bikes";2016;"Baldwin Bikes";"Baldwin";"NY";2017;12;"2017-12";1.0;469.99;422.991
6;"Surly Ice Cream Truck Frameset - 2016";"Surly";"Mountain Bikes";2016;"Rowlett Bikes";"Rowlett";"TX";2018;3;"2018-03";1.0;469.99;446.4905
6;"Surly Ice Cream Truck Frameset - 2016";"Surly";"Mountain Bikes";2016;"Rowlett Bikes";"Rowlett";"TX";2018;4;"2018-04";2.0;939.98;892.981
27;"Surly Big Dummy Frameset - 2017";"Surly";"Mountain Bikes";2017;"Santa Cruz Bikes";"Santa Cruz";"CA";2017;2;"2017-02";1.0;999.99;899.991
27;"Surly Big Dummy Frameset - 2017";"Surly";"Mountain Bikes";2017;"Rowlett Bikes";"Rowlett";"TX";2017;3;"2017-03";1.0;999.99;929.9907
27;"Surly Big Dummy Frameset - 2017";"Surly";"Mountain Bikes";2017;"Baldwin Bikes";"Baldwin";"NY";2017;4;"2017-04";2.0;1999.98;1859.9814
27;"Surly Big Dummy Frameset - 2017";"Surly";"Mountain Bikes";2017;"Baldwin Bikes";"Baldwin";"NY";2017;5;"2017-05";2.0;1999.98;1899.981
27;"Surly Big Dummy Frameset - 2017";"Surly";"Mountain Bikes";2017;"Baldwin Bikes";"Baldwin";"NY";2017;6;"2017-06";1.0;999.99;949.9905
27;"Surly Big Dummy Frameset - 2017";"Surly";"Mountain Bikes";2017;"Baldwin Bikes";"Baldwin";"NY";2017;7;"2017-07";4.0;3999.96;3709.9629
27;"Surly Big Dummy Frameset - 2017";"Surly";"Mountain Bikes";2017;"Santa Cruz Bikes";"Santa Cruz";"CA";2017;7;"2017-07";2.0;1999.98;1599.984
27;"Surly Big Dummy Frameset - 2017";"Surly";"Mountain Bikes";2017;"Santa Cruz Bikes";"Santa Cruz";"CA";2017;8;"2017-08";2.0;1999.98;1859.9814
27;"Surly Big Dummy Frameset - 2017";"Surly";"Mountain Bikes";2017;"Baldwin Bikes";"Baldwin";"NY";2017;10;"2017-10";2.0;1999.98;1749.9825
27;"Surly Big Dummy Frameset - 2017";"Surly";"Mountain Bikes";2017;"Baldwin Bikes";"Baldwin";"NY";2017;11;"2017-11";2.0;1999.98;1859.9814
27;"Surly Big Dummy Frameset - 2017";"Surly";"Mountain Bikes";2017;"Santa Cruz Bikes";"Santa Cruz";"CA";2017;12;"2017-12";2.0;1999.98;1599.984
27;"Surly Big Dummy Frameset - 2017";"Surly";"Mountain Bikes";2017;"Baldwin Bikes";"Baldwin";"NY";2017;12;"2017-12";4.0;3999.96;3659.9634
27;"Surly Big Dummy Frameset - 2017";"Surly";"Mountain Bikes";2017;"Baldwin Bikes";"Baldwin";"NY";2018;1;"2018-01";2.0;1999.98;1599.984
27;"Surly Big Dummy Frameset - 2017";"Surly";"Mountain Bikes";2017;"Baldwin Bikes";"Baldwin";"NY";2018;2;"2018-02";2.0;1999.98;1899.981
27;"Surly Big Dummy Frameset - 2017";"Surly";"Mountain Bikes";2017;"Rowlett Bikes";"Rowlett";"TX";2018;4;"2018-04";2.0;1999.98;1599.984
28;"Surly Karate Monkey 27.5+ Frameset - 2017";"Surly";"Mountain Bikes";2017;"Baldwin Bikes";"Baldwin";"NY";2017;1;"2017-01";1.0;2499.99;2324.9907
28;"Surly Karate Monkey 27.5+ Frameset - 2017";"Surly";"Mountain Bikes";2017;"Baldwin Bikes";"Baldwin";"NY";2017;2;"2017-02";1.0;2499.99;2374.9905
28;"Surly Karate Monkey 27.5+ Frameset - 2017";"Surly";"Mountain Bikes";2017;"Baldwin Bikes";"Baldwin";"NY";2017;3;"2017-03";4.0;9999.96;8999.964
28;"Surly Karate Monkey 27.5+ Frameset - 2017";"Surly";"Mountain Bikes";2017;"Santa Cruz Bikes";"Santa Cruz";"CA";2017;3;"2017-03";2.0;4999.98;3999.984
28;"Surly Karate Monkey 27.5+ Frameset - 2017";"Surly";"Mountain Bikes";2017;"Baldwin Bikes";"Baldwin";"NY";2017;4;"2017-04";2.0;4999.98;4249.983
28;"Surly Karate Monkey 27.5+ Frameset - 2017";"Surly";"Mountain Bikes";2017;"Baldwin Bikes";"Baldwin";"NY";2017;5;"2017-05";6.0;14999.94;13299.9468
28;"Surly Karate Monkey 27.5+ Frameset - 2017";"Surly";"Mountain Bikes";2017;"Baldwin Bikes";"Baldwin";"NY";2017;6;"2017-06";4.0;9999.96;9149.9634
28;"Surly Karate Monkey 27.5+ Frameset - 2017";"Surly";"Mountain Bikes";2017;"Baldwin Bikes";"Baldwin";"NY";2017;7;"2017-07";2.0;4999.98;4749.981
28;"Surly Karate Monkey 27.5+ Frameset - 2017";"Surly";"Mountain Bikes";2017;"Santa Cruz Bikes";"Santa Cruz";"CA";2017;8;"2017-08";2.0;4999.98;3999.984
28;"Surly Karate Monkey 27.5+ Frameset - 2017";"Surly";"Mountain Bikes";2017;"Rowlett Bikes";"Rowlett";"TX";2017;8;"2017-08";3.0;7499.97;6874.9725
28;"Surly Karate Monkey 27.5+ Frameset - 2017";"Surly";"Mountain Bikes";2017;"Rowlett Bikes";"Rowlett";"TX";2017;9;"2017-09";1.0;2499.99;1999.992
28;"Surly Karate Monkey 27.5+ Frameset - 2017";"Surly";"Mountain Bikes";2017;"Santa Cruz Bikes";"Santa Cruz";"CA";2017;11;"2017-11";2.0;4999.98;4499.982
28;"Surly Karate Monkey 27.5+ Frameset - 2017";"Surly";"Mountain Bikes";2017;"Baldwin Bikes";"Baldwin";"NY";2017;12;"2017-12";2.0;4999.98;4749.981
28;"Surly Karate Monkey 27.5+ Frameset - 2017";"Surly";"Mountain Bikes";2017;"Rowlett Bikes";"Rowlett";"TX";2018;1;"2018-01";1.0;2499.99;2324.9907
28;"Surly Karate Monkey 27.5+ Frameset - 2017";"Surly";"Mountain Bikes";2017;"Baldwin Bikes";"Baldwin";"NY";2018;2;"2018-02";3.0;7499.97;7124.9715
28;"Surly Karate Monkey 27.5+ Frameset - 2017";"Surly";"Mountain Bikes";2017;"Baldwin Bikes";"Baldwin";"NY";2018;3;"2018-03";1.0;2499.99;2249.991
28;"Surly Karate Monkey 27.5+ Frameset - 2017";"Surly";"Mountain Bikes";2017;"Santa Cruz Bikes";"Santa Cruz";"CA";2018;4;"2018-04";2.0;4999.98;4499.982
30;"Surly Ice Cream Truck Frameset - 2017";"Surly";"Mountain Bikes";2017;"Baldwin Bikes";"Baldwin";"NY";2017;1;"2017-01";4.0;3999.96;3609.9639
30;"Surly Ice Cream Truck Frameset - 2017";"Surly";"Mountain Bikes";2017;"Baldwin Bikes";"Baldwin";"NY";2017;2;"2017-02";1.0;999.99;899.991
30;"Surly Ice Cream Truck Frameset - 2017";"Surly";"Mountain Bikes";2017;"Baldwin Bikes";"Baldwin";"NY";2017;3;"2017-03";2.0;1999.98;1899.981
30;"Surly Ice Cream Truck Frameset - 2017";"Surly";"Mountain Bikes";2017;"Baldwin Bikes";"Baldwin";"NY";2017;4;"2017-04";3.0;2999.97;2399.976
30;"Surly Ice Cream Truck Frameset - 2017";"Surly";"Mountain Bikes";2017;"Baldwin Bikes";"Baldwin";"NY";2017;5;"2017-05";2.0;1999.98;1599.984
30;"Surly Ice Cream Truck Frameset - 2017";"Surly";"Mountain Bikes";2017;"Santa Cruz Bikes";"Santa Cruz";"CA";2017;5;"2017-05";1.0;999.99;949.9905
30;"Surly Ice Cream Truck Frameset - 2017";"Surly";"Mountain Bikes";2017;"Baldwin Bikes";"Baldwin";"NY";2017;7;"2017-07";1.0;999.99;899.991
30;"Surly Ice Cream Truck Frameset - 2017";"Surly";"Mountain Bikes";2017;"Baldwin Bikes";"Baldwin";"NY";2017;8;"2017-08";2.0;1999.98;1899.981
30;"Surly Ice Cream Truck Frameset - 2017";"Surly";"Mountain Bikes";2017;"Santa Cruz Bikes";"Santa Cruz";"CA";2017;8;"2017-08";5.0;4999.95;4709.9529
30;"Surly Ice Cream Truck Frameset - 2017";"Surly";"Mountain Bikes";2017;"Rowlett Bikes";"Rowlett";"TX";2017;8;"2017-08";1.0;999.99;899.991
30;"Surly Ice Cream Truck Frameset - 2017";"Surly";"Mountain Bikes";2017;"Baldwin Bikes";"Baldwin";"NY";2017;9;"2017-09";2.0;1999.98;1899.981
30;"Surly Ice Cream Truck Frameset - 2017";"Surly";"Mountain Bikes";2017;"Santa Cruz Bikes";"Santa Cruz";"CA";2017;9;"2017-09";3.0;2999.97;2799.972
30;"Surly Ice Cream Truck Frameset - 2017";"Surly";"Mountain Bikes";2017;"Baldwin Bikes";"Baldwin";"NY";2017;11;"2017-11";2.0;1999.98;1899.981
30;"Surly Ice Cream Truck Frameset - 2017";"Surly";"Mountain Bikes";2017;"Santa Cruz Bikes";"Santa Cruz";"CA";2017;11;"2017-11";1.0;999.99;899.991
31;"Surly Wednesday - 2017";"Surly";"Mountain Bikes";2017;"Santa Cruz Bikes";"Santa Cruz";"CA";2017;2;"2017-02";1.0;1632.99;1518.6807
31;"Surly Wednesday - 2017";"Surly";"Mountain Bikes";2017;"Rowlett Bikes";"Rowlett";"TX";2017;2;"2017-02";1.0;1632.99;1306.392
31;"Surly Wednesday - 2017";"Surly";"Mountain Bikes";2017;"Baldwin Bikes";"Baldwin";"NY";2017;3;"2017-03";3.0;4898.97;4409.073
31;"Surly Wednesday - 2017";"Surly";"Mountain Bikes";2017;"Baldwin Bikes";"Baldwin";"NY";2017;5;"2017-05";2.0;3265.98;3037.3614
31;"Surly Wednesday - 2017";"Surly";"Mountain Bikes";2017;"Santa Cruz Bikes";"Santa Cruz";"CA";2017;5;"2017-05";1.0;1632.99;1469.691
31;"Surly Wednesday - 2017";"Surly";"Mountain Bikes";2017;"Baldwin Bikes";"Baldwin";"NY";2017;6;"2017-06";2.0;3265.98;3037.3614
31;"Surly Wednesday - 2017";"Surly";"Mountain Bikes";2017;"Baldwin Bikes";"Baldwin";"NY";2017;8;"2017-08";1.0;1632.99;1306.392
31;"Surly Wednesday - 2017";"Surly";"Mountain Bikes";2017;"Rowlett Bikes";"Rowlett";"TX";2017;8;"2017-08";1.0;1632.99;1306.392
31;"Surly Wednesday - 2017";"Surly";"Mountain Bikes";2017;"Baldwin Bikes";"Baldwin";"NY";2017;9;"2017-09";1.0;1632.99;1518.6807
31;"Surly Wednesday - 2017";"Surly";"Mountain Bikes";2017;"Santa Cruz Bikes";"Santa Cruz";"CA";2017;10;"2017-10";2.0;3265.98;2939.382
31;"Surly Wednesday - 2017";"Surly";"Mountain Bikes";2017;"Baldwin Bikes";"Baldwin";"NY";2018;1;"2018-01";1.0;1632.99;1551.3405
31;"Surly Wednesday - 2017";"Surly";"Mountain Bikes";2017;"Baldwin Bikes";"Baldwin";"NY";2018;3;"2018-03";2.0;3265.98;3037.3614
33;"Surly Wednesday Frameset - 2017";"Surly";"Mountain Bikes";2017;"Baldwin Bikes";"Baldwin";"NY";2017;1;"2017-01";3.0;1409.97;1315.972
33;"Surly Wednesday Frameset - 2017";"Surly";"Mountain Bikes";2017;"Baldwin Bikes";"Baldwin";"NY";2017;2;"2017-02";3.0;1409.97;1221.974
33;"Surly Wednesday Frameset - 2017";"Surly";"Mountain Bikes";2017;"Baldwin Bikes";"Baldwin";"NY";2017;3;"2017-03";6.0;2819.94;2378.1494
33;"Surly Wednesday Frameset - 2017";"Surly";"Mountain Bikes";2017;"Santa Cruz Bikes";"Santa Cruz";"CA";2017;3;"2017-03";2.0;939.98;845.982
33;"Surly Wednesday Frameset - 2017";"Surly";"Mountain Bikes";2017;"Rowlett Bikes";"Rowlett";"TX";2017;4;"2017-04";2.0;939.98;751.984
33;"Surly Wednesday Frameset - 2017";"Surly";"Mountain Bikes";2017;"Baldwin Bikes";"Baldwin";"NY";2017;5;"2017-05";3.0;1409.97;1292.4725
33;"Surly Wednesday Frameset - 2017";"Surly";"Mountain Bikes";2017;"Rowlett Bikes";"Rowlett";"TX";2017;6;"2017-06";2.0;939.98;845.982
33;"Surly Wednesday Frameset - 2017";"Surly";"Mountain Bikes";2017;"Baldwin Bikes";"Baldwin";"NY";2017;7;"2017-07";1.0;469.99;375.992
33;"Surly Wednesday Frameset - 2017";"Surly";"Mountain Bikes";2017;"Rowlett Bikes";"Rowlett";"TX";2017;8;"2017-08";3.0;1409.97;1283.0727
33;"Surly Wednesday Frameset - 2017";"Surly";"Mountain Bikes";2017;"Baldwin Bikes";"Baldwin";"NY";2017;8;"2017-08";1.0;469.99;375.992
33;"Surly Wednesday Frameset - 2017";"Surly";"Mountain Bikes";2017;"Rowlett Bikes";"Rowlett";"TX";2017;9;"2017-09";2.0;939.98;845.982
33;"Surly Wednesday Frameset - 2017";"Surly";"Mountain Bikes";2017;"Rowlett Bikes";"Rowlett";"TX";2017;10;"2017-10";2.0;939.98;751.984
33;"Surly Wednesday Frameset - 2017";"Surly";"Mountain Bikes";2017;"Baldwin Bikes";"Baldwin";"NY";2017;11;"2017-11";1.0;469.99;437.0907
33;"Surly Wednesday Frameset - 2017";"Surly";"Mountain Bikes";2017;"Santa Cruz Bikes";"Santa Cruz";"CA";2017;11;"2017-11";2.0;939.98;845.982
33;"Surly Wednesday Frameset - 2017";"Surly";"Mountain Bikes";2017;"Santa Cruz Bikes";"Santa Cruz";"CA";2017;12;"2017-12";1.0;469.99;375.992
33;"Surly Wednesday Frameset - 2017";"Surly";"Mountain Bikes";2017;"Rowlett Bikes";"Rowlett";"TX";2018;4;"2018-04";1.0;469.99;422.991
36;"Surly Troll Frameset - 2017";"Surly";"Mountain Bikes";2017;"Baldwin Bikes";"Baldwin";"NY";2017;3;"2017-03";8.0;6663.92;5964.2084
36;"Surly Troll Frameset - 2017";"Surly";"Mountain Bikes";2017;"Baldwin Bikes";"Baldwin";"NY";2017;4;"2017-04";3.0;2498.97;2249.073
36;"Surly Troll Frameset - 2017";"Surly";"Mountain Bikes";2017;"Baldwin Bikes";"Baldwin";"NY";2017;5;"2017-05";1.0;832.99;749.691
36;"Surly Troll Frameset - 2017";"Surly";"Mountain Bikes";2017;"Santa Cruz Bikes";"Santa Cruz";"CA";2017;5;"2017-05";2.0;1665.98;1499.382
36;"Surly Troll Frameset - 2017";"Surly";"Mountain Bikes";2017;"Rowlett Bikes";"Rowlett";"TX";2017;6;"2017-06";4.0;3331.96;2915.465
36;"Surly Troll Frameset - 2017";"Surly";"Mountain Bikes";2017;"Santa Cruz Bikes";"Santa Cruz";"CA";2017;7;"2017-07";2.0;1665.98;1499.382
36;"Surly Troll Frameset - 2017";"Surly";"Mountain Bikes";2017;"Baldwin Bikes";"Baldwin";"NY";2017;7;"2017-07";2.0;1665.98;1499.382
36;"Surly Troll Frameset - 2017";"Surly";"Mountain Bikes";2017;"Santa Cruz Bikes";"Santa Cruz";"CA";2017;8;"2017-08";4.0;3331.96;3132.0424
36;"Surly Troll Frameset - 2017";"Surly";"Mountain Bikes";2017;"Baldwin Bikes";"Baldwin";"NY";2017;8;"2017-08";2.0;1665.98;1499.382
36;"Surly Troll Frameset - 2017";"Surly";"Mountain Bikes";2017;"Rowlett Bikes";"Rowlett";"TX";2017;8;"2017-08";2.0;1665.98;1332.784
36;"Surly Troll Frameset - 2017";"Surly";"Mountain Bikes";2017;"Baldwin Bikes";"Baldwin";"NY";2017;9;"2017-09";4.0;3331.96;3023.7537
36;"Surly Troll Frameset - 2017";"Surly";"Mountain Bikes";2017;"Baldwin Bikes";"Baldwin";"NY";2017;10;"2017-10";2.0;1665.98;1499.382
36;"Surly Troll Frameset - 2017";"Surly";"Mountain Bikes";2017;"Santa Cruz Bikes";"Santa Cruz";"CA";2017;11;"2017-11";2.0;1665.98;1549.3614
36;"Surly Troll Frameset - 2017";"Surly";"Mountain Bikes";2017;"Baldwin Bikes";"Baldwin";"NY";2017;11;"2017-11";1.0;832.99;791.3405
36;"Surly Troll Frameset - 2017";"Surly";"Mountain Bikes";2017;"Baldwin Bikes";"Baldwin";"NY";2017;12;"2017-12";2.0;1665.98;1582.681
36;"Surly Troll Frameset - 2017";"Surly";"Mountain Bikes";2017;"Baldwin Bikes";"Baldwin";"NY";2018;2;"2018-02";2.0;1665.98;1499.382
36;"Surly Troll Frameset - 2017";"Surly";"Mountain Bikes";2017;"Santa Cruz Bikes";"Santa Cruz";"CA";2018;4;"2018-04";1.0;832.99;749.691
36;"Surly Troll Frameset - 2017";"Surly";"Mountain Bikes";2017;"Baldwin Bikes";"Baldwin";"NY";2018;4;"2018-04";1.0;832.99;666.392
36;"Surly Troll Frameset - 2017";"Surly";"Mountain Bikes";2017;"Baldwin Bikes";"Baldwin";"NY";2018;8;"2018-08";1.0;832.99;774.6807
122;"Surly Troll Frameset - 2018";"Surly";"Mountain Bikes";2018;"Baldwin Bikes";"Baldwin";"NY";2018;4;"2018-04";4.0;9999.96;8749.965
122;"Surly Troll Frameset - 2018";"Surly";"Mountain Bikes";2018;"Santa Cruz Bikes";"Santa Cruz";"CA";2018;4;"2018-04";1.0;2499.99;2324.9907
124;"Surly Krampus - 2018";"Surly";"Mountain Bikes";2018;"Santa Cruz Bikes";"Santa Cruz";"CA";2018;1;"2018-01";1.0;1499.0;1394.07
124;"Surly Krampus - 2018";"Surly";"Mountain Bikes";2018;"Baldwin Bikes";"Baldwin";"NY";2018;3;"2018-03";3.0;4497.0;3792.47
124;"Surly Krampus - 2018";"Surly";"Mountain Bikes";2018;"Baldwin Bikes";"Baldwin";"NY";2018;4;"2018-04";4.0;5996.0;5186.54
124;"Surly Krampus - 2018";"Surly";"Mountain Bikes";2018;"Rowlett Bikes";"Rowlett";"TX";2018;11;"2018-11";1.0;1499.0;1394.07
126;"Surly Big Fat Dummy Frameset - 2018";"Surly";"Mountain Bikes";2018;"Baldwin Bikes";"Baldwin";"NY";2018;3;"2018-03";2.0;939.98;860.0817
126;"Surly Big Fat Dummy Frameset - 2018";"Surly";"Mountain Bikes";2018;"Baldwin Bikes";"Baldwin";"NY";2018;4;"2018-04";1.0;469.99;422.991
126;"Surly Big Fat Dummy Frameset - 2018";"Surly";"Mountain Bikes";2018;"Santa Cruz Bikes";"Santa Cruz";"CA";2018;4;"2018-04";4.0;1879.96;1644.965
127;"Surly Pack Rat Frameset - 2018";"Surly";"Mountain Bikes";2018;"Baldwin Bikes";"Baldwin";"NY";2018;2;"2018-02";4.0;1879.96;1720.1634
127;"Surly Pack Rat Frameset - 2018";"Surly";"Mountain Bikes";2018;"Santa Cruz Bikes";"Santa Cruz";"CA";2018;4;"2018-04";1.0;469.99;422.991
128;"Surly ECR 27.5 - 2018";"Surly";"Mountain Bikes";2018;"Baldwin Bikes";"Baldwin";"NY";2018;1;"2018-01";2.0;3798.0;3038.4
128;"Surly ECR 27.5 - 2018";"Surly";"Mountain Bikes";2018;"Baldwin Bikes";"Baldwin";"NY";2018;3;"2018-03";3.0;5697.0;4747.5
128;"Surly ECR 27.5 - 2018";"Surly";"Mountain Bikes";2018;"Santa Cruz Bikes";"Santa Cruz";"CA";2018;4;"2018-04";1.0;1899.0;1709.1
128;"Surly ECR 27.5 - 2018";"Surly";"Mountain Bikes";2018;"Baldwin Bikes";"Baldwin";"NY";2018;4;"2018-04";2.0;3798.0;3608.1
10;"Surly Straggler - 2016";"Surly";"Cyclocross Bicycles";2016;"Santa Cruz Bikes";"Santa Cruz";"CA";2016;1;"2016-01";5.0;7745.0;7264.81
10;"Surly Straggler - 2016";"Surly";"Cyclocross Bicycles";2016;"Baldwin Bikes";"Baldwin";"NY";2016;1;"2016-01";9.0;13941.0;12438.47
10;"Surly Straggler - 2016";"Surly";"Cyclocross Bicycles";2016;"Baldwin Bikes";"Baldwin";"NY";2016;2;"2016-02";6.0;9294.0;7868.92
10;"Surly Straggler - 2016";"Surly";"Cyclocross Bicycles";2016;"Santa Cruz Bikes";"Santa Cruz";"CA";2016;2;"2016-02";2.0;3098.0;2881.14
10;"Surly Straggler - 2016";"Surly";"Cyclocross Bicycles";2016;"Baldwin Bikes";"Baldwin";"NY";2016;3;"2016-03";2.0;3098.0;2943.1
10;"Surly Straggler - 2016";"Surly";"Cyclocross Bicycles";2016;"Baldwin Bikes";"Baldwin";"NY";2016;4;"2016-04";12.0;18588.0;16047.64
10;"Surly Straggler - 2016";"Surly";"Cyclocross Bicycles";2016;"Santa Cruz Bikes";"Santa Cruz";"CA";2016;4;"2016-04";1.0;1549.0;1471.55
10;"Surly Straggler - 2016";"Surly";"Cyclocross Bicycles";2016;"Baldwin Bikes";"Baldwin";"NY";2016;5;"2016-05";8.0;12392.0;11509.07
10;"Surly Straggler - 2016";"Surly";"Cyclocross Bicycles";2016;"Santa Cruz Bikes";"Santa Cruz";"CA";2016;5;"2016-05";2.0;3098.0;2478.4
10;"Surly Straggler - 2016";"Surly";"Cyclocross Bicycles";2016;"Santa Cruz Bikes";"Santa Cruz";"CA";2016;6;"2016-06";3.0;4647.0;4027.4
10;"Surly Straggler - 2016";"Surly";"Cyclocross Bicycles";2016;"Baldwin Bikes";"Baldwin";"NY";2016;6;"2016-06";3.0;4647.0;4104.85
10;"Surly Straggler - 2016";"Surly";"Cyclocross Bicycles";2016;"Rowlett Bikes";"Rowlett";"TX";2016;6;"2016-06";2.0;3098.0;2943.1
10;"Surly Straggler - 2016";"Surly";"Cyclocross Bicycles";2016;"Baldwin Bikes";"Baldwin";"NY";2016;7;"2016-07";10.0;15490.0;13445.32
10;"Surly Straggler - 2016";"Surly";"Cyclocross Bicycles";2016;"Rowlett Bikes";"Rowlett";"TX";2016;7;"2016-07";2.0;3098.0;2881.14
10;"Surly Straggler - 2016";"Surly";"Cyclocross Bicycles";2016;"Santa Cruz Bikes";"Santa Cruz";"CA";2016;7;"2016-07";1.0;1549.0;1440.57
10;"Surly Straggler - 2016";"Surly";"Cyclocross Bicycles";2016;"Baldwin Bikes";"Baldwin";"NY";2016;8;"2016-08";8.0;12392.0;10688.1
10;"Surly Straggler - 2016";"Surly";"Cyclocross Bicycles";2016;"Santa Cruz Bikes";"Santa Cruz";"CA";2016;8;"2016-08";5.0;7745.0;7218.34
10;"Surly Straggler - 2016";"Surly";"Cyclocross Bicycles";2016;"Baldwin Bikes";"Baldwin";"NY";2016;9;"2016-09";3.0;4647.0;4104.85
10;"Surly Straggler - 2016";"Surly";"Cyclocross Bicycles";2016;"Santa Cruz Bikes";"Santa Cruz";"CA";2016;9;"2016-09";6.0;9294.0;7899.9
10;"Surly Straggler - 2016";"Surly";"Cyclocross Bicycles";2016;"Rowlett Bikes";"Rowlett";"TX";2016;9;"2016-09";1.0;1549.0;1440.57
10;"Surly Straggler - 2016";"Surly";"Cyclocross Bicycles";2016;"Santa Cruz Bikes";"Santa Cruz";"CA";2016;10;"2016-10";3.0;4647.0;4337.2
10;"Surly Straggler - 2016";"Surly";"Cyclocross Bicycles";2016;"Baldwin Bikes";"Baldwin";"NY";2016;10;"2016-10";7.0;10843.0;9774.19
10;"Surly Straggler - 2016";"Surly";"Cyclocross Bicycles";2016;"Baldwin Bikes";"Baldwin";"NY";2016;11;"2016-11";3.0;4647.0;4275.24
10;"Surly Straggler - 2016";"Surly";"Cyclocross Bicycles";2016;"Santa Cruz Bikes";"Santa Cruz";"CA";2016;11;"2016-11";1.0;1549.0;1471.55
10;"Surly Straggler - 2016";"Surly";"Cyclocross Bicycles";2016;"Santa Cruz Bikes";"Santa Cruz";"CA";2016;12;"2016-12";3.0;4647.0;3918.97
10;"Surly Straggler - 2016";"Surly";"Cyclocross Bicycles";2016;"Baldwin Bikes";"Baldwin";"NY";2016;12;"2016-12";9.0;13941.0;12469.45
10;"Surly Straggler - 2016";"Surly";"Cyclocross Bicycles";2016;"Rowlett Bikes";"Rowlett";"TX";2016;12;"2016-12";2.0;3098.0;2478.4
10;"Surly Straggler - 2016";"Surly";"Cyclocross Bicycles";2016;"Baldwin Bikes";"Baldwin";"NY";2017;2;"2017-02";2.0;3098.0;2943.1
10;"Surly Straggler - 2016";"Surly";"Cyclocross Bicycles";2016;"Rowlett Bikes";"Rowlett";"TX";2017;2;"2017-02";2.0;3098.0;2881.14
10;"Surly Straggler - 2016";"Surly";"Cyclocross Bicycles";2016;"Baldwin Bikes";"Baldwin";"NY";2017;4;"2017-04";1.0;1549.0;1394.1
10;"Surly Straggler - 2016";"Surly";"Cyclocross Bicycles";2016;"Baldwin Bikes";"Baldwin";"NY";2017;5;"2017-05";1.0;1549.0;1394.1
10;"Surly Straggler - 2016";"Surly";"Cyclocross Bicycles";2016;"Rowlett Bikes";"Rowlett";"TX";2017;5;"2017-05";1.0;1549.0;1471.55
10;"Surly Straggler - 2016";"Surly";"Cyclocross Bicycles";2016;"Baldwin Bikes";"Baldwin";"NY";2017;6;"2017-06";2.0;3098.0;2943.1
10;"Surly Straggler - 2016";"Surly";"Cyclocross Bicycles";2016;"Santa Cruz Bikes";"Santa Cruz";"CA";2017;7;"2017-07";2.0;3098.0;2943.1
10;"Surly Straggler - 2016";"Surly";"Cyclocross Bicycles";2016;"Baldwin Bikes";"Baldwin";"NY";2017;7;"2017-07";3.0;4647.0;4027.4
10;"Surly Straggler - 2016";"Surly";"Cyclocross Bicycles";2016;"Santa Cruz Bikes";"Santa Cruz";"CA";2017;8;"2017-08";2.0;3098.0;2943.1
10;"Surly Straggler - 2016";"Surly";"Cyclocross Bicycles";2016;"Baldwin Bikes";"Baldwin";"NY";2017;8;"2017-08";4.0;6196.0;5669.34
10;"Surly Straggler - 2016";"Surly";"Cyclocross Bicycles";2016;"Baldwin Bikes";"Baldwin";"NY";2017;9;"2017-09";2.0;3098.0;2633.3
10;"Surly Straggler - 2016";"Surly";"Cyclocross Bicycles";2016;"Baldwin Bikes";"Baldwin";"NY";2017;10;"2017-10";4.0;6196.0;5762.28
10;"Surly Straggler - 2016";"Surly";"Cyclocross Bicycles";2016;"Baldwin Bikes";"Baldwin";"NY";2017;11;"2017-11";1.0;1549.0;1440.57
10;"Surly Straggler - 2016";"Surly";"Cyclocross Bicycles";2016;"Rowlett Bikes";"Rowlett";"TX";2018;4;"2018-04";1.0;1549.0;1239.2
11;"Surly Straggler 650b - 2016";"Surly";"Cyclocross Bicycles";2016;"Santa Cruz Bikes";"Santa Cruz";"CA";2016;1;"2016-01";1.0;1680.99;1596.9405
11;"Surly Straggler 650b - 2016";"Surly";"Cyclocross Bicycles";2016;"Rowlett Bikes";"Rowlett";"TX";2016;1;"2016-01";2.0;3361.98;3193.881
11;"Surly Straggler 650b - 2016";"Surly";"Cyclocross Bicycles";2016;"Baldwin Bikes";"Baldwin";"NY";2016;1;"2016-01";1.0;1680.99;1512.891
11;"Surly Straggler 650b - 2016";"Surly";"Cyclocross Bicycles";2016;"Baldwin Bikes";"Baldwin";"NY";2016;2;"2016-02";4.0;6723.96;5715.366
11;"Surly Straggler 650b - 2016";"Surly";"Cyclocross Bicycles";2016;"Santa Cruz Bikes";"Santa Cruz";"CA";2016;2;"2016-02";2.0;3361.98;2857.683
11;"Surly Straggler 650b - 2016";"Surly";"Cyclocross Bicycles";2016;"Baldwin Bikes";"Baldwin";"NY";2016;3;"2016-03";6.0;10085.94;8573.049
11;"Surly Straggler 650b - 2016";"Surly";"Cyclocross Bicycles";2016;"Santa Cruz Bikes";"Santa Cruz";"CA";2016;3;"2016-03";2.0;3361.98;3025.782
11;"Surly Straggler 650b - 2016";"Surly";"Cyclocross Bicycles";2016;"Baldwin Bikes";"Baldwin";"NY";2016;4;"2016-04";7.0;11766.93;9665.6925
11;"Surly Straggler 650b - 2016";"Surly";"Cyclocross Bicycles";2016;"Santa Cruz Bikes";"Santa Cruz";"CA";2016;4;"2016-04";3.0;5042.97;4639.5324
11;"Surly Straggler 650b - 2016";"Surly";"Cyclocross Bicycles";2016;"Baldwin Bikes";"Baldwin";"NY";2016;5;"2016-05";6.0;10085.94;8942.8668
11;"Surly Straggler 650b - 2016";"Surly";"Cyclocross Bicycles";2016;"Santa Cruz Bikes";"Santa Cruz";"CA";2016;5;"2016-05";6.0;10085.94;9346.3044
11;"Surly Straggler 650b - 2016";"Surly";"Cyclocross Bicycles";2016;"Baldwin Bikes";"Baldwin";"NY";2016;6;"2016-06";10.0;16809.9;15549.1575
11;"Surly Straggler 650b - 2016";"Surly";"Cyclocross Bicycles";2016;"Rowlett Bikes";"Rowlett";"TX";2016;6;"2016-06";2.0;3361.98;3025.782
11;"Surly Straggler 650b - 2016";"Surly";"Cyclocross Bicycles";2016;"Santa Cruz Bikes";"Santa Cruz";"CA";2016;6;"2016-06";2.0;3361.98;3126.6414
11;"Surly Straggler 650b - 2016";"Surly";"Cyclocross Bicycles";2016;"Baldwin Bikes";"Baldwin";"NY";2016;7;"2016-07";9.0;15128.91;13414.3002
11;"Surly Straggler 650b - 2016";"Surly";"Cyclocross Bicycles";2016;"Santa Cruz Bikes";"Santa Cruz";"CA";2016;7;"2016-07";2.0;3361.98;3126.6414
11;"Surly Straggler 650b - 2016";"Surly";"Cyclocross Bicycles";2016;"Baldwin Bikes";"Baldwin";"NY";2016;8;"2016-08";7.0;11766.93;10842.3855
11;"Surly Straggler 650b - 2016";"Surly";"Cyclocross Bicycles";2016;"Rowlett Bikes";"Rowlett";"TX";2016;8;"2016-08";1.0;1680.99;1512.891
11;"Surly Straggler 650b - 2016";"Surly";"Cyclocross Bicycles";2016;"Rowlett Bikes";"Rowlett";"TX";2016;9;"2016-09";2.0;3361.98;2857.683
11;"Surly Straggler 650b - 2016";"Surly";"Cyclocross Bicycles";2016;"Baldwin Bikes";"Baldwin";"NY";2016;9;"2016-09";6.0;10085.94;9144.5856
11;"Surly Straggler 650b - 2016";"Surly";"Cyclocross Bicycles";2016;"Santa Cruz Bikes";"Santa Cruz";"CA";2016;10;"2016-10";7.0;11766.93;10573.4271
11;"Surly Straggler 650b - 2016";"Surly";"Cyclocross Bicycles";2016;"Baldwin Bikes";"Baldwin";"NY";2016;10;"2016-10";2.0;3361.98;3126.6414
11;"Surly Straggler 650b - 2016";"Surly";"Cyclocross Bicycles";2016;"Rowlett Bikes";"Rowlett";"TX";2016;11;"2016-11";2.0;3361.98;3193.881
11;"Surly Straggler 650b - 2016";"Surly";"Cyclocross Bicycles";2016;"Baldwin Bikes";"Baldwin";"NY";2016;11;"2016-11";9.0;15128.91;13212.5814
11;"Surly Straggler 650b - 2016";"Surly";"Cyclocross Bicycles";2016;"Baldwin Bikes";"Baldwin";"NY";2016;12;"2016-12";10.0;16809.9;14775.9021
11;"Surly Straggler 650b - 2016";"Surly";"Cyclocross Bicycles";2016;"Rowlett Bikes";"Rowlett";"TX";2016;12;"2016-12";1.0;1680.99;1563.3207
11;"Surly Straggler 650b - 2016";"Surly";"Cyclocross Bicycles";2016;"Santa Cruz Bikes";"Santa Cruz";"CA";2016;12;"2016-12";2.0;3361.98;2689.584
11;"Surly Straggler 650b - 2016";"Surly";"Cyclocross Bicycles";2016;"Santa Cruz Bikes";"Santa Cruz";"CA";2017;1;"2017-01";2.0;3361.98;3025.782
11;"Surly Straggler 650b - 2016";"Surly";"Cyclocross Bicycles";2016;"Santa Cruz Bikes";"Santa Cruz";"CA";2017;2;"2017-02";2.0;3361.98;3126.6414
11;"Surly Straggler 650b - 2016";"Surly";"Cyclocross Bicycles";2016;"Baldwin Bikes";"Baldwin";"NY";2017;2;"2017-02";3.0;5042.97;4370.574
11;"Surly Straggler 650b - 2016";"Surly";"Cyclocross Bicycles";2016;"Rowlett Bikes";"Rowlett";"TX";2017;3;"2017-03";2.0;3361.98;3193.881
11;"Surly Straggler 650b - 2016";"Surly";"Cyclocross Bicycles";2016;"Baldwin Bikes";"Baldwin";"NY";2017;3;"2017-03";1.0;1680.99;1563.3207
11;"Surly Straggler 650b - 2016";"Surly";"Cyclocross Bicycles";2016;"Baldwin Bikes";"Baldwin";"NY";2017;4;"2017-04";2.0;3361.98;2689.584
11;"Surly Straggler 650b - 2016";"Surly";"Cyclocross Bicycles";2016;"Santa Cruz Bikes";"Santa Cruz";"CA";2017;6;"2017-06";2.0;3361.98;3126.6414
11;"Surly Straggler 650b - 2016";"Surly";"Cyclocross Bicycles";2016;"Baldwin Bikes";"Baldwin";"NY";2017;7;"2017-07";3.0;5042.97;4723.5819
11;"Surly Straggler 650b - 2016";"Surly";"Cyclocross Bicycles";2016;"Baldwin Bikes";"Baldwin";"NY";2017;8;"2017-08";3.0;5042.97;4639.5324
11;"Surly Straggler 650b - 2016";"Surly";"Cyclocross Bicycles";2016;"Santa Cruz Bikes";"Santa Cruz";"CA";2017;8;"2017-08";1.0;1680.99;1512.891
11;"Surly Straggler 650b - 2016";"Surly";"Cyclocross Bicycles";2016;"Baldwin Bikes";"Baldwin";"NY";2017;9;"2017-09";5.0;8404.95;7497.2154
11;"Surly Straggler 650b - 2016";"Surly";"Cyclocross Bicycles";2016;"Baldwin Bikes";"Baldwin";"NY";2017;11;"2017-11";2.0;3361.98;3126.6414
11;"Surly Straggler 650b - 2016";"Surly";"Cyclocross Bicycles";2016;"Baldwin Bikes";"Baldwin";"NY";2017;12;"2017-12";3.0;5042.97;4286.5245
11;"Surly Straggler 650b - 2016";"Surly";"Cyclocross Bicycles";2016;"Santa Cruz Bikes";"Santa Cruz";"CA";2017;12;"2017-12";4.0;6723.96;6051.564
11;"Surly Straggler 650b - 2016";"Surly";"Cyclocross Bicycles";2016;"Baldwin Bikes";"Baldwin";"NY";2018;4;"2018-04";2.0;3361.98;3025.782
210;"Surly Straggler - 2018";"Surly";"Cyclocross Bicycles";2018;"Baldwin Bikes";"Baldwin";"NY";2018;2;"2018-02";2.0;3098.0;2478.4
210;"Surly Straggler - 2018";"Surly";"Cyclocross Bicycles";2018;"Baldwin Bikes";"Baldwin";"NY";2018;3;"2018-03";2.0;3098.0;2478.4
210;"Surly Straggler - 2018";"Surly";"Cyclocross Bicycles";2018;"Baldwin Bikes";"Baldwin";"NY";2018;4;"2018-04";1.0;1549.0;1471.55
211;"Surly Straggler 650b - 2018";"Surly";"Cyclocross Bicycles";2018;"Baldwin Bikes";"Baldwin";"NY";2018;4;"2018-04";2.0;3098.0;2943.1
48;"Trek Emonda S 4 - 2017";"Trek";"Road Bikes";2017;"Rowlett Bikes";"Rowlett";"TX";2017;1;"2017-01";2.0;2999.98;2849.981
48;"Trek Emonda S 4 - 2017";"Trek";"Road Bikes";2017;"Baldwin Bikes";"Baldwin";"NY";2017;1;"2017-01";4.0;5999.96;5639.9624
48;"Trek Emonda S 4 - 2017";"Trek";"Road Bikes";2017;"Santa Cruz Bikes";"Santa Cruz";"CA";2017;2;"2017-02";2.0;2999.98;2849.981
48;"Trek Emonda S 4 - 2017";"Trek";"Road Bikes";2017;"Baldwin Bikes";"Baldwin";"NY";2017;2;"2017-02";2.0;2999.98;2594.9827
48;"Trek Emonda S 4 - 2017";"Trek";"Road Bikes";2017;"Rowlett Bikes";"Rowlett";"TX";2017;2;"2017-02";1.0;1499.99;1394.9907
48;"Trek Emonda S 4 - 2017";"Trek";"Road Bikes";2017;"Rowlett Bikes";"Rowlett";"TX";2017;3;"2017-03";1.0;1499.99;1199.992
48;"Trek Emonda S 4 - 2017";"Trek";"Road Bikes";2017;"Baldwin Bikes";"Baldwin";"NY";2017;4;"2017-04";5.0;7499.95;6899.954
48;"Trek Emonda S 4 - 2017";"Trek";"Road Bikes";2017;"Baldwin Bikes";"Baldwin";"NY";2017;5;"2017-05";4.0;5999.96;5594.9627
48;"Trek Emonda S 4 - 2017";"Trek";"Road Bikes";2017;"Baldwin Bikes";"Baldwin";"NY";2017;6;"2017-06";5.0;7499.95;6974.9535
48;"Trek Emonda S 4 - 2017";"Trek";"Road Bikes";2017;"Baldwin Bikes";"Baldwin";"NY";2017;8;"2017-08";2.0;2999.98;2789.9814
48;"Trek Emonda S 4 - 2017";"Trek";"Road Bikes";2017;"Santa Cruz Bikes";"Santa Cruz";"CA";2017;8;"2017-08";2.0;2999.98;2699.982
48;"Trek Emonda S 4 - 2017";"Trek";"Road Bikes";2017;"Santa Cruz Bikes";"Santa Cruz";"CA";2017;9;"2017-09";1.0;1499.99;1199.992
48;"Trek Emonda S 4 - 2017";"Trek";"Road Bikes";2017;"Baldwin Bikes";"Baldwin";"NY";2017;9;"2017-09";1.0;1499.99;1424.9905
48;"Trek Emonda S 4 - 2017";"Trek";"Road Bikes";2017;"Baldwin Bikes";"Baldwin";"NY";2017;10;"2017-10";2.0;2999.98;2699.982
48;"Trek Emonda S 4 - 2017";"Trek";"Road Bikes";2017;"Baldwin Bikes";"Baldwin";"NY";2017;11;"2017-11";1.0;1499.99;1199.992
48;"Trek Emonda S 4 - 2017";"Trek";"Road Bikes";2017;"Baldwin Bikes";"Baldwin";"NY";2018;1;"2018-01";2.0;2999.98;2699.982
48;"Trek Emonda S 4 - 2017";"Trek";"Road Bikes";2017;"Baldwin Bikes";"Baldwin";"NY";2018;2;"2018-02";1.0;1499.99;1394.9907
48;"Trek Emonda S 4 - 2017";"Trek";"Road Bikes";2017;"Santa Cruz Bikes";"Santa Cruz";"CA";2018;2;"2018-02";2.0;2999.98;2699.982
48;"Trek Emonda S 4 - 2017";"Trek";"Road Bikes";2017;"Baldwin Bikes";"Baldwin";"NY";2018;3;"2018-03";1.0;1499.99;1199.992
48;"Trek Emonda S 4 - 2017";"Trek";"Road Bikes";2017;"Baldwin Bikes";"Baldwin";"NY";2018;4;"2018-04";1.0;1499.99;1349.991
49;"Trek Domane SL 6 - 2017";"Trek";"Road Bikes";2017;"Baldwin Bikes";"Baldwin";"NY";2017;1;"2017-01";2.0;6999.98;5599.984
49;"Trek Domane SL 6 - 2017";"Trek";"Road Bikes";2017;"Rowlett Bikes";"Rowlett";"TX";2017;2;"2017-02";1.0;3499.99;2799.992
49;"Trek Domane SL 6 - 2017";"Trek";"Road Bikes";2017;"Rowlett Bikes";"Rowlett";"TX";2017;4;"2017-04";2.0;6999.98;6509.9814
49;"Trek Domane SL 6 - 2017";"Trek";"Road Bikes";2017;"Baldwin Bikes";"Baldwin";"NY";2017;5;"2017-05";3.0;10499.97;9449.973
49;"Trek Domane SL 6 - 2017";"Trek";"Road Bikes";2017;"Baldwin Bikes";"Baldwin";"NY";2017;6;"2017-06";2.0;6999.98;6509.9814
49;"Trek Domane SL 6 - 2017";"Trek";"Road Bikes";2017;"Rowlett Bikes";"Rowlett";"TX";2017;6;"2017-06";2.0;6999.98;5599.984
49;"Trek Domane SL 6 - 2017";"Trek";"Road Bikes";2017;"Baldwin Bikes";"Baldwin";"NY";2017;7;"2017-07";2.0;6999.98;6509.9814
49;"Trek Domane SL 6 - 2017";"Trek";"Road Bikes";2017;"Rowlett Bikes";"Rowlett";"TX";2017;8;"2017-08";2.0;6999.98;6474.9815
49;"Trek Domane SL 6 - 2017";"Trek";"Road Bikes";2017;"Baldwin Bikes";"Baldwin";"NY";2017;8;"2017-08";4.0;13999.96;12249.965
49;"Trek Domane SL 6 - 2017";"Trek";"Road Bikes";2017;"Baldwin Bikes";"Baldwin";"NY";2017;9;"2017-09";4.0;13999.96;11899.966
49;"Trek Domane SL 6 - 2017";"Trek";"Road Bikes";2017;"Baldwin Bikes";"Baldwin";"NY";2017;10;"2017-10";4.0;13999.96;12354.9647
49;"Trek Domane SL 6 - 2017";"Trek";"Road Bikes";2017;"Baldwin Bikes";"Baldwin";"NY";2017;12;"2017-12";2.0;6999.98;6649.981
49;"Trek Domane SL 6 - 2017";"Trek";"Road Bikes";2017;"Baldwin Bikes";"Baldwin";"NY";2018;4;"2018-04";4.0;13999.96;11199.968
49;"Trek Domane SL 6 - 2017";"Trek";"Road Bikes";2017;"Santa Cruz Bikes";"Santa Cruz";"CA";2018;4;"2018-04";3.0;10499.97;9834.9719
50;"Trek Silque SLR 7 Women's - 2017";"Trek";"Road Bikes";2017;"Baldwin Bikes";"Baldwin";"NY";2017;1;"2017-01";1.0;5999.99;4799.992
50;"Trek Silque SLR 7 Women's - 2017";"Trek";"Road Bikes";2017;"Santa Cruz Bikes";"Santa Cruz";"CA";2017;1;"2017-01";1.0;5999.99;5579.9907
50;"Trek Silque SLR 7 Women's - 2017";"Trek";"Road Bikes";2017;"Baldwin Bikes";"Baldwin";"NY";2017;2;"2017-02";1.0;5999.99;4799.992
50;"Trek Silque SLR 7 Women's - 2017";"Trek";"Road Bikes";2017;"Baldwin Bikes";"Baldwin";"NY";2017;3;"2017-03";2.0;11999.98;11399.981
50;"Trek Silque SLR 7 Women's - 2017";"Trek";"Road Bikes";2017;"Rowlett Bikes";"Rowlett";"TX";2017;5;"2017-05";1.0;5999.99;4799.992
50;"Trek Silque SLR 7 Women's - 2017";"Trek";"Road Bikes";2017;"Baldwin Bikes";"Baldwin";"NY";2017;5;"2017-05";6.0;35999.94;32759.9454
50;"Trek Silque SLR 7 Women's - 2017";"Trek";"Road Bikes";2017;"Santa Cruz Bikes";"Santa Cruz";"CA";2017;6;"2017-06";1.0;5999.99;5399.991
50;"Trek Silque SLR 7 Women's - 2017";"Trek";"Road Bikes";2017;"Baldwin Bikes";"Baldwin";"NY";2017;6;"2017-06";2.0;11999.98;11399.981
50;"Trek Silque SLR 7 Women's - 2017";"Trek";"Road Bikes";2017;"Baldwin Bikes";"Baldwin";"NY";2017;8;"2017-08";1.0;5999.99;5699.9905
50;"Trek Silque SLR 7 Women's - 2017";"Trek";"Road Bikes";2017;"Rowlett Bikes";"Rowlett";"TX";2017;8;"2017-08";2.0;11999.98;11399.981
50;"Trek Silque SLR 7 Women's - 2017";"Trek";"Road Bikes";2017;"Baldwin Bikes";"Baldwin";"NY";2017;9;"2017-09";3.0;17999.97;16739.9721
50;"Trek Silque SLR 7 Women's - 2017";"Trek";"Road Bikes";2017;"Rowlett Bikes";"Rowlett";"TX";2017;10;"2017-10";1.0;5999.99;5579.9907
50;"Trek Silque SLR 7 Women's - 2017";"Trek";"Road Bikes";2017;"Baldwin Bikes";"Baldwin";"NY";2017;11;"2017-11";2.0;11999.98;11159.9814
50;"Trek Silque SLR 7 Women's - 2017";"Trek";"Road Bikes";2017;"Baldwin Bikes";"Baldwin";"NY";2017;12;"2017-12";2.0;11999.98;9599.984
50;"Trek Silque SLR 7 Women's - 2017";"Trek";"Road Bikes";2017;"Santa Cruz Bikes";"Santa Cruz";"CA";2018;3;"2018-03";2.0;11999.98;11159.9814
50;"Trek Silque SLR 7 Women's - 2017";"Trek";"Road Bikes";2017;"Rowlett Bikes";"Rowlett";"TX";2018;4;"2018-04";2.0;11999.98;10799.982
51;"Trek Silque SLR 8 Women's - 2017";"Trek";"Road Bikes";2017;"Baldwin Bikes";"Baldwin";"NY";2017;1;"2017-01";2.0;12999.98;12089.9814
51;"Trek Silque SLR 8 Women's - 2017";"Trek";"Road Bikes";2017;"Rowlett Bikes";"Rowlett";"TX";2017;3;"2017-03";2.0;12999.98;12089.9814
51;"Trek Silque SLR 8 Women's - 2017";"Trek";"Road Bikes";2017;"Baldwin Bikes";"Baldwin";"NY";2017;4;"2017-04";1.0;6499.99;6174.9905
51;"Trek Silque SLR 8 Women's - 2017";"Trek";"Road Bikes";2017;"Santa Cruz Bikes";"Santa Cruz";"CA";2017;5;"2017-05";2.0;12999.98;12089.9814
51;"Trek Silque SLR 8 Women's - 2017";"Trek";"Road Bikes";2017;"Rowlett Bikes";"Rowlett";"TX";2017;6;"2017-06";2.0;12999.98;11699.982
51;"Trek Silque SLR 8 Women's - 2017";"Trek";"Road Bikes";2017;"Baldwin Bikes";"Baldwin";"NY";2017;6;"2017-06";2.0;12999.98;12089.9814
51;"Trek Silque SLR 8 Women's - 2017";"Trek";"Road Bikes";2017;"Santa Cruz Bikes";"Santa Cruz";"CA";2017;6;"2017-06";1.0;6499.99;5849.991
51;"Trek Silque SLR 8 Women's - 2017";"Trek";"Road Bikes";2017;"Santa Cruz Bikes";"Santa Cruz";"CA";2017;7;"2017-07";2.0;12999.98;11699.982
51;"Trek Silque SLR 8 Women's - 2017";"Trek";"Road Bikes";2017;"Baldwin Bikes";"Baldwin";"NY";2017;7;"2017-07";2.0;12999.98;12349.981
51;"Trek Silque SLR 8 Women's - 2017";"Trek";"Road Bikes";2017;"Baldwin Bikes";"Baldwin";"NY";2017;8;"2017-08";1.0;6499.99;6174.9905
51;"Trek Silque SLR 8 Women's - 2017";"Trek";"Road Bikes";2017;"Baldwin Bikes";"Baldwin";"NY";2017;9;"2017-09";3.0;19499.97;17549.973
51;"Trek Silque SLR 8 Women's - 2017";"Trek";"Road Bikes";2017;"Baldwin Bikes";"Baldwin";"NY";2017;10;"2017-10";2.0;12999.98;12219.9812
51;"Trek Silque SLR 8 Women's - 2017";"Trek";"Road Bikes";2017;"Baldwin Bikes";"Baldwin";"NY";2017;11;"2017-11";2.0;12999.98;11894.9817
51;"Trek Silque SLR 8 Women's - 2017";"Trek";"Road Bikes";2017;"Baldwin Bikes";"Baldwin";"NY";2017;12;"2017-12";2.0;12999.98;12349.981
51;"Trek Silque SLR 8 Women's - 2017";"Trek";"Road Bikes";2017;"Baldwin Bikes";"Baldwin";"NY";2018;3;"2018-03";2.0;12999.98;12349.981
51;"Trek Silque SLR 8 Women's - 2017";"Trek";"Road Bikes";2017;"Baldwin Bikes";"Baldwin";"NY";2018;4;"2018-04";1.0;6499.99;5849.991
54;"Trek Domane SL Disc Frameset - 2017";"Trek";"Road Bikes";2017;"Santa Cruz Bikes";"Santa Cruz";"CA";2017;1;"2017-01";2.0;6399.98;6079.981
54;"Trek Domane SL Disc Frameset - 2017";"Trek";"Road Bikes";2017;"Baldwin Bikes";"Baldwin";"NY";2017;1;"2017-01";2.0;6399.98;5759.982
54;"Trek Domane SL Disc Frameset - 2017";"Trek";"Road Bikes";2017;"Baldwin Bikes";"Baldwin";"NY";2017;3;"2017-03";4.0;12799.96;11615.9637
54;"Trek Domane SL Disc Frameset - 2017";"Trek";"Road Bikes";2017;"Baldwin Bikes";"Baldwin";"NY";2017;4;"2017-04";3.0;9599.97;8575.9732
54;"Trek Domane SL Disc Frameset - 2017";"Trek";"Road Bikes";2017;"Baldwin Bikes";"Baldwin";"NY";2017;6;"2017-06";2.0;6399.98;5759.982
54;"Trek Domane SL Disc Frameset - 2017";"Trek";"Road Bikes";2017;"Santa Cruz Bikes";"Santa Cruz";"CA";2017;9;"2017-09";2.0;6399.98;5119.984
54;"Trek Domane SL Disc Frameset - 2017";"Trek";"Road Bikes";2017;"Baldwin Bikes";"Baldwin";"NY";2017;10;"2017-10";1.0;3199.99;3039.9905
54;"Trek Domane SL Disc Frameset - 2017";"Trek";"Road Bikes";2017;"Baldwin Bikes";"Baldwin";"NY";2017;11;"2017-11";1.0;3199.99;2559.992
54;"Trek Domane SL Disc Frameset - 2017";"Trek";"Road Bikes";2017;"Baldwin Bikes";"Baldwin";"NY";2017;12;"2017-12";1.0;3199.99;3039.9905
54;"Trek Domane SL Disc Frameset - 2017";"Trek";"Road Bikes";2017;"Santa Cruz Bikes";"Santa Cruz";"CA";2017;12;"2017-12";1.0;3199.99;2559.992
54;"Trek Domane SL Disc Frameset - 2017";"Trek";"Road Bikes";2017;"Baldwin Bikes";"Baldwin";"NY";2018;3;"2018-03";2.0;6399.98;6079.981
54;"Trek Domane SL Disc Frameset - 2017";"Trek";"Road Bikes";2017;"Baldwin Bikes";"Baldwin";"NY";2018;4;"2018-04";3.0;9599.97;8319.974
55;"Trek Domane S 6 - 2017";"Trek";"Road Bikes";2017;"Santa Cruz Bikes";"Santa Cruz";"CA";2017;1;"2017-01";2.0;5399.98;4859.982
55;"Trek Domane S 6 - 2017";"Trek";"Road Bikes";2017;"Baldwin Bikes";"Baldwin";"NY";2017;1;"2017-01";1.0;2699.99;2159.992
55;"Trek Domane S 6 - 2017";"Trek";"Road Bikes";2017;"Baldwin Bikes";"Baldwin";"NY";2017;2;"2017-02";8.0;21599.92;18629.931
55;"Trek Domane S 6 - 2017";"Trek";"Road Bikes";2017;"Santa Cruz Bikes";"Santa Cruz";"CA";2017;3;"2017-03";1.0;2699.99;2510.9907
55;"Trek Domane S 6 - 2017";"Trek";"Road Bikes";2017;"Baldwin Bikes";"Baldwin";"NY";2017;4;"2017-04";2.0;5399.98;5021.9814
55;"Trek Domane S 6 - 2017";"Trek";"Road Bikes";2017;"Santa Cruz Bikes";"Santa Cruz";"CA";2017;4;"2017-04";1.0;2699.99;2510.9907
55;"Trek Domane S 6 - 2017";"Trek";"Road Bikes";2017;"Baldwin Bikes";"Baldwin";"NY";2017;5;"2017-05";2.0;5399.98;5129.981
55;"Trek Domane S 6 - 2017";"Trek";"Road Bikes";2017;"Santa Cruz Bikes";"Santa Cruz";"CA";2017;6;"2017-06";2.0;5399.98;5129.981
55;"Trek Domane S 6 - 2017";"Trek";"Road Bikes";2017;"Baldwin Bikes";"Baldwin";"NY";2017;6;"2017-06";1.0;2699.99;2564.9905
55;"Trek Domane S 6 - 2017";"Trek";"Road Bikes";2017;"Santa Cruz Bikes";"Santa Cruz";"CA";2017;7;"2017-07";1.0;2699.99;2429.991
55;"Trek Domane S 6 - 2017";"Trek";"Road Bikes";2017;"Baldwin Bikes";"Baldwin";"NY";2017;7;"2017-07";2.0;5399.98;4859.982
55;"Trek Domane S 6 - 2017";"Trek";"Road Bikes";2017;"Baldwin Bikes";"Baldwin";"NY";2017;8;"2017-08";2.0;5399.98;4859.982
55;"Trek Domane S 6 - 2017";"Trek";"Road Bikes";2017;"Baldwin Bikes";"Baldwin";"NY";2017;9;"2017-09";2.0;5399.98;4319.984
55;"Trek Domane S 6 - 2017";"Trek";"Road Bikes";2017;"Santa Cruz Bikes";"Santa Cruz";"CA";2017;9;"2017-09";2.0;5399.98;5129.981
55;"Trek Domane S 6 - 2017";"Trek";"Road Bikes";2017;"Baldwin Bikes";"Baldwin";"NY";2017;10;"2017-10";2.0;5399.98;5075.9812
55;"Trek Domane S 6 - 2017";"Trek";"Road Bikes";2017;"Baldwin Bikes";"Baldwin";"NY";2017;11;"2017-11";3.0;8099.97;6479.976
55;"Trek Domane S 6 - 2017";"Trek";"Road Bikes";2017;"Santa Cruz Bikes";"Santa Cruz";"CA";2017;11;"2017-11";2.0;5399.98;5021.9814
55;"Trek Domane S 6 - 2017";"Trek";"Road Bikes";2017;"Santa Cruz Bikes";"Santa Cruz";"CA";2018;1;"2018-01";1.0;2699.99;2510.9907
55;"Trek Domane S 6 - 2017";"Trek";"Road Bikes";2017;"Baldwin Bikes";"Baldwin";"NY";2018;3;"2018-03";1.0;2699.99;2159.992
55;"Trek Domane S 6 - 2017";"Trek";"Road Bikes";2017;"Baldwin Bikes";"Baldwin";"NY";2018;4;"2018-04";1.0;2699.99;2159.992
56;"Trek Domane SLR 6 Disc - 2017";"Trek";"Road Bikes";2017;"Baldwin Bikes";"Baldwin";"NY";2017;1;"2017-01";4.0;21999.96;19964.9637
56;"Trek Domane SLR 6 Disc - 2017";"Trek";"Road Bikes";2017;"Santa Cruz Bikes";"Santa Cruz";"CA";2017;2;"2017-02";3.0;16499.97;14849.973
56;"Trek Domane SLR 6 Disc - 2017";"Trek";"Road Bikes";2017;"Baldwin Bikes";"Baldwin";"NY";2017;2;"2017-02";4.0;21999.96;20899.962
56;"Trek Domane SLR 6 Disc - 2017";"Trek";"Road Bikes";2017;"Rowlett Bikes";"Rowlett";"TX";2017;2;"2017-02";2.0;10999.98;10449.981
56;"Trek Domane SLR 6 Disc - 2017";"Trek";"Road Bikes";2017;"Baldwin Bikes";"Baldwin";"NY";2017;3;"2017-03";1.0;5499.99;4399.992
56;"Trek Domane SLR 6 Disc - 2017";"Trek";"Road Bikes";2017;"Rowlett Bikes";"Rowlett";"TX";2017;4;"2017-04";3.0;16499.97;15454.9719
56;"Trek Domane SLR 6 Disc - 2017";"Trek";"Road Bikes";2017;"Baldwin Bikes";"Baldwin";"NY";2017;5;"2017-05";1.0;5499.99;5224.9905
56;"Trek Domane SLR 6 Disc - 2017";"Trek";"Road Bikes";2017;"Rowlett Bikes";"Rowlett";"TX";2017;6;"2017-06";2.0;10999.98;10229.9814
56;"Trek Domane SLR 6 Disc - 2017";"Trek";"Road Bikes";2017;"Baldwin Bikes";"Baldwin";"NY";2017;6;"2017-06";5.0;27499.95;24254.9559
56;"Trek Domane SLR 6 Disc - 2017";"Trek";"Road Bikes";2017;"Baldwin Bikes";"Baldwin";"NY";2017;7;"2017-07";2.0;10999.98;10229.9814
56;"Trek Domane SLR 6 Disc - 2017";"Trek";"Road Bikes";2017;"Baldwin Bikes";"Baldwin";"NY";2017;8;"2017-08";1.0;5499.99;4949.991
56;"Trek Domane SLR 6 Disc - 2017";"Trek";"Road Bikes";2017;"Rowlett Bikes";"Rowlett";"TX";2017;9;"2017-09";2.0;10999.98;8799.984
56;"Trek Domane SLR 6 Disc - 2017";"Trek";"Road Bikes";2017;"Baldwin Bikes";"Baldwin";"NY";2017;9;"2017-09";2.0;10999.98;9349.983
56;"Trek Domane SLR 6 Disc - 2017";"Trek";"Road Bikes";2017;"Baldwin Bikes";"Baldwin";"NY";2017;11;"2017-11";2.0;10999.98;10229.9814
56;"Trek Domane SLR 6 Disc - 2017";"Trek";"Road Bikes";2017;"Rowlett Bikes";"Rowlett";"TX";2017;11;"2017-11";1.0;5499.99;5114.9907
56;"Trek Domane SLR 6 Disc - 2017";"Trek";"Road Bikes";2017;"Baldwin Bikes";"Baldwin";"NY";2017;12;"2017-12";5.0;27499.95;23429.9574
56;"Trek Domane SLR 6 Disc - 2017";"Trek";"Road Bikes";2017;"Baldwin Bikes";"Baldwin";"NY";2018;1;"2018-01";2.0;10999.98;8799.984
56;"Trek Domane SLR 6 Disc - 2017";"Trek";"Road Bikes";2017;"Baldwin Bikes";"Baldwin";"NY";2018;4;"2018-04";1.0;5499.99;4949.991
57;"Trek Emonda S 5 - 2017";"Trek";"Road Bikes";2017;"Baldwin Bikes";"Baldwin";"NY";2017;2;"2017-02";3.0;5999.97;4799.976
57;"Trek Emonda S 5 - 2017";"Trek";"Road Bikes";2017;"Baldwin Bikes";"Baldwin";"NY";2017;3;"2017-03";5.0;9999.95;9059.9547
57;"Trek Emonda S 5 - 2017";"Trek";"Road Bikes";2017;"Baldwin Bikes";"Baldwin";"NY";2017;5;"2017-05";4.0;7999.96;6919.9654
57;"Trek Emonda S 5 - 2017";"Trek";"Road Bikes";2017;"Baldwin Bikes";"Baldwin";"NY";2017;6;"2017-06";1.0;1999.99;1899.9905
57;"Trek Emonda S 5 - 2017";"Trek";"Road Bikes";2017;"Baldwin Bikes";"Baldwin";"NY";2017;7;"2017-07";2.0;3999.98;3599.982
57;"Trek Emonda S 5 - 2017";"Trek";"Road Bikes";2017;"Baldwin Bikes";"Baldwin";"NY";2017;11;"2017-11";1.0;1999.99;1899.9905
57;"Trek Emonda S 5 - 2017";"Trek";"Road Bikes";2017;"Santa Cruz Bikes";"Santa Cruz";"CA";2017;11;"2017-11";2.0;3999.98;3799.981
57;"Trek Emonda S 5 - 2017";"Trek";"Road Bikes";2017;"Baldwin Bikes";"Baldwin";"NY";2017;12;"2017-12";1.0;1999.99;1799.991
57;"Trek Emonda S 5 - 2017";"Trek";"Road Bikes";2017;"Baldwin Bikes";"Baldwin";"NY";2018;2;"2018-02";1.0;1999.99;1899.9905
57;"Trek Emonda S 5 - 2017";"Trek";"Road Bikes";2017;"Baldwin Bikes";"Baldwin";"NY";2018;3;"2018-03";1.0;1999.99;1599.992
57;"Trek Emonda S 5 - 2017";"Trek";"Road Bikes";2017;"Rowlett Bikes";"Rowlett";"TX";2018;4;"2018-04";2.0;3999.98;3799.981
58;"Trek Madone 9.2 - 2017";"Trek";"Road Bikes";2017;"Baldwin Bikes";"Baldwin";"NY";2017;1;"2017-01";1.0;4999.99;4649.9907
58;"Trek Madone 9.2 - 2017";"Trek";"Road Bikes";2017;"Santa Cruz Bikes";"Santa Cruz";"CA";2017;2;"2017-02";1.0;4999.99;4649.9907
58;"Trek Madone 9.2 - 2017";"Trek";"Road Bikes";2017;"Rowlett Bikes";"Rowlett";"TX";2017;2;"2017-02";1.0;4999.99;4749.9905
58;"Trek Madone 9.2 - 2017";"Trek";"Road Bikes";2017;"Baldwin Bikes";"Baldwin";"NY";2017;3;"2017-03";2.0;9999.98;8999.982
58;"Trek Madone 9.2 - 2017";"Trek";"Road Bikes";2017;"Santa Cruz Bikes";"Santa Cruz";"CA";2017;3;"2017-03";2.0;9999.98;9299.9814
58;"Trek Madone 9.2 - 2017";"Trek";"Road Bikes";2017;"Santa Cruz Bikes";"Santa Cruz";"CA";2017;4;"2017-04";2.0;9999.98;9499.981
58;"Trek Madone 9.2 - 2017";"Trek";"Road Bikes";2017;"Rowlett Bikes";"Rowlett";"TX";2017;4;"2017-04";2.0;9999.98;7999.984
58;"Trek Madone 9.2 - 2017";"Trek";"Road Bikes";2017;"Baldwin Bikes";"Baldwin";"NY";2017;4;"2017-04";2.0;9999.98;9299.9814
58;"Trek Madone 9.2 - 2017";"Trek";"Road Bikes";2017;"Baldwin Bikes";"Baldwin";"NY";2017;6;"2017-06";2.0;9999.98;9299.9814
58;"Trek Madone 9.2 - 2017";"Trek";"Road Bikes";2017;"Santa Cruz Bikes";"Santa Cruz";"CA";2017;7;"2017-07";1.0;4999.99;3999.992
58;"Trek Madone 9.2 - 2017";"Trek";"Road Bikes";2017;"Baldwin Bikes";"Baldwin";"NY";2017;7;"2017-07";1.0;4999.99;4499.991
58;"Trek Madone 9.2 - 2017";"Trek";"Road Bikes";2017;"Rowlett Bikes";"Rowlett";"TX";2017;9;"2017-09";3.0;14999.97;11999.976
58;"Trek Madone 9.2 - 2017";"Trek";"Road Bikes";2017;"Baldwin Bikes";"Baldwin";"NY";2017;9;"2017-09";2.0;9999.98;9399.9812
58;"Trek Madone 9.2 - 2017";"Trek";"Road Bikes";2017;"Baldwin Bikes";"Baldwin";"NY";2017;10;"2017-10";4.0;19999.96;18299.9634
58;"Trek Madone 9.2 - 2017";"Trek";"Road Bikes";2017;"Baldwin Bikes";"Baldwin";"NY";2017;11;"2017-11";2.0;9999.98;7999.984
58;"Trek Madone 9.2 - 2017";"Trek";"Road Bikes";2017;"Santa Cruz Bikes";"Santa Cruz";"CA";2017;11;"2017-11";1.0;4999.99;4649.9907
58;"Trek Madone 9.2 - 2017";"Trek";"Road Bikes";2017;"Baldwin Bikes";"Baldwin";"NY";2017;12;"2017-12";4.0;19999.96;18999.962
58;"Trek Madone 9.2 - 2017";"Trek";"Road Bikes";2017;"Santa Cruz Bikes";"Santa Cruz";"CA";2018;1;"2018-01";2.0;9999.98;8999.982
58;"Trek Madone 9.2 - 2017";"Trek";"Road Bikes";2017;"Baldwin Bikes";"Baldwin";"NY";2018;1;"2018-01";1.0;4999.99;4649.9907
58;"Trek Madone 9.2 - 2017";"Trek";"Road Bikes";2017;"Santa Cruz Bikes";"Santa Cruz";"CA";2018;3;"2018-03";1.0;4999.99;4649.9907
58;"Trek Madone 9.2 - 2017";"Trek";"Road Bikes";2017;"Baldwin Bikes";"Baldwin";"NY";2018;4;"2018-04";2.0;9999.98;9299.9814
59;"Trek Domane S 5 Disc - 2017";"Trek";"Road Bikes";2017;"Baldwin Bikes";"Baldwin";"NY";2017;1;"2017-01";3.0;7799.97;7305.9719
59;"Trek Domane S 5 Disc - 2017";"Trek";"Road Bikes";2017;"Santa Cruz Bikes";"Santa Cruz";"CA";2017;2;"2017-02";1.0;2599.99;2079.992
59;"Trek Domane S 5 Disc - 2017";"Trek";"Road Bikes";2017;"Baldwin Bikes";"Baldwin";"NY";2017;2;"2017-02";2.0;5199.98;4939.981
59;"Trek Domane S 5 Disc - 2017";"Trek";"Road Bikes";2017;"Santa Cruz Bikes";"Santa Cruz";"CA";2017;3;"2017-03";2.0;5199.98;4159.984
59;"Trek Domane S 5 Disc - 2017";"Trek";"Road Bikes";2017;"Baldwin Bikes";"Baldwin";"NY";2017;5;"2017-05";2.0;5199.98;4679.982
59;"Trek Domane S 5 Disc - 2017";"Trek";"Road Bikes";2017;"Baldwin Bikes";"Baldwin";"NY";2017;6;"2017-06";2.0;5199.98;4419.983
59;"Trek Domane S 5 Disc - 2017";"Trek";"Road Bikes";2017;"Baldwin Bikes";"Baldwin";"NY";2017;7;"2017-07";1.0;2599.99;2469.9905
59;"Trek Domane S 5 Disc - 2017";"Trek";"Road Bikes";2017;"Baldwin Bikes";"Baldwin";"NY";2017;8;"2017-08";1.0;2599.99;2339.991
59;"Trek Domane S 5 Disc - 2017";"Trek";"Road Bikes";2017;"Rowlett Bikes";"Rowlett";"TX";2017;8;"2017-08";2.0;5199.98;4679.982
59;"Trek Domane S 5 Disc - 2017";"Trek";"Road Bikes";2017;"Baldwin Bikes";"Baldwin";"NY";2017;10;"2017-10";1.0;2599.99;2469.9905
59;"Trek Domane S 5 Disc - 2017";"Trek";"Road Bikes";2017;"Santa Cruz Bikes";"Santa Cruz";"CA";2017;11;"2017-11";4.0;10399.96;8839.966
59;"Trek Domane S 5 Disc - 2017";"Trek";"Road Bikes";2017;"Rowlett Bikes";"Rowlett";"TX";2017;12;"2017-12";1.0;2599.99;2469.9905
59;"Trek Domane S 5 Disc - 2017";"Trek";"Road Bikes";2017;"Santa Cruz Bikes";"Santa Cruz";"CA";2017;12;"2017-12";1.0;2599.99;2079.992
59;"Trek Domane S 5 Disc - 2017";"Trek";"Road Bikes";2017;"Baldwin Bikes";"Baldwin";"NY";2018;3;"2018-03";2.0;5199.98;4159.984
59;"Trek Domane S 5 Disc - 2017";"Trek";"Road Bikes";2017;"Rowlett Bikes";"Rowlett";"TX";2018;4;"2018-04";1.0;2599.99;2417.9907
143;"Trek Domane ALR 3 - 2018";"Trek";"Road Bikes";2018;"Santa Cruz Bikes";"Santa Cruz";"CA";2018;1;"2018-01";1.0;1099.99;1022.9907
144;"Trek Domane ALR 4 Disc - 2018";"Trek";"Road Bikes";2018;"Baldwin Bikes";"Baldwin";"NY";2018;1;"2018-01";1.0;1549.99;1441.4907
144;"Trek Domane ALR 4 Disc - 2018";"Trek";"Road Bikes";2018;"Baldwin Bikes";"Baldwin";"NY";2018;4;"2018-04";2.0;3099.98;2479.984
145;"Trek Domane ALR 5 Disc - 2018";"Trek";"Road Bikes";2018;"Baldwin Bikes";"Baldwin";"NY";2018;1;"2018-01";4.0;7199.96;6119.966
145;"Trek Domane ALR 5 Disc - 2018";"Trek";"Road Bikes";2018;"Rowlett Bikes";"Rowlett";"TX";2018;2;"2018-02";1.0;1799.99;1673.9907
145;"Trek Domane ALR 5 Disc - 2018";"Trek";"Road Bikes";2018;"Baldwin Bikes";"Baldwin";"NY";2018;3;"2018-03";2.0;3599.98;3347.9814
146;"Trek Domane SLR 6 - 2018";"Trek";"Road Bikes";2018;"Santa Cruz Bikes";"Santa Cruz";"CA";2018;4;"2018-04";1.0;4999.99;3999.992
146;"Trek Domane SLR 6 - 2018";"Trek";"Road Bikes";2018;"Baldwin Bikes";"Baldwin";"NY";2018;4;"2018-04";1.0;4999.99;4499.991
147;"Trek Domane ALR 5 Gravel - 2018";"Trek";"Road Bikes";2018;"Santa Cruz Bikes";"Santa Cruz";"CA";2018;1;"2018-01";1.0;1799.99;1673.9907
147;"Trek Domane ALR 5 Gravel - 2018";"Trek";"Road Bikes";2018;"Rowlett Bikes";"Rowlett";"TX";2018;1;"2018-01";2.0;3599.98;3419.981
147;"Trek Domane ALR 5 Gravel - 2018";"Trek";"Road Bikes";2018;"Baldwin Bikes";"Baldwin";"NY";2018;2;"2018-02";2.0;3599.98;3239.982
147;"Trek Domane ALR 5 Gravel - 2018";"Trek";"Road Bikes";2018;"Santa Cruz Bikes";"Santa Cruz";"CA";2018;4;"2018-04";2.0;3599.98;3347.9814
148;"Trek Domane SL 8 Disc - 2018";"Trek";"Road Bikes";2018;"Santa Cruz Bikes";"Santa Cruz";"CA";2018;1;"2018-01";1.0;5499.99;5224.9905
148;"Trek Domane SL 8 Disc - 2018";"Trek";"Road Bikes";2018;"Santa Cruz Bikes";"Santa Cruz";"CA";2018;3;"2018-03";1.0;5499.99;4399.992
148;"Trek Domane SL 8 Disc - 2018";"Trek";"Road Bikes";2018;"Baldwin Bikes";"Baldwin";"NY";2018;4;"2018-04";1.0;5499.99;5114.9907
149;"Trek Domane SLR 8 Disc - 2018";"Trek";"Road Bikes";2018;"Baldwin Bikes";"Baldwin";"NY";2018;1;"2018-01";1.0;7499.99;5999.992
149;"Trek Domane SLR 8 Disc - 2018";"Trek";"Road Bikes";2018;"Baldwin Bikes";"Baldwin";"NY";2018;3;"2018-03";1.0;7499.99;7124.9905
149;"Trek Domane SLR 8 Disc - 2018";"Trek";"Road Bikes";2018;"Baldwin Bikes";"Baldwin";"NY";2018;4;"2018-04";2.0;14999.98;14249.981
150;"Trek Emonda SL 7 - 2018";"Trek";"Road Bikes";2018;"Rowlett Bikes";"Rowlett";"TX";2018;1;"2018-01";1.0;4499.99;4274.9905
150;"Trek Emonda SL 7 - 2018";"Trek";"Road Bikes";2018;"Santa Cruz Bikes";"Santa Cruz";"CA";2018;2;"2018-02";1.0;4499.99;4184.9907
150;"Trek Emonda SL 7 - 2018";"Trek";"Road Bikes";2018;"Baldwin Bikes";"Baldwin";"NY";2018;4;"2018-04";1.0;4499.99;3599.992
151;"Trek Domane ALR 4 Disc Women's - 2018";"Trek";"Road Bikes";2018;"Baldwin Bikes";"Baldwin";"NY";2018;1;"2018-01";2.0;3099.98;2882.9814
151;"Trek Domane ALR 4 Disc Women's - 2018";"Trek";"Road Bikes";2018;"Baldwin Bikes";"Baldwin";"NY";2018;3;"2018-03";2.0;3099.98;2944.981
151;"Trek Domane ALR 4 Disc Women's - 2018";"Trek";"Road Bikes";2018;"Santa Cruz Bikes";"Santa Cruz";"CA";2018;4;"2018-04";2.0;3099.98;2479.984
151;"Trek Domane ALR 4 Disc Women's - 2018";"Trek";"Road Bikes";2018;"Baldwin Bikes";"Baldwin";"NY";2018;4;"2018-04";1.0;1549.99;1441.4907
152;"Trek Domane SL 5 Disc Women's - 2018";"Trek";"Road Bikes";2018;"Baldwin Bikes";"Baldwin";"NY";2018;1;"2018-01";1.0;2499.99;2249.991
152;"Trek Domane SL 5 Disc Women's - 2018";"Trek";"Road Bikes";2018;"Baldwin Bikes";"Baldwin";"NY";2018;3;"2018-03";2.0;4999.98;3999.984
153;"Trek Domane SL 7 Women's - 2018";"Trek";"Road Bikes";2018;"Baldwin Bikes";"Baldwin";"NY";2018;1;"2018-01";2.0;9999.98;9249.9815
153;"Trek Domane SL 7 Women's - 2018";"Trek";"Road Bikes";2018;"Baldwin Bikes";"Baldwin";"NY";2018;2;"2018-02";2.0;9999.98;9499.981
153;"Trek Domane SL 7 Women's - 2018";"Trek";"Road Bikes";2018;"Baldwin Bikes";"Baldwin";"NY";2018;4;"2018-04";2.0;9999.98;7999.984
153;"Trek Domane SL 7 Women's - 2018";"Trek";"Road Bikes";2018;"Baldwin Bikes";"Baldwin";"NY";2018;11;"2018-11";1.0;4999.99;4649.9907
155;"Trek Domane SLR 9 Disc - 2018";"Trek";"Road Bikes";2018;"Baldwin Bikes";"Baldwin";"NY";2018;1;"2018-01";2.0;23999.98;21599.982
155;"Trek Domane SLR 9 Disc - 2018";"Trek";"Road Bikes";2018;"Baldwin Bikes";"Baldwin";"NY";2018;4;"2018-04";3.0;35999.97;32759.9727
156;"Trek Domane SL Frameset - 2018";"Trek";"Road Bikes";2018;"Baldwin Bikes";"Baldwin";"NY";2018;4;"2018-04";2.0;12999.98;11699.982
156;"Trek Domane SL Frameset - 2018";"Trek";"Road Bikes";2018;"Santa Cruz Bikes";"Santa Cruz";"CA";2018;4;"2018-04";1.0;6499.99;5849.991
157;"Trek Domane SL Frameset Women's - 2018";"Trek";"Road Bikes";2018;"Santa Cruz Bikes";"Santa Cruz";"CA";2018;1;"2018-01";1.0;6499.99;6174.9905
158;"Trek CrossRip 1 - 2018";"Trek";"Road Bikes";2018;"Rowlett Bikes";"Rowlett";"TX";2018;4;"2018-04";2.0;1919.98;1535.984
158;"Trek CrossRip 1 - 2018";"Trek";"Road Bikes";2018;"Baldwin Bikes";"Baldwin";"NY";2018;4;"2018-04";3.0;2879.97;2553.5734
159;"Trek Emonda ALR 6 - 2018";"Trek";"Road Bikes";2018;"Baldwin Bikes";"Baldwin";"NY";2018;1;"2018-01";1.0;2299.99;2184.9905
159;"Trek Emonda ALR 6 - 2018";"Trek";"Road Bikes";2018;"Baldwin Bikes";"Baldwin";"NY";2018;3;"2018-03";1.0;2299.99;2138.9907
159;"Trek Emonda ALR 6 - 2018";"Trek";"Road Bikes";2018;"Santa Cruz Bikes";"Santa Cruz";"CA";2018;4;"2018-04";2.0;4599.98;4369.981
159;"Trek Emonda ALR 6 - 2018";"Trek";"Road Bikes";2018;"Baldwin Bikes";"Baldwin";"NY";2018;4;"2018-04";1.0;2299.99;2138.9907
159;"Trek Emonda ALR 6 - 2018";"Trek";"Road Bikes";2018;"Rowlett Bikes";"Rowlett";"TX";2018;11;"2018-11";2.0;4599.98;4277.9814
160;"Trek Emonda SLR 6 - 2018";"Trek";"Road Bikes";2018;"Baldwin Bikes";"Baldwin";"NY";2018;1;"2018-01";2.0;8999.98;8369.9814
160;"Trek Emonda SLR 6 - 2018";"Trek";"Road Bikes";2018;"Baldwin Bikes";"Baldwin";"NY";2018;3;"2018-03";2.0;8999.98;8234.9817
160;"Trek Emonda SLR 6 - 2018";"Trek";"Road Bikes";2018;"Santa Cruz Bikes";"Santa Cruz";"CA";2018;4;"2018-04";1.0;4499.99;4184.9907
162;"Trek Emonda SL 6 Disc - 2018";"Trek";"Road Bikes";2018;"Baldwin Bikes";"Baldwin";"NY";2018;2;"2018-02";2.0;5999.98;5399.982
162;"Trek Emonda SL 6 Disc - 2018";"Trek";"Road Bikes";2018;"Baldwin Bikes";"Baldwin";"NY";2018;3;"2018-03";2.0;5999.98;5399.982
165;"Trek 1120 - 2018";"Trek";"Road Bikes";2018;"Rowlett Bikes";"Rowlett";"TX";2018;2;"2018-02";2.0;4999.98;4749.981
165;"Trek 1120 - 2018";"Trek";"Road Bikes";2018;"Baldwin Bikes";"Baldwin";"NY";2018;3;"2018-03";2.0;4999.98;3999.984
166;"Trek Domane AL 2 Women's - 2018";"Trek";"Road Bikes";2018;"Santa Cruz Bikes";"Santa Cruz";"CA";2018;1;"2018-01";2.0;1499.98;1394.9814
166;"Trek Domane AL 2 Women's - 2018";"Trek";"Road Bikes";2018;"Baldwin Bikes";"Baldwin";"NY";2018;2;"2018-02";1.0;749.99;599.992
166;"Trek Domane AL 2 Women's - 2018";"Trek";"Road Bikes";2018;"Santa Cruz Bikes";"Santa Cruz";"CA";2018;4;"2018-04";2.0;1499.98;1387.4815
169;"Trek Emonda SLR 8 - 2018";"Trek";"Road Bikes";2018;"Baldwin Bikes";"Baldwin";"NY";2018;1;"2018-01";2.0;12999.98;12089.9814
169;"Trek Emonda SLR 8 - 2018";"Trek";"Road Bikes";2018;"Baldwin Bikes";"Baldwin";"NY";2018;4;"2018-04";2.0;12999.98;12089.9814
170;"Trek CrossRip 2 - 2018";"Trek";"Road Bikes";2018;"Rowlett Bikes";"Rowlett";"TX";2018;2;"2018-02";1.0;1299.99;1208.9907
171;"Trek Domane SL 6 - 2018";"Trek";"Road Bikes";2018;"Baldwin Bikes";"Baldwin";"NY";2018;2;"2018-02";2.0;6399.98;6079.981
171;"Trek Domane SL 6 - 2018";"Trek";"Road Bikes";2018;"Rowlett Bikes";"Rowlett";"TX";2018;2;"2018-02";2.0;6399.98;6079.981
171;"Trek Domane SL 6 - 2018";"Trek";"Road Bikes";2018;"Santa Cruz Bikes";"Santa Cruz";"CA";2018;4;"2018-04";2.0;6399.98;5759.982
171;"Trek Domane SL 6 - 2018";"Trek";"Road Bikes";2018;"Baldwin Bikes";"Baldwin";"NY";2018;9;"2018-09";2.0;6399.98;5759.982
172;"Trek Domane ALR Disc Frameset - 2018";"Trek";"Road Bikes";2018;"Baldwin Bikes";"Baldwin";"NY";2018;1;"2018-01";2.0;6399.98;6079.981
172;"Trek Domane ALR Disc Frameset - 2018";"Trek";"Road Bikes";2018;"Santa Cruz Bikes";"Santa Cruz";"CA";2018;4;"2018-04";3.0;9599.97;8799.9725
172;"Trek Domane ALR Disc Frameset - 2018";"Trek";"Road Bikes";2018;"Baldwin Bikes";"Baldwin";"NY";2018;4;"2018-04";2.0;6399.98;5119.984
173;"Trek Domane ALR Frameset - 2018";"Trek";"Road Bikes";2018;"Baldwin Bikes";"Baldwin";"NY";2018;3;"2018-03";2.0;6399.98;5759.982
173;"Trek Domane ALR Frameset - 2018";"Trek";"Road Bikes";2018;"Santa Cruz Bikes";"Santa Cruz";"CA";2018;4;"2018-04";1.0;3199.99;2559.992
173;"Trek Domane ALR Frameset - 2018";"Trek";"Road Bikes";2018;"Baldwin Bikes";"Baldwin";"NY";2018;8;"2018-08";2.0;6399.98;5119.984
174;"Trek Domane SLR Disc Frameset - 2018";"Trek";"Road Bikes";2018;"Baldwin Bikes";"Baldwin";"NY";2018;4;"2018-04";1.0;3199.99;2559.992
175;"Trek Domane SLR Frameset - 2018";"Trek";"Road Bikes";2018;"Santa Cruz Bikes";"Santa Cruz";"CA";2018;1;"2018-01";1.0;3199.99;2975.9907
175;"Trek Domane SLR Frameset - 2018";"Trek";"Road Bikes";2018;"Santa Cruz Bikes";"Santa Cruz";"CA";2018;4;"2018-04";2.0;6399.98;5951.9814
176;"Trek Madone 9 Frameset - 2018";"Trek";"Road Bikes";2018;"Rowlett Bikes";"Rowlett";"TX";2018;4;"2018-04";1.0;3199.99;2975.9907
177;"Trek Domane SLR 6 Disc - 2018";"Trek";"Road Bikes";2018;"Santa Cruz Bikes";"Santa Cruz";"CA";2018;4;"2018-04";2.0;10999.98;10449.981
178;"Trek Domane AL 2 - 2018";"Trek";"Road Bikes";2018;"Rowlett Bikes";"Rowlett";"TX";2018;3;"2018-03";2.0;1499.98;1424.981
178;"Trek Domane AL 2 - 2018";"Trek";"Road Bikes";2018;"Santa Cruz Bikes";"Santa Cruz";"CA";2018;4;"2018-04";2.0;1499.98;1199.984
179;"Trek Domane AL 3 - 2018";"Trek";"Road Bikes";2018;"Baldwin Bikes";"Baldwin";"NY";2018;1;"2018-01";2.0;1839.98;1711.1814
179;"Trek Domane AL 3 - 2018";"Trek";"Road Bikes";2018;"Santa Cruz Bikes";"Santa Cruz";"CA";2018;4;"2018-04";1.0;919.99;873.9905
180;"Trek Domane AL 3 Women's - 2018";"Trek";"Road Bikes";2018;"Baldwin Bikes";"Baldwin";"NY";2018;1;"2018-01";1.0;919.99;735.992
180;"Trek Domane AL 3 Women's - 2018";"Trek";"Road Bikes";2018;"Santa Cruz Bikes";"Santa Cruz";"CA";2018;2;"2018-02";2.0;1839.98;1471.984
180;"Trek Domane AL 3 Women's - 2018";"Trek";"Road Bikes";2018;"Baldwin Bikes";"Baldwin";"NY";2018;3;"2018-03";2.0;1839.98;1711.1814
180;"Trek Domane AL 3 Women's - 2018";"Trek";"Road Bikes";2018;"Rowlett Bikes";"Rowlett";"TX";2018;3;"2018-03";2.0;1839.98;1471.984
180;"Trek Domane AL 3 Women's - 2018";"Trek";"Road Bikes";2018;"Rowlett Bikes";"Rowlett";"TX";2018;4;"2018-04";1.0;919.99;827.991
181;"Trek Domane SL 5 - 2018";"Trek";"Road Bikes";2018;"Santa Cruz Bikes";"Santa Cruz";"CA";2018;1;"2018-01";2.0;4399.98;4179.981
181;"Trek Domane SL 5 - 2018";"Trek";"Road Bikes";2018;"Baldwin Bikes";"Baldwin";"NY";2018;2;"2018-02";1.0;2199.99;1759.992
181;"Trek Domane SL 5 - 2018";"Trek";"Road Bikes";2018;"Baldwin Bikes";"Baldwin";"NY";2018;4;"2018-04";2.0;4399.98;4091.9814
182;"Trek Domane SL 5 Disc - 2018";"Trek";"Road Bikes";2018;"Rowlett Bikes";"Rowlett";"TX";2018;1;"2018-01";1.0;2499.99;1999.992
182;"Trek Domane SL 5 Disc - 2018";"Trek";"Road Bikes";2018;"Rowlett Bikes";"Rowlett";"TX";2018;3;"2018-03";1.0;2499.99;2324.9907
182;"Trek Domane SL 5 Disc - 2018";"Trek";"Road Bikes";2018;"Santa Cruz Bikes";"Santa Cruz";"CA";2018;4;"2018-04";2.0;4999.98;4749.981
182;"Trek Domane SL 5 Disc - 2018";"Trek";"Road Bikes";2018;"Rowlett Bikes";"Rowlett";"TX";2018;12;"2018-12";1.0;2499.99;1999.992
183;"Trek Domane SL 5 Women's - 2018";"Trek";"Road Bikes";2018;"Baldwin Bikes";"Baldwin";"NY";2018;4;"2018-04";1.0;2199.99;1759.992
184;"Trek Domane SL 6 Disc - 2018";"Trek";"Road Bikes";2018;"Baldwin Bikes";"Baldwin";"NY";2018;1;"2018-01";3.0;10499.97;8399.976
184;"Trek Domane SL 6 Disc - 2018";"Trek";"Road Bikes";2018;"Baldwin Bikes";"Baldwin";"NY";2018;4;"2018-04";3.0;10499.97;8924.9745
4;"Trek Fuel EX 8 29 - 2016";"Trek";"Mountain Bikes";2016;"Santa Cruz Bikes";"Santa Cruz";"CA";2016;1;"2016-01";5.0;14499.95;13049.955
4;"Trek Fuel EX 8 29 - 2016";"Trek";"Mountain Bikes";2016;"Baldwin Bikes";"Baldwin";"NY";2016;1;"2016-01";4.0;11599.96;9569.967
4;"Trek Fuel EX 8 29 - 2016";"Trek";"Mountain Bikes";2016;"Santa Cruz Bikes";"Santa Cruz";"CA";2016;2;"2016-02";2.0;5799.98;4929.983
4;"Trek Fuel EX 8 29 - 2016";"Trek";"Mountain Bikes";2016;"Baldwin Bikes";"Baldwin";"NY";2016;2;"2016-02";2.0;5799.98;5509.981
4;"Trek Fuel EX 8 29 - 2016";"Trek";"Mountain Bikes";2016;"Santa Cruz Bikes";"Santa Cruz";"CA";2016;3;"2016-03";2.0;5799.98;5393.9814
4;"Trek Fuel EX 8 29 - 2016";"Trek";"Mountain Bikes";2016;"Baldwin Bikes";"Baldwin";"NY";2016;3;"2016-03";4.0;11599.96;9859.966
4;"Trek Fuel EX 8 29 - 2016";"Trek";"Mountain Bikes";2016;"Rowlett Bikes";"Rowlett";"TX";2016;3;"2016-03";4.0;11599.96;10787.9628
4;"Trek Fuel EX 8 29 - 2016";"Trek";"Mountain Bikes";2016;"Rowlett Bikes";"Rowlett";"TX";2016;4;"2016-04";1.0;2899.99;2609.991
4;"Trek Fuel EX 8 29 - 2016";"Trek";"Mountain Bikes";2016;"Baldwin Bikes";"Baldwin";"NY";2016;4;"2016-04";8.0;23199.92;19719.932
4;"Trek Fuel EX 8 29 - 2016";"Trek";"Mountain Bikes";2016;"Santa Cruz Bikes";"Santa Cruz";"CA";2016;4;"2016-04";2.0;5799.98;5509.981
4;"Trek Fuel EX 8 29 - 2016";"Trek";"Mountain Bikes";2016;"Baldwin Bikes";"Baldwin";"NY";2016;5;"2016-05";6.0;17399.94;15253.9474
4;"Trek Fuel EX 8 29 - 2016";"Trek";"Mountain Bikes";2016;"Rowlett Bikes";"Rowlett";"TX";2016;5;"2016-05";2.0;5799.98;5393.9814
4;"Trek Fuel EX 8 29 - 2016";"Trek";"Mountain Bikes";2016;"Rowlett Bikes";"Rowlett";"TX";2016;6;"2016-06";2.0;5799.98;5393.9814
4;"Trek Fuel EX 8 29 - 2016";"Trek";"Mountain Bikes";2016;"Baldwin Bikes";"Baldwin";"NY";2016;6;"2016-06";3.0;8699.97;7626.9737
4;"Trek Fuel EX 8 29 - 2016";"Trek";"Mountain Bikes";2016;"Baldwin Bikes";"Baldwin";"NY";2016;7;"2016-07";7.0;20299.93;17399.94
4;"Trek Fuel EX 8 29 - 2016";"Trek";"Mountain Bikes";2016;"Rowlett Bikes";"Rowlett";"TX";2016;7;"2016-07";1.0;2899.99;2696.9907
4;"Trek Fuel EX 8 29 - 2016";"Trek";"Mountain Bikes";2016;"Santa Cruz Bikes";"Santa Cruz";"CA";2016;8;"2016-08";2.0;5799.98;5509.981
4;"Trek Fuel EX 8 29 - 2016";"Trek";"Mountain Bikes";2016;"Baldwin Bikes";"Baldwin";"NY";2016;8;"2016-08";7.0;20299.93;18008.9379
4;"Trek Fuel EX 8 29 - 2016";"Trek";"Mountain Bikes";2016;"Rowlett Bikes";"Rowlett";"TX";2016;8;"2016-08";1.0;2899.99;2696.9907
4;"Trek Fuel EX 8 29 - 2016";"Trek";"Mountain Bikes";2016;"Baldwin Bikes";"Baldwin";"NY";2016;9;"2016-09";10.0;28999.9;24910.9141
4;"Trek Fuel EX 8 29 - 2016";"Trek";"Mountain Bikes";2016;"Santa Cruz Bikes";"Santa Cruz";"CA";2016;9;"2016-09";1.0;2899.99;2696.9907
4;"Trek Fuel EX 8 29 - 2016";"Trek";"Mountain Bikes";2016;"Rowlett Bikes";"Rowlett";"TX";2016;9;"2016-09";6.0;17399.94;15746.9457
4;"Trek Fuel EX 8 29 - 2016";"Trek";"Mountain Bikes";2016;"Baldwin Bikes";"Baldwin";"NY";2016;10;"2016-10";8.0;23199.92;20560.9291
4;"Trek Fuel EX 8 29 - 2016";"Trek";"Mountain Bikes";2016;"Santa Cruz Bikes";"Santa Cruz";"CA";2016;10;"2016-10";2.0;5799.98;5074.9825
4;"Trek Fuel EX 8 29 - 2016";"Trek";"Mountain Bikes";2016;"Baldwin Bikes";"Baldwin";"NY";2016;11;"2016-11";2.0;5799.98;5074.9825
4;"Trek Fuel EX 8 29 - 2016";"Trek";"Mountain Bikes";2016;"Santa Cruz Bikes";"Santa Cruz";"CA";2016;11;"2016-11";5.0;14499.95;12788.9559
4;"Trek Fuel EX 8 29 - 2016";"Trek";"Mountain Bikes";2016;"Rowlett Bikes";"Rowlett";"TX";2016;11;"2016-11";2.0;5799.98;4639.984
4;"Trek Fuel EX 8 29 - 2016";"Trek";"Mountain Bikes";2016;"Santa Cruz Bikes";"Santa Cruz";"CA";2016;12;"2016-12";5.0;14499.95;12846.9557
4;"Trek Fuel EX 8 29 - 2016";"Trek";"Mountain Bikes";2016;"Baldwin Bikes";"Baldwin";"NY";2016;12;"2016-12";5.0;14499.95;13194.9545
4;"Trek Fuel EX 8 29 - 2016";"Trek";"Mountain Bikes";2016;"Santa Cruz Bikes";"Santa Cruz";"CA";2017;1;"2017-01";1.0;2899.99;2696.9907
4;"Trek Fuel EX 8 29 - 2016";"Trek";"Mountain Bikes";2016;"Baldwin Bikes";"Baldwin";"NY";2017;1;"2017-01";1.0;2899.99;2696.9907
4;"Trek Fuel EX 8 29 - 2016";"Trek";"Mountain Bikes";2016;"Baldwin Bikes";"Baldwin";"NY";2017;2;"2017-02";6.0;17399.94;15543.9464
4;"Trek Fuel EX 8 29 - 2016";"Trek";"Mountain Bikes";2016;"Rowlett Bikes";"Rowlett";"TX";2017;2;"2017-02";2.0;5799.98;5509.981
4;"Trek Fuel EX 8 29 - 2016";"Trek";"Mountain Bikes";2016;"Santa Cruz Bikes";"Santa Cruz";"CA";2017;5;"2017-05";2.0;5799.98;5393.9814
4;"Trek Fuel EX 8 29 - 2016";"Trek";"Mountain Bikes";2016;"Baldwin Bikes";"Baldwin";"NY";2017;6;"2017-06";6.0;17399.94;15891.9452
4;"Trek Fuel EX 8 29 - 2016";"Trek";"Mountain Bikes";2016;"Baldwin Bikes";"Baldwin";"NY";2017;9;"2017-09";2.0;5799.98;5509.981
4;"Trek Fuel EX 8 29 - 2016";"Trek";"Mountain Bikes";2016;"Baldwin Bikes";"Baldwin";"NY";2017;10;"2017-10";1.0;2899.99;2609.991
4;"Trek Fuel EX 8 29 - 2016";"Trek";"Mountain Bikes";2016;"Santa Cruz Bikes";"Santa Cruz";"CA";2017;11;"2017-11";2.0;5799.98;5393.9814
4;"Trek Fuel EX 8 29 - 2016";"Trek";"Mountain Bikes";2016;"Baldwin Bikes";"Baldwin";"NY";2017;11;"2017-11";3.0;8699.97;7249.975
4;"Trek Fuel EX 8 29 - 2016";"Trek";"Mountain Bikes";2016;"Baldwin Bikes";"Baldwin";"NY";2017;12;"2017-12";3.0;8699.97;8119.972
4;"Trek Fuel EX 8 29 - 2016";"Trek";"Mountain Bikes";2016;"Baldwin Bikes";"Baldwin";"NY";2018;1;"2018-01";2.0;5799.98;4639.984
4;"Trek Fuel EX 8 29 - 2016";"Trek";"Mountain Bikes";2016;"Baldwin Bikes";"Baldwin";"NY";2018;4;"2018-04";1.0;2899.99;2754.9905
7;"Trek Slash 8 27.5 - 2016";"Trek";"Mountain Bikes";2016;"Santa Cruz Bikes";"Santa Cruz";"CA";2016;1;"2016-01";3.0;11999.97;10799.973
7;"Trek Slash 8 27.5 - 2016";"Trek";"Mountain Bikes";2016;"Baldwin Bikes";"Baldwin";"NY";2016;1;"2016-01";9.0;35999.91;32199.9195
7;"Trek Slash 8 27.5 - 2016";"Trek";"Mountain Bikes";2016;"Baldwin Bikes";"Baldwin";"NY";2016;2;"2016-02";3.0;11999.97;11039.9724
7;"Trek Slash 8 27.5 - 2016";"Trek";"Mountain Bikes";2016;"Rowlett Bikes";"Rowlett";"TX";2016;2;"2016-02";2.0;7999.98;7439.9814
7;"Trek Slash 8 27.5 - 2016";"Trek";"Mountain Bikes";2016;"Baldwin Bikes";"Baldwin";"NY";2016;3;"2016-03";2.0;7999.98;6399.984
7;"Trek Slash 8 27.5 - 2016";"Trek";"Mountain Bikes";2016;"Santa Cruz Bikes";"Santa Cruz";"CA";2016;3;"2016-03";3.0;11999.97;11199.972
7;"Trek Slash 8 27.5 - 2016";"Trek";"Mountain Bikes";2016;"Rowlett Bikes";"Rowlett";"TX";2016;3;"2016-03";2.0;7999.98;6399.984
7;"Trek Slash 8 27.5 - 2016";"Trek";"Mountain Bikes";2016;"Rowlett Bikes";"Rowlett";"TX";2016;4;"2016-04";2.0;7999.98;7439.9814
7;"Trek Slash 8 27.5 - 2016";"Trek";"Mountain Bikes";2016;"Baldwin Bikes";"Baldwin";"NY";2016;4;"2016-04";7.0;27999.93;25839.9354
7;"Trek Slash 8 27.5 - 2016";"Trek";"Mountain Bikes";2016;"Rowlett Bikes";"Rowlett";"TX";2016;5;"2016-05";3.0;11999.97;10799.973
7;"Trek Slash 8 27.5 - 2016";"Trek";"Mountain Bikes";2016;"Baldwin Bikes";"Baldwin";"NY";2016;5;"2016-05";10.0;39999.9;36319.9092
7;"Trek Slash 8 27.5 - 2016";"Trek";"Mountain Bikes";2016;"Baldwin Bikes";"Baldwin";"NY";2016;6;"2016-06";11.0;43999.89;41039.8974
7;"Trek Slash 8 27.5 - 2016";"Trek";"Mountain Bikes";2016;"Santa Cruz Bikes";"Santa Cruz";"CA";2016;6;"2016-06";3.0;11999.97;11239.9719
7;"Trek Slash 8 27.5 - 2016";"Trek";"Mountain Bikes";2016;"Rowlett Bikes";"Rowlett";"TX";2016;6;"2016-06";2.0;7999.98;7439.9814
7;"Trek Slash 8 27.5 - 2016";"Trek";"Mountain Bikes";2016;"Baldwin Bikes";"Baldwin";"NY";2016;7;"2016-07";8.0;31999.92;29639.9259
7;"Trek Slash 8 27.5 - 2016";"Trek";"Mountain Bikes";2016;"Santa Cruz Bikes";"Santa Cruz";"CA";2016;7;"2016-07";2.0;7999.98;7439.9814
7;"Trek Slash 8 27.5 - 2016";"Trek";"Mountain Bikes";2016;"Baldwin Bikes";"Baldwin";"NY";2016;8;"2016-08";7.0;27999.93;22999.9425
7;"Trek Slash 8 27.5 - 2016";"Trek";"Mountain Bikes";2016;"Santa Cruz Bikes";"Santa Cruz";"CA";2016;8;"2016-08";3.0;11999.97;10119.9747
7;"Trek Slash 8 27.5 - 2016";"Trek";"Mountain Bikes";2016;"Rowlett Bikes";"Rowlett";"TX";2016;8;"2016-08";2.0;7999.98;7439.9814
7;"Trek Slash 8 27.5 - 2016";"Trek";"Mountain Bikes";2016;"Santa Cruz Bikes";"Santa Cruz";"CA";2016;9;"2016-09";5.0;19999.95;18399.954
7;"Trek Slash 8 27.5 - 2016";"Trek";"Mountain Bikes";2016;"Baldwin Bikes";"Baldwin";"NY";2016;9;"2016-09";10.0;39999.9;36639.9084
7;"Trek Slash 8 27.5 - 2016";"Trek";"Mountain Bikes";2016;"Baldwin Bikes";"Baldwin";"NY";2016;10;"2016-10";5.0;19999.95;18839.9529
7;"Trek Slash 8 27.5 - 2016";"Trek";"Mountain Bikes";2016;"Rowlett Bikes";"Rowlett";"TX";2016;11;"2016-11";3.0;11999.97;11399.9715
7;"Trek Slash 8 27.5 - 2016";"Trek";"Mountain Bikes";2016;"Baldwin Bikes";"Baldwin";"NY";2016;11;"2016-11";2.0;7999.98;7319.9817
7;"Trek Slash 8 27.5 - 2016";"Trek";"Mountain Bikes";2016;"Santa Cruz Bikes";"Santa Cruz";"CA";2016;11;"2016-11";4.0;15999.96;13839.9654
7;"Trek Slash 8 27.5 - 2016";"Trek";"Mountain Bikes";2016;"Santa Cruz Bikes";"Santa Cruz";"CA";2016;12;"2016-12";2.0;7999.98;7199.982
7;"Trek Slash 8 27.5 - 2016";"Trek";"Mountain Bikes";2016;"Baldwin Bikes";"Baldwin";"NY";2016;12;"2016-12";1.0;3999.99;3599.991
7;"Trek Slash 8 27.5 - 2016";"Trek";"Mountain Bikes";2016;"Baldwin Bikes";"Baldwin";"NY";2017;1;"2017-01";2.0;7999.98;7439.9814
7;"Trek Slash 8 27.5 - 2016";"Trek";"Mountain Bikes";2016;"Santa Cruz Bikes";"Santa Cruz";"CA";2017;1;"2017-01";1.0;3999.99;3199.992
7;"Trek Slash 8 27.5 - 2016";"Trek";"Mountain Bikes";2016;"Baldwin Bikes";"Baldwin";"NY";2017;2;"2017-02";3.0;11999.97;11199.972
7;"Trek Slash 8 27.5 - 2016";"Trek";"Mountain Bikes";2016;"Baldwin Bikes";"Baldwin";"NY";2017;3;"2017-03";6.0;23999.94;19199.952
7;"Trek Slash 8 27.5 - 2016";"Trek";"Mountain Bikes";2016;"Santa Cruz Bikes";"Santa Cruz";"CA";2017;3;"2017-03";1.0;3999.99;3199.992
7;"Trek Slash 8 27.5 - 2016";"Trek";"Mountain Bikes";2016;"Baldwin Bikes";"Baldwin";"NY";2017;5;"2017-05";2.0;7999.98;6919.9827
7;"Trek Slash 8 27.5 - 2016";"Trek";"Mountain Bikes";2016;"Baldwin Bikes";"Baldwin";"NY";2017;6;"2017-06";1.0;3999.99;3599.991
7;"Trek Slash 8 27.5 - 2016";"Trek";"Mountain Bikes";2016;"Baldwin Bikes";"Baldwin";"NY";2017;7;"2017-07";1.0;3999.99;3799.9905
7;"Trek Slash 8 27.5 - 2016";"Trek";"Mountain Bikes";2016;"Santa Cruz Bikes";"Santa Cruz";"CA";2017;7;"2017-07";2.0;7999.98;7439.9814
7;"Trek Slash 8 27.5 - 2016";"Trek";"Mountain Bikes";2016;"Baldwin Bikes";"Baldwin";"NY";2017;8;"2017-08";3.0;11999.97;11119.9722
7;"Trek Slash 8 27.5 - 2016";"Trek";"Mountain Bikes";2016;"Rowlett Bikes";"Rowlett";"TX";2017;9;"2017-09";2.0;7999.98;7199.982
7;"Trek Slash 8 27.5 - 2016";"Trek";"Mountain Bikes";2016;"Santa Cruz Bikes";"Santa Cruz";"CA";2017;9;"2017-09";1.0;3999.99;3599.991
7;"Trek Slash 8 27.5 - 2016";"Trek";"Mountain Bikes";2016;"Santa Cruz Bikes";"Santa Cruz";"CA";2017;10;"2017-10";2.0;7999.98;7439.9814
7;"Trek Slash 8 27.5 - 2016";"Trek";"Mountain Bikes";2016;"Baldwin Bikes";"Baldwin";"NY";2017;10;"2017-10";1.0;3999.99;3199.992
7;"Trek Slash 8 27.5 - 2016";"Trek";"Mountain Bikes";2016;"Baldwin Bikes";"Baldwin";"NY";2017;11;"2017-11";2.0;7999.98;6799.983
7;"Trek Slash 8 27.5 - 2016";"Trek";"Mountain Bikes";2016;"Rowlett Bikes";"Rowlett";"TX";2017;11;"2017-11";1.0;3999.99;3719.9907
7;"Trek Slash 8 27.5 - 2016";"Trek";"Mountain Bikes";2016;"Baldwin Bikes";"Baldwin";"NY";2017;12;"2017-12";1.0;3999.99;3599.991
7;"Trek Slash 8 27.5 - 2016";"Trek";"Mountain Bikes";2016;"Baldwin Bikes";"Baldwin";"NY";2018;1;"2018-01";1.0;3999.99;3719.9907
7;"Trek Slash 8 27.5 - 2016";"Trek";"Mountain Bikes";2016;"Baldwin Bikes";"Baldwin";"NY";2018;2;"2018-02";1.0;3999.99;3799.9905
7;"Trek Slash 8 27.5 - 2016";"Trek";"Mountain Bikes";2016;"Baldwin Bikes";"Baldwin";"NY";2018;3;"2018-03";2.0;7999.98;7439.9814
7;"Trek Slash 8 27.5 - 2016";"Trek";"Mountain Bikes";2016;"Rowlett Bikes";"Rowlett";"TX";2018;4;"2018-04";2.0;7999.98;7439.9814
8;"Trek Remedy 29 Carbon Frameset - 2016";"Trek";"Mountain Bikes";2016;"Santa Cruz Bikes";"Santa Cruz";"CA";2016;1;"2016-01";8.0;14399.92;12689.9295
8;"Trek Remedy 29 Carbon Frameset - 2016";"Trek";"Mountain Bikes";2016;"Baldwin Bikes";"Baldwin";"NY";2016;1;"2016-01";6.0;10799.94;9845.9453
8;"Trek Remedy 29 Carbon Frameset - 2016";"Trek";"Mountain Bikes";2016;"Baldwin Bikes";"Baldwin";"NY";2016;2;"2016-02";7.0;12599.93;10619.941
8;"Trek Remedy 29 Carbon Frameset - 2016";"Trek";"Mountain Bikes";2016;"Santa Cruz Bikes";"Santa Cruz";"CA";2016;2;"2016-02";2.0;3599.98;3239.982
8;"Trek Remedy 29 Carbon Frameset - 2016";"Trek";"Mountain Bikes";2016;"Baldwin Bikes";"Baldwin";"NY";2016;3;"2016-03";3.0;5399.97;5093.9717
8;"Trek Remedy 29 Carbon Frameset - 2016";"Trek";"Mountain Bikes";2016;"Baldwin Bikes";"Baldwin";"NY";2016;4;"2016-04";3.0;5399.97;4859.973
8;"Trek Remedy 29 Carbon Frameset - 2016";"Trek";"Mountain Bikes";2016;"Santa Cruz Bikes";"Santa Cruz";"CA";2016;4;"2016-04";4.0;7199.96;6839.962
8;"Trek Remedy 29 Carbon Frameset - 2016";"Trek";"Mountain Bikes";2016;"Baldwin Bikes";"Baldwin";"NY";2016;5;"2016-05";7.0;12599.93;10961.9391
8;"Trek Remedy 29 Carbon Frameset - 2016";"Trek";"Mountain Bikes";2016;"Santa Cruz Bikes";"Santa Cruz";"CA";2016;5;"2016-05";3.0;5399.97;4913.9727
8;"Trek Remedy 29 Carbon Frameset - 2016";"Trek";"Mountain Bikes";2016;"Santa Cruz Bikes";"Santa Cruz";"CA";2016;6;"2016-06";2.0;3599.98;3347.9814
8;"Trek Remedy 29 Carbon Frameset - 2016";"Trek";"Mountain Bikes";2016;"Baldwin Bikes";"Baldwin";"NY";2016;6;"2016-06";2.0;3599.98;3419.981
8;"Trek Remedy 29 Carbon Frameset - 2016";"Trek";"Mountain Bikes";2016;"Baldwin Bikes";"Baldwin";"NY";2016;7;"2016-07";6.0;10799.94;10259.943
8;"Trek Remedy 29 Carbon Frameset - 2016";"Trek";"Mountain Bikes";2016;"Santa Cruz Bikes";"Santa Cruz";"CA";2016;7;"2016-07";1.0;1799.99;1439.992
8;"Trek Remedy 29 Carbon Frameset - 2016";"Trek";"Mountain Bikes";2016;"Baldwin Bikes";"Baldwin";"NY";2016;8;"2016-08";8.0;14399.92;13319.926
8;"Trek Remedy 29 Carbon Frameset - 2016";"Trek";"Mountain Bikes";2016;"Rowlett Bikes";"Rowlett";"TX";2016;8;"2016-08";1.0;1799.99;1673.9907
8;"Trek Remedy 29 Carbon Frameset - 2016";"Trek";"Mountain Bikes";2016;"Santa Cruz Bikes";"Santa Cruz";"CA";2016;8;"2016-08";2.0;3599.98;3419.981
8;"Trek Remedy 29 Carbon Frameset - 2016";"Trek";"Mountain Bikes";2016;"Baldwin Bikes";"Baldwin";"NY";2016;9;"2016-09";12.0;21599.88;19979.889
8;"Trek Remedy 29 Carbon Frameset - 2016";"Trek";"Mountain Bikes";2016;"Rowlett Bikes";"Rowlett";"TX";2016;9;"2016-09";3.0;5399.97;5093.9717
8;"Trek Remedy 29 Carbon Frameset - 2016";"Trek";"Mountain Bikes";2016;"Santa Cruz Bikes";"Santa Cruz";"CA";2016;9;"2016-09";2.0;3599.98;2879.984
8;"Trek Remedy 29 Carbon Frameset - 2016";"Trek";"Mountain Bikes";2016;"Baldwin Bikes";"Baldwin";"NY";2016;10;"2016-10";6.0;10799.94;9917.9449
8;"Trek Remedy 29 Carbon Frameset - 2016";"Trek";"Mountain Bikes";2016;"Rowlett Bikes";"Rowlett";"TX";2016;10;"2016-10";2.0;3599.98;3239.982
8;"Trek Remedy 29 Carbon Frameset - 2016";"Trek";"Mountain Bikes";2016;"Baldwin Bikes";"Baldwin";"NY";2016;11;"2016-11";5.0;8999.95;7559.958
8;"Trek Remedy 29 Carbon Frameset - 2016";"Trek";"Mountain Bikes";2016;"Santa Cruz Bikes";"Santa Cruz";"CA";2016;11;"2016-11";1.0;1799.99;1619.991
8;"Trek Remedy 29 Carbon Frameset - 2016";"Trek";"Mountain Bikes";2016;"Santa Cruz Bikes";"Santa Cruz";"CA";2016;12;"2016-12";2.0;3599.98;3347.9814
8;"Trek Remedy 29 Carbon Frameset - 2016";"Trek";"Mountain Bikes";2016;"Baldwin Bikes";"Baldwin";"NY";2016;12;"2016-12";7.0;12599.93;11735.9348
8;"Trek Remedy 29 Carbon Frameset - 2016";"Trek";"Mountain Bikes";2016;"Baldwin Bikes";"Baldwin";"NY";2017;2;"2017-02";1.0;1799.99;1619.991
8;"Trek Remedy 29 Carbon Frameset - 2016";"Trek";"Mountain Bikes";2016;"Baldwin Bikes";"Baldwin";"NY";2017;3;"2017-03";2.0;3599.98;3059.983
8;"Trek Remedy 29 Carbon Frameset - 2016";"Trek";"Mountain Bikes";2016;"Rowlett Bikes";"Rowlett";"TX";2017;6;"2017-06";2.0;3599.98;3419.981
8;"Trek Remedy 29 Carbon Frameset - 2016";"Trek";"Mountain Bikes";2016;"Santa Cruz Bikes";"Santa Cruz";"CA";2017;7;"2017-07";2.0;3599.98;3239.982
8;"Trek Remedy 29 Carbon Frameset - 2016";"Trek";"Mountain Bikes";2016;"Baldwin Bikes";"Baldwin";"NY";2017;7;"2017-07";3.0;5399.97;4913.9727
8;"Trek Remedy 29 Carbon Frameset - 2016";"Trek";"Mountain Bikes";2016;"Santa Cruz Bikes";"Santa Cruz";"CA";2017;8;"2017-08";2.0;3599.98;3419.981
8;"Trek Remedy 29 Carbon Frameset - 2016";"Trek";"Mountain Bikes";2016;"Santa Cruz Bikes";"Santa Cruz";"CA";2017;9;"2017-09";1.0;1799.99;1619.991
8;"Trek Remedy 29 Carbon Frameset - 2016";"Trek";"Mountain Bikes";2016;"Baldwin Bikes";"Baldwin";"NY";2017;10;"2017-10";1.0;1799.99;1439.992
8;"Trek Remedy 29 Carbon Frameset - 2016";"Trek";"Mountain Bikes";2016;"Baldwin Bikes";"Baldwin";"NY";2017;11;"2017-11";2.0;3599.98;3293.9817
8;"Trek Remedy 29 Carbon Frameset - 2016";"Trek";"Mountain Bikes";2016;"Baldwin Bikes";"Baldwin";"NY";2017;12;"2017-12";1.0;1799.99;1709.9905
8;"Trek Remedy 29 Carbon Frameset - 2016";"Trek";"Mountain Bikes";2016;"Santa Cruz Bikes";"Santa Cruz";"CA";2017;12;"2017-12";1.0;1799.99;1439.992
8;"Trek Remedy 29 Carbon Frameset - 2016";"Trek";"Mountain Bikes";2016;"Baldwin Bikes";"Baldwin";"NY";2018;1;"2018-01";2.0;3599.98;2879.984
29;"Trek X-Caliber 8 - 2017";"Trek";"Mountain Bikes";2017;"Baldwin Bikes";"Baldwin";"NY";2017;1;"2017-01";4.0;3999.96;3349.9665
29;"Trek X-Caliber 8 - 2017";"Trek";"Mountain Bikes";2017;"Rowlett Bikes";"Rowlett";"TX";2017;2;"2017-02";1.0;999.99;799.992
29;"Trek X-Caliber 8 - 2017";"Trek";"Mountain Bikes";2017;"Baldwin Bikes";"Baldwin";"NY";2017;3;"2017-03";3.0;2999.97;2789.9721
29;"Trek X-Caliber 8 - 2017";"Trek";"Mountain Bikes";2017;"Santa Cruz Bikes";"Santa Cruz";"CA";2017;3;"2017-03";3.0;2999.97;2759.9724
29;"Trek X-Caliber 8 - 2017";"Trek";"Mountain Bikes";2017;"Baldwin Bikes";"Baldwin";"NY";2017;4;"2017-04";1.0;999.99;799.992
29;"Trek X-Caliber 8 - 2017";"Trek";"Mountain Bikes";2017;"Santa Cruz Bikes";"Santa Cruz";"CA";2017;6;"2017-06";2.0;1999.98;1859.9814
29;"Trek X-Caliber 8 - 2017";"Trek";"Mountain Bikes";2017;"Baldwin Bikes";"Baldwin";"NY";2017;7;"2017-07";3.0;2999.97;2799.972
29;"Trek X-Caliber 8 - 2017";"Trek";"Mountain Bikes";2017;"Baldwin Bikes";"Baldwin";"NY";2017;8;"2017-08";4.0;3999.96;3499.965
29;"Trek X-Caliber 8 - 2017";"Trek";"Mountain Bikes";2017;"Baldwin Bikes";"Baldwin";"NY";2017;9;"2017-09";2.0;1999.98;1899.981
29;"Trek X-Caliber 8 - 2017";"Trek";"Mountain Bikes";2017;"Baldwin Bikes";"Baldwin";"NY";2017;10;"2017-10";3.0;2999.97;2599.974
29;"Trek X-Caliber 8 - 2017";"Trek";"Mountain Bikes";2017;"Santa Cruz Bikes";"Santa Cruz";"CA";2017;10;"2017-10";2.0;1999.98;1899.981
29;"Trek X-Caliber 8 - 2017";"Trek";"Mountain Bikes";2017;"Baldwin Bikes";"Baldwin";"NY";2017;11;"2017-11";2.0;1999.98;1599.984
29;"Trek X-Caliber 8 - 2017";"Trek";"Mountain Bikes";2017;"Santa Cruz Bikes";"Santa Cruz";"CA";2018;1;"2018-01";2.0;1999.98;1599.984
29;"Trek X-Caliber 8 - 2017";"Trek";"Mountain Bikes";2017;"Baldwin Bikes";"Baldwin";"NY";2018;3;"2018-03";1.0;999.99;799.992
29;"Trek X-Caliber 8 - 2017";"Trek";"Mountain Bikes";2017;"Rowlett Bikes";"Rowlett";"TX";2018;7;"2018-07";1.0;999.99;929.9907
29;"Trek X-Caliber 8 - 2017";"Trek";"Mountain Bikes";2017;"Santa Cruz Bikes";"Santa Cruz";"CA";2018;7;"2018-07";1.0;999.99;949.9905
32;"Trek Farley Alloy Frameset - 2017";"Trek";"Mountain Bikes";2017;"Baldwin Bikes";"Baldwin";"NY";2017;1;"2017-01";2.0;939.98;813.0827
32;"Trek Farley Alloy Frameset - 2017";"Trek";"Mountain Bikes";2017;"Baldwin Bikes";"Baldwin";"NY";2017;3;"2017-03";2.0;939.98;860.0817
32;"Trek Farley Alloy Frameset - 2017";"Trek";"Mountain Bikes";2017;"Baldwin Bikes";"Baldwin";"NY";2017;5;"2017-05";3.0;1409.97;1292.4725
32;"Trek Farley Alloy Frameset - 2017";"Trek";"Mountain Bikes";2017;"Santa Cruz Bikes";"Santa Cruz";"CA";2017;6;"2017-06";1.0;469.99;446.4905
32;"Trek Farley Alloy Frameset - 2017";"Trek";"Mountain Bikes";2017;"Santa Cruz Bikes";"Santa Cruz";"CA";2017;7;"2017-07";1.0;469.99;446.4905
32;"Trek Farley Alloy Frameset - 2017";"Trek";"Mountain Bikes";2017;"Rowlett Bikes";"Rowlett";"TX";2017;8;"2017-08";1.0;469.99;437.0907
32;"Trek Farley Alloy Frameset - 2017";"Trek";"Mountain Bikes";2017;"Baldwin Bikes";"Baldwin";"NY";2017;8;"2017-08";2.0;939.98;751.984
32;"Trek Farley Alloy Frameset - 2017";"Trek";"Mountain Bikes";2017;"Baldwin Bikes";"Baldwin";"NY";2017;9;"2017-09";2.0;939.98;874.1814
32;"Trek Farley Alloy Frameset - 2017";"Trek";"Mountain Bikes";2017;"Santa Cruz Bikes";"Santa Cruz";"CA";2017;10;"2017-10";2.0;939.98;883.5812
32;"Trek Farley Alloy Frameset - 2017";"Trek";"Mountain Bikes";2017;"Baldwin Bikes";"Baldwin";"NY";2017;11;"2017-11";7.0;3289.93;2989.1364
32;"Trek Farley Alloy Frameset - 2017";"Trek";"Mountain Bikes";2017;"Baldwin Bikes";"Baldwin";"NY";2017;12;"2017-12";3.0;1409.97;1283.0727
32;"Trek Farley Alloy Frameset - 2017";"Trek";"Mountain Bikes";2017;"Baldwin Bikes";"Baldwin";"NY";2018;2;"2018-02";1.0;469.99;437.0907
32;"Trek Farley Alloy Frameset - 2017";"Trek";"Mountain Bikes";2017;"Santa Cruz Bikes";"Santa Cruz";"CA";2018;4;"2018-04";1.0;469.99;422.991
34;"Trek Session DH 27.5 Carbon Frameset - 2017";"Trek";"Mountain Bikes";2017;"Santa Cruz Bikes";"Santa Cruz";"CA";2017;2;"2017-02";2.0;939.98;751.984
34;"Trek Session DH 27.5 Carbon Frameset - 2017";"Trek";"Mountain Bikes";2017;"Baldwin Bikes";"Baldwin";"NY";2017;2;"2017-02";1.0;469.99;375.992
34;"Trek Session DH 27.5 Carbon Frameset - 2017";"Trek";"Mountain Bikes";2017;"Santa Cruz Bikes";"Santa Cruz";"CA";2017;3;"2017-03";2.0;939.98;892.981
34;"Trek Session DH 27.5 Carbon Frameset - 2017";"Trek";"Mountain Bikes";2017;"Baldwin Bikes";"Baldwin";"NY";2017;4;"2017-04";1.0;469.99;446.4905
34;"Trek Session DH 27.5 Carbon Frameset - 2017";"Trek";"Mountain Bikes";2017;"Baldwin Bikes";"Baldwin";"NY";2017;6;"2017-06";2.0;939.98;892.981
34;"Trek Session DH 27.5 Carbon Frameset - 2017";"Trek";"Mountain Bikes";2017;"Santa Cruz Bikes";"Santa Cruz";"CA";2017;7;"2017-07";1.0;469.99;375.992
34;"Trek Session DH 27.5 Carbon Frameset - 2017";"Trek";"Mountain Bikes";2017;"Baldwin Bikes";"Baldwin";"NY";2017;7;"2017-07";2.0;939.98;892.981
34;"Trek Session DH 27.5 Carbon Frameset - 2017";"Trek";"Mountain Bikes";2017;"Santa Cruz Bikes";"Santa Cruz";"CA";2017;8;"2017-08";1.0;469.99;446.4905
34;"Trek Session DH 27.5 Carbon Frameset - 2017";"Trek";"Mountain Bikes";2017;"Baldwin Bikes";"Baldwin";"NY";2017;11;"2017-11";2.0;939.98;845.982
34;"Trek Session DH 27.5 Carbon Frameset - 2017";"Trek";"Mountain Bikes";2017;"Santa Cruz Bikes";"Santa Cruz";"CA";2017;12;"2017-12";1.0;469.99;422.991
34;"Trek Session DH 27.5 Carbon Frameset - 2017";"Trek";"Mountain Bikes";2017;"Baldwin Bikes";"Baldwin";"NY";2018;4;"2018-04";1.0;469.99;437.0907
39;"Trek Stache 5 - 2017";"Trek";"Mountain Bikes";2017;"Baldwin Bikes";"Baldwin";"NY";2017;1;"2017-01";4.0;5999.96;5414.9639
39;"Trek Stache 5 - 2017";"Trek";"Mountain Bikes";2017;"Baldwin Bikes";"Baldwin";"NY";2017;2;"2017-02";3.0;4499.97;3824.9745
39;"Trek Stache 5 - 2017";"Trek";"Mountain Bikes";2017;"Baldwin Bikes";"Baldwin";"NY";2017;3;"2017-03";2.0;2999.98;2594.9827
39;"Trek Stache 5 - 2017";"Trek";"Mountain Bikes";2017;"Baldwin Bikes";"Baldwin";"NY";2017;5;"2017-05";2.0;2999.98;2789.9814
39;"Trek Stache 5 - 2017";"Trek";"Mountain Bikes";2017;"Rowlett Bikes";"Rowlett";"TX";2017;6;"2017-06";1.0;1499.99;1394.9907
39;"Trek Stache 5 - 2017";"Trek";"Mountain Bikes";2017;"Baldwin Bikes";"Baldwin";"NY";2017;7;"2017-07";1.0;1499.99;1349.991
39;"Trek Stache 5 - 2017";"Trek";"Mountain Bikes";2017;"Rowlett Bikes";"Rowlett";"TX";2017;9;"2017-09";2.0;2999.98;2699.982
39;"Trek Stache 5 - 2017";"Trek";"Mountain Bikes";2017;"Baldwin Bikes";"Baldwin";"NY";2017;9;"2017-09";2.0;2999.98;2849.981
39;"Trek Stache 5 - 2017";"Trek";"Mountain Bikes";2017;"Baldwin Bikes";"Baldwin";"NY";2017;10;"2017-10";2.0;2999.98;2849.981
39;"Trek Stache 5 - 2017";"Trek";"Mountain Bikes";2017;"Rowlett Bikes";"Rowlett";"TX";2018;2;"2018-02";2.0;2999.98;2699.982
39;"Trek Stache 5 - 2017";"Trek";"Mountain Bikes";2017;"Santa Cruz Bikes";"Santa Cruz";"CA";2018;3;"2018-03";2.0;2999.98;2849.981
39;"Trek Stache 5 - 2017";"Trek";"Mountain Bikes";2017;"Baldwin Bikes";"Baldwin";"NY";2018;4;"2018-04";2.0;2999.98;2399.984
40;"Trek Fuel EX 9.8 29 - 2017";"Trek";"Mountain Bikes";2017;"Rowlett Bikes";"Rowlett";"TX";2017;2;"2017-02";2.0;9999.98;9499.981
40;"Trek Fuel EX 9.8 29 - 2017";"Trek";"Mountain Bikes";2017;"Baldwin Bikes";"Baldwin";"NY";2017;2;"2017-02";2.0;9999.98;9299.9814
40;"Trek Fuel EX 9.8 29 - 2017";"Trek";"Mountain Bikes";2017;"Baldwin Bikes";"Baldwin";"NY";2017;3;"2017-03";2.0;9999.98;9149.9817
40;"Trek Fuel EX 9.8 29 - 2017";"Trek";"Mountain Bikes";2017;"Santa Cruz Bikes";"Santa Cruz";"CA";2017;3;"2017-03";1.0;4999.99;4649.9907
40;"Trek Fuel EX 9.8 29 - 2017";"Trek";"Mountain Bikes";2017;"Baldwin Bikes";"Baldwin";"NY";2017;4;"2017-04";1.0;4999.99;3999.992
40;"Trek Fuel EX 9.8 29 - 2017";"Trek";"Mountain Bikes";2017;"Rowlett Bikes";"Rowlett";"TX";2017;6;"2017-06";2.0;9999.98;9499.981
40;"Trek Fuel EX 9.8 29 - 2017";"Trek";"Mountain Bikes";2017;"Baldwin Bikes";"Baldwin";"NY";2017;7;"2017-07";2.0;9999.98;9499.981
40;"Trek Fuel EX 9.8 29 - 2017";"Trek";"Mountain Bikes";2017;"Santa Cruz Bikes";"Santa Cruz";"CA";2017;7;"2017-07";1.0;4999.99;3999.992
40;"Trek Fuel EX 9.8 29 - 2017";"Trek";"Mountain Bikes";2017;"Baldwin Bikes";"Baldwin";"NY";2017;8;"2017-08";1.0;4999.99;4499.991
40;"Trek Fuel EX 9.8 29 - 2017";"Trek";"Mountain Bikes";2017;"Rowlett Bikes";"Rowlett";"TX";2017;9;"2017-09";2.0;9999.98;9299.9814
40;"Trek Fuel EX 9.8 29 - 2017";"Trek";"Mountain Bikes";2017;"Baldwin Bikes";"Baldwin";"NY";2017;10;"2017-10";8.0;39999.92;33999.932
40;"Trek Fuel EX 9.8 29 - 2017";"Trek";"Mountain Bikes";2017;"Baldwin Bikes";"Baldwin";"NY";2017;11;"2017-11";1.0;4999.99;4499.991
40;"Trek Fuel EX 9.8 29 - 2017";"Trek";"Mountain Bikes";2017;"Rowlett Bikes";"Rowlett";"TX";2017;11;"2017-11";2.0;9999.98;8999.982
40;"Trek Fuel EX 9.8 29 - 2017";"Trek";"Mountain Bikes";2017;"Baldwin Bikes";"Baldwin";"NY";2018;1;"2018-01";2.0;9999.98;7999.984
40;"Trek Fuel EX 9.8 29 - 2017";"Trek";"Mountain Bikes";2017;"Baldwin Bikes";"Baldwin";"NY";2018;4;"2018-04";3.0;14999.97;14049.9719
40;"Trek Fuel EX 9.8 29 - 2017";"Trek";"Mountain Bikes";2017;"Rowlett Bikes";"Rowlett";"TX";2018;4;"2018-04";1.0;4999.99;4499.991
42;"Trek Fuel EX 5 27.5 Plus - 2017";"Trek";"Mountain Bikes";2017;"Baldwin Bikes";"Baldwin";"NY";2017;1;"2017-01";6.0;13799.94;12419.946
42;"Trek Fuel EX 5 27.5 Plus - 2017";"Trek";"Mountain Bikes";2017;"Baldwin Bikes";"Baldwin";"NY";2017;2;"2017-02";1.0;2299.99;2184.9905
42;"Trek Fuel EX 5 27.5 Plus - 2017";"Trek";"Mountain Bikes";2017;"Rowlett Bikes";"Rowlett";"TX";2017;3;"2017-03";1.0;2299.99;1839.992
42;"Trek Fuel EX 5 27.5 Plus - 2017";"Trek";"Mountain Bikes";2017;"Baldwin Bikes";"Baldwin";"NY";2017;3;"2017-03";2.0;4599.98;3679.984
42;"Trek Fuel EX 5 27.5 Plus - 2017";"Trek";"Mountain Bikes";2017;"Santa Cruz Bikes";"Santa Cruz";"CA";2017;3;"2017-03";1.0;2299.99;1839.992
42;"Trek Fuel EX 5 27.5 Plus - 2017";"Trek";"Mountain Bikes";2017;"Baldwin Bikes";"Baldwin";"NY";2017;4;"2017-04";1.0;2299.99;2069.991
42;"Trek Fuel EX 5 27.5 Plus - 2017";"Trek";"Mountain Bikes";2017;"Rowlett Bikes";"Rowlett";"TX";2017;4;"2017-04";2.0;4599.98;3679.984
42;"Trek Fuel EX 5 27.5 Plus - 2017";"Trek";"Mountain Bikes";2017;"Baldwin Bikes";"Baldwin";"NY";2017;5;"2017-05";3.0;6899.97;5519.976
42;"Trek Fuel EX 5 27.5 Plus - 2017";"Trek";"Mountain Bikes";2017;"Santa Cruz Bikes";"Santa Cruz";"CA";2017;6;"2017-06";2.0;4599.98;4277.9814
42;"Trek Fuel EX 5 27.5 Plus - 2017";"Trek";"Mountain Bikes";2017;"Baldwin Bikes";"Baldwin";"NY";2017;9;"2017-09";1.0;2299.99;2138.9907
42;"Trek Fuel EX 5 27.5 Plus - 2017";"Trek";"Mountain Bikes";2017;"Baldwin Bikes";"Baldwin";"NY";2017;10;"2017-10";4.0;9199.96;7819.966
42;"Trek Fuel EX 5 27.5 Plus - 2017";"Trek";"Mountain Bikes";2017;"Baldwin Bikes";"Baldwin";"NY";2017;11;"2017-11";5.0;11499.95;10004.9565
42;"Trek Fuel EX 5 27.5 Plus - 2017";"Trek";"Mountain Bikes";2017;"Baldwin Bikes";"Baldwin";"NY";2017;12;"2017-12";2.0;4599.98;3909.983
42;"Trek Fuel EX 5 27.5 Plus - 2017";"Trek";"Mountain Bikes";2017;"Baldwin Bikes";"Baldwin";"NY";2018;1;"2018-01";1.0;2299.99;2184.9905
42;"Trek Fuel EX 5 27.5 Plus - 2017";"Trek";"Mountain Bikes";2017;"Baldwin Bikes";"Baldwin";"NY";2018;3;"2018-03";1.0;2299.99;2138.9907
42;"Trek Fuel EX 5 27.5 Plus - 2017";"Trek";"Mountain Bikes";2017;"Santa Cruz Bikes";"Santa Cruz";"CA";2018;4;"2018-04";1.0;2299.99;2138.9907
43;"Trek Fuel EX 9.8 27.5 Plus - 2017";"Trek";"Mountain Bikes";2017;"Santa Cruz Bikes";"Santa Cruz";"CA";2017;1;"2017-01";1.0;5299.99;4769.991
43;"Trek Fuel EX 9.8 27.5 Plus - 2017";"Trek";"Mountain Bikes";2017;"Baldwin Bikes";"Baldwin";"NY";2017;3;"2017-03";3.0;15899.97;14998.9717
43;"Trek Fuel EX 9.8 27.5 Plus - 2017";"Trek";"Mountain Bikes";2017;"Baldwin Bikes";"Baldwin";"NY";2017;4;"2017-04";2.0;10599.98;9963.9812
43;"Trek Fuel EX 9.8 27.5 Plus - 2017";"Trek";"Mountain Bikes";2017;"Rowlett Bikes";"Rowlett";"TX";2017;5;"2017-05";1.0;5299.99;4769.991
43;"Trek Fuel EX 9.8 27.5 Plus - 2017";"Trek";"Mountain Bikes";2017;"Baldwin Bikes";"Baldwin";"NY";2017;5;"2017-05";1.0;5299.99;4928.9907
43;"Trek Fuel EX 9.8 27.5 Plus - 2017";"Trek";"Mountain Bikes";2017;"Santa Cruz Bikes";"Santa Cruz";"CA";2017;6;"2017-06";1.0;5299.99;4928.9907
43;"Trek Fuel EX 9.8 27.5 Plus - 2017";"Trek";"Mountain Bikes";2017;"Baldwin Bikes";"Baldwin";"NY";2017;6;"2017-06";3.0;15899.97;14309.973
43;"Trek Fuel EX 9.8 27.5 Plus - 2017";"Trek";"Mountain Bikes";2017;"Baldwin Bikes";"Baldwin";"NY";2017;7;"2017-07";2.0;10599.98;9539.982
43;"Trek Fuel EX 9.8 27.5 Plus - 2017";"Trek";"Mountain Bikes";2017;"Baldwin Bikes";"Baldwin";"NY";2017;8;"2017-08";3.0;15899.97;14627.9724
43;"Trek Fuel EX 9.8 27.5 Plus - 2017";"Trek";"Mountain Bikes";2017;"Baldwin Bikes";"Baldwin";"NY";2017;9;"2017-09";3.0;15899.97;14203.9732
43;"Trek Fuel EX 9.8 27.5 Plus - 2017";"Trek";"Mountain Bikes";2017;"Baldwin Bikes";"Baldwin";"NY";2017;10;"2017-10";1.0;5299.99;4769.991
43;"Trek Fuel EX 9.8 27.5 Plus - 2017";"Trek";"Mountain Bikes";2017;"Baldwin Bikes";"Baldwin";"NY";2017;11;"2017-11";4.0;21199.96;18337.9654
43;"Trek Fuel EX 9.8 27.5 Plus - 2017";"Trek";"Mountain Bikes";2017;"Baldwin Bikes";"Baldwin";"NY";2017;12;"2017-12";1.0;5299.99;5034.9905
43;"Trek Fuel EX 9.8 27.5 Plus - 2017";"Trek";"Mountain Bikes";2017;"Santa Cruz Bikes";"Santa Cruz";"CA";2018;1;"2018-01";2.0;10599.98;9857.9814
43;"Trek Fuel EX 9.8 27.5 Plus - 2017";"Trek";"Mountain Bikes";2017;"Baldwin Bikes";"Baldwin";"NY";2018;3;"2018-03";2.0;10599.98;9698.9817
43;"Trek Fuel EX 9.8 27.5 Plus - 2017";"Trek";"Mountain Bikes";2017;"Baldwin Bikes";"Baldwin";"NY";2018;4;"2018-04";2.0;10599.98;10069.981
43;"Trek Fuel EX 9.8 27.5 Plus - 2017";"Trek";"Mountain Bikes";2017;"Santa Cruz Bikes";"Santa Cruz";"CA";2018;4;"2018-04";1.0;5299.99;4239.992
47;"Trek Remedy 9.8 - 2017";"Trek";"Mountain Bikes";2017;"Baldwin Bikes";"Baldwin";"NY";2017;1;"2017-01";5.0;26499.95;24856.9531
47;"Trek Remedy 9.8 - 2017";"Trek";"Mountain Bikes";2017;"Santa Cruz Bikes";"Santa Cruz";"CA";2017;2;"2017-02";1.0;5299.99;4769.991
47;"Trek Remedy 9.8 - 2017";"Trek";"Mountain Bikes";2017;"Baldwin Bikes";"Baldwin";"NY";2017;2;"2017-02";1.0;5299.99;4928.9907
47;"Trek Remedy 9.8 - 2017";"Trek";"Mountain Bikes";2017;"Baldwin Bikes";"Baldwin";"NY";2017;3;"2017-03";1.0;5299.99;4239.992
47;"Trek Remedy 9.8 - 2017";"Trek";"Mountain Bikes";2017;"Baldwin Bikes";"Baldwin";"NY";2017;4;"2017-04";1.0;5299.99;4928.9907
47;"Trek Remedy 9.8 - 2017";"Trek";"Mountain Bikes";2017;"Santa Cruz Bikes";"Santa Cruz";"CA";2017;5;"2017-05";1.0;5299.99;5034.9905
47;"Trek Remedy 9.8 - 2017";"Trek";"Mountain Bikes";2017;"Santa Cruz Bikes";"Santa Cruz";"CA";2017;6;"2017-06";2.0;10599.98;8479.984
47;"Trek Remedy 9.8 - 2017";"Trek";"Mountain Bikes";2017;"Baldwin Bikes";"Baldwin";"NY";2017;6;"2017-06";2.0;10599.98;10069.981
47;"Trek Remedy 9.8 - 2017";"Trek";"Mountain Bikes";2017;"Baldwin Bikes";"Baldwin";"NY";2017;9;"2017-09";2.0;10599.98;8479.984
47;"Trek Remedy 9.8 - 2017";"Trek";"Mountain Bikes";2017;"Baldwin Bikes";"Baldwin";"NY";2017;10;"2017-10";4.0;21199.96;19609.963
47;"Trek Remedy 9.8 - 2017";"Trek";"Mountain Bikes";2017;"Baldwin Bikes";"Baldwin";"NY";2018;2;"2018-02";2.0;10599.98;10069.981
112;"Trek 820 - 2018";"Trek";"Mountain Bikes";2018;"Baldwin Bikes";"Baldwin";"NY";2018;2;"2018-02";1.0;379.99;353.3907
112;"Trek 820 - 2018";"Trek";"Mountain Bikes";2018;"Santa Cruz Bikes";"Santa Cruz";"CA";2018;2;"2018-02";2.0;759.98;721.981
112;"Trek 820 - 2018";"Trek";"Mountain Bikes";2018;"Baldwin Bikes";"Baldwin";"NY";2018;4;"2018-04";1.0;379.99;303.992
113;"Trek Marlin 5 - 2018";"Trek";"Mountain Bikes";2018;"Baldwin Bikes";"Baldwin";"NY";2018;1;"2018-01";2.0;979.98;911.3814
113;"Trek Marlin 5 - 2018";"Trek";"Mountain Bikes";2018;"Baldwin Bikes";"Baldwin";"NY";2018;2;"2018-02";1.0;489.99;440.991
113;"Trek Marlin 5 - 2018";"Trek";"Mountain Bikes";2018;"Santa Cruz Bikes";"Santa Cruz";"CA";2018;3;"2018-03";2.0;979.98;783.984
113;"Trek Marlin 5 - 2018";"Trek";"Mountain Bikes";2018;"Baldwin Bikes";"Baldwin";"NY";2018;3;"2018-03";1.0;489.99;455.6907
113;"Trek Marlin 5 - 2018";"Trek";"Mountain Bikes";2018;"Baldwin Bikes";"Baldwin";"NY";2018;4;"2018-04";2.0;979.98;906.4815
114;"Trek Marlin 6 - 2018";"Trek";"Mountain Bikes";2018;"Baldwin Bikes";"Baldwin";"NY";2018;2;"2018-02";1.0;579.99;539.3907
114;"Trek Marlin 6 - 2018";"Trek";"Mountain Bikes";2018;"Rowlett Bikes";"Rowlett";"TX";2018;4;"2018-04";2.0;1159.98;927.984
115;"Trek Fuel EX 8 29 - 2018";"Trek";"Mountain Bikes";2018;"Baldwin Bikes";"Baldwin";"NY";2018;1;"2018-01";1.0;3199.99;2879.991
115;"Trek Fuel EX 8 29 - 2018";"Trek";"Mountain Bikes";2018;"Baldwin Bikes";"Baldwin";"NY";2018;3;"2018-03";1.0;3199.99;2559.992
115;"Trek Fuel EX 8 29 - 2018";"Trek";"Mountain Bikes";2018;"Baldwin Bikes";"Baldwin";"NY";2018;4;"2018-04";2.0;6399.98;5951.9814
115;"Trek Fuel EX 8 29 - 2018";"Trek";"Mountain Bikes";2018;"Rowlett Bikes";"Rowlett";"TX";2018;4;"2018-04";1.0;3199.99;3039.9905
116;"Trek Marlin 7 - 2017/2018";"Trek";"Mountain Bikes";2018;"Rowlett Bikes";"Rowlett";"TX";2018;3;"2018-03";2.0;1499.98;1394.9814
116;"Trek Marlin 7 - 2017/2018";"Trek";"Mountain Bikes";2018;"Santa Cruz Bikes";"Santa Cruz";"CA";2018;4;"2018-04";1.0;749.99;674.991
117;"Trek Ticket S Frame - 2018";"Trek";"Mountain Bikes";2018;"Baldwin Bikes";"Baldwin";"NY";2018;3;"2018-03";1.0;1469.99;1396.4905
117;"Trek Ticket S Frame - 2018";"Trek";"Mountain Bikes";2018;"Santa Cruz Bikes";"Santa Cruz";"CA";2018;4;"2018-04";1.0;1469.99;1367.0907
117;"Trek Ticket S Frame - 2018";"Trek";"Mountain Bikes";2018;"Baldwin Bikes";"Baldwin";"NY";2018;4;"2018-04";2.0;2939.98;2763.5812
118;"Trek X-Caliber 8 - 2018";"Trek";"Mountain Bikes";2018;"Baldwin Bikes";"Baldwin";"NY";2018;2;"2018-02";1.0;999.99;899.991
118;"Trek X-Caliber 8 - 2018";"Trek";"Mountain Bikes";2018;"Baldwin Bikes";"Baldwin";"NY";2018;4;"2018-04";2.0;1999.98;1599.984
119;"Trek Kids' Neko - 2018";"Trek";"Mountain Bikes";2018;"Baldwin Bikes";"Baldwin";"NY";2018;4;"2018-04";3.0;1409.97;1339.4715
119;"Trek Kids' Neko - 2018";"Trek";"Mountain Bikes";2018;"Santa Cruz Bikes";"Santa Cruz";"CA";2018;4;"2018-04";2.0;939.98;874.1814
120;"Trek Fuel EX 7 29 - 2018";"Trek";"Mountain Bikes";2018;"Baldwin Bikes";"Baldwin";"NY";2018;1;"2018-01";2.0;4999.98;3999.984
120;"Trek Fuel EX 7 29 - 2018";"Trek";"Mountain Bikes";2018;"Baldwin Bikes";"Baldwin";"NY";2018;3;"2018-03";2.0;4999.98;3999.984
123;"Trek Farley Carbon Frameset - 2018";"Trek";"Mountain Bikes";2018;"Baldwin Bikes";"Baldwin";"NY";2018;3;"2018-03";5.0;4999.95;4459.9554
123;"Trek Farley Carbon Frameset - 2018";"Trek";"Mountain Bikes";2018;"Santa Cruz Bikes";"Santa Cruz";"CA";2018;3;"2018-03";1.0;999.99;949.9905
123;"Trek Farley Carbon Frameset - 2018";"Trek";"Mountain Bikes";2018;"Santa Cruz Bikes";"Santa Cruz";"CA";2018;4;"2018-04";1.0;999.99;899.991
123;"Trek Farley Carbon Frameset - 2018";"Trek";"Mountain Bikes";2018;"Baldwin Bikes";"Baldwin";"NY";2018;4;"2018-04";1.0;999.99;929.9907
129;"Trek X-Caliber 7 - 2018";"Trek";"Mountain Bikes";2018;"Baldwin Bikes";"Baldwin";"NY";2018;1;"2018-01";2.0;1839.98;1655.982
129;"Trek X-Caliber 7 - 2018";"Trek";"Mountain Bikes";2018;"Santa Cruz Bikes";"Santa Cruz";"CA";2018;2;"2018-02";2.0;1839.98;1471.984
129;"Trek X-Caliber 7 - 2018";"Trek";"Mountain Bikes";2018;"Santa Cruz Bikes";"Santa Cruz";"CA";2018;4;"2018-04";1.0;919.99;855.5907
130;"Trek Stache Carbon Frameset - 2018";"Trek";"Mountain Bikes";2018;"Baldwin Bikes";"Baldwin";"NY";2018;1;"2018-01";1.0;919.99;735.992
130;"Trek Stache Carbon Frameset - 2018";"Trek";"Mountain Bikes";2018;"Santa Cruz Bikes";"Santa Cruz";"CA";2018;1;"2018-01";2.0;1839.98;1711.1814
130;"Trek Stache Carbon Frameset - 2018";"Trek";"Mountain Bikes";2018;"Baldwin Bikes";"Baldwin";"NY";2018;2;"2018-02";1.0;919.99;873.9905
130;"Trek Stache Carbon Frameset - 2018";"Trek";"Mountain Bikes";2018;"Baldwin Bikes";"Baldwin";"NY";2018;4;"2018-04";1.0;919.99;827.991
132;"Trek Procal AL Frameset - 2018";"Trek";"Mountain Bikes";2018;"Santa Cruz Bikes";"Santa Cruz";"CA";2018;1;"2018-01";1.0;1499.99;1349.991
132;"Trek Procal AL Frameset - 2018";"Trek";"Mountain Bikes";2018;"Rowlett Bikes";"Rowlett";"TX";2018;7;"2018-07";2.0;2999.98;2699.982
133;"Trek Procaliber Frameset - 2018";"Trek";"Mountain Bikes";2018;"Baldwin Bikes";"Baldwin";"NY";2018;1;"2018-01";1.0;1499.99;1349.991
133;"Trek Procaliber Frameset - 2018";"Trek";"Mountain Bikes";2018;"Santa Cruz Bikes";"Santa Cruz";"CA";2018;4;"2018-04";2.0;2999.98;2789.9814
134;"Trek Remedy 27.5 C Frameset - 2018";"Trek";"Mountain Bikes";2018;"Rowlett Bikes";"Rowlett";"TX";2018;1;"2018-01";2.0;2999.98;2849.981
134;"Trek Remedy 27.5 C Frameset - 2018";"Trek";"Mountain Bikes";2018;"Baldwin Bikes";"Baldwin";"NY";2018;1;"2018-01";1.0;1499.99;1349.991
135;"Trek X-Caliber Frameset - 2018";"Trek";"Mountain Bikes";2018;"Baldwin Bikes";"Baldwin";"NY";2018;2;"2018-02";1.0;1499.99;1394.9907
135;"Trek X-Caliber Frameset - 2018";"Trek";"Mountain Bikes";2018;"Rowlett Bikes";"Rowlett";"TX";2018;2;"2018-02";1.0;1499.99;1424.9905
135;"Trek X-Caliber Frameset - 2018";"Trek";"Mountain Bikes";2018;"Santa Cruz Bikes";"Santa Cruz";"CA";2018;4;"2018-04";2.0;2999.98;2399.984
136;"Trek Procaliber 6 - 2018";"Trek";"Mountain Bikes";2018;"Baldwin Bikes";"Baldwin";"NY";2018;1;"2018-01";1.0;1799.99;1439.992
136;"Trek Procaliber 6 - 2018";"Trek";"Mountain Bikes";2018;"Baldwin Bikes";"Baldwin";"NY";2018;3;"2018-03";1.0;1799.99;1673.9907
136;"Trek Procaliber 6 - 2018";"Trek";"Mountain Bikes";2018;"Baldwin Bikes";"Baldwin";"NY";2018;4;"2018-04";1.0;1799.99;1439.992
138;"Trek Fuel EX 5 Plus - 2018";"Trek";"Mountain Bikes";2018;"Baldwin Bikes";"Baldwin";"NY";2018;1;"2018-01";4.0;8999.96;8549.962
138;"Trek Fuel EX 5 Plus - 2018";"Trek";"Mountain Bikes";2018;"Santa Cruz Bikes";"Santa Cruz";"CA";2018;4;"2018-04";2.0;4499.98;4274.981
139;"Trek Remedy 7 27.5 - 2018";"Trek";"Mountain Bikes";2018;"Rowlett Bikes";"Rowlett";"TX";2018;1;"2018-01";1.0;2999.99;2849.9905
139;"Trek Remedy 7 27.5 - 2018";"Trek";"Mountain Bikes";2018;"Baldwin Bikes";"Baldwin";"NY";2018;2;"2018-02";1.0;2999.99;2789.9907
139;"Trek Remedy 7 27.5 - 2018";"Trek";"Mountain Bikes";2018;"Baldwin Bikes";"Baldwin";"NY";2018;3;"2018-03";1.0;2999.99;2849.9905
139;"Trek Remedy 7 27.5 - 2018";"Trek";"Mountain Bikes";2018;"Santa Cruz Bikes";"Santa Cruz";"CA";2018;4;"2018-04";2.0;5999.98;5579.9814
140;"Trek Remedy 9.8 27.5 - 2018";"Trek";"Mountain Bikes";2018;"Santa Cruz Bikes";"Santa Cruz";"CA";2018;3;"2018-03";2.0;9999.98;7999.984
140;"Trek Remedy 9.8 27.5 - 2018";"Trek";"Mountain Bikes";2018;"Baldwin Bikes";"Baldwin";"NY";2018;3;"2018-03";1.0;4999.99;3999.992
141;"Trek Stache 5 - 2018";"Trek";"Mountain Bikes";2018;"Baldwin Bikes";"Baldwin";"NY";2018;3;"2018-03";2.0;3199.98;2975.9814
141;"Trek Stache 5 - 2018";"Trek";"Mountain Bikes";2018;"Santa Cruz Bikes";"Santa Cruz";"CA";2018;3;"2018-03";2.0;3199.98;3039.981
141;"Trek Stache 5 - 2018";"Trek";"Mountain Bikes";2018;"Santa Cruz Bikes";"Santa Cruz";"CA";2018;4;"2018-04";3.0;4799.97;4047.9747
142;"Trek Fuel EX 8 29 XT - 2018";"Trek";"Mountain Bikes";2018;"Santa Cruz Bikes";"Santa Cruz";"CA";2018;2;"2018-02";2.0;6399.98;5951.9814
142;"Trek Fuel EX 8 29 XT - 2018";"Trek";"Mountain Bikes";2018;"Baldwin Bikes";"Baldwin";"NY";2018;2;"2018-02";2.0;6399.98;5759.982
142;"Trek Fuel EX 8 29 XT - 2018";"Trek";"Mountain Bikes";2018;"Baldwin Bikes";"Baldwin";"NY";2018;3;"2018-03";2.0;6399.98;5951.9814
142;"Trek Fuel EX 8 29 XT - 2018";"Trek";"Mountain Bikes";2018;"Baldwin Bikes";"Baldwin";"NY";2018;4;"2018-04";4.0;12799.96;11839.963
9;"Trek Conduit+ - 2016";"Trek";"Electric Bikes";2016;"Baldwin Bikes";"Baldwin";"NY";2016;1;"2016-01";3.0;8999.97;8369.9721
9;"Trek Conduit+ - 2016";"Trek";"Electric Bikes";2016;"Santa Cruz Bikes";"Santa Cruz";"CA";2016;1;"2016-01";5.0;14999.95;12989.9567
9;"Trek Conduit+ - 2016";"Trek";"Electric Bikes";2016;"Rowlett Bikes";"Rowlett";"TX";2016;1;"2016-01";2.0;5999.98;4799.984
9;"Trek Conduit+ - 2016";"Trek";"Electric Bikes";2016;"Santa Cruz Bikes";"Santa Cruz";"CA";2016;2;"2016-02";2.0;5999.98;5399.982
9;"Trek Conduit+ - 2016";"Trek";"Electric Bikes";2016;"Baldwin Bikes";"Baldwin";"NY";2016;2;"2016-02";2.0;5999.98;5399.982
9;"Trek Conduit+ - 2016";"Trek";"Electric Bikes";2016;"Santa Cruz Bikes";"Santa Cruz";"CA";2016;3;"2016-03";3.0;8999.97;8099.973
9;"Trek Conduit+ - 2016";"Trek";"Electric Bikes";2016;"Baldwin Bikes";"Baldwin";"NY";2016;3;"2016-03";6.0;17999.94;16649.9445
9;"Trek Conduit+ - 2016";"Trek";"Electric Bikes";2016;"Santa Cruz Bikes";"Santa Cruz";"CA";2016;5;"2016-05";1.0;2999.99;2699.991
9;"Trek Conduit+ - 2016";"Trek";"Electric Bikes";2016;"Baldwin Bikes";"Baldwin";"NY";2016;5;"2016-05";2.0;5999.98;5189.9827
9;"Trek Conduit+ - 2016";"Trek";"Electric Bikes";2016;"Rowlett Bikes";"Rowlett";"TX";2016;6;"2016-06";2.0;5999.98;5699.981
9;"Trek Conduit+ - 2016";"Trek";"Electric Bikes";2016;"Baldwin Bikes";"Baldwin";"NY";2016;6;"2016-06";7.0;20999.93;18749.9375
9;"Trek Conduit+ - 2016";"Trek";"Electric Bikes";2016;"Santa Cruz Bikes";"Santa Cruz";"CA";2016;6;"2016-06";2.0;5999.98;5549.9815
9;"Trek Conduit+ - 2016";"Trek";"Electric Bikes";2016;"Baldwin Bikes";"Baldwin";"NY";2016;7;"2016-07";8.0;23999.92;21449.9285
9;"Trek Conduit+ - 2016";"Trek";"Electric Bikes";2016;"Rowlett Bikes";"Rowlett";"TX";2016;7;"2016-07";1.0;2999.99;2789.9907
9;"Trek Conduit+ - 2016";"Trek";"Electric Bikes";2016;"Santa Cruz Bikes";"Santa Cruz";"CA";2016;7;"2016-07";1.0;2999.99;2849.9905
9;"Trek Conduit+ - 2016";"Trek";"Electric Bikes";2016;"Rowlett Bikes";"Rowlett";"TX";2016;8;"2016-08";2.0;5999.98;5699.981
9;"Trek Conduit+ - 2016";"Trek";"Electric Bikes";2016;"Baldwin Bikes";"Baldwin";"NY";2016;8;"2016-08";6.0;17999.94;16259.9458
9;"Trek Conduit+ - 2016";"Trek";"Electric Bikes";2016;"Santa Cruz Bikes";"Santa Cruz";"CA";2016;8;"2016-08";1.0;2999.99;2399.992
9;"Trek Conduit+ - 2016";"Trek";"Electric Bikes";2016;"Baldwin Bikes";"Baldwin";"NY";2016;9;"2016-09";5.0;14999.95;13739.9542
9;"Trek Conduit+ - 2016";"Trek";"Electric Bikes";2016;"Rowlett Bikes";"Rowlett";"TX";2016;9;"2016-09";2.0;5999.98;5699.981
9;"Trek Conduit+ - 2016";"Trek";"Electric Bikes";2016;"Santa Cruz Bikes";"Santa Cruz";"CA";2016;9;"2016-09";2.0;5999.98;5699.981
9;"Trek Conduit+ - 2016";"Trek";"Electric Bikes";2016;"Rowlett Bikes";"Rowlett";"TX";2016;10;"2016-10";2.0;5999.98;5399.982
9;"Trek Conduit+ - 2016";"Trek";"Electric Bikes";2016;"Baldwin Bikes";"Baldwin";"NY";2016;10;"2016-10";5.0;14999.95;14189.9527
9;"Trek Conduit+ - 2016";"Trek";"Electric Bikes";2016;"Santa Cruz Bikes";"Santa Cruz";"CA";2016;10;"2016-10";8.0;23999.92;20429.9319
9;"Trek Conduit+ - 2016";"Trek";"Electric Bikes";2016;"Baldwin Bikes";"Baldwin";"NY";2016;11;"2016-11";7.0;20999.93;19049.9365
9;"Trek Conduit+ - 2016";"Trek";"Electric Bikes";2016;"Rowlett Bikes";"Rowlett";"TX";2016;11;"2016-11";1.0;2999.99;2399.992
9;"Trek Conduit+ - 2016";"Trek";"Electric Bikes";2016;"Santa Cruz Bikes";"Santa Cruz";"CA";2016;11;"2016-11";5.0;14999.95;13379.9554
9;"Trek Conduit+ - 2016";"Trek";"Electric Bikes";2016;"Santa Cruz Bikes";"Santa Cruz";"CA";2016;12;"2016-12";1.0;2999.99;2849.9905
9;"Trek Conduit+ - 2016";"Trek";"Electric Bikes";2016;"Baldwin Bikes";"Baldwin";"NY";2016;12;"2016-12";10.0;29999.9;26279.9124
9;"Trek Conduit+ - 2016";"Trek";"Electric Bikes";2016;"Baldwin Bikes";"Baldwin";"NY";2017;1;"2017-01";4.0;11999.96;11039.9632
9;"Trek Conduit+ - 2016";"Trek";"Electric Bikes";2016;"Baldwin Bikes";"Baldwin";"NY";2017;3;"2017-03";3.0;8999.97;7199.976
9;"Trek Conduit+ - 2016";"Trek";"Electric Bikes";2016;"Baldwin Bikes";"Baldwin";"NY";2017;4;"2017-04";1.0;2999.99;2399.992
9;"Trek Conduit+ - 2016";"Trek";"Electric Bikes";2016;"Baldwin Bikes";"Baldwin";"NY";2017;5;"2017-05";2.0;5999.98;4799.984
9;"Trek Conduit+ - 2016";"Trek";"Electric Bikes";2016;"Santa Cruz Bikes";"Santa Cruz";"CA";2017;6;"2017-06";2.0;5999.98;5399.982
9;"Trek Conduit+ - 2016";"Trek";"Electric Bikes";2016;"Rowlett Bikes";"Rowlett";"TX";2017;6;"2017-06";1.0;2999.99;2699.991
9;"Trek Conduit+ - 2016";"Trek";"Electric Bikes";2016;"Santa Cruz Bikes";"Santa Cruz";"CA";2017;7;"2017-07";2.0;5999.98;4799.984
9;"Trek Conduit+ - 2016";"Trek";"Electric Bikes";2016;"Baldwin Bikes";"Baldwin";"NY";2017;7;"2017-07";1.0;2999.99;2789.9907
9;"Trek Conduit+ - 2016";"Trek";"Electric Bikes";2016;"Santa Cruz Bikes";"Santa Cruz";"CA";2017;8;"2017-08";1.0;2999.99;2699.991
9;"Trek Conduit+ - 2016";"Trek";"Electric Bikes";2016;"Baldwin Bikes";"Baldwin";"NY";2017;8;"2017-08";4.0;11999.96;10199.966
9;"Trek Conduit+ - 2016";"Trek";"Electric Bikes";2016;"Baldwin Bikes";"Baldwin";"NY";2017;9;"2017-09";4.0;11999.96;10979.9634
9;"Trek Conduit+ - 2016";"Trek";"Electric Bikes";2016;"Santa Cruz Bikes";"Santa Cruz";"CA";2017;10;"2017-10";1.0;2999.99;2399.992
9;"Trek Conduit+ - 2016";"Trek";"Electric Bikes";2016;"Baldwin Bikes";"Baldwin";"NY";2017;10;"2017-10";5.0;14999.95;14249.9525
9;"Trek Conduit+ - 2016";"Trek";"Electric Bikes";2016;"Baldwin Bikes";"Baldwin";"NY";2017;12;"2017-12";7.0;20999.93;19469.9351
9;"Trek Conduit+ - 2016";"Trek";"Electric Bikes";2016;"Santa Cruz Bikes";"Santa Cruz";"CA";2018;3;"2018-03";1.0;2999.99;2699.991
9;"Trek Conduit+ - 2016";"Trek";"Electric Bikes";2016;"Santa Cruz Bikes";"Santa Cruz";"CA";2018;4;"2018-04";1.0;2999.99;2849.9905
9;"Trek Conduit+ - 2016";"Trek";"Electric Bikes";2016;"Baldwin Bikes";"Baldwin";"NY";2018;4;"2018-04";1.0;2999.99;2399.992
61;"Trek Powerfly 8 FS Plus - 2017";"Trek";"Electric Bikes";2017;"Baldwin Bikes";"Baldwin";"NY";2017;1;"2017-01";5.0;24999.95;22299.9554
61;"Trek Powerfly 8 FS Plus - 2017";"Trek";"Electric Bikes";2017;"Baldwin Bikes";"Baldwin";"NY";2017;2;"2017-02";3.0;14999.97;13499.973
61;"Trek Powerfly 8 FS Plus - 2017";"Trek";"Electric Bikes";2017;"Baldwin Bikes";"Baldwin";"NY";2017;4;"2017-04";2.0;9999.98;9499.981
61;"Trek Powerfly 8 FS Plus - 2017";"Trek";"Electric Bikes";2017;"Baldwin Bikes";"Baldwin";"NY";2017;5;"2017-05";2.0;9999.98;9499.981
61;"Trek Powerfly 8 FS Plus - 2017";"Trek";"Electric Bikes";2017;"Baldwin Bikes";"Baldwin";"NY";2017;6;"2017-06";3.0;14999.97;14149.9717
61;"Trek Powerfly 8 FS Plus - 2017";"Trek";"Electric Bikes";2017;"Rowlett Bikes";"Rowlett";"TX";2017;6;"2017-06";1.0;4999.99;4649.9907
61;"Trek Powerfly 8 FS Plus - 2017";"Trek";"Electric Bikes";2017;"Baldwin Bikes";"Baldwin";"NY";2017;8;"2017-08";5.0;24999.95;22949.9541
61;"Trek Powerfly 8 FS Plus - 2017";"Trek";"Electric Bikes";2017;"Baldwin Bikes";"Baldwin";"NY";2017;9;"2017-09";4.0;19999.96;18499.963
61;"Trek Powerfly 8 FS Plus - 2017";"Trek";"Electric Bikes";2017;"Santa Cruz Bikes";"Santa Cruz";"CA";2017;11;"2017-11";2.0;9999.98;8999.982
61;"Trek Powerfly 8 FS Plus - 2017";"Trek";"Electric Bikes";2017;"Baldwin Bikes";"Baldwin";"NY";2017;11;"2017-11";4.0;19999.96;17749.9645
61;"Trek Powerfly 8 FS Plus - 2017";"Trek";"Electric Bikes";2017;"Baldwin Bikes";"Baldwin";"NY";2017;12;"2017-12";3.0;14999.97;13499.973
61;"Trek Powerfly 8 FS Plus - 2017";"Trek";"Electric Bikes";2017;"Baldwin Bikes";"Baldwin";"NY";2018;1;"2018-01";1.0;4999.99;4649.9907
61;"Trek Powerfly 8 FS Plus - 2017";"Trek";"Electric Bikes";2017;"Baldwin Bikes";"Baldwin";"NY";2018;3;"2018-03";2.0;9999.98;9299.9814
61;"Trek Powerfly 8 FS Plus - 2017";"Trek";"Electric Bikes";2017;"Santa Cruz Bikes";"Santa Cruz";"CA";2018;4;"2018-04";4.0;19999.96;18999.962
185;"Trek Conduit+ - 2018";"Trek";"Electric Bikes";2018;"Santa Cruz Bikes";"Santa Cruz";"CA";2018;1;"2018-01";1.0;2799.99;2519.991
185;"Trek Conduit+ - 2018";"Trek";"Electric Bikes";2018;"Baldwin Bikes";"Baldwin";"NY";2018;4;"2018-04";4.0;11199.96;10247.9634
185;"Trek Conduit+ - 2018";"Trek";"Electric Bikes";2018;"Santa Cruz Bikes";"Santa Cruz";"CA";2018;4;"2018-04";2.0;5599.98;5039.982
186;"Trek CrossRip+ - 2018";"Trek";"Electric Bikes";2018;"Baldwin Bikes";"Baldwin";"NY";2018;1;"2018-01";1.0;4499.99;3599.992
186;"Trek CrossRip+ - 2018";"Trek";"Electric Bikes";2018;"Rowlett Bikes";"Rowlett";"TX";2018;3;"2018-03";1.0;4499.99;4049.991
186;"Trek CrossRip+ - 2018";"Trek";"Electric Bikes";2018;"Rowlett Bikes";"Rowlett";"TX";2018;4;"2018-04";1.0;4499.99;4274.9905
186;"Trek CrossRip+ - 2018";"Trek";"Electric Bikes";2018;"Rowlett Bikes";"Rowlett";"TX";2018;7;"2018-07";1.0;4499.99;3599.992
187;"Trek Neko+ - 2018";"Trek";"Electric Bikes";2018;"Baldwin Bikes";"Baldwin";"NY";2018;3;"2018-03";2.0;5599.98;5207.9814
187;"Trek Neko+ - 2018";"Trek";"Electric Bikes";2018;"Santa Cruz Bikes";"Santa Cruz";"CA";2018;4;"2018-04";1.0;2799.99;2519.991
188;"Trek XM700+ Lowstep - 2018";"Trek";"Electric Bikes";2018;"Baldwin Bikes";"Baldwin";"NY";2018;2;"2018-02";2.0;6999.98;6509.9814
188;"Trek XM700+ Lowstep - 2018";"Trek";"Electric Bikes";2018;"Santa Cruz Bikes";"Santa Cruz";"CA";2018;2;"2018-02";2.0;6999.98;5599.984
188;"Trek XM700+ Lowstep - 2018";"Trek";"Electric Bikes";2018;"Rowlett Bikes";"Rowlett";"TX";2018;4;"2018-04";3.0;10499.97;8854.9747
189;"Trek Lift+ Lowstep - 2018";"Trek";"Electric Bikes";2018;"Baldwin Bikes";"Baldwin";"NY";2018;2;"2018-02";2.0;5599.98;4479.984
190;"Trek Dual Sport+ - 2018";"Trek";"Electric Bikes";2018;"Rowlett Bikes";"Rowlett";"TX";2018;1;"2018-01";2.0;5599.98;5207.9814
190;"Trek Dual Sport+ - 2018";"Trek";"Electric Bikes";2018;"Baldwin Bikes";"Baldwin";"NY";2018;3;"2018-03";2.0;5599.98;5207.9814
190;"Trek Dual Sport+ - 2018";"Trek";"Electric Bikes";2018;"Baldwin Bikes";"Baldwin";"NY";2018;4;"2018-04";2.0;5599.98;5039.982
193;"Trek Lift+ - 2018";"Trek";"Electric Bikes";2018;"Santa Cruz Bikes";"Santa Cruz";"CA";2018;2;"2018-02";2.0;5599.98;4479.984
193;"Trek Lift+ - 2018";"Trek";"Electric Bikes";2018;"Baldwin Bikes";"Baldwin";"NY";2018;3;"2018-03";2.0;5599.98;5319.981
193;"Trek Lift+ - 2018";"Trek";"Electric Bikes";2018;"Baldwin Bikes";"Baldwin";"NY";2018;4;"2018-04";1.0;2799.99;2603.9907
194;"Trek XM700+ - 2018";"Trek";"Electric Bikes";2018;"Rowlett Bikes";"Rowlett";"TX";2018;3;"2018-03";1.0;3499.99;2799.992
194;"Trek XM700+ - 2018";"Trek";"Electric Bikes";2018;"Baldwin Bikes";"Baldwin";"NY";2018;3;"2018-03";4.0;13999.96;11899.966
194;"Trek XM700+ - 2018";"Trek";"Electric Bikes";2018;"Baldwin Bikes";"Baldwin";"NY";2018;4;"2018-04";1.0;3499.99;3149.991
194;"Trek XM700+ - 2018";"Trek";"Electric Bikes";2018;"Santa Cruz Bikes";"Santa Cruz";"CA";2018;4;"2018-04";2.0;6999.98;6299.982
196;"Trek Verve+ - 2018";"Trek";"Electric Bikes";2018;"Santa Cruz Bikes";"Santa Cruz";"CA";2018;4;"2018-04";3.0;6899.97;5864.9745
196;"Trek Verve+ - 2018";"Trek";"Electric Bikes";2018;"Baldwin Bikes";"Baldwin";"NY";2018;4;"2018-04";2.0;4599.98;3679.984
197;"Trek Verve+ Lowstep - 2018";"Trek";"Electric Bikes";2018;"Baldwin Bikes";"Baldwin";"NY";2018;3;"2018-03";1.0;2299.99;1839.992
197;"Trek Verve+ Lowstep - 2018";"Trek";"Electric Bikes";2018;"Baldwin Bikes";"Baldwin";"NY";2018;4;"2018-04";2.0;4599.98;3909.983
197;"Trek Verve+ Lowstep - 2018";"Trek";"Electric Bikes";2018;"Rowlett Bikes";"Rowlett";"TX";2018;12;"2018-12";2.0;4599.98;3679.984
200;"Trek Powerfly 5 - 2018";"Trek";"Electric Bikes";2018;"Baldwin Bikes";"Baldwin";"NY";2018;1;"2018-01";1.0;3499.99;3254.9907
201;"Trek Powerfly 5 FS - 2018";"Trek";"Electric Bikes";2018;"Baldwin Bikes";"Baldwin";"NY";2018;3;"2018-03";1.0;4499.99;4274.9905
202;"Trek Powerfly 5 Women's - 2018";"Trek";"Electric Bikes";2018;"Rowlett Bikes";"Rowlett";"TX";2018;4;"2018-04";2.0;6999.98;6299.982
202;"Trek Powerfly 5 Women's - 2018";"Trek";"Electric Bikes";2018;"Santa Cruz Bikes";"Santa Cruz";"CA";2018;4;"2018-04";1.0;3499.99;3254.9907
202;"Trek Powerfly 5 Women's - 2018";"Trek";"Electric Bikes";2018;"Baldwin Bikes";"Baldwin";"NY";2018;4;"2018-04";2.0;6999.98;6649.981
203;"Trek Powerfly 7 FS - 2018";"Trek";"Electric Bikes";2018;"Baldwin Bikes";"Baldwin";"NY";2018;1;"2018-01";2.0;9999.98;9499.981
203;"Trek Powerfly 7 FS - 2018";"Trek";"Electric Bikes";2018;"Santa Cruz Bikes";"Santa Cruz";"CA";2018;1;"2018-01";1.0;4999.99;4749.9905
203;"Trek Powerfly 7 FS - 2018";"Trek";"Electric Bikes";2018;"Baldwin Bikes";"Baldwin";"NY";2018;2;"2018-02";3.0;14999.97;12749.9745
203;"Trek Powerfly 7 FS - 2018";"Trek";"Electric Bikes";2018;"Santa Cruz Bikes";"Santa Cruz";"CA";2018;4;"2018-04";2.0;9999.98;9499.981
204;"Trek Super Commuter+ 7 - 2018";"Trek";"Electric Bikes";2018;"Baldwin Bikes";"Baldwin";"NY";2018;1;"2018-01";2.0;7199.98;6695.9814
204;"Trek Super Commuter+ 7 - 2018";"Trek";"Electric Bikes";2018;"Santa Cruz Bikes";"Santa Cruz";"CA";2018;2;"2018-02";1.0;3599.99;2879.992
204;"Trek Super Commuter+ 7 - 2018";"Trek";"Electric Bikes";2018;"Santa Cruz Bikes";"Santa Cruz";"CA";2018;4;"2018-04";3.0;10799.97;9575.9734
204;"Trek Super Commuter+ 7 - 2018";"Trek";"Electric Bikes";2018;"Baldwin Bikes";"Baldwin";"NY";2018;4;"2018-04";2.0;7199.98;6695.9814
205;"Trek Super Commuter+ 8S - 2018";"Trek";"Electric Bikes";2018;"Rowlett Bikes";"Rowlett";"TX";2018;1;"2018-01";2.0;9999.98;9499.981
205;"Trek Super Commuter+ 8S - 2018";"Trek";"Electric Bikes";2018;"Baldwin Bikes";"Baldwin";"NY";2018;1;"2018-01";2.0;9999.98;9299.9814
205;"Trek Super Commuter+ 8S - 2018";"Trek";"Electric Bikes";2018;"Baldwin Bikes";"Baldwin";"NY";2018;2;"2018-02";2.0;9999.98;8999.982
205;"Trek Super Commuter+ 8S - 2018";"Trek";"Electric Bikes";2018;"Baldwin Bikes";"Baldwin";"NY";2018;4;"2018-04";2.0;9999.98;9499.981
62;"Trek Boone 7 - 2017";"Trek";"Cyclocross Bicycles";2017;"Santa Cruz Bikes";"Santa Cruz";"CA";2017;1;"2017-01";1.0;3499.99;2799.992
62;"Trek Boone 7 - 2017";"Trek";"Cyclocross Bicycles";2017;"Rowlett Bikes";"Rowlett";"TX";2017;1;"2017-01";2.0;6999.98;5599.984
62;"Trek Boone 7 - 2017";"Trek";"Cyclocross Bicycles";2017;"Baldwin Bikes";"Baldwin";"NY";2017;2;"2017-02";5.0;17499.95;14699.958
62;"Trek Boone 7 - 2017";"Trek";"Cyclocross Bicycles";2017;"Baldwin Bikes";"Baldwin";"NY";2017;3;"2017-03";6.0;20999.94;18409.9474
62;"Trek Boone 7 - 2017";"Trek";"Cyclocross Bicycles";2017;"Baldwin Bikes";"Baldwin";"NY";2017;4;"2017-04";1.0;3499.99;2799.992
62;"Trek Boone 7 - 2017";"Trek";"Cyclocross Bicycles";2017;"Santa Cruz Bikes";"Santa Cruz";"CA";2017;5;"2017-05";2.0;6999.98;6509.9814
62;"Trek Boone 7 - 2017";"Trek";"Cyclocross Bicycles";2017;"Baldwin Bikes";"Baldwin";"NY";2017;5;"2017-05";2.0;6999.98;6649.981
62;"Trek Boone 7 - 2017";"Trek";"Cyclocross Bicycles";2017;"Baldwin Bikes";"Baldwin";"NY";2017;6;"2017-06";5.0;17499.95;14524.9585
62;"Trek Boone 7 - 2017";"Trek";"Cyclocross Bicycles";2017;"Baldwin Bikes";"Baldwin";"NY";2017;9;"2017-09";1.0;3499.99;2799.992
62;"Trek Boone 7 - 2017";"Trek";"Cyclocross Bicycles";2017;"Baldwin Bikes";"Baldwin";"NY";2017;10;"2017-10";4.0;13999.96;12599.964
62;"Trek Boone 7 - 2017";"Trek";"Cyclocross Bicycles";2017;"Rowlett Bikes";"Rowlett";"TX";2017;10;"2017-10";2.0;6999.98;6509.9814
62;"Trek Boone 7 - 2017";"Trek";"Cyclocross Bicycles";2017;"Baldwin Bikes";"Baldwin";"NY";2017;11;"2017-11";3.0;10499.97;9904.9717
62;"Trek Boone 7 - 2017";"Trek";"Cyclocross Bicycles";2017;"Santa Cruz Bikes";"Santa Cruz";"CA";2017;12;"2017-12";2.0;6999.98;6299.982
62;"Trek Boone 7 - 2017";"Trek";"Cyclocross Bicycles";2017;"Rowlett Bikes";"Rowlett";"TX";2017;12;"2017-12";2.0;6999.98;6299.982
62;"Trek Boone 7 - 2017";"Trek";"Cyclocross Bicycles";2017;"Baldwin Bikes";"Baldwin";"NY";2017;12;"2017-12";2.0;6999.98;5599.984
62;"Trek Boone 7 - 2017";"Trek";"Cyclocross Bicycles";2017;"Santa Cruz Bikes";"Santa Cruz";"CA";2018;4;"2018-04";2.0;6999.98;5599.984
63;"Trek Boone Race Shop Limited - 2017";"Trek";"Cyclocross Bicycles";2017;"Baldwin Bikes";"Baldwin";"NY";2017;1;"2017-01";3.0;10499.97;9764.9721
63;"Trek Boone Race Shop Limited - 2017";"Trek";"Cyclocross Bicycles";2017;"Baldwin Bikes";"Baldwin";"NY";2017;2;"2017-02";1.0;3499.99;2799.992
63;"Trek Boone Race Shop Limited - 2017";"Trek";"Cyclocross Bicycles";2017;"Santa Cruz Bikes";"Santa Cruz";"CA";2017;2;"2017-02";1.0;3499.99;3254.9907
63;"Trek Boone Race Shop Limited - 2017";"Trek";"Cyclocross Bicycles";2017;"Baldwin Bikes";"Baldwin";"NY";2017;3;"2017-03";1.0;3499.99;3149.991
63;"Trek Boone Race Shop Limited - 2017";"Trek";"Cyclocross Bicycles";2017;"Santa Cruz Bikes";"Santa Cruz";"CA";2017;3;"2017-03";1.0;3499.99;3149.991
63;"Trek Boone Race Shop Limited - 2017";"Trek";"Cyclocross Bicycles";2017;"Baldwin Bikes";"Baldwin";"NY";2017;4;"2017-04";2.0;6999.98;6649.981
63;"Trek Boone Race Shop Limited - 2017";"Trek";"Cyclocross Bicycles";2017;"Baldwin Bikes";"Baldwin";"NY";2017;5;"2017-05";3.0;10499.97;9764.9721
63;"Trek Boone Race Shop Limited - 2017";"Trek";"Cyclocross Bicycles";2017;"Baldwin Bikes";"Baldwin";"NY";2017;6;"2017-06";5.0;17499.95;15504.9557
63;"Trek Boone Race Shop Limited - 2017";"Trek";"Cyclocross Bicycles";2017;"Baldwin Bikes";"Baldwin";"NY";2017;8;"2017-08";1.0;3499.99;3254.9907
63;"Trek Boone Race Shop Limited - 2017";"Trek";"Cyclocross Bicycles";2017;"Baldwin Bikes";"Baldwin";"NY";2017;10;"2017-10";5.0;17499.95;15749.955
63;"Trek Boone Race Shop Limited - 2017";"Trek";"Cyclocross Bicycles";2017;"Rowlett Bikes";"Rowlett";"TX";2017;12;"2017-12";1.0;3499.99;2799.992
63;"Trek Boone Race Shop Limited - 2017";"Trek";"Cyclocross Bicycles";2017;"Baldwin Bikes";"Baldwin";"NY";2017;12;"2017-12";2.0;6999.98;5599.984
63;"Trek Boone Race Shop Limited - 2017";"Trek";"Cyclocross Bicycles";2017;"Rowlett Bikes";"Rowlett";"TX";2018;1;"2018-01";1.0;3499.99;3149.991
63;"Trek Boone Race Shop Limited - 2017";"Trek";"Cyclocross Bicycles";2017;"Santa Cruz Bikes";"Santa Cruz";"CA";2018;4;"2018-04";2.0;6999.98;6649.981
206;"Trek Boone 5 Disc - 2018";"Trek";"Cyclocross Bicycles";2018;"Baldwin Bikes";"Baldwin";"NY";2018;1;"2018-01";1.0;3299.99;2969.991
206;"Trek Boone 5 Disc - 2018";"Trek";"Cyclocross Bicycles";2018;"Baldwin Bikes";"Baldwin";"NY";2018;4;"2018-04";1.0;3299.99;3068.9907
207;"Trek Boone 7 Disc - 2018";"Trek";"Cyclocross Bicycles";2018;"Santa Cruz Bikes";"Santa Cruz";"CA";2018;1;"2018-01";1.0;3999.99;3599.991
207;"Trek Boone 7 Disc - 2018";"Trek";"Cyclocross Bicycles";2018;"Baldwin Bikes";"Baldwin";"NY";2018;3;"2018-03";1.0;3999.99;3599.991
207;"Trek Boone 7 Disc - 2018";"Trek";"Cyclocross Bicycles";2018;"Baldwin Bikes";"Baldwin";"NY";2018;4;"2018-04";2.0;7999.98;6399.984
207;"Trek Boone 7 Disc - 2018";"Trek";"Cyclocross Bicycles";2018;"Santa Cruz Bikes";"Santa Cruz";"CA";2018;4;"2018-04";4.0;15999.96;14639.9634
208;"Trek Crockett 5 Disc - 2018";"Trek";"Cyclocross Bicycles";2018;"Baldwin Bikes";"Baldwin";"NY";2018;1;"2018-01";2.0;3599.98;2879.984
208;"Trek Crockett 5 Disc - 2018";"Trek";"Cyclocross Bicycles";2018;"Santa Cruz Bikes";"Santa Cruz";"CA";2018;4;"2018-04";1.0;1799.99;1673.9907
209;"Trek Crockett 7 Disc - 2018";"Trek";"Cyclocross Bicycles";2018;"Rowlett Bikes";"Rowlett";"TX";2018;1;"2018-01";1.0;2999.99;2699.991
209;"Trek Crockett 7 Disc - 2018";"Trek";"Cyclocross Bicycles";2018;"Baldwin Bikes";"Baldwin";"NY";2018;3;"2018-03";2.0;5999.98;5399.982
209;"Trek Crockett 7 Disc - 2018";"Trek";"Cyclocross Bicycles";2018;"Baldwin Bikes";"Baldwin";"NY";2018;4;"2018-04";2.0;5999.98;5579.9814
83;"Trek Boy's Kickster - 2015/2017";"Trek";"Children Bicycles";2017;"Baldwin Bikes";"Baldwin";"NY";2017;1;"2017-01";1.0;149.99;134.991
83;"Trek Boy's Kickster - 2015/2017";"Trek";"Children Bicycles";2017;"Santa Cruz Bikes";"Santa Cruz";"CA";2017;1;"2017-01";2.0;299.98;284.981
83;"Trek Boy's Kickster - 2015/2017";"Trek";"Children Bicycles";2017;"Santa Cruz Bikes";"Santa Cruz";"CA";2017;2;"2017-02";1.0;149.99;139.4907
83;"Trek Boy's Kickster - 2015/2017";"Trek";"Children Bicycles";2017;"Rowlett Bikes";"Rowlett";"TX";2017;3;"2017-03";4.0;599.96;569.962
83;"Trek Boy's Kickster - 2015/2017";"Trek";"Children Bicycles";2017;"Baldwin Bikes";"Baldwin";"NY";2017;4;"2017-04";4.0;599.96;524.965
83;"Trek Boy's Kickster - 2015/2017";"Trek";"Children Bicycles";2017;"Baldwin Bikes";"Baldwin";"NY";2017;5;"2017-05";2.0;299.98;239.984
83;"Trek Boy's Kickster - 2015/2017";"Trek";"Children Bicycles";2017;"Santa Cruz Bikes";"Santa Cruz";"CA";2017;6;"2017-06";1.0;149.99;119.992
83;"Trek Boy's Kickster - 2015/2017";"Trek";"Children Bicycles";2017;"Baldwin Bikes";"Baldwin";"NY";2017;6;"2017-06";2.0;299.98;269.982
83;"Trek Boy's Kickster - 2015/2017";"Trek";"Children Bicycles";2017;"Santa Cruz Bikes";"Santa Cruz";"CA";2017;7;"2017-07";1.0;149.99;134.991
83;"Trek Boy's Kickster - 2015/2017";"Trek";"Children Bicycles";2017;"Baldwin Bikes";"Baldwin";"NY";2017;7;"2017-07";1.0;149.99;142.4905
83;"Trek Boy's Kickster - 2015/2017";"Trek";"Children Bicycles";2017;"Baldwin Bikes";"Baldwin";"NY";2017;8;"2017-08";2.0;299.98;269.982
83;"Trek Boy's Kickster - 2015/2017";"Trek";"Children Bicycles";2017;"Santa Cruz Bikes";"Santa Cruz";"CA";2017;8;"2017-08";1.0;149.99;119.992
83;"Trek Boy's Kickster - 2015/2017";"Trek";"Children Bicycles";2017;"Baldwin Bikes";"Baldwin";"NY";2017;10;"2017-10";2.0;299.98;284.981
86;"Trek Girl's Kickster - 2017";"Trek";"Children Bicycles";2017;"Santa Cruz Bikes";"Santa Cruz";"CA";2017;3;"2017-03";1.0;149.99;119.992
86;"Trek Girl's Kickster - 2017";"Trek";"Children Bicycles";2017;"Rowlett Bikes";"Rowlett";"TX";2017;4;"2017-04";2.0;299.98;239.984
86;"Trek Girl's Kickster - 2017";"Trek";"Children Bicycles";2017;"Baldwin Bikes";"Baldwin";"NY";2017;5;"2017-05";1.0;149.99;134.991
86;"Trek Girl's Kickster - 2017";"Trek";"Children Bicycles";2017;"Baldwin Bikes";"Baldwin";"NY";2017;7;"2017-07";2.0;299.98;278.9814
86;"Trek Girl's Kickster - 2017";"Trek";"Children Bicycles";2017;"Baldwin Bikes";"Baldwin";"NY";2017;8;"2017-08";1.0;149.99;142.4905
86;"Trek Girl's Kickster - 2017";"Trek";"Children Bicycles";2017;"Baldwin Bikes";"Baldwin";"NY";2017;9;"2017-09";1.0;149.99;142.4905
86;"Trek Girl's Kickster - 2017";"Trek";"Children Bicycles";2017;"Baldwin Bikes";"Baldwin";"NY";2017;10;"2017-10";3.0;449.97;374.975
86;"Trek Girl's Kickster - 2017";"Trek";"Children Bicycles";2017;"Baldwin Bikes";"Baldwin";"NY";2017;11;"2017-11";1.0;149.99;139.4907
86;"Trek Girl's Kickster - 2017";"Trek";"Children Bicycles";2017;"Baldwin Bikes";"Baldwin";"NY";2018;1;"2018-01";4.0;599.96;524.965
86;"Trek Girl's Kickster - 2017";"Trek";"Children Bicycles";2017;"Santa Cruz Bikes";"Santa Cruz";"CA";2018;3;"2018-03";2.0;299.98;284.981
86;"Trek Girl's Kickster - 2017";"Trek";"Children Bicycles";2017;"Baldwin Bikes";"Baldwin";"NY";2018;4;"2018-04";4.0;599.96;569.962
86;"Trek Girl's Kickster - 2017";"Trek";"Children Bicycles";2017;"Santa Cruz Bikes";"Santa Cruz";"CA";2018;4;"2018-04";2.0;299.98;239.984
87;"Trek Precaliber 12 Boys - 2017";"Trek";"Children Bicycles";2017;"Santa Cruz Bikes";"Santa Cruz";"CA";2017;4;"2017-04";2.0;379.98;341.982
87;"Trek Precaliber 12 Boys - 2017";"Trek";"Children Bicycles";2017;"Baldwin Bikes";"Baldwin";"NY";2017;4;"2017-04";3.0;569.97;474.975
87;"Trek Precaliber 12 Boys - 2017";"Trek";"Children Bicycles";2017;"Baldwin Bikes";"Baldwin";"NY";2017;6;"2017-06";3.0;569.97;493.974
87;"Trek Precaliber 12 Boys - 2017";"Trek";"Children Bicycles";2017;"Baldwin Bikes";"Baldwin";"NY";2017;8;"2017-08";3.0;569.97;480.6747
87;"Trek Precaliber 12 Boys - 2017";"Trek";"Children Bicycles";2017;"Baldwin Bikes";"Baldwin";"NY";2017;9;"2017-09";2.0;379.98;353.3814
87;"Trek Precaliber 12 Boys - 2017";"Trek";"Children Bicycles";2017;"Rowlett Bikes";"Rowlett";"TX";2017;10;"2017-10";1.0;189.99;170.991
87;"Trek Precaliber 12 Boys - 2017";"Trek";"Children Bicycles";2017;"Baldwin Bikes";"Baldwin";"NY";2017;10;"2017-10";3.0;569.97;518.6727
87;"Trek Precaliber 12 Boys - 2017";"Trek";"Children Bicycles";2017;"Baldwin Bikes";"Baldwin";"NY";2017;11;"2017-11";4.0;759.96;657.3654
87;"Trek Precaliber 12 Boys - 2017";"Trek";"Children Bicycles";2017;"Santa Cruz Bikes";"Santa Cruz";"CA";2017;11;"2017-11";4.0;759.96;695.3634
87;"Trek Precaliber 12 Boys - 2017";"Trek";"Children Bicycles";2017;"Baldwin Bikes";"Baldwin";"NY";2017;12;"2017-12";3.0;569.97;480.6747
87;"Trek Precaliber 12 Boys - 2017";"Trek";"Children Bicycles";2017;"Baldwin Bikes";"Baldwin";"NY";2018;2;"2018-02";2.0;379.98;303.984
88;"Trek Precaliber 12 Girls - 2017";"Trek";"Children Bicycles";2017;"Santa Cruz Bikes";"Santa Cruz";"CA";2017;1;"2017-01";2.0;379.98;353.3814
88;"Trek Precaliber 12 Girls - 2017";"Trek";"Children Bicycles";2017;"Baldwin Bikes";"Baldwin";"NY";2017;2;"2017-02";5.0;949.95;837.8559
88;"Trek Precaliber 12 Girls - 2017";"Trek";"Children Bicycles";2017;"Santa Cruz Bikes";"Santa Cruz";"CA";2017;3;"2017-03";1.0;189.99;151.992
88;"Trek Precaliber 12 Girls - 2017";"Trek";"Children Bicycles";2017;"Baldwin Bikes";"Baldwin";"NY";2017;4;"2017-04";4.0;759.96;636.4665
88;"Trek Precaliber 12 Girls - 2017";"Trek";"Children Bicycles";2017;"Baldwin Bikes";"Baldwin";"NY";2017;5;"2017-05";1.0;189.99;180.4905
88;"Trek Precaliber 12 Girls - 2017";"Trek";"Children Bicycles";2017;"Baldwin Bikes";"Baldwin";"NY";2017;6;"2017-06";2.0;379.98;360.981
88;"Trek Precaliber 12 Girls - 2017";"Trek";"Children Bicycles";2017;"Rowlett Bikes";"Rowlett";"TX";2017;6;"2017-06";1.0;189.99;180.4905
88;"Trek Precaliber 12 Girls - 2017";"Trek";"Children Bicycles";2017;"Santa Cruz Bikes";"Santa Cruz";"CA";2017;7;"2017-07";1.0;189.99;151.992
88;"Trek Precaliber 12 Girls - 2017";"Trek";"Children Bicycles";2017;"Santa Cruz Bikes";"Santa Cruz";"CA";2017;8;"2017-08";1.0;189.99;170.991
88;"Trek Precaliber 12 Girls - 2017";"Trek";"Children Bicycles";2017;"Baldwin Bikes";"Baldwin";"NY";2017;9;"2017-09";1.0;189.99;176.6907
88;"Trek Precaliber 12 Girls - 2017";"Trek";"Children Bicycles";2017;"Baldwin Bikes";"Baldwin";"NY";2017;10;"2017-10";3.0;569.97;505.3734
88;"Trek Precaliber 12 Girls - 2017";"Trek";"Children Bicycles";2017;"Rowlett Bikes";"Rowlett";"TX";2017;10;"2017-10";2.0;379.98;360.981
88;"Trek Precaliber 12 Girls - 2017";"Trek";"Children Bicycles";2017;"Baldwin Bikes";"Baldwin";"NY";2017;11;"2017-11";3.0;569.97;455.976
88;"Trek Precaliber 12 Girls - 2017";"Trek";"Children Bicycles";2017;"Baldwin Bikes";"Baldwin";"NY";2017;12;"2017-12";2.0;379.98;341.982
88;"Trek Precaliber 12 Girls - 2017";"Trek";"Children Bicycles";2017;"Baldwin Bikes";"Baldwin";"NY";2018;4;"2018-04";1.0;189.99;180.4905
88;"Trek Precaliber 12 Girls - 2017";"Trek";"Children Bicycles";2017;"Santa Cruz Bikes";"Santa Cruz";"CA";2018;4;"2018-04";1.0;189.99;151.992
89;"Trek Precaliber 16 Boys - 2017";"Trek";"Children Bicycles";2017;"Baldwin Bikes";"Baldwin";"NY";2017;1;"2017-01";2.0;419.98;398.981
89;"Trek Precaliber 16 Boys - 2017";"Trek";"Children Bicycles";2017;"Baldwin Bikes";"Baldwin";"NY";2017;3;"2017-03";2.0;419.98;335.984
89;"Trek Precaliber 16 Boys - 2017";"Trek";"Children Bicycles";2017;"Baldwin Bikes";"Baldwin";"NY";2017;4;"2017-04";1.0;209.99;167.992
89;"Trek Precaliber 16 Boys - 2017";"Trek";"Children Bicycles";2017;"Baldwin Bikes";"Baldwin";"NY";2017;5;"2017-05";1.0;209.99;167.992
89;"Trek Precaliber 16 Boys - 2017";"Trek";"Children Bicycles";2017;"Baldwin Bikes";"Baldwin";"NY";2017;7;"2017-07";2.0;419.98;390.5814
89;"Trek Precaliber 16 Boys - 2017";"Trek";"Children Bicycles";2017;"Baldwin Bikes";"Baldwin";"NY";2017;8;"2017-08";5.0;1049.95;944.955
89;"Trek Precaliber 16 Boys - 2017";"Trek";"Children Bicycles";2017;"Santa Cruz Bikes";"Santa Cruz";"CA";2017;8;"2017-08";2.0;419.98;390.5814
89;"Trek Precaliber 16 Boys - 2017";"Trek";"Children Bicycles";2017;"Rowlett Bikes";"Rowlett";"TX";2017;9;"2017-09";2.0;419.98;398.981
89;"Trek Precaliber 16 Boys - 2017";"Trek";"Children Bicycles";2017;"Baldwin Bikes";"Baldwin";"NY";2017;10;"2017-10";3.0;629.97;573.2727
89;"Trek Precaliber 16 Boys - 2017";"Trek";"Children Bicycles";2017;"Santa Cruz Bikes";"Santa Cruz";"CA";2017;12;"2017-12";1.0;209.99;199.4905
89;"Trek Precaliber 16 Boys - 2017";"Trek";"Children Bicycles";2017;"Baldwin Bikes";"Baldwin";"NY";2018;1;"2018-01";2.0;419.98;377.982
89;"Trek Precaliber 16 Boys - 2017";"Trek";"Children Bicycles";2017;"Baldwin Bikes";"Baldwin";"NY";2018;2;"2018-02";1.0;209.99;188.991
89;"Trek Precaliber 16 Boys - 2017";"Trek";"Children Bicycles";2017;"Santa Cruz Bikes";"Santa Cruz";"CA";2018;3;"2018-03";2.0;419.98;377.982
89;"Trek Precaliber 16 Boys - 2017";"Trek";"Children Bicycles";2017;"Santa Cruz Bikes";"Santa Cruz";"CA";2018;4;"2018-04";1.0;209.99;199.4905
90;"Trek Precaliber 16 Girls - 2017";"Trek";"Children Bicycles";2017;"Santa Cruz Bikes";"Santa Cruz";"CA";2017;1;"2017-01";1.0;209.99;195.2907
90;"Trek Precaliber 16 Girls - 2017";"Trek";"Children Bicycles";2017;"Baldwin Bikes";"Baldwin";"NY";2017;2;"2017-02";1.0;209.99;188.991
90;"Trek Precaliber 16 Girls - 2017";"Trek";"Children Bicycles";2017;"Rowlett Bikes";"Rowlett";"TX";2017;3;"2017-03";1.0;209.99;195.2907
90;"Trek Precaliber 16 Girls - 2017";"Trek";"Children Bicycles";2017;"Baldwin Bikes";"Baldwin";"NY";2017;3;"2017-03";2.0;419.98;335.984
90;"Trek Precaliber 16 Girls - 2017";"Trek";"Children Bicycles";2017;"Santa Cruz Bikes";"Santa Cruz";"CA";2017;3;"2017-03";1.0;209.99;199.4905
90;"Trek Precaliber 16 Girls - 2017";"Trek";"Children Bicycles";2017;"Baldwin Bikes";"Baldwin";"NY";2017;4;"2017-04";2.0;419.98;390.5814
90;"Trek Precaliber 16 Girls - 2017";"Trek";"Children Bicycles";2017;"Baldwin Bikes";"Baldwin";"NY";2017;5;"2017-05";2.0;419.98;377.982
90;"Trek Precaliber 16 Girls - 2017";"Trek";"Children Bicycles";2017;"Baldwin Bikes";"Baldwin";"NY";2017;6;"2017-06";3.0;629.97;545.974
90;"Trek Precaliber 16 Girls - 2017";"Trek";"Children Bicycles";2017;"Santa Cruz Bikes";"Santa Cruz";"CA";2017;7;"2017-07";1.0;209.99;167.992
90;"Trek Precaliber 16 Girls - 2017";"Trek";"Children Bicycles";2017;"Santa Cruz Bikes";"Santa Cruz";"CA";2017;8;"2017-08";2.0;419.98;377.982
90;"Trek Precaliber 16 Girls - 2017";"Trek";"Children Bicycles";2017;"Baldwin Bikes";"Baldwin";"NY";2017;9;"2017-09";2.0;419.98;335.984
90;"Trek Precaliber 16 Girls - 2017";"Trek";"Children Bicycles";2017;"Baldwin Bikes";"Baldwin";"NY";2017;11;"2017-11";3.0;629.97;503.976
90;"Trek Precaliber 16 Girls - 2017";"Trek";"Children Bicycles";2017;"Santa Cruz Bikes";"Santa Cruz";"CA";2017;12;"2017-12";2.0;419.98;377.982
90;"Trek Precaliber 16 Girls - 2017";"Trek";"Children Bicycles";2017;"Baldwin Bikes";"Baldwin";"NY";2018;2;"2018-02";1.0;209.99;195.2907
90;"Trek Precaliber 16 Girls - 2017";"Trek";"Children Bicycles";2017;"Baldwin Bikes";"Baldwin";"NY";2018;3;"2018-03";1.0;209.99;188.991
91;"Trek Precaliber 24 (21-Speed) - Girls - 2017";"Trek";"Children Bicycles";2017;"Baldwin Bikes";"Baldwin";"NY";2017;1;"2017-01";2.0;699.98;664.981
91;"Trek Precaliber 24 (21-Speed) - Girls - 2017";"Trek";"Children Bicycles";2017;"Baldwin Bikes";"Baldwin";"NY";2017;2;"2017-02";1.0;349.99;332.4905
91;"Trek Precaliber 24 (21-Speed) - Girls - 2017";"Trek";"Children Bicycles";2017;"Santa Cruz Bikes";"Santa Cruz";"CA";2017;2;"2017-02";1.0;349.99;314.991
91;"Trek Precaliber 24 (21-Speed) - Girls - 2017";"Trek";"Children Bicycles";2017;"Rowlett Bikes";"Rowlett";"TX";2017;2;"2017-02";1.0;349.99;332.4905
91;"Trek Precaliber 24 (21-Speed) - Girls - 2017";"Trek";"Children Bicycles";2017;"Baldwin Bikes";"Baldwin";"NY";2017;3;"2017-03";3.0;1049.97;965.9724
91;"Trek Precaliber 24 (21-Speed) - Girls - 2017";"Trek";"Children Bicycles";2017;"Santa Cruz Bikes";"Santa Cruz";"CA";2017;3;"2017-03";2.0;699.98;650.9814
91;"Trek Precaliber 24 (21-Speed) - Girls - 2017";"Trek";"Children Bicycles";2017;"Rowlett Bikes";"Rowlett";"TX";2017;5;"2017-05";2.0;699.98;664.981
91;"Trek Precaliber 24 (21-Speed) - Girls - 2017";"Trek";"Children Bicycles";2017;"Baldwin Bikes";"Baldwin";"NY";2017;5;"2017-05";2.0;699.98;664.981
91;"Trek Precaliber 24 (21-Speed) - Girls - 2017";"Trek";"Children Bicycles";2017;"Santa Cruz Bikes";"Santa Cruz";"CA";2017;5;"2017-05";1.0;349.99;279.992
91;"Trek Precaliber 24 (21-Speed) - Girls - 2017";"Trek";"Children Bicycles";2017;"Baldwin Bikes";"Baldwin";"NY";2017;7;"2017-07";4.0;1399.96;1200.4657
91;"Trek Precaliber 24 (21-Speed) - Girls - 2017";"Trek";"Children Bicycles";2017;"Baldwin Bikes";"Baldwin";"NY";2017;8;"2017-08";1.0;349.99;325.4907
91;"Trek Precaliber 24 (21-Speed) - Girls - 2017";"Trek";"Children Bicycles";2017;"Baldwin Bikes";"Baldwin";"NY";2017;9;"2017-09";6.0;2099.94;1823.4479
91;"Trek Precaliber 24 (21-Speed) - Girls - 2017";"Trek";"Children Bicycles";2017;"Baldwin Bikes";"Baldwin";"NY";2017;10;"2017-10";4.0;1399.96;1119.968
91;"Trek Precaliber 24 (21-Speed) - Girls - 2017";"Trek";"Children Bicycles";2017;"Baldwin Bikes";"Baldwin";"NY";2017;11;"2017-11";3.0;1049.97;909.974
91;"Trek Precaliber 24 (21-Speed) - Girls - 2017";"Trek";"Children Bicycles";2017;"Baldwin Bikes";"Baldwin";"NY";2017;12;"2017-12";3.0;1049.97;944.973
91;"Trek Precaliber 24 (21-Speed) - Girls - 2017";"Trek";"Children Bicycles";2017;"Baldwin Bikes";"Baldwin";"NY";2018;3;"2018-03";2.0;699.98;650.9814
91;"Trek Precaliber 24 (21-Speed) - Girls - 2017";"Trek";"Children Bicycles";2017;"Rowlett Bikes";"Rowlett";"TX";2018;4;"2018-04";1.0;349.99;332.4905
262;"Trek MT 201 - 2018";"Trek";"Children Bicycles";2018;"Santa Cruz Bikes";"Santa Cruz";"CA";2018;2;"2018-02";1.0;249.99;224.991
266;"Trek Superfly 20 - 2018";"Trek";"Children Bicycles";2018;"Baldwin Bikes";"Baldwin";"NY";2018;2;"2018-02";1.0;399.99;359.991
268;"Trek Kickster - 2018";"Trek";"Children Bicycles";2018;"Baldwin Bikes";"Baldwin";"NY";2018;2;"2018-02";2.0;319.98;303.981
268;"Trek Kickster - 2018";"Trek";"Children Bicycles";2018;"Baldwin Bikes";"Baldwin";"NY";2018;3;"2018-03";3.0;479.97;415.974
268;"Trek Kickster - 2018";"Trek";"Children Bicycles";2018;"Santa Cruz Bikes";"Santa Cruz";"CA";2018;4;"2018-04";2.0;319.98;303.981
268;"Trek Kickster - 2018";"Trek";"Children Bicycles";2018;"Baldwin Bikes";"Baldwin";"NY";2018;4;"2018-04";1.0;159.99;127.992
269;"Trek Precaliber 12 Boy's - 2018";"Trek";"Children Bicycles";2018;"Rowlett Bikes";"Rowlett";"TX";2018;1;"2018-01";2.0;399.98;371.9814
269;"Trek Precaliber 12 Boy's - 2018";"Trek";"Children Bicycles";2018;"Santa Cruz Bikes";"Santa Cruz";"CA";2018;3;"2018-03";1.0;199.99;189.9905
269;"Trek Precaliber 12 Boy's - 2018";"Trek";"Children Bicycles";2018;"Baldwin Bikes";"Baldwin";"NY";2018;4;"2018-04";3.0;599.97;499.975
270;"Trek Precaliber 16 Boy's - 2018";"Trek";"Children Bicycles";2018;"Baldwin Bikes";"Baldwin";"NY";2018;1;"2018-01";1.0;209.99;199.4905
271;"Trek Precaliber 16 Girl's - 2018";"Trek";"Children Bicycles";2018;"Baldwin Bikes";"Baldwin";"NY";2018;3;"2018-03";2.0;419.98;398.981
271;"Trek Precaliber 16 Girl's - 2018";"Trek";"Children Bicycles";2018;"Santa Cruz Bikes";"Santa Cruz";"CA";2018;4;"2018-04";2.0;419.98;335.984
271;"Trek Precaliber 16 Girl's - 2018";"Trek";"Children Bicycles";2018;"Baldwin Bikes";"Baldwin";"NY";2018;4;"2018-04";2.0;419.98;398.981
271;"Trek Precaliber 16 Girl's - 2018";"Trek";"Children Bicycles";2018;"Baldwin Bikes";"Baldwin";"NY";2018;6;"2018-06";1.0;209.99;188.991
271;"Trek Precaliber 16 Girl's - 2018";"Trek";"Children Bicycles";2018;"Rowlett Bikes";"Rowlett";"TX";2018;7;"2018-07";1.0;209.99;188.991
272;"Trek Precaliber 20 6-speed Boy's - 2018";"Trek";"Children Bicycles";2018;"Baldwin Bikes";"Baldwin";"NY";2018;3;"2018-03";1.0;289.99;260.991
272;"Trek Precaliber 20 6-speed Boy's - 2018";"Trek";"Children Bicycles";2018;"Santa Cruz Bikes";"Santa Cruz";"CA";2018;4;"2018-04";1.0;289.99;231.992
273;"Trek Precaliber 20 6-speed Girl's - 2018";"Trek";"Children Bicycles";2018;"Baldwin Bikes";"Baldwin";"NY";2018;2;"2018-02";1.0;289.99;269.6907
274;"Trek Precaliber 20 Boy's - 2018";"Trek";"Children Bicycles";2018;"Baldwin Bikes";"Baldwin";"NY";2018;2;"2018-02";2.0;459.98;367.984
274;"Trek Precaliber 20 Boy's - 2018";"Trek";"Children Bicycles";2018;"Baldwin Bikes";"Baldwin";"NY";2018;4;"2018-04";2.0;459.98;413.982
275;"Trek Precaliber 20 Girl's - 2018";"Trek";"Children Bicycles";2018;"Baldwin Bikes";"Baldwin";"NY";2018;2;"2018-02";1.0;229.99;206.991
275;"Trek Precaliber 20 Girl's - 2018";"Trek";"Children Bicycles";2018;"Baldwin Bikes";"Baldwin";"NY";2018;4;"2018-04";4.0;919.96;804.965
276;"Trek Precaliber 24 (7-Speed) - Boys - 2018";"Trek";"Children Bicycles";2018;"Baldwin Bikes";"Baldwin";"NY";2018;1;"2018-01";2.0;639.98;575.982
276;"Trek Precaliber 24 (7-Speed) - Boys - 2018";"Trek";"Children Bicycles";2018;"Baldwin Bikes";"Baldwin";"NY";2018;4;"2018-04";1.0;319.99;255.992
276;"Trek Precaliber 24 (7-Speed) - Boys - 2018";"Trek";"Children Bicycles";2018;"Santa Cruz Bikes";"Santa Cruz";"CA";2018;4;"2018-04";1.0;319.99;297.5907
277;"Trek Precaliber 24 21-speed Boy's - 2018";"Trek";"Children Bicycles";2018;"Baldwin Bikes";"Baldwin";"NY";2018;2;"2018-02";1.0;369.99;295.992
277;"Trek Precaliber 24 21-speed Boy's - 2018";"Trek";"Children Bicycles";2018;"Santa Cruz Bikes";"Santa Cruz";"CA";2018;4;"2018-04";1.0;369.99;344.0907
278;"Trek Precaliber 24 21-speed Girl's - 2018";"Trek";"Children Bicycles";2018;"Baldwin Bikes";"Baldwin";"NY";2018;3;"2018-03";2.0;739.98;665.982
279;"Trek Precaliber 24 7-speed Girl's - 2018";"Trek";"Children Bicycles";2018;"Santa Cruz Bikes";"Santa Cruz";"CA";2018;4;"2018-04";1.0;319.99;255.992
280;"Trek Superfly 24 - 2017/2018";"Trek";"Children Bicycles";2018;"Baldwin Bikes";"Baldwin";"NY";2018;4;"2018-04";1.0;489.99;465.4905
