"order_id";"customer_id";"order_date";"order_year";"order_month";"yr_month";"store_name";"city";"state";"product_name";"brand_name";"category_name";"quantity";"list_price";"discount";"discount_pct";"gross_amount";"discount_amount";"net_amount"
1476;35;"2018-03-31";2018;3;"2018-03";"Baldwin Bikes";"Baldwin";"NY";"Electra Loft Go! 8i - 2018";"Electra";"Electric Bikes";1;2799.99;0.1;10.0;2799.99;279.999;2519.991
1585;157;"2018-04-26";2018;4;"2018-04";"Santa Cruz Bikes";"Santa Cruz";"CA";"Electra Loft Go! 8i - 2018";"Electra";"Electric Bikes";1;2799.99;0.1;10.0;2799.99;279.999;2519.991
1611;6;"2018-09-06";2018;9;"2018-09";"Baldwin Bikes";"Baldwin";"NY";"Electra Loft Go! 8i - 2018";"Electra";"Electric Bikes";1;2799.99;0.07;7.0;2799.99;195.9993;2603.9907
1356;1161;"2018-01-19";2018;1;"2018-01";"Baldwin Bikes";"Baldwin";"NY";"Electra Townie Go! 8i - 2017/2018";"Electra";"Electric Bikes";1;2599.99;0.05;5.0;2599.99;129.9995;2469.9905
1434;595;"2018-03-14";2018;3;"2018-03";"Baldwin Bikes";"Baldwin";"NY";"Electra Townie Commute Go! - 2018";"Electra";"Electric Bikes";1;2999.99;0.1;10.0;2999.99;299.999;2699.991
1487;33;"2018-04-03";2018;4;"2018-04";"Santa Cruz Bikes";"Santa Cruz";"CA";"Electra Townie Commute Go! - 2018";"Electra";"Electric Bikes";1;2999.99;0.05;5.0;2999.99;149.9995;2849.9905
1489;194;"2018-04-03";2018;4;"2018-04";"Santa Cruz Bikes";"Santa Cruz";"CA";"Electra Townie Commute Go! - 2018";"Electra";"Electric Bikes";1;2999.99;0.2;20.0;2999.99;599.998;2399.992
1497;31;"2018-04-06";2018;4;"2018-04";"Santa Cruz Bikes";"Santa Cruz";"CA";"Electra Townie Commute Go! - 2018";"Electra";"Electric Bikes";2;2999.99;0.1;10.0;5999.98;599.998;5399.982
1572;14;"2018-04-22";2018;4;"2018-04";"Rowlett Bikes";"Rowlett";"TX";"Electra Townie Commute Go! - 2018";"Electra";"Electric Bikes";1;2999.99;0.2;20.0;2999.99;599.998;2399.992
1356;1161;"2018-01-19";2018;1;"2018-01";"Baldwin Bikes";"Baldwin";"NY";"Electra Townie Commute Go! Ladies' - 2018";"Electra";"Electric Bikes";2;2999.99;0.1;10.0;5999.98;599.998;5399.982
6;94;"2016-01-04";2016;1;"2016-01";"Baldwin Bikes";"Baldwin";"NY";"Electra Townie Original 21D - 2016";"Electra";"Cruisers Bicycles";2;549.99;0.05;5.0;1099.98;54.999;1044.981
15;450;"2016-01-09";2016;1;"2016-01";"Baldwin Bikes";"Baldwin";"NY";"Electra Townie Original 21D - 2016";"Electra";"Cruisers Bicycles";2;549.99;0.07;7.0;1099.98;76.9986;1022.9814
26;1280;"2016-01-18";2016;1;"2016-01";"Baldwin Bikes";"Baldwin";"NY";"Electra Townie Original 21D - 2016";"Electra";"Cruisers Bicycles";1;549.99;0.2;20.0;549.99;109.998;439.992
32;1259;"2016-01-21";2016;1;"2016-01";"Santa Cruz Bikes";"Santa Cruz";"CA";"Electra Townie Original 21D - 2016";"Electra";"Cruisers Bicycles";2;549.99;0.07;7.0;1099.98;76.9986;1022.9814
43;1434;"2016-01-27";2016;1;"2016-01";"Baldwin Bikes";"Baldwin";"NY";"Electra Townie Original 21D - 2016";"Electra";"Cruisers Bicycles";2;549.99;0.05;5.0;1099.98;54.999;1044.981
65;996;"2016-02-08";2016;2;"2016-02";"Baldwin Bikes";"Baldwin";"NY";"Electra Townie Original 21D - 2016";"Electra";"Cruisers Bicycles";1;549.99;0.1;10.0;549.99;54.999;494.991
66;1253;"2016-02-09";2016;2;"2016-02";"Baldwin Bikes";"Baldwin";"NY";"Electra Townie Original 21D - 2016";"Electra";"Cruisers Bicycles";1;549.99;0.07;7.0;549.99;38.4993;511.4907
67;526;"2016-02-09";2016;2;"2016-02";"Rowlett Bikes";"Rowlett";"TX";"Electra Townie Original 21D - 2016";"Electra";"Cruisers Bicycles";2;549.99;0.1;10.0;1099.98;109.998;989.982
72;1386;"2016-02-12";2016;2;"2016-02";"Santa Cruz Bikes";"Santa Cruz";"CA";"Electra Townie Original 21D - 2016";"Electra";"Cruisers Bicycles";1;549.99;0.05;5.0;549.99;27.4995;522.4905
76;9;"2016-02-16";2016;2;"2016-02";"Baldwin Bikes";"Baldwin";"NY";"Electra Townie Original 21D - 2016";"Electra";"Cruisers Bicycles";1;549.99;0.05;5.0;549.99;27.4995;522.4905
94;929;"2016-02-27";2016;2;"2016-02";"Santa Cruz Bikes";"Santa Cruz";"CA";"Electra Townie Original 21D - 2016";"Electra";"Cruisers Bicycles";1;549.99;0.05;5.0;549.99;27.4995;522.4905
100;1237;"2016-03-01";2016;3;"2016-03";"Baldwin Bikes";"Baldwin";"NY";"Electra Townie Original 21D - 2016";"Electra";"Cruisers Bicycles";2;549.99;0.05;5.0;1099.98;54.999;1044.981
101;271;"2016-03-01";2016;3;"2016-03";"Rowlett Bikes";"Rowlett";"TX";"Electra Townie Original 21D - 2016";"Electra";"Cruisers Bicycles";2;549.99;0.2;20.0;1099.98;219.996;879.984
111;630;"2016-03-07";2016;3;"2016-03";"Baldwin Bikes";"Baldwin";"NY";"Electra Townie Original 21D - 2016";"Electra";"Cruisers Bicycles";2;549.99;0.07;7.0;1099.98;76.9986;1022.9814
113;1078;"2016-03-08";2016;3;"2016-03";"Baldwin Bikes";"Baldwin";"NY";"Electra Townie Original 21D - 2016";"Electra";"Cruisers Bicycles";2;549.99;0.07;7.0;1099.98;76.9986;1022.9814
114;1431;"2016-03-08";2016;3;"2016-03";"Baldwin Bikes";"Baldwin";"NY";"Electra Townie Original 21D - 2016";"Electra";"Cruisers Bicycles";1;549.99;0.05;5.0;549.99;27.4995;522.4905
123;766;"2016-03-15";2016;3;"2016-03";"Baldwin Bikes";"Baldwin";"NY";"Electra Townie Original 21D - 2016";"Electra";"Cruisers Bicycles";2;549.99;0.1;10.0;1099.98;109.998;989.982
140;1264;"2016-03-23";2016;3;"2016-03";"Baldwin Bikes";"Baldwin";"NY";"Electra Townie Original 21D - 2016";"Electra";"Cruisers Bicycles";2;549.99;0.2;20.0;1099.98;219.996;879.984
146;288;"2016-03-28";2016;3;"2016-03";"Santa Cruz Bikes";"Santa Cruz";"CA";"Electra Townie Original 21D - 2016";"Electra";"Cruisers Bicycles";1;549.99;0.1;10.0;549.99;54.999;494.991
149;763;"2016-03-28";2016;3;"2016-03";"Baldwin Bikes";"Baldwin";"NY";"Electra Townie Original 21D - 2016";"Electra";"Cruisers Bicycles";2;549.99;0.07;7.0;1099.98;76.9986;1022.9814
154;1286;"2016-03-31";2016;3;"2016-03";"Santa Cruz Bikes";"Santa Cruz";"CA";"Electra Townie Original 21D - 2016";"Electra";"Cruisers Bicycles";1;549.99;0.1;10.0;549.99;54.999;494.991
163;1325;"2016-04-06";2016;4;"2016-04";"Baldwin Bikes";"Baldwin";"NY";"Electra Townie Original 21D - 2016";"Electra";"Cruisers Bicycles";1;549.99;0.1;10.0;549.99;54.999;494.991
167;1034;"2016-04-08";2016;4;"2016-04";"Baldwin Bikes";"Baldwin";"NY";"Electra Townie Original 21D - 2016";"Electra";"Cruisers Bicycles";1;549.99;0.05;5.0;549.99;27.4995;522.4905
168;1147;"2016-04-09";2016;4;"2016-04";"Santa Cruz Bikes";"Santa Cruz";"CA";"Electra Townie Original 21D - 2016";"Electra";"Cruisers Bicycles";2;549.99;0.07;7.0;1099.98;76.9986;1022.9814
170;1200;"2016-04-10";2016;4;"2016-04";"Baldwin Bikes";"Baldwin";"NY";"Electra Townie Original 21D - 2016";"Electra";"Cruisers Bicycles";2;549.99;0.1;10.0;1099.98;109.998;989.982
178;756;"2016-04-16";2016;4;"2016-04";"Baldwin Bikes";"Baldwin";"NY";"Electra Townie Original 21D - 2016";"Electra";"Cruisers Bicycles";1;549.99;0.05;5.0;549.99;27.4995;522.4905
179;616;"2016-04-17";2016;4;"2016-04";"Baldwin Bikes";"Baldwin";"NY";"Electra Townie Original 21D - 2016";"Electra";"Cruisers Bicycles";2;549.99;0.2;20.0;1099.98;219.996;879.984
183;22;"2016-04-19";2016;4;"2016-04";"Baldwin Bikes";"Baldwin";"NY";"Electra Townie Original 21D - 2016";"Electra";"Cruisers Bicycles";2;549.99;0.05;5.0;1099.98;54.999;1044.981
191;919;"2016-04-27";2016;4;"2016-04";"Santa Cruz Bikes";"Santa Cruz";"CA";"Electra Townie Original 21D - 2016";"Electra";"Cruisers Bicycles";2;549.99;0.2;20.0;1099.98;219.996;879.984
193;1366;"2016-04-28";2016;4;"2016-04";"Santa Cruz Bikes";"Santa Cruz";"CA";"Electra Townie Original 21D - 2016";"Electra";"Cruisers Bicycles";2;549.99;0.1;10.0;1099.98;109.998;989.982
196;1247;"2016-04-28";2016;4;"2016-04";"Baldwin Bikes";"Baldwin";"NY";"Electra Townie Original 21D - 2016";"Electra";"Cruisers Bicycles";1;549.99;0.07;7.0;549.99;38.4993;511.4907
207;105;"2016-05-05";2016;5;"2016-05";"Baldwin Bikes";"Baldwin";"NY";"Electra Townie Original 21D - 2016";"Electra";"Cruisers Bicycles";2;549.99;0.2;20.0;1099.98;219.996;879.984
208;815;"2016-05-06";2016;5;"2016-05";"Baldwin Bikes";"Baldwin";"NY";"Electra Townie Original 21D - 2016";"Electra";"Cruisers Bicycles";1;549.99;0.2;20.0;549.99;109.998;439.992
212;1373;"2016-05-08";2016;5;"2016-05";"Baldwin Bikes";"Baldwin";"NY";"Electra Townie Original 21D - 2016";"Electra";"Cruisers Bicycles";2;549.99;0.2;20.0;1099.98;219.996;879.984
215;1420;"2016-05-10";2016;5;"2016-05";"Baldwin Bikes";"Baldwin";"NY";"Electra Townie Original 21D - 2016";"Electra";"Cruisers Bicycles";2;549.99;0.1;10.0;1099.98;109.998;989.982
218;1179;"2016-05-12";2016;5;"2016-05";"Baldwin Bikes";"Baldwin";"NY";"Electra Townie Original 21D - 2016";"Electra";"Cruisers Bicycles";1;549.99;0.05;5.0;549.99;27.4995;522.4905
233;737;"2016-05-21";2016;5;"2016-05";"Baldwin Bikes";"Baldwin";"NY";"Electra Townie Original 21D - 2016";"Electra";"Cruisers Bicycles";1;549.99;0.2;20.0;549.99;109.998;439.992
234;1435;"2016-05-22";2016;5;"2016-05";"Baldwin Bikes";"Baldwin";"NY";"Electra Townie Original 21D - 2016";"Electra";"Cruisers Bicycles";1;549.99;0.1;10.0;549.99;54.999;494.991
254;510;"2016-06-03";2016;6;"2016-06";"Baldwin Bikes";"Baldwin";"NY";"Electra Townie Original 21D - 2016";"Electra";"Cruisers Bicycles";1;549.99;0.05;5.0;549.99;27.4995;522.4905
285;319;"2016-06-25";2016;6;"2016-06";"Santa Cruz Bikes";"Santa Cruz";"CA";"Electra Townie Original 21D - 2016";"Electra";"Cruisers Bicycles";1;549.99;0.05;5.0;549.99;27.4995;522.4905
296;1245;"2016-07-04";2016;7;"2016-07";"Baldwin Bikes";"Baldwin";"NY";"Electra Townie Original 21D - 2016";"Electra";"Cruisers Bicycles";2;549.99;0.1;10.0;1099.98;109.998;989.982
309;211;"2016-07-11";2016;7;"2016-07";"Baldwin Bikes";"Baldwin";"NY";"Electra Townie Original 21D - 2016";"Electra";"Cruisers Bicycles";1;549.99;0.05;5.0;549.99;27.4995;522.4905
321;568;"2016-07-19";2016;7;"2016-07";"Baldwin Bikes";"Baldwin";"NY";"Electra Townie Original 21D - 2016";"Electra";"Cruisers Bicycles";2;549.99;0.2;20.0;1099.98;219.996;879.984
324;480;"2016-07-20";2016;7;"2016-07";"Baldwin Bikes";"Baldwin";"NY";"Electra Townie Original 21D - 2016";"Electra";"Cruisers Bicycles";1;549.99;0.05;5.0;549.99;27.4995;522.4905
325;848;"2016-07-20";2016;7;"2016-07";"Baldwin Bikes";"Baldwin";"NY";"Electra Townie Original 21D - 2016";"Electra";"Cruisers Bicycles";1;549.99;0.2;20.0;549.99;109.998;439.992
326;1337;"2016-07-20";2016;7;"2016-07";"Rowlett Bikes";"Rowlett";"TX";"Electra Townie Original 21D - 2016";"Electra";"Cruisers Bicycles";1;549.99;0.1;10.0;549.99;54.999;494.991
327;83;"2016-07-21";2016;7;"2016-07";"Baldwin Bikes";"Baldwin";"NY";"Electra Townie Original 21D - 2016";"Electra";"Cruisers Bicycles";2;549.99;0.07;7.0;1099.98;76.9986;1022.9814
336;1030;"2016-07-26";2016;7;"2016-07";"Baldwin Bikes";"Baldwin";"NY";"Electra Townie Original 21D - 2016";"Electra";"Cruisers Bicycles";1;549.99;0.2;20.0;549.99;109.998;439.992
340;963;"2016-07-29";2016;7;"2016-07";"Baldwin Bikes";"Baldwin";"NY";"Electra Townie Original 21D - 2016";"Electra";"Cruisers Bicycles";2;549.99;0.07;7.0;1099.98;76.9986;1022.9814
371;891;"2016-08-15";2016;8;"2016-08";"Baldwin Bikes";"Baldwin";"NY";"Electra Townie Original 21D - 2016";"Electra";"Cruisers Bicycles";1;549.99;0.2;20.0;549.99;109.998;439.992
373;337;"2016-08-16";2016;8;"2016-08";"Baldwin Bikes";"Baldwin";"NY";"Electra Townie Original 21D - 2016";"Electra";"Cruisers Bicycles";1;549.99;0.1;10.0;549.99;54.999;494.991
375;536;"2016-08-17";2016;8;"2016-08";"Baldwin Bikes";"Baldwin";"NY";"Electra Townie Original 21D - 2016";"Electra";"Cruisers Bicycles";2;549.99;0.05;5.0;1099.98;54.999;1044.981
396;542;"2016-08-27";2016;8;"2016-08";"Baldwin Bikes";"Baldwin";"NY";"Electra Townie Original 21D - 2016";"Electra";"Cruisers Bicycles";1;549.99;0.1;10.0;549.99;54.999;494.991
403;578;"2016-08-31";2016;8;"2016-08";"Santa Cruz Bikes";"Santa Cruz";"CA";"Electra Townie Original 21D - 2016";"Electra";"Cruisers Bicycles";2;549.99;0.1;10.0;1099.98;109.998;989.982
418;88;"2016-09-04";2016;9;"2016-09";"Baldwin Bikes";"Baldwin";"NY";"Electra Townie Original 21D - 2016";"Electra";"Cruisers Bicycles";1;549.99;0.05;5.0;549.99;27.4995;522.4905
427;434;"2016-09-09";2016;9;"2016-09";"Santa Cruz Bikes";"Santa Cruz";"CA";"Electra Townie Original 21D - 2016";"Electra";"Cruisers Bicycles";2;549.99;0.07;7.0;1099.98;76.9986;1022.9814
441;704;"2016-09-18";2016;9;"2016-09";"Santa Cruz Bikes";"Santa Cruz";"CA";"Electra Townie Original 21D - 2016";"Electra";"Cruisers Bicycles";1;549.99;0.07;7.0;549.99;38.4993;511.4907
450;575;"2016-09-21";2016;9;"2016-09";"Baldwin Bikes";"Baldwin";"NY";"Electra Townie Original 21D - 2016";"Electra";"Cruisers Bicycles";1;549.99;0.07;7.0;549.99;38.4993;511.4907
462;852;"2016-09-27";2016;9;"2016-09";"Baldwin Bikes";"Baldwin";"NY";"Electra Townie Original 21D - 2016";"Electra";"Cruisers Bicycles";2;549.99;0.1;10.0;1099.98;109.998;989.982
479;984;"2016-10-03";2016;10;"2016-10";"Baldwin Bikes";"Baldwin";"NY";"Electra Townie Original 21D - 2016";"Electra";"Cruisers Bicycles";1;549.99;0.05;5.0;549.99;27.4995;522.4905
490;876;"2016-10-07";2016;10;"2016-10";"Baldwin Bikes";"Baldwin";"NY";"Electra Townie Original 21D - 2016";"Electra";"Cruisers Bicycles";1;549.99;0.1;10.0;549.99;54.999;494.991
500;148;"2016-10-11";2016;10;"2016-10";"Baldwin Bikes";"Baldwin";"NY";"Electra Townie Original 21D - 2016";"Electra";"Cruisers Bicycles";2;549.99;0.05;5.0;1099.98;54.999;1044.981
523;1056;"2016-10-24";2016;10;"2016-10";"Baldwin Bikes";"Baldwin";"NY";"Electra Townie Original 21D - 2016";"Electra";"Cruisers Bicycles";1;549.99;0.2;20.0;549.99;109.998;439.992
529;753;"2016-10-28";2016;10;"2016-10";"Baldwin Bikes";"Baldwin";"NY";"Electra Townie Original 21D - 2016";"Electra";"Cruisers Bicycles";2;549.99;0.07;7.0;1099.98;76.9986;1022.9814
531;116;"2016-10-28";2016;10;"2016-10";"Rowlett Bikes";"Rowlett";"TX";"Electra Townie Original 21D - 2016";"Electra";"Cruisers Bicycles";2;549.99;0.2;20.0;1099.98;219.996;879.984
532;817;"2016-10-29";2016;10;"2016-10";"Baldwin Bikes";"Baldwin";"NY";"Electra Townie Original 21D - 2016";"Electra";"Cruisers Bicycles";1;549.99;0.1;10.0;549.99;54.999;494.991
533;1334;"2016-10-29";2016;10;"2016-10";"Baldwin Bikes";"Baldwin";"NY";"Electra Townie Original 21D - 2016";"Electra";"Cruisers Bicycles";2;549.99;0.1;10.0;1099.98;109.998;989.982
536;759;"2016-10-31";2016;10;"2016-10";"Santa Cruz Bikes";"Santa Cruz";"CA";"Electra Townie Original 21D - 2016";"Electra";"Cruisers Bicycles";2;549.99;0.05;5.0;1099.98;54.999;1044.981
544;321;"2016-11-06";2016;11;"2016-11";"Baldwin Bikes";"Baldwin";"NY";"Electra Townie Original 21D - 2016";"Electra";"Cruisers Bicycles";1;549.99;0.05;5.0;549.99;27.4995;522.4905
553;913;"2016-11-12";2016;11;"2016-11";"Rowlett Bikes";"Rowlett";"TX";"Electra Townie Original 21D - 2016";"Electra";"Cruisers Bicycles";1;549.99;0.07;7.0;549.99;38.4993;511.4907
574;833;"2016-11-26";2016;11;"2016-11";"Baldwin Bikes";"Baldwin";"NY";"Electra Townie Original 21D - 2016";"Electra";"Cruisers Bicycles";2;549.99;0.1;10.0;1099.98;109.998;989.982
575;33;"2016-11-27";2016;11;"2016-11";"Santa Cruz Bikes";"Santa Cruz";"CA";"Electra Townie Original 21D - 2016";"Electra";"Cruisers Bicycles";1;549.99;0.2;20.0;549.99;109.998;439.992
585;1219;"2016-12-04";2016;12;"2016-12";"Baldwin Bikes";"Baldwin";"NY";"Electra Townie Original 21D - 2016";"Electra";"Cruisers Bicycles";2;549.99;0.07;7.0;1099.98;76.9986;1022.9814
601;683;"2016-12-09";2016;12;"2016-12";"Baldwin Bikes";"Baldwin";"NY";"Electra Townie Original 21D - 2016";"Electra";"Cruisers Bicycles";2;549.99;0.2;20.0;1099.98;219.996;879.984
603;1032;"2016-12-09";2016;12;"2016-12";"Baldwin Bikes";"Baldwin";"NY";"Electra Townie Original 21D - 2016";"Electra";"Cruisers Bicycles";1;549.99;0.07;7.0;549.99;38.4993;511.4907
613;1159;"2016-12-17";2016;12;"2016-12";"Baldwin Bikes";"Baldwin";"NY";"Electra Townie Original 21D - 2016";"Electra";"Cruisers Bicycles";1;549.99;0.07;7.0;549.99;38.4993;511.4907
633;1040;"2016-12-28";2016;12;"2016-12";"Rowlett Bikes";"Rowlett";"TX";"Electra Townie Original 21D - 2016";"Electra";"Cruisers Bicycles";2;549.99;0.05;5.0;1099.98;54.999;1044.981
634;27;"2016-12-29";2016;12;"2016-12";"Baldwin Bikes";"Baldwin";"NY";"Electra Townie Original 21D - 2016";"Electra";"Cruisers Bicycles";1;549.99;0.1;10.0;549.99;54.999;494.991
646;975;"2017-01-09";2017;1;"2017-01";"Santa Cruz Bikes";"Santa Cruz";"CA";"Electra Townie Original 21D - 2016";"Electra";"Cruisers Bicycles";1;549.99;0.2;20.0;549.99;109.998;439.992
698;543;"2017-02-06";2017;2;"2017-02";"Rowlett Bikes";"Rowlett";"TX";"Electra Townie Original 21D - 2016";"Electra";"Cruisers Bicycles";1;549.99;0.07;7.0;549.99;38.4993;511.4907
740;1113;"2017-02-28";2017;2;"2017-02";"Baldwin Bikes";"Baldwin";"NY";"Electra Townie Original 21D - 2016";"Electra";"Cruisers Bicycles";2;549.99;0.07;7.0;1099.98;76.9986;1022.9814
752;335;"2017-03-05";2017;3;"2017-03";"Baldwin Bikes";"Baldwin";"NY";"Electra Townie Original 21D - 2016";"Electra";"Cruisers Bicycles";2;549.99;0.05;5.0;1099.98;54.999;1044.981
754;646;"2017-03-06";2017;3;"2017-03";"Santa Cruz Bikes";"Santa Cruz";"CA";"Electra Townie Original 21D - 2016";"Electra";"Cruisers Bicycles";2;549.99;0.07;7.0;1099.98;76.9986;1022.9814
765;1152;"2017-03-09";2017;3;"2017-03";"Santa Cruz Bikes";"Santa Cruz";"CA";"Electra Townie Original 21D - 2016";"Electra";"Cruisers Bicycles";1;549.99;0.07;7.0;549.99;38.4993;511.4907
844;1436;"2017-04-16";2017;4;"2017-04";"Baldwin Bikes";"Baldwin";"NY";"Electra Townie Original 21D - 2016";"Electra";"Cruisers Bicycles";1;549.99;0.1;10.0;549.99;54.999;494.991
889;830;"2017-05-14";2017;5;"2017-05";"Rowlett Bikes";"Rowlett";"TX";"Electra Townie Original 21D - 2016";"Electra";"Cruisers Bicycles";2;549.99;0.1;10.0;1099.98;109.998;989.982
902;1278;"2017-05-21";2017;5;"2017-05";"Baldwin Bikes";"Baldwin";"NY";"Electra Townie Original 21D - 2016";"Electra";"Cruisers Bicycles";1;549.99;0.2;20.0;549.99;109.998;439.992
971;1426;"2017-06-22";2017;6;"2017-06";"Rowlett Bikes";"Rowlett";"TX";"Electra Townie Original 21D - 2016";"Electra";"Cruisers Bicycles";2;549.99;0.07;7.0;1099.98;76.9986;1022.9814
979;1190;"2017-06-26";2017;6;"2017-06";"Baldwin Bikes";"Baldwin";"NY";"Electra Townie Original 21D - 2016";"Electra";"Cruisers Bicycles";2;549.99;0.1;10.0;1099.98;109.998;989.982
984;1287;"2017-06-27";2017;6;"2017-06";"Baldwin Bikes";"Baldwin";"NY";"Electra Townie Original 21D - 2016";"Electra";"Cruisers Bicycles";1;549.99;0.1;10.0;549.99;54.999;494.991
988;436;"2017-07-02";2017;7;"2017-07";"Baldwin Bikes";"Baldwin";"NY";"Electra Townie Original 21D - 2016";"Electra";"Cruisers Bicycles";2;549.99;0.07;7.0;1099.98;76.9986;1022.9814
1036;1442;"2017-07-30";2017;7;"2017-07";"Baldwin Bikes";"Baldwin";"NY";"Electra Townie Original 21D - 2016";"Electra";"Cruisers Bicycles";1;549.99;0.2;20.0;549.99;109.998;439.992
1055;140;"2017-08-12";2017;8;"2017-08";"Baldwin Bikes";"Baldwin";"NY";"Electra Townie Original 21D - 2016";"Electra";"Cruisers Bicycles";2;549.99;0.1;10.0;1099.98;109.998;989.982
1062;1210;"2017-08-15";2017;8;"2017-08";"Baldwin Bikes";"Baldwin";"NY";"Electra Townie Original 21D - 2016";"Electra";"Cruisers Bicycles";1;549.99;0.2;20.0;549.99;109.998;439.992
1066;106;"2017-08-17";2017;8;"2017-08";"Baldwin Bikes";"Baldwin";"NY";"Electra Townie Original 21D - 2016";"Electra";"Cruisers Bicycles";1;549.99;0.1;10.0;549.99;54.999;494.991
1100;1392;"2017-08-28";2017;8;"2017-08";"Baldwin Bikes";"Baldwin";"NY";"Electra Townie Original 21D - 2016";"Electra";"Cruisers Bicycles";1;549.99;0.05;5.0;549.99;27.4995;522.4905
1159;1221;"2017-10-01";2017;10;"2017-10";"Santa Cruz Bikes";"Santa Cruz";"CA";"Electra Townie Original 21D - 2016";"Electra";"Cruisers Bicycles";2;549.99;0.1;10.0;1099.98;109.998;989.982
1162;888;"2017-10-01";2017;10;"2017-10";"Baldwin Bikes";"Baldwin";"NY";"Electra Townie Original 21D - 2016";"Electra";"Cruisers Bicycles";2;549.99;0.05;5.0;1099.98;54.999;1044.981
1208;1226;"2017-10-26";2017;10;"2017-10";"Baldwin Bikes";"Baldwin";"NY";"Electra Townie Original 21D - 2016";"Electra";"Cruisers Bicycles";1;549.99;0.2;20.0;549.99;109.998;439.992
1248;1367;"2017-11-16";2017;11;"2017-11";"Santa Cruz Bikes";"Santa Cruz";"CA";"Electra Townie Original 21D - 2016";"Electra";"Cruisers Bicycles";1;549.99;0.05;5.0;549.99;27.4995;522.4905
1333;203;"2018-01-06";2018;1;"2018-01";"Rowlett Bikes";"Rowlett";"TX";"Electra Townie Original 21D - 2016";"Electra";"Cruisers Bicycles";1;549.99;0.05;5.0;549.99;27.4995;522.4905
1458;1029;"2018-03-20";2018;3;"2018-03";"Rowlett Bikes";"Rowlett";"TX";"Electra Townie Original 21D - 2016";"Electra";"Cruisers Bicycles";1;549.99;0.05;5.0;549.99;27.4995;522.4905
1539;116;"2018-04-15";2018;4;"2018-04";"Rowlett Bikes";"Rowlett";"TX";"Electra Townie Original 21D - 2016";"Electra";"Cruisers Bicycles";2;549.99;0.05;5.0;1099.98;54.999;1044.981
1553;30;"2018-04-18";2018;4;"2018-04";"Santa Cruz Bikes";"Santa Cruz";"CA";"Electra Townie Original 21D - 2016";"Electra";"Cruisers Bicycles";1;549.99;0.1;10.0;549.99;54.999;494.991
13;873;"2016-01-08";2016;1;"2016-01";"Baldwin Bikes";"Baldwin";"NY";"Electra Cruiser 1 (24-Inch) - 2016";"Electra";"Cruisers Bicycles";1;269.99;0.1;10.0;269.99;26.999;242.991
16;552;"2016-01-12";2016;1;"2016-01";"Santa Cruz Bikes";"Santa Cruz";"CA";"Electra Cruiser 1 (24-Inch) - 2016";"Electra";"Cruisers Bicycles";2;269.99;0.07;7.0;539.98;37.7986;502.1814
23;1149;"2016-01-16";2016;1;"2016-01";"Santa Cruz Bikes";"Santa Cruz";"CA";"Electra Cruiser 1 (24-Inch) - 2016";"Electra";"Cruisers Bicycles";1;269.99;0.2;20.0;269.99;53.998;215.992
43;1434;"2016-01-27";2016;1;"2016-01";"Baldwin Bikes";"Baldwin";"NY";"Electra Cruiser 1 (24-Inch) - 2016";"Electra";"Cruisers Bicycles";2;269.99;0.1;10.0;539.98;53.998;485.982
47;1234;"2016-01-29";2016;1;"2016-01";"Baldwin Bikes";"Baldwin";"NY";"Electra Cruiser 1 (24-Inch) - 2016";"Electra";"Cruisers Bicycles";1;269.99;0.2;20.0;269.99;53.998;215.992
49;608;"2016-01-31";2016;1;"2016-01";"Baldwin Bikes";"Baldwin";"NY";"Electra Cruiser 1 (24-Inch) - 2016";"Electra";"Cruisers Bicycles";2;269.99;0.07;7.0;539.98;37.7986;502.1814
50;872;"2016-01-31";2016;1;"2016-01";"Rowlett Bikes";"Rowlett";"TX";"Electra Cruiser 1 (24-Inch) - 2016";"Electra";"Cruisers Bicycles";2;269.99;0.2;20.0;539.98;107.996;431.984
51;1047;"2016-02-01";2016;2;"2016-02";"Baldwin Bikes";"Baldwin";"NY";"Electra Cruiser 1 (24-Inch) - 2016";"Electra";"Cruisers Bicycles";1;269.99;0.05;5.0;269.99;13.4995;256.4905
57;1305;"2016-02-04";2016;2;"2016-02";"Baldwin Bikes";"Baldwin";"NY";"Electra Cruiser 1 (24-Inch) - 2016";"Electra";"Cruisers Bicycles";1;269.99;0.07;7.0;269.99;18.8993;251.0907
68;381;"2016-02-10";2016;2;"2016-02";"Baldwin Bikes";"Baldwin";"NY";"Electra Cruiser 1 (24-Inch) - 2016";"Electra";"Cruisers Bicycles";2;269.99;0.07;7.0;539.98;37.7986;502.1814
72;1386;"2016-02-12";2016;2;"2016-02";"Santa Cruz Bikes";"Santa Cruz";"CA";"Electra Cruiser 1 (24-Inch) - 2016";"Electra";"Cruisers Bicycles";2;269.99;0.1;10.0;539.98;53.998;485.982
91;648;"2016-02-25";2016;2;"2016-02";"Santa Cruz Bikes";"Santa Cruz";"CA";"Electra Cruiser 1 (24-Inch) - 2016";"Electra";"Cruisers Bicycles";2;269.99;0.07;7.0;539.98;37.7986;502.1814
99;1165;"2016-02-29";2016;2;"2016-02";"Rowlett Bikes";"Rowlett";"TX";"Electra Cruiser 1 (24-Inch) - 2016";"Electra";"Cruisers Bicycles";1;269.99;0.2;20.0;269.99;53.998;215.992
106;422;"2016-03-04";2016;3;"2016-03";"Rowlett Bikes";"Rowlett";"TX";"Electra Cruiser 1 (24-Inch) - 2016";"Electra";"Cruisers Bicycles";2;269.99;0.1;10.0;539.98;53.998;485.982
107;633;"2016-03-06";2016;3;"2016-03";"Santa Cruz Bikes";"Santa Cruz";"CA";"Electra Cruiser 1 (24-Inch) - 2016";"Electra";"Cruisers Bicycles";2;269.99;0.1;10.0;539.98;53.998;485.982
114;1431;"2016-03-08";2016;3;"2016-03";"Baldwin Bikes";"Baldwin";"NY";"Electra Cruiser 1 (24-Inch) - 2016";"Electra";"Cruisers Bicycles";2;269.99;0.1;10.0;539.98;53.998;485.982
120;327;"2016-03-14";2016;3;"2016-03";"Baldwin Bikes";"Baldwin";"NY";"Electra Cruiser 1 (24-Inch) - 2016";"Electra";"Cruisers Bicycles";2;269.99;0.05;5.0;539.98;26.999;512.981
133;409;"2016-03-20";2016;3;"2016-03";"Baldwin Bikes";"Baldwin";"NY";"Electra Cruiser 1 (24-Inch) - 2016";"Electra";"Cruisers Bicycles";2;269.99;0.05;5.0;539.98;26.999;512.981
159;32;"2016-04-04";2016;4;"2016-04";"Santa Cruz Bikes";"Santa Cruz";"CA";"Electra Cruiser 1 (24-Inch) - 2016";"Electra";"Cruisers Bicycles";1;269.99;0.2;20.0;269.99;53.998;215.992
167;1034;"2016-04-08";2016;4;"2016-04";"Baldwin Bikes";"Baldwin";"NY";"Electra Cruiser 1 (24-Inch) - 2016";"Electra";"Cruisers Bicycles";2;269.99;0.05;5.0;539.98;26.999;512.981
179;616;"2016-04-17";2016;4;"2016-04";"Baldwin Bikes";"Baldwin";"NY";"Electra Cruiser 1 (24-Inch) - 2016";"Electra";"Cruisers Bicycles";2;269.99;0.05;5.0;539.98;26.999;512.981
198;640;"2016-05-01";2016;5;"2016-05";"Baldwin Bikes";"Baldwin";"NY";"Electra Cruiser 1 (24-Inch) - 2016";"Electra";"Cruisers Bicycles";2;269.99;0.05;5.0;539.98;26.999;512.981
209;514;"2016-05-07";2016;5;"2016-05";"Baldwin Bikes";"Baldwin";"NY";"Electra Cruiser 1 (24-Inch) - 2016";"Electra";"Cruisers Bicycles";1;269.99;0.1;10.0;269.99;26.999;242.991
210;943;"2016-05-07";2016;5;"2016-05";"Baldwin Bikes";"Baldwin";"NY";"Electra Cruiser 1 (24-Inch) - 2016";"Electra";"Cruisers Bicycles";2;269.99;0.2;20.0;539.98;107.996;431.984
213;788;"2016-05-08";2016;5;"2016-05";"Rowlett Bikes";"Rowlett";"TX";"Electra Cruiser 1 (24-Inch) - 2016";"Electra";"Cruisers Bicycles";1;269.99;0.1;10.0;269.99;26.999;242.991
218;1179;"2016-05-12";2016;5;"2016-05";"Baldwin Bikes";"Baldwin";"NY";"Electra Cruiser 1 (24-Inch) - 2016";"Electra";"Cruisers Bicycles";1;269.99;0.07;7.0;269.99;18.8993;251.0907
235;649;"2016-05-24";2016;5;"2016-05";"Baldwin Bikes";"Baldwin";"NY";"Electra Cruiser 1 (24-Inch) - 2016";"Electra";"Cruisers Bicycles";2;269.99;0.05;5.0;539.98;26.999;512.981
238;1350;"2016-05-26";2016;5;"2016-05";"Baldwin Bikes";"Baldwin";"NY";"Electra Cruiser 1 (24-Inch) - 2016";"Electra";"Cruisers Bicycles";2;269.99;0.2;20.0;539.98;107.996;431.984
248;1376;"2016-05-30";2016;5;"2016-05";"Baldwin Bikes";"Baldwin";"NY";"Electra Cruiser 1 (24-Inch) - 2016";"Electra";"Cruisers Bicycles";1;269.99;0.1;10.0;269.99;26.999;242.991
257;1314;"2016-06-05";2016;6;"2016-06";"Santa Cruz Bikes";"Santa Cruz";"CA";"Electra Cruiser 1 (24-Inch) - 2016";"Electra";"Cruisers Bicycles";2;269.99;0.2;20.0;539.98;107.996;431.984
271;350;"2016-06-13";2016;6;"2016-06";"Baldwin Bikes";"Baldwin";"NY";"Electra Cruiser 1 (24-Inch) - 2016";"Electra";"Cruisers Bicycles";1;269.99;0.1;10.0;269.99;26.999;242.991
277;546;"2016-06-19";2016;6;"2016-06";"Baldwin Bikes";"Baldwin";"NY";"Electra Cruiser 1 (24-Inch) - 2016";"Electra";"Cruisers Bicycles";2;269.99;0.1;10.0;539.98;53.998;485.982
278;1301;"2016-06-20";2016;6;"2016-06";"Santa Cruz Bikes";"Santa Cruz";"CA";"Electra Cruiser 1 (24-Inch) - 2016";"Electra";"Cruisers Bicycles";1;269.99;0.07;7.0;269.99;18.8993;251.0907
280;638;"2016-06-21";2016;6;"2016-06";"Baldwin Bikes";"Baldwin";"NY";"Electra Cruiser 1 (24-Inch) - 2016";"Electra";"Cruisers Bicycles";1;269.99;0.07;7.0;269.99;18.8993;251.0907
289;849;"2016-06-27";2016;6;"2016-06";"Baldwin Bikes";"Baldwin";"NY";"Electra Cruiser 1 (24-Inch) - 2016";"Electra";"Cruisers Bicycles";1;269.99;0.07;7.0;269.99;18.8993;251.0907
317;795;"2016-07-17";2016;7;"2016-07";"Baldwin Bikes";"Baldwin";"NY";"Electra Cruiser 1 (24-Inch) - 2016";"Electra";"Cruisers Bicycles";2;269.99;0.2;20.0;539.98;107.996;431.984
318;1141;"2016-07-17";2016;7;"2016-07";"Baldwin Bikes";"Baldwin";"NY";"Electra Cruiser 1 (24-Inch) - 2016";"Electra";"Cruisers Bicycles";2;269.99;0.1;10.0;539.98;53.998;485.982
322;924;"2016-07-19";2016;7;"2016-07";"Baldwin Bikes";"Baldwin";"NY";"Electra Cruiser 1 (24-Inch) - 2016";"Electra";"Cruisers Bicycles";2;269.99;0.2;20.0;539.98;107.996;431.984
323;1243;"2016-07-19";2016;7;"2016-07";"Baldwin Bikes";"Baldwin";"NY";"Electra Cruiser 1 (24-Inch) - 2016";"Electra";"Cruisers Bicycles";2;269.99;0.07;7.0;539.98;37.7986;502.1814
327;83;"2016-07-21";2016;7;"2016-07";"Baldwin Bikes";"Baldwin";"NY";"Electra Cruiser 1 (24-Inch) - 2016";"Electra";"Cruisers Bicycles";1;269.99;0.07;7.0;269.99;18.8993;251.0907
339;1110;"2016-07-28";2016;7;"2016-07";"Baldwin Bikes";"Baldwin";"NY";"Electra Cruiser 1 (24-Inch) - 2016";"Electra";"Cruisers Bicycles";1;269.99;0.1;10.0;269.99;26.999;242.991
340;963;"2016-07-29";2016;7;"2016-07";"Baldwin Bikes";"Baldwin";"NY";"Electra Cruiser 1 (24-Inch) - 2016";"Electra";"Cruisers Bicycles";2;269.99;0.1;10.0;539.98;53.998;485.982
346;584;"2016-08-01";2016;8;"2016-08";"Rowlett Bikes";"Rowlett";"TX";"Electra Cruiser 1 (24-Inch) - 2016";"Electra";"Cruisers Bicycles";1;269.99;0.07;7.0;269.99;18.8993;251.0907
356;1189;"2016-08-04";2016;8;"2016-08";"Baldwin Bikes";"Baldwin";"NY";"Electra Cruiser 1 (24-Inch) - 2016";"Electra";"Cruisers Bicycles";1;269.99;0.05;5.0;269.99;13.4995;256.4905
360;1300;"2016-08-07";2016;8;"2016-08";"Baldwin Bikes";"Baldwin";"NY";"Electra Cruiser 1 (24-Inch) - 2016";"Electra";"Cruisers Bicycles";2;269.99;0.05;5.0;539.98;26.999;512.981
373;337;"2016-08-16";2016;8;"2016-08";"Baldwin Bikes";"Baldwin";"NY";"Electra Cruiser 1 (24-Inch) - 2016";"Electra";"Cruisers Bicycles";1;269.99;0.1;10.0;269.99;26.999;242.991
382;199;"2016-08-20";2016;8;"2016-08";"Baldwin Bikes";"Baldwin";"NY";"Electra Cruiser 1 (24-Inch) - 2016";"Electra";"Cruisers Bicycles";1;269.99;0.07;7.0;269.99;18.8993;251.0907
383;331;"2016-08-20";2016;8;"2016-08";"Baldwin Bikes";"Baldwin";"NY";"Electra Cruiser 1 (24-Inch) - 2016";"Electra";"Cruisers Bicycles";1;269.99;0.1;10.0;269.99;26.999;242.991
388;1080;"2016-08-21";2016;8;"2016-08";"Rowlett Bikes";"Rowlett";"TX";"Electra Cruiser 1 (24-Inch) - 2016";"Electra";"Cruisers Bicycles";2;269.99;0.07;7.0;539.98;37.7986;502.1814
430;272;"2016-09-11";2016;9;"2016-09";"Baldwin Bikes";"Baldwin";"NY";"Electra Cruiser 1 (24-Inch) - 2016";"Electra";"Cruisers Bicycles";2;269.99;0.2;20.0;539.98;107.996;431.984
431;1217;"2016-09-11";2016;9;"2016-09";"Baldwin Bikes";"Baldwin";"NY";"Electra Cruiser 1 (24-Inch) - 2016";"Electra";"Cruisers Bicycles";2;269.99;0.07;7.0;539.98;37.7986;502.1814
438;314;"2016-09-16";2016;9;"2016-09";"Rowlett Bikes";"Rowlett";"TX";"Electra Cruiser 1 (24-Inch) - 2016";"Electra";"Cruisers Bicycles";2;269.99;0.05;5.0;539.98;26.999;512.981
448;101;"2016-09-21";2016;9;"2016-09";"Baldwin Bikes";"Baldwin";"NY";"Electra Cruiser 1 (24-Inch) - 2016";"Electra";"Cruisers Bicycles";2;269.99;0.05;5.0;539.98;26.999;512.981
454;988;"2016-09-23";2016;9;"2016-09";"Baldwin Bikes";"Baldwin";"NY";"Electra Cruiser 1 (24-Inch) - 2016";"Electra";"Cruisers Bicycles";2;269.99;0.05;5.0;539.98;26.999;512.981
463;964;"2016-09-27";2016;9;"2016-09";"Rowlett Bikes";"Rowlett";"TX";"Electra Cruiser 1 (24-Inch) - 2016";"Electra";"Cruisers Bicycles";2;269.99;0.07;7.0;539.98;37.7986;502.1814
470;641;"2016-09-30";2016;9;"2016-09";"Santa Cruz Bikes";"Santa Cruz";"CA";"Electra Cruiser 1 (24-Inch) - 2016";"Electra";"Cruisers Bicycles";1;269.99;0.05;5.0;269.99;13.4995;256.4905
471;697;"2016-09-30";2016;9;"2016-09";"Santa Cruz Bikes";"Santa Cruz";"CA";"Electra Cruiser 1 (24-Inch) - 2016";"Electra";"Cruisers Bicycles";2;269.99;0.05;5.0;539.98;26.999;512.981
481;481;"2016-10-04";2016;10;"2016-10";"Rowlett Bikes";"Rowlett";"TX";"Electra Cruiser 1 (24-Inch) - 2016";"Electra";"Cruisers Bicycles";2;269.99;0.2;20.0;539.98;107.996;431.984
482;513;"2016-10-05";2016;10;"2016-10";"Baldwin Bikes";"Baldwin";"NY";"Electra Cruiser 1 (24-Inch) - 2016";"Electra";"Cruisers Bicycles";1;269.99;0.2;20.0;269.99;53.998;215.992
485;465;"2016-10-06";2016;10;"2016-10";"Baldwin Bikes";"Baldwin";"NY";"Electra Cruiser 1 (24-Inch) - 2016";"Electra";"Cruisers Bicycles";1;269.99;0.1;10.0;269.99;26.999;242.991
488;921;"2016-10-06";2016;10;"2016-10";"Baldwin Bikes";"Baldwin";"NY";"Electra Cruiser 1 (24-Inch) - 2016";"Electra";"Cruisers Bicycles";2;269.99;0.07;7.0;539.98;37.7986;502.1814
490;876;"2016-10-07";2016;10;"2016-10";"Baldwin Bikes";"Baldwin";"NY";"Electra Cruiser 1 (24-Inch) - 2016";"Electra";"Cruisers Bicycles";2;269.99;0.07;7.0;539.98;37.7986;502.1814
496;193;"2016-10-10";2016;10;"2016-10";"Baldwin Bikes";"Baldwin";"NY";"Electra Cruiser 1 (24-Inch) - 2016";"Electra";"Cruisers Bicycles";1;269.99;0.1;10.0;269.99;26.999;242.991
502;401;"2016-10-12";2016;10;"2016-10";"Rowlett Bikes";"Rowlett";"TX";"Electra Cruiser 1 (24-Inch) - 2016";"Electra";"Cruisers Bicycles";1;269.99;0.05;5.0;269.99;13.4995;256.4905
503;932;"2016-10-13";2016;10;"2016-10";"Baldwin Bikes";"Baldwin";"NY";"Electra Cruiser 1 (24-Inch) - 2016";"Electra";"Cruisers Bicycles";2;269.99;0.07;7.0;539.98;37.7986;502.1814
507;1378;"2016-10-15";2016;10;"2016-10";"Santa Cruz Bikes";"Santa Cruz";"CA";"Electra Cruiser 1 (24-Inch) - 2016";"Electra";"Cruisers Bicycles";2;269.99;0.07;7.0;539.98;37.7986;502.1814
511;377;"2016-10-18";2016;10;"2016-10";"Baldwin Bikes";"Baldwin";"NY";"Electra Cruiser 1 (24-Inch) - 2016";"Electra";"Cruisers Bicycles";1;269.99;0.1;10.0;269.99;26.999;242.991
513;155;"2016-10-19";2016;10;"2016-10";"Baldwin Bikes";"Baldwin";"NY";"Electra Cruiser 1 (24-Inch) - 2016";"Electra";"Cruisers Bicycles";1;269.99;0.2;20.0;269.99;53.998;215.992
549;64;"2016-11-12";2016;11;"2016-11";"Rowlett Bikes";"Rowlett";"TX";"Electra Cruiser 1 (24-Inch) - 2016";"Electra";"Cruisers Bicycles";2;269.99;0.1;10.0;539.98;53.998;485.982
563;365;"2016-11-20";2016;11;"2016-11";"Baldwin Bikes";"Baldwin";"NY";"Electra Cruiser 1 (24-Inch) - 2016";"Electra";"Cruisers Bicycles";2;269.99;0.1;10.0;539.98;53.998;485.982
572;178;"2016-11-24";2016;11;"2016-11";"Baldwin Bikes";"Baldwin";"NY";"Electra Cruiser 1 (24-Inch) - 2016";"Electra";"Cruisers Bicycles";2;269.99;0.1;10.0;539.98;53.998;485.982
574;833;"2016-11-26";2016;11;"2016-11";"Baldwin Bikes";"Baldwin";"NY";"Electra Cruiser 1 (24-Inch) - 2016";"Electra";"Cruisers Bicycles";2;269.99;0.1;10.0;539.98;53.998;485.982
605;1208;"2016-12-10";2016;12;"2016-12";"Baldwin Bikes";"Baldwin";"NY";"Electra Cruiser 1 (24-Inch) - 2016";"Electra";"Cruisers Bicycles";2;269.99;0.2;20.0;539.98;107.996;431.984
612;634;"2016-12-16";2016;12;"2016-12";"Baldwin Bikes";"Baldwin";"NY";"Electra Cruiser 1 (24-Inch) - 2016";"Electra";"Cruisers Bicycles";1;269.99;0.1;10.0;269.99;26.999;242.991
633;1040;"2016-12-28";2016;12;"2016-12";"Rowlett Bikes";"Rowlett";"TX";"Electra Cruiser 1 (24-Inch) - 2016";"Electra";"Cruisers Bicycles";2;269.99;0.2;20.0;539.98;107.996;431.984
647;283;"2017-01-09";2017;1;"2017-01";"Baldwin Bikes";"Baldwin";"NY";"Electra Cruiser 1 (24-Inch) - 2016";"Electra";"Cruisers Bicycles";1;269.99;0.1;10.0;269.99;26.999;242.991
673;64;"2017-01-26";2017;1;"2017-01";"Rowlett Bikes";"Rowlett";"TX";"Electra Cruiser 1 (24-Inch) - 2016";"Electra";"Cruisers Bicycles";1;269.99;0.1;10.0;269.99;26.999;242.991
693;1233;"2017-02-05";2017;2;"2017-02";"Santa Cruz Bikes";"Santa Cruz";"CA";"Electra Cruiser 1 (24-Inch) - 2016";"Electra";"Cruisers Bicycles";1;269.99;0.2;20.0;269.99;53.998;215.992
730;500;"2017-02-21";2017;2;"2017-02";"Baldwin Bikes";"Baldwin";"NY";"Electra Cruiser 1 (24-Inch) - 2016";"Electra";"Cruisers Bicycles";1;269.99;0.1;10.0;269.99;26.999;242.991
771;671;"2017-03-11";2017;3;"2017-03";"Santa Cruz Bikes";"Santa Cruz";"CA";"Electra Cruiser 1 (24-Inch) - 2016";"Electra";"Cruisers Bicycles";2;269.99;0.2;20.0;539.98;107.996;431.984
788;1363;"2017-03-18";2017;3;"2017-03";"Rowlett Bikes";"Rowlett";"TX";"Electra Cruiser 1 (24-Inch) - 2016";"Electra";"Cruisers Bicycles";1;269.99;0.05;5.0;269.99;13.4995;256.4905
859;644;"2017-04-25";2017;4;"2017-04";"Baldwin Bikes";"Baldwin";"NY";"Electra Cruiser 1 (24-Inch) - 2016";"Electra";"Cruisers Bicycles";1;269.99;0.1;10.0;269.99;26.999;242.991
864;902;"2017-04-28";2017;4;"2017-04";"Baldwin Bikes";"Baldwin";"NY";"Electra Cruiser 1 (24-Inch) - 2016";"Electra";"Cruisers Bicycles";1;269.99;0.2;20.0;269.99;53.998;215.992
866;1410;"2017-04-29";2017;4;"2017-04";"Baldwin Bikes";"Baldwin";"NY";"Electra Cruiser 1 (24-Inch) - 2016";"Electra";"Cruisers Bicycles";2;269.99;0.07;7.0;539.98;37.7986;502.1814
878;224;"2017-05-07";2017;5;"2017-05";"Santa Cruz Bikes";"Santa Cruz";"CA";"Electra Cruiser 1 (24-Inch) - 2016";"Electra";"Cruisers Bicycles";1;269.99;0.1;10.0;269.99;26.999;242.991
904;1020;"2017-05-23";2017;5;"2017-05";"Santa Cruz Bikes";"Santa Cruz";"CA";"Electra Cruiser 1 (24-Inch) - 2016";"Electra";"Cruisers Bicycles";1;269.99;0.2;20.0;269.99;53.998;215.992
938;129;"2017-06-11";2017;6;"2017-06";"Baldwin Bikes";"Baldwin";"NY";"Electra Cruiser 1 (24-Inch) - 2016";"Electra";"Cruisers Bicycles";1;269.99;0.05;5.0;269.99;13.4995;256.4905
956;1184;"2017-06-17";2017;6;"2017-06";"Baldwin Bikes";"Baldwin";"NY";"Electra Cruiser 1 (24-Inch) - 2016";"Electra";"Cruisers Bicycles";2;269.99;0.2;20.0;539.98;107.996;431.984
1015;799;"2017-07-19";2017;7;"2017-07";"Baldwin Bikes";"Baldwin";"NY";"Electra Cruiser 1 (24-Inch) - 2016";"Electra";"Cruisers Bicycles";1;269.99;0.2;20.0;269.99;53.998;215.992
1059;6;"2017-08-14";2017;8;"2017-08";"Baldwin Bikes";"Baldwin";"NY";"Electra Cruiser 1 (24-Inch) - 2016";"Electra";"Cruisers Bicycles";1;269.99;0.07;7.0;269.99;18.8993;251.0907
1062;1210;"2017-08-15";2017;8;"2017-08";"Baldwin Bikes";"Baldwin";"NY";"Electra Cruiser 1 (24-Inch) - 2016";"Electra";"Cruisers Bicycles";1;269.99;0.05;5.0;269.99;13.4995;256.4905
1073;911;"2017-08-18";2017;8;"2017-08";"Baldwin Bikes";"Baldwin";"NY";"Electra Cruiser 1 (24-Inch) - 2016";"Electra";"Cruisers Bicycles";1;269.99;0.07;7.0;269.99;18.8993;251.0907
1087;675;"2017-08-22";2017;8;"2017-08";"Rowlett Bikes";"Rowlett";"TX";"Electra Cruiser 1 (24-Inch) - 2016";"Electra";"Cruisers Bicycles";2;269.99;0.07;7.0;539.98;37.7986;502.1814
1099;1128;"2017-08-28";2017;8;"2017-08";"Baldwin Bikes";"Baldwin";"NY";"Electra Cruiser 1 (24-Inch) - 2016";"Electra";"Cruisers Bicycles";2;269.99;0.05;5.0;539.98;26.999;512.981
1138;254;"2017-09-21";2017;9;"2017-09";"Santa Cruz Bikes";"Santa Cruz";"CA";"Electra Cruiser 1 (24-Inch) - 2016";"Electra";"Cruisers Bicycles";2;269.99;0.05;5.0;539.98;26.999;512.981
1178;771;"2017-10-12";2017;10;"2017-10";"Baldwin Bikes";"Baldwin";"NY";"Electra Cruiser 1 (24-Inch) - 2016";"Electra";"Cruisers Bicycles";2;269.99;0.05;5.0;539.98;26.999;512.981
1197;269;"2017-10-21";2017;10;"2017-10";"Baldwin Bikes";"Baldwin";"NY";"Electra Cruiser 1 (24-Inch) - 2016";"Electra";"Cruisers Bicycles";1;269.99;0.07;7.0;269.99;18.8993;251.0907
1201;201;"2017-10-23";2017;10;"2017-10";"Baldwin Bikes";"Baldwin";"NY";"Electra Cruiser 1 (24-Inch) - 2016";"Electra";"Cruisers Bicycles";1;269.99;0.05;5.0;269.99;13.4995;256.4905
1208;1226;"2017-10-26";2017;10;"2017-10";"Baldwin Bikes";"Baldwin";"NY";"Electra Cruiser 1 (24-Inch) - 2016";"Electra";"Cruisers Bicycles";2;269.99;0.1;10.0;539.98;53.998;485.982
1245;1166;"2017-11-13";2017;11;"2017-11";"Baldwin Bikes";"Baldwin";"NY";"Electra Cruiser 1 (24-Inch) - 2016";"Electra";"Cruisers Bicycles";1;269.99;0.1;10.0;269.99;26.999;242.991
1329;443;"2018-01-04";2018;1;"2018-01";"Santa Cruz Bikes";"Santa Cruz";"CA";"Electra Cruiser 1 (24-Inch) - 2016";"Electra";"Cruisers Bicycles";1;269.99;0.1;10.0;269.99;26.999;242.991
1334;425;"2018-01-07";2018;1;"2018-01";"Baldwin Bikes";"Baldwin";"NY";"Electra Cruiser 1 (24-Inch) - 2016";"Electra";"Cruisers Bicycles";1;269.99;0.05;5.0;269.99;13.4995;256.4905
1350;637;"2018-01-15";2018;1;"2018-01";"Baldwin Bikes";"Baldwin";"NY";"Electra Cruiser 1 (24-Inch) - 2016";"Electra";"Cruisers Bicycles";2;269.99;0.2;20.0;539.98;107.996;431.984
10;442;"2016-01-05";2016;1;"2016-01";"Baldwin Bikes";"Baldwin";"NY";"Electra Girl's Hawaii 1 (16-inch) - 2015/2016";"Electra";"Cruisers Bicycles";1;269.99;0.1;10.0;269.99;26.999;242.991
16;552;"2016-01-12";2016;1;"2016-01";"Santa Cruz Bikes";"Santa Cruz";"CA";"Electra Girl's Hawaii 1 (16-inch) - 2015/2016";"Electra";"Cruisers Bicycles";1;269.99;0.07;7.0;269.99;18.8993;251.0907
21;1250;"2016-01-15";2016;1;"2016-01";"Baldwin Bikes";"Baldwin";"NY";"Electra Girl's Hawaii 1 (16-inch) - 2015/2016";"Electra";"Cruisers Bicycles";1;269.99;0.05;5.0;269.99;13.4995;256.4905
25;657;"2016-01-18";2016;1;"2016-01";"Baldwin Bikes";"Baldwin";"NY";"Electra Girl's Hawaii 1 (16-inch) - 2015/2016";"Electra";"Cruisers Bicycles";1;269.99;0.2;20.0;269.99;53.998;215.992
28;252;"2016-01-19";2016;1;"2016-01";"Baldwin Bikes";"Baldwin";"NY";"Electra Girl's Hawaii 1 (16-inch) - 2015/2016";"Electra";"Cruisers Bicycles";2;269.99;0.1;10.0;539.98;53.998;485.982
29;437;"2016-01-20";2016;1;"2016-01";"Baldwin Bikes";"Baldwin";"NY";"Electra Girl's Hawaii 1 (16-inch) - 2015/2016";"Electra";"Cruisers Bicycles";2;269.99;0.05;5.0;539.98;26.999;512.981
48;1012;"2016-01-30";2016;1;"2016-01";"Baldwin Bikes";"Baldwin";"NY";"Electra Girl's Hawaii 1 (16-inch) - 2015/2016";"Electra";"Cruisers Bicycles";2;269.99;0.07;7.0;539.98;37.7986;502.1814
53;965;"2016-02-03";2016;2;"2016-02";"Baldwin Bikes";"Baldwin";"NY";"Electra Girl's Hawaii 1 (16-inch) - 2015/2016";"Electra";"Cruisers Bicycles";2;269.99;0.2;20.0;539.98;107.996;431.984
58;504;"2016-02-05";2016;2;"2016-02";"Baldwin Bikes";"Baldwin";"NY";"Electra Girl's Hawaii 1 (16-inch) - 2015/2016";"Electra";"Cruisers Bicycles";2;269.99;0.05;5.0;539.98;26.999;512.981
60;151;"2016-02-06";2016;2;"2016-02";"Santa Cruz Bikes";"Santa Cruz";"CA";"Electra Girl's Hawaii 1 (16-inch) - 2015/2016";"Electra";"Cruisers Bicycles";2;269.99;0.05;5.0;539.98;26.999;512.981
62;208;"2016-02-07";2016;2;"2016-02";"Santa Cruz Bikes";"Santa Cruz";"CA";"Electra Girl's Hawaii 1 (16-inch) - 2015/2016";"Electra";"Cruisers Bicycles";1;269.99;0.07;7.0;269.99;18.8993;251.0907
78;1182;"2016-02-16";2016;2;"2016-02";"Baldwin Bikes";"Baldwin";"NY";"Electra Girl's Hawaii 1 (16-inch) - 2015/2016";"Electra";"Cruisers Bicycles";2;269.99;0.1;10.0;539.98;53.998;485.982
110;677;"2016-03-06";2016;3;"2016-03";"Rowlett Bikes";"Rowlett";"TX";"Electra Girl's Hawaii 1 (16-inch) - 2015/2016";"Electra";"Cruisers Bicycles";1;269.99;0.1;10.0;269.99;26.999;242.991
111;630;"2016-03-07";2016;3;"2016-03";"Baldwin Bikes";"Baldwin";"NY";"Electra Girl's Hawaii 1 (16-inch) - 2015/2016";"Electra";"Cruisers Bicycles";1;269.99;0.1;10.0;269.99;26.999;242.991
117;740;"2016-03-10";2016;3;"2016-03";"Baldwin Bikes";"Baldwin";"NY";"Electra Girl's Hawaii 1 (16-inch) - 2015/2016";"Electra";"Cruisers Bicycles";1;269.99;0.2;20.0;269.99;53.998;215.992
121;755;"2016-03-14";2016;3;"2016-03";"Baldwin Bikes";"Baldwin";"NY";"Electra Girl's Hawaii 1 (16-inch) - 2015/2016";"Electra";"Cruisers Bicycles";2;269.99;0.1;10.0;539.98;53.998;485.982
148;714;"2016-03-28";2016;3;"2016-03";"Baldwin Bikes";"Baldwin";"NY";"Electra Girl's Hawaii 1 (16-inch) - 2015/2016";"Electra";"Cruisers Bicycles";1;269.99;0.05;5.0;269.99;13.4995;256.4905
164;610;"2016-04-07";2016;4;"2016-04";"Baldwin Bikes";"Baldwin";"NY";"Electra Girl's Hawaii 1 (16-inch) - 2015/2016";"Electra";"Cruisers Bicycles";1;269.99;0.1;10.0;269.99;26.999;242.991
169;99;"2016-04-10";2016;4;"2016-04";"Baldwin Bikes";"Baldwin";"NY";"Electra Girl's Hawaii 1 (16-inch) - 2015/2016";"Electra";"Cruisers Bicycles";2;269.99;0.05;5.0;539.98;26.999;512.981
173;117;"2016-04-11";2016;4;"2016-04";"Rowlett Bikes";"Rowlett";"TX";"Electra Girl's Hawaii 1 (16-inch) - 2015/2016";"Electra";"Cruisers Bicycles";1;269.99;0.05;5.0;269.99;13.4995;256.4905
184;134;"2016-04-19";2016;4;"2016-04";"Baldwin Bikes";"Baldwin";"NY";"Electra Girl's Hawaii 1 (16-inch) - 2015/2016";"Electra";"Cruisers Bicycles";1;269.99;0.1;10.0;269.99;26.999;242.991
195;727;"2016-04-28";2016;4;"2016-04";"Baldwin Bikes";"Baldwin";"NY";"Electra Girl's Hawaii 1 (16-inch) - 2015/2016";"Electra";"Cruisers Bicycles";1;269.99;0.05;5.0;269.99;13.4995;256.4905
201;280;"2016-05-01";2016;5;"2016-05";"Rowlett Bikes";"Rowlett";"TX";"Electra Girl's Hawaii 1 (16-inch) - 2015/2016";"Electra";"Cruisers Bicycles";2;269.99;0.1;10.0;539.98;53.998;485.982
210;943;"2016-05-07";2016;5;"2016-05";"Baldwin Bikes";"Baldwin";"NY";"Electra Girl's Hawaii 1 (16-inch) - 2015/2016";"Electra";"Cruisers Bicycles";1;269.99;0.07;7.0;269.99;18.8993;251.0907
231;1257;"2016-05-19";2016;5;"2016-05";"Baldwin Bikes";"Baldwin";"NY";"Electra Girl's Hawaii 1 (16-inch) - 2015/2016";"Electra";"Cruisers Bicycles";2;269.99;0.2;20.0;539.98;107.996;431.984
233;737;"2016-05-21";2016;5;"2016-05";"Baldwin Bikes";"Baldwin";"NY";"Electra Girl's Hawaii 1 (16-inch) - 2015/2016";"Electra";"Cruisers Bicycles";1;269.99;0.1;10.0;269.99;26.999;242.991
255;801;"2016-06-03";2016;6;"2016-06";"Baldwin Bikes";"Baldwin";"NY";"Electra Girl's Hawaii 1 (16-inch) - 2015/2016";"Electra";"Cruisers Bicycles";1;269.99;0.2;20.0;269.99;53.998;215.992
261;1045;"2016-06-08";2016;6;"2016-06";"Santa Cruz Bikes";"Santa Cruz";"CA";"Electra Girl's Hawaii 1 (16-inch) - 2015/2016";"Electra";"Cruisers Bicycles";1;269.99;0.1;10.0;269.99;26.999;242.991
281;800;"2016-06-21";2016;6;"2016-06";"Baldwin Bikes";"Baldwin";"NY";"Electra Girl's Hawaii 1 (16-inch) - 2015/2016";"Electra";"Cruisers Bicycles";2;269.99;0.1;10.0;539.98;53.998;485.982
294;732;"2016-07-01";2016;7;"2016-07";"Baldwin Bikes";"Baldwin";"NY";"Electra Girl's Hawaii 1 (16-inch) - 2015/2016";"Electra";"Cruisers Bicycles";1;269.99;0.2;20.0;269.99;53.998;215.992
298;885;"2016-07-04";2016;7;"2016-07";"Rowlett Bikes";"Rowlett";"TX";"Electra Girl's Hawaii 1 (16-inch) - 2015/2016";"Electra";"Cruisers Bicycles";2;269.99;0.1;10.0;539.98;53.998;485.982
308;156;"2016-07-11";2016;7;"2016-07";"Baldwin Bikes";"Baldwin";"NY";"Electra Girl's Hawaii 1 (16-inch) - 2015/2016";"Electra";"Cruisers Bicycles";1;269.99;0.2;20.0;269.99;53.998;215.992
310;627;"2016-07-12";2016;7;"2016-07";"Santa Cruz Bikes";"Santa Cruz";"CA";"Electra Girl's Hawaii 1 (16-inch) - 2015/2016";"Electra";"Cruisers Bicycles";2;269.99;0.1;10.0;539.98;53.998;485.982
312;299;"2016-07-13";2016;7;"2016-07";"Baldwin Bikes";"Baldwin";"NY";"Electra Girl's Hawaii 1 (16-inch) - 2015/2016";"Electra";"Cruisers Bicycles";2;269.99;0.07;7.0;539.98;37.7986;502.1814
329;274;"2016-07-24";2016;7;"2016-07";"Baldwin Bikes";"Baldwin";"NY";"Electra Girl's Hawaii 1 (16-inch) - 2015/2016";"Electra";"Cruisers Bicycles";2;269.99;0.07;7.0;539.98;37.7986;502.1814
344;750;"2016-08-01";2016;8;"2016-08";"Baldwin Bikes";"Baldwin";"NY";"Electra Girl's Hawaii 1 (16-inch) - 2015/2016";"Electra";"Cruisers Bicycles";1;269.99;0.2;20.0;269.99;53.998;215.992
352;16;"2016-08-03";2016;8;"2016-08";"Baldwin Bikes";"Baldwin";"NY";"Electra Girl's Hawaii 1 (16-inch) - 2015/2016";"Electra";"Cruisers Bicycles";1;269.99;0.2;20.0;269.99;53.998;215.992
355;1011;"2016-08-03";2016;8;"2016-08";"Rowlett Bikes";"Rowlett";"TX";"Electra Girl's Hawaii 1 (16-inch) - 2015/2016";"Electra";"Cruisers Bicycles";2;269.99;0.07;7.0;539.98;37.7986;502.1814
363;834;"2016-08-11";2016;8;"2016-08";"Rowlett Bikes";"Rowlett";"TX";"Electra Girl's Hawaii 1 (16-inch) - 2015/2016";"Electra";"Cruisers Bicycles";1;269.99;0.07;7.0;269.99;18.8993;251.0907
367;527;"2016-08-14";2016;8;"2016-08";"Baldwin Bikes";"Baldwin";"NY";"Electra Girl's Hawaii 1 (16-inch) - 2015/2016";"Electra";"Cruisers Bicycles";1;269.99;0.05;5.0;269.99;13.4995;256.4905
371;891;"2016-08-15";2016;8;"2016-08";"Baldwin Bikes";"Baldwin";"NY";"Electra Girl's Hawaii 1 (16-inch) - 2015/2016";"Electra";"Cruisers Bicycles";1;269.99;0.2;20.0;269.99;53.998;215.992
372;132;"2016-08-16";2016;8;"2016-08";"Baldwin Bikes";"Baldwin";"NY";"Electra Girl's Hawaii 1 (16-inch) - 2015/2016";"Electra";"Cruisers Bicycles";2;269.99;0.1;10.0;539.98;53.998;485.982
377;1355;"2016-08-17";2016;8;"2016-08";"Baldwin Bikes";"Baldwin";"NY";"Electra Girl's Hawaii 1 (16-inch) - 2015/2016";"Electra";"Cruisers Bicycles";1;269.99;0.07;7.0;269.99;18.8993;251.0907
383;331;"2016-08-20";2016;8;"2016-08";"Baldwin Bikes";"Baldwin";"NY";"Electra Girl's Hawaii 1 (16-inch) - 2015/2016";"Electra";"Cruisers Bicycles";1;269.99;0.1;10.0;269.99;26.999;242.991
392;176;"2016-08-23";2016;8;"2016-08";"Santa Cruz Bikes";"Santa Cruz";"CA";"Electra Girl's Hawaii 1 (16-inch) - 2015/2016";"Electra";"Cruisers Bicycles";2;269.99;0.1;10.0;539.98;53.998;485.982
394;522;"2016-08-26";2016;8;"2016-08";"Santa Cruz Bikes";"Santa Cruz";"CA";"Electra Girl's Hawaii 1 (16-inch) - 2015/2016";"Electra";"Cruisers Bicycles";2;269.99;0.2;20.0;539.98;107.996;431.984
395;144;"2016-08-26";2016;8;"2016-08";"Baldwin Bikes";"Baldwin";"NY";"Electra Girl's Hawaii 1 (16-inch) - 2015/2016";"Electra";"Cruisers Bicycles";1;269.99;0.05;5.0;269.99;13.4995;256.4905
399;1001;"2016-08-29";2016;8;"2016-08";"Baldwin Bikes";"Baldwin";"NY";"Electra Girl's Hawaii 1 (16-inch) - 2015/2016";"Electra";"Cruisers Bicycles";1;269.99;0.1;10.0;269.99;26.999;242.991
405;603;"2016-08-31";2016;8;"2016-08";"Baldwin Bikes";"Baldwin";"NY";"Electra Girl's Hawaii 1 (16-inch) - 2015/2016";"Electra";"Cruisers Bicycles";2;269.99;0.07;7.0;539.98;37.7986;502.1814
416;1377;"2016-09-03";2016;9;"2016-09";"Baldwin Bikes";"Baldwin";"NY";"Electra Girl's Hawaii 1 (16-inch) - 2015/2016";"Electra";"Cruisers Bicycles";1;269.99;0.07;7.0;269.99;18.8993;251.0907
428;1039;"2016-09-09";2016;9;"2016-09";"Baldwin Bikes";"Baldwin";"NY";"Electra Girl's Hawaii 1 (16-inch) - 2015/2016";"Electra";"Cruisers Bicycles";1;269.99;0.2;20.0;269.99;53.998;215.992
431;1217;"2016-09-11";2016;9;"2016-09";"Baldwin Bikes";"Baldwin";"NY";"Electra Girl's Hawaii 1 (16-inch) - 2015/2016";"Electra";"Cruisers Bicycles";2;269.99;0.2;20.0;539.98;107.996;431.984
451;1146;"2016-09-21";2016;9;"2016-09";"Baldwin Bikes";"Baldwin";"NY";"Electra Girl's Hawaii 1 (16-inch) - 2015/2016";"Electra";"Cruisers Bicycles";2;269.99;0.05;5.0;539.98;26.999;512.981
471;697;"2016-09-30";2016;9;"2016-09";"Santa Cruz Bikes";"Santa Cruz";"CA";"Electra Girl's Hawaii 1 (16-inch) - 2015/2016";"Electra";"Cruisers Bicycles";1;269.99;0.2;20.0;269.99;53.998;215.992
482;513;"2016-10-05";2016;10;"2016-10";"Baldwin Bikes";"Baldwin";"NY";"Electra Girl's Hawaii 1 (16-inch) - 2015/2016";"Electra";"Cruisers Bicycles";1;269.99;0.1;10.0;269.99;26.999;242.991
490;876;"2016-10-07";2016;10;"2016-10";"Baldwin Bikes";"Baldwin";"NY";"Electra Girl's Hawaii 1 (16-inch) - 2015/2016";"Electra";"Cruisers Bicycles";1;269.99;0.1;10.0;269.99;26.999;242.991
499;260;"2016-10-11";2016;10;"2016-10";"Santa Cruz Bikes";"Santa Cruz";"CA";"Electra Girl's Hawaii 1 (16-inch) - 2015/2016";"Electra";"Cruisers Bicycles";2;269.99;0.2;20.0;539.98;107.996;431.984
500;148;"2016-10-11";2016;10;"2016-10";"Baldwin Bikes";"Baldwin";"NY";"Electra Girl's Hawaii 1 (16-inch) - 2015/2016";"Electra";"Cruisers Bicycles";1;269.99;0.2;20.0;269.99;53.998;215.992
501;977;"2016-10-11";2016;10;"2016-10";"Baldwin Bikes";"Baldwin";"NY";"Electra Girl's Hawaii 1 (16-inch) - 2015/2016";"Electra";"Cruisers Bicycles";1;269.99;0.1;10.0;269.99;26.999;242.991
521;664;"2016-10-23";2016;10;"2016-10";"Baldwin Bikes";"Baldwin";"NY";"Electra Girl's Hawaii 1 (16-inch) - 2015/2016";"Electra";"Cruisers Bicycles";1;269.99;0.2;20.0;269.99;53.998;215.992
536;759;"2016-10-31";2016;10;"2016-10";"Santa Cruz Bikes";"Santa Cruz";"CA";"Electra Girl's Hawaii 1 (16-inch) - 2015/2016";"Electra";"Cruisers Bicycles";1;269.99;0.07;7.0;269.99;18.8993;251.0907
598;40;"2016-12-09";2016;12;"2016-12";"Santa Cruz Bikes";"Santa Cruz";"CA";"Electra Girl's Hawaii 1 (16-inch) - 2015/2016";"Electra";"Cruisers Bicycles";1;269.99;0.1;10.0;269.99;26.999;242.991
607;309;"2016-12-11";2016;12;"2016-12";"Baldwin Bikes";"Baldwin";"NY";"Electra Girl's Hawaii 1 (16-inch) - 2015/2016";"Electra";"Cruisers Bicycles";1;269.99;0.07;7.0;269.99;18.8993;251.0907
612;634;"2016-12-16";2016;12;"2016-12";"Baldwin Bikes";"Baldwin";"NY";"Electra Girl's Hawaii 1 (16-inch) - 2015/2016";"Electra";"Cruisers Bicycles";1;269.99;0.1;10.0;269.99;26.999;242.991
624;814;"2016-12-24";2016;12;"2016-12";"Baldwin Bikes";"Baldwin";"NY";"Electra Girl's Hawaii 1 (16-inch) - 2015/2016";"Electra";"Cruisers Bicycles";2;269.99;0.2;20.0;539.98;107.996;431.984
629;973;"2016-12-26";2016;12;"2016-12";"Santa Cruz Bikes";"Santa Cruz";"CA";"Electra Girl's Hawaii 1 (16-inch) - 2015/2016";"Electra";"Cruisers Bicycles";2;269.99;0.05;5.0;539.98;26.999;512.981
773;1385;"2017-03-11";2017;3;"2017-03";"Baldwin Bikes";"Baldwin";"NY";"Electra Girl's Hawaii 1 (16-inch) - 2015/2016";"Electra";"Cruisers Bicycles";1;269.99;0.05;5.0;269.99;13.4995;256.4905
858;162;"2017-04-25";2017;4;"2017-04";"Baldwin Bikes";"Baldwin";"NY";"Electra Girl's Hawaii 1 (16-inch) - 2015/2016";"Electra";"Cruisers Bicycles";1;269.99;0.07;7.0;269.99;18.8993;251.0907
859;644;"2017-04-25";2017;4;"2017-04";"Baldwin Bikes";"Baldwin";"NY";"Electra Girl's Hawaii 1 (16-inch) - 2015/2016";"Electra";"Cruisers Bicycles";2;269.99;0.1;10.0;539.98;53.998;485.982
861;1177;"2017-04-27";2017;4;"2017-04";"Baldwin Bikes";"Baldwin";"NY";"Electra Girl's Hawaii 1 (16-inch) - 2015/2016";"Electra";"Cruisers Bicycles";2;269.99;0.07;7.0;539.98;37.7986;502.1814
875;386;"2017-05-05";2017;5;"2017-05";"Santa Cruz Bikes";"Santa Cruz";"CA";"Electra Girl's Hawaii 1 (16-inch) - 2015/2016";"Electra";"Cruisers Bicycles";1;269.99;0.07;7.0;269.99;18.8993;251.0907
957;722;"2017-06-17";2017;6;"2017-06";"Rowlett Bikes";"Rowlett";"TX";"Electra Girl's Hawaii 1 (16-inch) - 2015/2016";"Electra";"Cruisers Bicycles";2;269.99;0.07;7.0;539.98;37.7986;502.1814
990;706;"2017-07-04";2017;7;"2017-07";"Baldwin Bikes";"Baldwin";"NY";"Electra Girl's Hawaii 1 (16-inch) - 2015/2016";"Electra";"Cruisers Bicycles";2;269.99;0.1;10.0;539.98;53.998;485.982
997;485;"2017-07-11";2017;7;"2017-07";"Baldwin Bikes";"Baldwin";"NY";"Electra Girl's Hawaii 1 (16-inch) - 2015/2016";"Electra";"Cruisers Bicycles";2;269.99;0.07;7.0;539.98;37.7986;502.1814
1005;266;"2017-07-15";2017;7;"2017-07";"Baldwin Bikes";"Baldwin";"NY";"Electra Girl's Hawaii 1 (16-inch) - 2015/2016";"Electra";"Cruisers Bicycles";2;269.99;0.2;20.0;539.98;107.996;431.984
1027;588;"2017-07-26";2017;7;"2017-07";"Baldwin Bikes";"Baldwin";"NY";"Electra Girl's Hawaii 1 (16-inch) - 2015/2016";"Electra";"Cruisers Bicycles";2;269.99;0.05;5.0;539.98;26.999;512.981
1050;239;"2017-08-09";2017;8;"2017-08";"Santa Cruz Bikes";"Santa Cruz";"CA";"Electra Girl's Hawaii 1 (16-inch) - 2015/2016";"Electra";"Cruisers Bicycles";2;269.99;0.2;20.0;539.98;107.996;431.984
1061;655;"2017-08-15";2017;8;"2017-08";"Baldwin Bikes";"Baldwin";"NY";"Electra Girl's Hawaii 1 (16-inch) - 2015/2016";"Electra";"Cruisers Bicycles";1;269.99;0.07;7.0;269.99;18.8993;251.0907
1111;930;"2017-09-04";2017;9;"2017-09";"Baldwin Bikes";"Baldwin";"NY";"Electra Girl's Hawaii 1 (16-inch) - 2015/2016";"Electra";"Cruisers Bicycles";1;269.99;0.2;20.0;269.99;53.998;215.992
1238;998;"2017-11-09";2017;11;"2017-11";"Baldwin Bikes";"Baldwin";"NY";"Electra Girl's Hawaii 1 (16-inch) - 2015/2016";"Electra";"Cruisers Bicycles";1;269.99;0.1;10.0;269.99;26.999;242.991
1255;375;"2017-11-19";2017;11;"2017-11";"Baldwin Bikes";"Baldwin";"NY";"Electra Girl's Hawaii 1 (16-inch) - 2015/2016";"Electra";"Cruisers Bicycles";2;269.99;0.2;20.0;539.98;107.996;431.984
1299;1216;"2017-12-15";2017;12;"2017-12";"Santa Cruz Bikes";"Santa Cruz";"CA";"Electra Girl's Hawaii 1 (16-inch) - 2015/2016";"Electra";"Cruisers Bicycles";2;269.99;0.1;10.0;539.98;53.998;485.982
1308;713;"2017-12-22";2017;12;"2017-12";"Baldwin Bikes";"Baldwin";"NY";"Electra Girl's Hawaii 1 (16-inch) - 2015/2016";"Electra";"Cruisers Bicycles";2;269.99;0.07;7.0;539.98;37.7986;502.1814
1312;311;"2017-12-25";2017;12;"2017-12";"Santa Cruz Bikes";"Santa Cruz";"CA";"Electra Girl's Hawaii 1 (16-inch) - 2015/2016";"Electra";"Cruisers Bicycles";1;269.99;0.2;20.0;269.99;53.998;215.992
1449;330;"2018-03-18";2018;3;"2018-03";"Baldwin Bikes";"Baldwin";"NY";"Electra Girl's Hawaii 1 (16-inch) - 2015/2016";"Electra";"Cruisers Bicycles";2;269.99;0.1;10.0;539.98;53.998;485.982
1564;46;"2018-04-21";2018;4;"2018-04";"Santa Cruz Bikes";"Santa Cruz";"CA";"Electra Girl's Hawaii 1 (16-inch) - 2015/2016";"Electra";"Cruisers Bicycles";1;269.99;0.1;10.0;269.99;26.999;242.991
7;324;"2016-01-04";2016;1;"2016-01";"Baldwin Bikes";"Baldwin";"NY";"Electra Moto 1 - 2016";"Electra";"Cruisers Bicycles";1;529.99;0.07;7.0;529.99;37.0993;492.8907
22;1035;"2016-01-16";2016;1;"2016-01";"Santa Cruz Bikes";"Santa Cruz";"CA";"Electra Moto 1 - 2016";"Electra";"Cruisers Bicycles";2;529.99;0.2;20.0;1059.98;211.996;847.984
39;1296;"2016-01-25";2016;1;"2016-01";"Baldwin Bikes";"Baldwin";"NY";"Electra Moto 1 - 2016";"Electra";"Cruisers Bicycles";1;529.99;0.1;10.0;529.99;52.999;476.991
47;1234;"2016-01-29";2016;1;"2016-01";"Baldwin Bikes";"Baldwin";"NY";"Electra Moto 1 - 2016";"Electra";"Cruisers Bicycles";1;529.99;0.1;10.0;529.99;52.999;476.991
55;1173;"2016-02-04";2016;2;"2016-02";"Baldwin Bikes";"Baldwin";"NY";"Electra Moto 1 - 2016";"Electra";"Cruisers Bicycles";2;529.99;0.2;20.0;1059.98;211.996;847.984
60;151;"2016-02-06";2016;2;"2016-02";"Santa Cruz Bikes";"Santa Cruz";"CA";"Electra Moto 1 - 2016";"Electra";"Cruisers Bicycles";1;529.99;0.07;7.0;529.99;37.0993;492.8907
61;277;"2016-02-06";2016;2;"2016-02";"Baldwin Bikes";"Baldwin";"NY";"Electra Moto 1 - 2016";"Electra";"Cruisers Bicycles";2;529.99;0.05;5.0;1059.98;52.999;1006.981
75;587;"2016-02-14";2016;2;"2016-02";"Baldwin Bikes";"Baldwin";"NY";"Electra Moto 1 - 2016";"Electra";"Cruisers Bicycles";1;529.99;0.2;20.0;529.99;105.998;423.992
84;317;"2016-02-20";2016;2;"2016-02";"Baldwin Bikes";"Baldwin";"NY";"Electra Moto 1 - 2016";"Electra";"Cruisers Bicycles";2;529.99;0.07;7.0;1059.98;74.1986;985.7814
86;276;"2016-02-21";2016;2;"2016-02";"Baldwin Bikes";"Baldwin";"NY";"Electra Moto 1 - 2016";"Electra";"Cruisers Bicycles";1;529.99;0.1;10.0;529.99;52.999;476.991
91;648;"2016-02-25";2016;2;"2016-02";"Santa Cruz Bikes";"Santa Cruz";"CA";"Electra Moto 1 - 2016";"Electra";"Cruisers Bicycles";2;529.99;0.07;7.0;1059.98;74.1986;985.7814
102;336;"2016-03-02";2016;3;"2016-03";"Baldwin Bikes";"Baldwin";"NY";"Electra Moto 1 - 2016";"Electra";"Cruisers Bicycles";1;529.99;0.05;5.0;529.99;26.4995;503.4905
103;991;"2016-03-03";2016;3;"2016-03";"Santa Cruz Bikes";"Santa Cruz";"CA";"Electra Moto 1 - 2016";"Electra";"Cruisers Bicycles";2;529.99;0.1;10.0;1059.98;105.998;953.982
140;1264;"2016-03-23";2016;3;"2016-03";"Baldwin Bikes";"Baldwin";"NY";"Electra Moto 1 - 2016";"Electra";"Cruisers Bicycles";1;529.99;0.2;20.0;529.99;105.998;423.992
153;498;"2016-03-30";2016;3;"2016-03";"Baldwin Bikes";"Baldwin";"NY";"Electra Moto 1 - 2016";"Electra";"Cruisers Bicycles";2;529.99;0.05;5.0;1059.98;52.999;1006.981
160;205;"2016-04-04";2016;4;"2016-04";"Baldwin Bikes";"Baldwin";"NY";"Electra Moto 1 - 2016";"Electra";"Cruisers Bicycles";2;529.99;0.07;7.0;1059.98;74.1986;985.7814
181;459;"2016-04-18";2016;4;"2016-04";"Santa Cruz Bikes";"Santa Cruz";"CA";"Electra Moto 1 - 2016";"Electra";"Cruisers Bicycles";2;529.99;0.2;20.0;1059.98;211.996;847.984
190;98;"2016-04-23";2016;4;"2016-04";"Baldwin Bikes";"Baldwin";"NY";"Electra Moto 1 - 2016";"Electra";"Cruisers Bicycles";1;529.99;0.2;20.0;529.99;105.998;423.992
202;600;"2016-05-03";2016;5;"2016-05";"Santa Cruz Bikes";"Santa Cruz";"CA";"Electra Moto 1 - 2016";"Electra";"Cruisers Bicycles";2;529.99;0.05;5.0;1059.98;52.999;1006.981
223;1368;"2016-05-15";2016;5;"2016-05";"Baldwin Bikes";"Baldwin";"NY";"Electra Moto 1 - 2016";"Electra";"Cruisers Bicycles";1;529.99;0.05;5.0;529.99;26.4995;503.4905
227;489;"2016-05-17";2016;5;"2016-05";"Baldwin Bikes";"Baldwin";"NY";"Electra Moto 1 - 2016";"Electra";"Cruisers Bicycles";2;529.99;0.1;10.0;1059.98;105.998;953.982
233;737;"2016-05-21";2016;5;"2016-05";"Baldwin Bikes";"Baldwin";"NY";"Electra Moto 1 - 2016";"Electra";"Cruisers Bicycles";2;529.99;0.07;7.0;1059.98;74.1986;985.7814
237;1351;"2016-05-25";2016;5;"2016-05";"Baldwin Bikes";"Baldwin";"NY";"Electra Moto 1 - 2016";"Electra";"Cruisers Bicycles";1;529.99;0.2;20.0;529.99;105.998;423.992
257;1314;"2016-06-05";2016;6;"2016-06";"Santa Cruz Bikes";"Santa Cruz";"CA";"Electra Moto 1 - 2016";"Electra";"Cruisers Bicycles";1;529.99;0.1;10.0;529.99;52.999;476.991
264;5;"2016-06-10";2016;6;"2016-06";"Santa Cruz Bikes";"Santa Cruz";"CA";"Electra Moto 1 - 2016";"Electra";"Cruisers Bicycles";2;529.99;0.1;10.0;1059.98;105.998;953.982
270;879;"2016-06-12";2016;6;"2016-06";"Baldwin Bikes";"Baldwin";"NY";"Electra Moto 1 - 2016";"Electra";"Cruisers Bicycles";1;529.99;0.1;10.0;529.99;52.999;476.991
307;695;"2016-07-09";2016;7;"2016-07";"Baldwin Bikes";"Baldwin";"NY";"Electra Moto 1 - 2016";"Electra";"Cruisers Bicycles";2;529.99;0.05;5.0;1059.98;52.999;1006.981
317;795;"2016-07-17";2016;7;"2016-07";"Baldwin Bikes";"Baldwin";"NY";"Electra Moto 1 - 2016";"Electra";"Cruisers Bicycles";1;529.99;0.05;5.0;529.99;26.4995;503.4905
319;941;"2016-07-18";2016;7;"2016-07";"Baldwin Bikes";"Baldwin";"NY";"Electra Moto 1 - 2016";"Electra";"Cruisers Bicycles";2;529.99;0.1;10.0;1059.98;105.998;953.982
339;1110;"2016-07-28";2016;7;"2016-07";"Baldwin Bikes";"Baldwin";"NY";"Electra Moto 1 - 2016";"Electra";"Cruisers Bicycles";2;529.99;0.05;5.0;1059.98;52.999;1006.981
346;584;"2016-08-01";2016;8;"2016-08";"Rowlett Bikes";"Rowlett";"TX";"Electra Moto 1 - 2016";"Electra";"Cruisers Bicycles";1;529.99;0.05;5.0;529.99;26.4995;503.4905
348;907;"2016-08-02";2016;8;"2016-08";"Rowlett Bikes";"Rowlett";"TX";"Electra Moto 1 - 2016";"Electra";"Cruisers Bicycles";2;529.99;0.07;7.0;1059.98;74.1986;985.7814
359;441;"2016-08-07";2016;8;"2016-08";"Baldwin Bikes";"Baldwin";"NY";"Electra Moto 1 - 2016";"Electra";"Cruisers Bicycles";2;529.99;0.07;7.0;1059.98;74.1986;985.7814
363;834;"2016-08-11";2016;8;"2016-08";"Rowlett Bikes";"Rowlett";"TX";"Electra Moto 1 - 2016";"Electra";"Cruisers Bicycles";1;529.99;0.1;10.0;529.99;52.999;476.991
384;410;"2016-08-20";2016;8;"2016-08";"Baldwin Bikes";"Baldwin";"NY";"Electra Moto 1 - 2016";"Electra";"Cruisers Bicycles";1;529.99;0.1;10.0;529.99;52.999;476.991
389;53;"2016-08-22";2016;8;"2016-08";"Santa Cruz Bikes";"Santa Cruz";"CA";"Electra Moto 1 - 2016";"Electra";"Cruisers Bicycles";2;529.99;0.07;7.0;1059.98;74.1986;985.7814
409;416;"2016-09-01";2016;9;"2016-09";"Baldwin Bikes";"Baldwin";"NY";"Electra Moto 1 - 2016";"Electra";"Cruisers Bicycles";1;529.99;0.07;7.0;529.99;37.0993;492.8907
420;72;"2016-09-05";2016;9;"2016-09";"Santa Cruz Bikes";"Santa Cruz";"CA";"Electra Moto 1 - 2016";"Electra";"Cruisers Bicycles";2;529.99;0.1;10.0;1059.98;105.998;953.982
427;434;"2016-09-09";2016;9;"2016-09";"Santa Cruz Bikes";"Santa Cruz";"CA";"Electra Moto 1 - 2016";"Electra";"Cruisers Bicycles";2;529.99;0.1;10.0;1059.98;105.998;953.982
441;704;"2016-09-18";2016;9;"2016-09";"Santa Cruz Bikes";"Santa Cruz";"CA";"Electra Moto 1 - 2016";"Electra";"Cruisers Bicycles";1;529.99;0.1;10.0;529.99;52.999;476.991
444;30;"2016-09-19";2016;9;"2016-09";"Santa Cruz Bikes";"Santa Cruz";"CA";"Electra Moto 1 - 2016";"Electra";"Cruisers Bicycles";2;529.99;0.07;7.0;1059.98;74.1986;985.7814
466;1440;"2016-09-28";2016;9;"2016-09";"Baldwin Bikes";"Baldwin";"NY";"Electra Moto 1 - 2016";"Electra";"Cruisers Bicycles";1;529.99;0.1;10.0;529.99;52.999;476.991
469;1089;"2016-09-29";2016;9;"2016-09";"Baldwin Bikes";"Baldwin";"NY";"Electra Moto 1 - 2016";"Electra";"Cruisers Bicycles";2;529.99;0.2;20.0;1059.98;211.996;847.984
472;468;"2016-09-30";2016;9;"2016-09";"Baldwin Bikes";"Baldwin";"NY";"Electra Moto 1 - 2016";"Electra";"Cruisers Bicycles";1;529.99;0.1;10.0;529.99;52.999;476.991
480;686;"2016-10-04";2016;10;"2016-10";"Santa Cruz Bikes";"Santa Cruz";"CA";"Electra Moto 1 - 2016";"Electra";"Cruisers Bicycles";1;529.99;0.05;5.0;529.99;26.4995;503.4905
491;1048;"2016-10-08";2016;10;"2016-10";"Santa Cruz Bikes";"Santa Cruz";"CA";"Electra Moto 1 - 2016";"Electra";"Cruisers Bicycles";2;529.99;0.05;5.0;1059.98;52.999;1006.981
493;796;"2016-10-09";2016;10;"2016-10";"Santa Cruz Bikes";"Santa Cruz";"CA";"Electra Moto 1 - 2016";"Electra";"Cruisers Bicycles";1;529.99;0.05;5.0;529.99;26.4995;503.4905
499;260;"2016-10-11";2016;10;"2016-10";"Santa Cruz Bikes";"Santa Cruz";"CA";"Electra Moto 1 - 2016";"Electra";"Cruisers Bicycles";1;529.99;0.07;7.0;529.99;37.0993;492.8907
518;1374;"2016-10-22";2016;10;"2016-10";"Santa Cruz Bikes";"Santa Cruz";"CA";"Electra Moto 1 - 2016";"Electra";"Cruisers Bicycles";2;529.99;0.2;20.0;1059.98;211.996;847.984
526;1096;"2016-10-26";2016;10;"2016-10";"Baldwin Bikes";"Baldwin";"NY";"Electra Moto 1 - 2016";"Electra";"Cruisers Bicycles";1;529.99;0.07;7.0;529.99;37.0993;492.8907
535;835;"2016-10-29";2016;10;"2016-10";"Rowlett Bikes";"Rowlett";"TX";"Electra Moto 1 - 2016";"Electra";"Cruisers Bicycles";1;529.99;0.1;10.0;529.99;52.999;476.991
549;64;"2016-11-12";2016;11;"2016-11";"Rowlett Bikes";"Rowlett";"TX";"Electra Moto 1 - 2016";"Electra";"Cruisers Bicycles";1;529.99;0.07;7.0;529.99;37.0993;492.8907
551;1169;"2016-11-12";2016;11;"2016-11";"Baldwin Bikes";"Baldwin";"NY";"Electra Moto 1 - 2016";"Electra";"Cruisers Bicycles";2;529.99;0.2;20.0;1059.98;211.996;847.984
559;959;"2016-11-16";2016;11;"2016-11";"Santa Cruz Bikes";"Santa Cruz";"CA";"Electra Moto 1 - 2016";"Electra";"Cruisers Bicycles";2;529.99;0.1;10.0;1059.98;105.998;953.982
561;90;"2016-11-19";2016;11;"2016-11";"Baldwin Bikes";"Baldwin";"NY";"Electra Moto 1 - 2016";"Electra";"Cruisers Bicycles";2;529.99;0.05;5.0;1059.98;52.999;1006.981
564;1058;"2016-11-20";2016;11;"2016-11";"Baldwin Bikes";"Baldwin";"NY";"Electra Moto 1 - 2016";"Electra";"Cruisers Bicycles";1;529.99;0.2;20.0;529.99;105.998;423.992
580;581;"2016-11-30";2016;11;"2016-11";"Santa Cruz Bikes";"Santa Cruz";"CA";"Electra Moto 1 - 2016";"Electra";"Cruisers Bicycles";1;529.99;0.07;7.0;529.99;37.0993;492.8907
583;792;"2016-12-04";2016;12;"2016-12";"Baldwin Bikes";"Baldwin";"NY";"Electra Moto 1 - 2016";"Electra";"Cruisers Bicycles";2;529.99;0.2;20.0;1059.98;211.996;847.984
584;1209;"2016-12-04";2016;12;"2016-12";"Baldwin Bikes";"Baldwin";"NY";"Electra Moto 1 - 2016";"Electra";"Cruisers Bicycles";1;529.99;0.1;10.0;529.99;52.999;476.991
585;1219;"2016-12-04";2016;12;"2016-12";"Baldwin Bikes";"Baldwin";"NY";"Electra Moto 1 - 2016";"Electra";"Cruisers Bicycles";1;529.99;0.05;5.0;529.99;26.4995;503.4905
589;719;"2016-12-06";2016;12;"2016-12";"Baldwin Bikes";"Baldwin";"NY";"Electra Moto 1 - 2016";"Electra";"Cruisers Bicycles";2;529.99;0.05;5.0;1059.98;52.999;1006.981
602;823;"2016-12-09";2016;12;"2016-12";"Baldwin Bikes";"Baldwin";"NY";"Electra Moto 1 - 2016";"Electra";"Cruisers Bicycles";2;529.99;0.05;5.0;1059.98;52.999;1006.981
617;118;"2016-12-21";2016;12;"2016-12";"Baldwin Bikes";"Baldwin";"NY";"Electra Moto 1 - 2016";"Electra";"Cruisers Bicycles";2;529.99;0.2;20.0;1059.98;211.996;847.984
626;130;"2016-12-25";2016;12;"2016-12";"Baldwin Bikes";"Baldwin";"NY";"Electra Moto 1 - 2016";"Electra";"Cruisers Bicycles";1;529.99;0.2;20.0;529.99;105.998;423.992
628;561;"2016-12-26";2016;12;"2016-12";"Santa Cruz Bikes";"Santa Cruz";"CA";"Electra Moto 1 - 2016";"Electra";"Cruisers Bicycles";2;529.99;0.1;10.0;1059.98;105.998;953.982
631;855;"2016-12-27";2016;12;"2016-12";"Santa Cruz Bikes";"Santa Cruz";"CA";"Electra Moto 1 - 2016";"Electra";"Cruisers Bicycles";2;529.99;0.07;7.0;1059.98;74.1986;985.7814
632;163;"2016-12-27";2016;12;"2016-12";"Baldwin Bikes";"Baldwin";"NY";"Electra Moto 1 - 2016";"Electra";"Cruisers Bicycles";1;529.99;0.07;7.0;529.99;37.0993;492.8907
639;550;"2017-01-06";2017;1;"2017-01";"Baldwin Bikes";"Baldwin";"NY";"Electra Moto 1 - 2016";"Electra";"Cruisers Bicycles";1;529.99;0.07;7.0;529.99;37.0993;492.8907
641;673;"2017-01-07";2017;1;"2017-01";"Santa Cruz Bikes";"Santa Cruz";"CA";"Electra Moto 1 - 2016";"Electra";"Cruisers Bicycles";1;529.99;0.05;5.0;529.99;26.4995;503.4905
646;975;"2017-01-09";2017;1;"2017-01";"Santa Cruz Bikes";"Santa Cruz";"CA";"Electra Moto 1 - 2016";"Electra";"Cruisers Bicycles";2;529.99;0.2;20.0;1059.98;211.996;847.984
679;81;"2017-01-29";2017;1;"2017-01";"Santa Cruz Bikes";"Santa Cruz";"CA";"Electra Moto 1 - 2016";"Electra";"Cruisers Bicycles";2;529.99;0.2;20.0;1059.98;211.996;847.984
692;2;"2017-02-05";2017;2;"2017-02";"Santa Cruz Bikes";"Santa Cruz";"CA";"Electra Moto 1 - 2016";"Electra";"Cruisers Bicycles";2;529.99;0.07;7.0;1059.98;74.1986;985.7814
875;386;"2017-05-05";2017;5;"2017-05";"Santa Cruz Bikes";"Santa Cruz";"CA";"Electra Moto 1 - 2016";"Electra";"Cruisers Bicycles";2;529.99;0.05;5.0;1059.98;52.999;1006.981
959;650;"2017-06-18";2017;6;"2017-06";"Baldwin Bikes";"Baldwin";"NY";"Electra Moto 1 - 2016";"Electra";"Cruisers Bicycles";1;529.99;0.2;20.0;529.99;105.998;423.992
1020;16;"2017-07-23";2017;7;"2017-07";"Baldwin Bikes";"Baldwin";"NY";"Electra Moto 1 - 2016";"Electra";"Cruisers Bicycles";1;529.99;0.07;7.0;529.99;37.0993;492.8907
1025;1304;"2017-07-23";2017;7;"2017-07";"Baldwin Bikes";"Baldwin";"NY";"Electra Moto 1 - 2016";"Electra";"Cruisers Bicycles";1;529.99;0.05;5.0;529.99;26.4995;503.4905
1066;106;"2017-08-17";2017;8;"2017-08";"Baldwin Bikes";"Baldwin";"NY";"Electra Moto 1 - 2016";"Electra";"Cruisers Bicycles";2;529.99;0.05;5.0;1059.98;52.999;1006.981
1078;793;"2017-08-19";2017;8;"2017-08";"Baldwin Bikes";"Baldwin";"NY";"Electra Moto 1 - 2016";"Electra";"Cruisers Bicycles";1;529.99;0.07;7.0;529.99;37.0993;492.8907
1087;675;"2017-08-22";2017;8;"2017-08";"Rowlett Bikes";"Rowlett";"TX";"Electra Moto 1 - 2016";"Electra";"Cruisers Bicycles";1;529.99;0.07;7.0;529.99;37.0993;492.8907
1095;1382;"2017-08-26";2017;8;"2017-08";"Rowlett Bikes";"Rowlett";"TX";"Electra Moto 1 - 2016";"Electra";"Cruisers Bicycles";2;529.99;0.1;10.0;1059.98;105.998;953.982
1168;1031;"2017-10-04";2017;10;"2017-10";"Baldwin Bikes";"Baldwin";"NY";"Electra Moto 1 - 2016";"Electra";"Cruisers Bicycles";2;529.99;0.05;5.0;1059.98;52.999;1006.981
1170;534;"2017-10-05";2017;10;"2017-10";"Baldwin Bikes";"Baldwin";"NY";"Electra Moto 1 - 2016";"Electra";"Cruisers Bicycles";1;529.99;0.1;10.0;529.99;52.999;476.991
1211;19;"2017-10-27";2017;10;"2017-10";"Baldwin Bikes";"Baldwin";"NY";"Electra Moto 1 - 2016";"Electra";"Cruisers Bicycles";2;529.99;0.2;20.0;1059.98;211.996;847.984
1213;669;"2017-10-27";2017;10;"2017-10";"Rowlett Bikes";"Rowlett";"TX";"Electra Moto 1 - 2016";"Electra";"Cruisers Bicycles";1;529.99;0.05;5.0;529.99;26.4995;503.4905
1239;1197;"2017-11-09";2017;11;"2017-11";"Baldwin Bikes";"Baldwin";"NY";"Electra Moto 1 - 2016";"Electra";"Cruisers Bicycles";2;529.99;0.2;20.0;1059.98;211.996;847.984
1240;903;"2017-11-10";2017;11;"2017-11";"Baldwin Bikes";"Baldwin";"NY";"Electra Moto 1 - 2016";"Electra";"Cruisers Bicycles";2;529.99;0.2;20.0;1059.98;211.996;847.984
1247;426;"2017-11-16";2017;11;"2017-11";"Santa Cruz Bikes";"Santa Cruz";"CA";"Electra Moto 1 - 2016";"Electra";"Cruisers Bicycles";2;529.99;0.1;10.0;1059.98;105.998;953.982
1379;1256;"2018-02-02";2018;2;"2018-02";"Baldwin Bikes";"Baldwin";"NY";"Electra Moto 1 - 2016";"Electra";"Cruisers Bicycles";1;529.99;0.1;10.0;529.99;52.999;476.991
1501;52;"2018-04-06";2018;4;"2018-04";"Baldwin Bikes";"Baldwin";"NY";"Electra Moto 1 - 2016";"Electra";"Cruisers Bicycles";1;529.99;0.05;5.0;529.99;26.4995;503.4905
1573;24;"2018-04-23";2018;4;"2018-04";"Santa Cruz Bikes";"Santa Cruz";"CA";"Electra Moto 1 - 2016";"Electra";"Cruisers Bicycles";2;529.99;0.1;10.0;1059.98;105.998;953.982
1583;44;"2018-04-25";2018;4;"2018-04";"Baldwin Bikes";"Baldwin";"NY";"Electra Moto 1 - 2016";"Electra";"Cruisers Bicycles";1;529.99;0.05;5.0;529.99;26.4995;503.4905
1;259;"2016-01-01";2016;1;"2016-01";"Santa Cruz Bikes";"Santa Cruz";"CA";"Electra Townie Original 7D EQ - 2016";"Electra";"Cruisers Bicycles";2;599.99;0.05;5.0;1199.98;59.999;1139.981
2;1212;"2016-01-01";2016;1;"2016-01";"Baldwin Bikes";"Baldwin";"NY";"Electra Townie Original 7D EQ - 2016";"Electra";"Cruisers Bicycles";2;599.99;0.05;5.0;1199.98;59.999;1139.981
11;1326;"2016-01-05";2016;1;"2016-01";"Baldwin Bikes";"Baldwin";"NY";"Electra Townie Original 7D EQ - 2016";"Electra";"Cruisers Bicycles";2;599.99;0.2;20.0;1199.98;239.996;959.984
13;873;"2016-01-08";2016;1;"2016-01";"Baldwin Bikes";"Baldwin";"NY";"Electra Townie Original 7D EQ - 2016";"Electra";"Cruisers Bicycles";2;599.99;0.05;5.0;1199.98;59.999;1139.981
37;164;"2016-01-25";2016;1;"2016-01";"Baldwin Bikes";"Baldwin";"NY";"Electra Townie Original 7D EQ - 2016";"Electra";"Cruisers Bicycles";2;599.99;0.05;5.0;1199.98;59.999;1139.981
39;1296;"2016-01-25";2016;1;"2016-01";"Baldwin Bikes";"Baldwin";"NY";"Electra Townie Original 7D EQ - 2016";"Electra";"Cruisers Bicycles";2;599.99;0.2;20.0;1199.98;239.996;959.984
44;861;"2016-01-28";2016;1;"2016-01";"Baldwin Bikes";"Baldwin";"NY";"Electra Townie Original 7D EQ - 2016";"Electra";"Cruisers Bicycles";1;599.99;0.05;5.0;599.99;29.9995;569.9905
74;264;"2016-02-13";2016;2;"2016-02";"Baldwin Bikes";"Baldwin";"NY";"Electra Townie Original 7D EQ - 2016";"Electra";"Cruisers Bicycles";2;599.99;0.05;5.0;1199.98;59.999;1139.981
100;1237;"2016-03-01";2016;3;"2016-03";"Baldwin Bikes";"Baldwin";"NY";"Electra Townie Original 7D EQ - 2016";"Electra";"Cruisers Bicycles";2;599.99;0.2;20.0;1199.98;239.996;959.984
108;12;"2016-03-06";2016;3;"2016-03";"Baldwin Bikes";"Baldwin";"NY";"Electra Townie Original 7D EQ - 2016";"Electra";"Cruisers Bicycles";2;599.99;0.05;5.0;1199.98;59.999;1139.981
120;327;"2016-03-14";2016;3;"2016-03";"Baldwin Bikes";"Baldwin";"NY";"Electra Townie Original 7D EQ - 2016";"Electra";"Cruisers Bicycles";2;599.99;0.2;20.0;1199.98;239.996;959.984
122;786;"2016-03-14";2016;3;"2016-03";"Baldwin Bikes";"Baldwin";"NY";"Electra Townie Original 7D EQ - 2016";"Electra";"Cruisers Bicycles";1;599.99;0.1;10.0;599.99;59.999;539.991
124;403;"2016-03-16";2016;3;"2016-03";"Santa Cruz Bikes";"Santa Cruz";"CA";"Electra Townie Original 7D EQ - 2016";"Electra";"Cruisers Bicycles";1;599.99;0.05;5.0;599.99;29.9995;569.9905
128;86;"2016-03-18";2016;3;"2016-03";"Baldwin Bikes";"Baldwin";"NY";"Electra Townie Original 7D EQ - 2016";"Electra";"Cruisers Bicycles";2;599.99;0.1;10.0;1199.98;119.998;1079.982
138;438;"2016-03-23";2016;3;"2016-03";"Baldwin Bikes";"Baldwin";"NY";"Electra Townie Original 7D EQ - 2016";"Electra";"Cruisers Bicycles";2;599.99;0.1;10.0;1199.98;119.998;1079.982
142;170;"2016-03-26";2016;3;"2016-03";"Santa Cruz Bikes";"Santa Cruz";"CA";"Electra Townie Original 7D EQ - 2016";"Electra";"Cruisers Bicycles";2;599.99;0.1;10.0;1199.98;119.998;1079.982
152;76;"2016-03-29";2016;3;"2016-03";"Baldwin Bikes";"Baldwin";"NY";"Electra Townie Original 7D EQ - 2016";"Electra";"Cruisers Bicycles";2;599.99;0.07;7.0;1199.98;83.9986;1115.9814
153;498;"2016-03-30";2016;3;"2016-03";"Baldwin Bikes";"Baldwin";"NY";"Electra Townie Original 7D EQ - 2016";"Electra";"Cruisers Bicycles";1;599.99;0.07;7.0;599.99;41.9993;557.9907
172;1079;"2016-04-11";2016;4;"2016-04";"Baldwin Bikes";"Baldwin";"NY";"Electra Townie Original 7D EQ - 2016";"Electra";"Cruisers Bicycles";1;599.99;0.2;20.0;599.99;119.998;479.992
173;117;"2016-04-11";2016;4;"2016-04";"Rowlett Bikes";"Rowlett";"TX";"Electra Townie Original 7D EQ - 2016";"Electra";"Cruisers Bicycles";1;599.99;0.2;20.0;599.99;119.998;479.992
176;643;"2016-04-15";2016;4;"2016-04";"Baldwin Bikes";"Baldwin";"NY";"Electra Townie Original 7D EQ - 2016";"Electra";"Cruisers Bicycles";2;599.99;0.05;5.0;1199.98;59.999;1139.981
180;918;"2016-04-17";2016;4;"2016-04";"Baldwin Bikes";"Baldwin";"NY";"Electra Townie Original 7D EQ - 2016";"Electra";"Cruisers Bicycles";1;599.99;0.07;7.0;599.99;41.9993;557.9907
189;1288;"2016-04-23";2016;4;"2016-04";"Santa Cruz Bikes";"Santa Cruz";"CA";"Electra Townie Original 7D EQ - 2016";"Electra";"Cruisers Bicycles";2;599.99;0.2;20.0;1199.98;239.996;959.984
212;1373;"2016-05-08";2016;5;"2016-05";"Baldwin Bikes";"Baldwin";"NY";"Electra Townie Original 7D EQ - 2016";"Electra";"Cruisers Bicycles";2;599.99;0.07;7.0;1199.98;83.9986;1115.9814
216;267;"2016-05-11";2016;5;"2016-05";"Santa Cruz Bikes";"Santa Cruz";"CA";"Electra Townie Original 7D EQ - 2016";"Electra";"Cruisers Bicycles";2;599.99;0.05;5.0;1199.98;59.999;1139.981
233;737;"2016-05-21";2016;5;"2016-05";"Baldwin Bikes";"Baldwin";"NY";"Electra Townie Original 7D EQ - 2016";"Electra";"Cruisers Bicycles";2;599.99;0.1;10.0;1199.98;119.998;1079.982
239;13;"2016-05-27";2016;5;"2016-05";"Rowlett Bikes";"Rowlett";"TX";"Electra Townie Original 7D EQ - 2016";"Electra";"Cruisers Bicycles";2;599.99;0.1;10.0;1199.98;119.998;1079.982
261;1045;"2016-06-08";2016;6;"2016-06";"Santa Cruz Bikes";"Santa Cruz";"CA";"Electra Townie Original 7D EQ - 2016";"Electra";"Cruisers Bicycles";2;599.99;0.05;5.0;1199.98;59.999;1139.981
278;1301;"2016-06-20";2016;6;"2016-06";"Santa Cruz Bikes";"Santa Cruz";"CA";"Electra Townie Original 7D EQ - 2016";"Electra";"Cruisers Bicycles";1;599.99;0.2;20.0;599.99;119.998;479.992
282;159;"2016-06-22";2016;6;"2016-06";"Rowlett Bikes";"Rowlett";"TX";"Electra Townie Original 7D EQ - 2016";"Electra";"Cruisers Bicycles";2;599.99;0.07;7.0;1199.98;83.9986;1115.9814
283;181;"2016-06-23";2016;6;"2016-06";"Santa Cruz Bikes";"Santa Cruz";"CA";"Electra Townie Original 7D EQ - 2016";"Electra";"Cruisers Bicycles";2;599.99;0.2;20.0;1199.98;239.996;959.984
285;319;"2016-06-25";2016;6;"2016-06";"Santa Cruz Bikes";"Santa Cruz";"CA";"Electra Townie Original 7D EQ - 2016";"Electra";"Cruisers Bicycles";2;599.99;0.05;5.0;1199.98;59.999;1139.981
286;59;"2016-06-25";2016;6;"2016-06";"Baldwin Bikes";"Baldwin";"NY";"Electra Townie Original 7D EQ - 2016";"Electra";"Cruisers Bicycles";2;599.99;0.1;10.0;1199.98;119.998;1079.982
300;1205;"2016-07-05";2016;7;"2016-07";"Baldwin Bikes";"Baldwin";"NY";"Electra Townie Original 7D EQ - 2016";"Electra";"Cruisers Bicycles";2;599.99;0.1;10.0;1199.98;119.998;1079.982
312;299;"2016-07-13";2016;7;"2016-07";"Baldwin Bikes";"Baldwin";"NY";"Electra Townie Original 7D EQ - 2016";"Electra";"Cruisers Bicycles";2;599.99;0.05;5.0;1199.98;59.999;1139.981
316;670;"2016-07-17";2016;7;"2016-07";"Baldwin Bikes";"Baldwin";"NY";"Electra Townie Original 7D EQ - 2016";"Electra";"Cruisers Bicycles";2;599.99;0.1;10.0;1199.98;119.998;1079.982
334;1112;"2016-07-25";2016;7;"2016-07";"Baldwin Bikes";"Baldwin";"NY";"Electra Townie Original 7D EQ - 2016";"Electra";"Cruisers Bicycles";2;599.99;0.2;20.0;1199.98;239.996;959.984
342;806;"2016-07-31";2016;7;"2016-07";"Baldwin Bikes";"Baldwin";"NY";"Electra Townie Original 7D EQ - 2016";"Electra";"Cruisers Bicycles";2;599.99;0.1;10.0;1199.98;119.998;1079.982
355;1011;"2016-08-03";2016;8;"2016-08";"Rowlett Bikes";"Rowlett";"TX";"Electra Townie Original 7D EQ - 2016";"Electra";"Cruisers Bicycles";1;599.99;0.1;10.0;599.99;59.999;539.991
366;1054;"2016-08-13";2016;8;"2016-08";"Rowlett Bikes";"Rowlett";"TX";"Electra Townie Original 7D EQ - 2016";"Electra";"Cruisers Bicycles";2;599.99;0.2;20.0;1199.98;239.996;959.984
379;954;"2016-08-18";2016;8;"2016-08";"Baldwin Bikes";"Baldwin";"NY";"Electra Townie Original 7D EQ - 2016";"Electra";"Cruisers Bicycles";1;599.99;0.2;20.0;599.99;119.998;479.992
380;1156;"2016-08-19";2016;8;"2016-08";"Baldwin Bikes";"Baldwin";"NY";"Electra Townie Original 7D EQ - 2016";"Electra";"Cruisers Bicycles";1;599.99;0.05;5.0;599.99;29.9995;569.9905
386;1362;"2016-08-20";2016;8;"2016-08";"Baldwin Bikes";"Baldwin";"NY";"Electra Townie Original 7D EQ - 2016";"Electra";"Cruisers Bicycles";2;599.99;0.2;20.0;1199.98;239.996;959.984
394;522;"2016-08-26";2016;8;"2016-08";"Santa Cruz Bikes";"Santa Cruz";"CA";"Electra Townie Original 7D EQ - 2016";"Electra";"Cruisers Bicycles";1;599.99;0.2;20.0;599.99;119.998;479.992
404;396;"2016-08-31";2016;8;"2016-08";"Baldwin Bikes";"Baldwin";"NY";"Electra Townie Original 7D EQ - 2016";"Electra";"Cruisers Bicycles";2;599.99;0.2;20.0;1199.98;239.996;959.984
409;416;"2016-09-01";2016;9;"2016-09";"Baldwin Bikes";"Baldwin";"NY";"Electra Townie Original 7D EQ - 2016";"Electra";"Cruisers Bicycles";2;599.99;0.2;20.0;1199.98;239.996;959.984
442;667;"2016-09-18";2016;9;"2016-09";"Baldwin Bikes";"Baldwin";"NY";"Electra Townie Original 7D EQ - 2016";"Electra";"Cruisers Bicycles";2;599.99;0.07;7.0;1199.98;83.9986;1115.9814
444;30;"2016-09-19";2016;9;"2016-09";"Santa Cruz Bikes";"Santa Cruz";"CA";"Electra Townie Original 7D EQ - 2016";"Electra";"Cruisers Bicycles";1;599.99;0.1;10.0;599.99;59.999;539.991
445;362;"2016-09-19";2016;9;"2016-09";"Baldwin Bikes";"Baldwin";"NY";"Electra Townie Original 7D EQ - 2016";"Electra";"Cruisers Bicycles";1;599.99;0.07;7.0;599.99;41.9993;557.9907
446;399;"2016-09-19";2016;9;"2016-09";"Baldwin Bikes";"Baldwin";"NY";"Electra Townie Original 7D EQ - 2016";"Electra";"Cruisers Bicycles";2;599.99;0.07;7.0;1199.98;83.9986;1115.9814
452;997;"2016-09-22";2016;9;"2016-09";"Baldwin Bikes";"Baldwin";"NY";"Electra Townie Original 7D EQ - 2016";"Electra";"Cruisers Bicycles";1;599.99;0.05;5.0;599.99;29.9995;569.9905
461;853;"2016-09-26";2016;9;"2016-09";"Baldwin Bikes";"Baldwin";"NY";"Electra Townie Original 7D EQ - 2016";"Electra";"Cruisers Bicycles";1;599.99;0.07;7.0;599.99;41.9993;557.9907
481;481;"2016-10-04";2016;10;"2016-10";"Rowlett Bikes";"Rowlett";"TX";"Electra Townie Original 7D EQ - 2016";"Electra";"Cruisers Bicycles";2;599.99;0.07;7.0;1199.98;83.9986;1115.9814
518;1374;"2016-10-22";2016;10;"2016-10";"Santa Cruz Bikes";"Santa Cruz";"CA";"Electra Townie Original 7D EQ - 2016";"Electra";"Cruisers Bicycles";2;599.99;0.2;20.0;1199.98;239.996;959.984
519;54;"2016-10-22";2016;10;"2016-10";"Baldwin Bikes";"Baldwin";"NY";"Electra Townie Original 7D EQ - 2016";"Electra";"Cruisers Bicycles";1;599.99;0.1;10.0;599.99;59.999;539.991
523;1056;"2016-10-24";2016;10;"2016-10";"Baldwin Bikes";"Baldwin";"NY";"Electra Townie Original 7D EQ - 2016";"Electra";"Cruisers Bicycles";2;599.99;0.07;7.0;1199.98;83.9986;1115.9814
532;817;"2016-10-29";2016;10;"2016-10";"Baldwin Bikes";"Baldwin";"NY";"Electra Townie Original 7D EQ - 2016";"Electra";"Cruisers Bicycles";2;599.99;0.2;20.0;1199.98;239.996;959.984
542;313;"2016-11-04";2016;11;"2016-11";"Baldwin Bikes";"Baldwin";"NY";"Electra Townie Original 7D EQ - 2016";"Electra";"Cruisers Bicycles";2;599.99;0.2;20.0;1199.98;239.996;959.984
549;64;"2016-11-12";2016;11;"2016-11";"Rowlett Bikes";"Rowlett";"TX";"Electra Townie Original 7D EQ - 2016";"Electra";"Cruisers Bicycles";1;599.99;0.05;5.0;599.99;29.9995;569.9905
551;1169;"2016-11-12";2016;11;"2016-11";"Baldwin Bikes";"Baldwin";"NY";"Electra Townie Original 7D EQ - 2016";"Electra";"Cruisers Bicycles";1;599.99;0.05;5.0;599.99;29.9995;569.9905
556;61;"2016-11-13";2016;11;"2016-11";"Rowlett Bikes";"Rowlett";"TX";"Electra Townie Original 7D EQ - 2016";"Electra";"Cruisers Bicycles";1;599.99;0.1;10.0;599.99;59.999;539.991
558;1443;"2016-11-15";2016;11;"2016-11";"Baldwin Bikes";"Baldwin";"NY";"Electra Townie Original 7D EQ - 2016";"Electra";"Cruisers Bicycles";1;599.99;0.07;7.0;599.99;41.9993;557.9907
560;1405;"2016-11-18";2016;11;"2016-11";"Baldwin Bikes";"Baldwin";"NY";"Electra Townie Original 7D EQ - 2016";"Electra";"Cruisers Bicycles";1;599.99;0.05;5.0;599.99;29.9995;569.9905
569;707;"2016-11-23";2016;11;"2016-11";"Baldwin Bikes";"Baldwin";"NY";"Electra Townie Original 7D EQ - 2016";"Electra";"Cruisers Bicycles";1;599.99;0.05;5.0;599.99;29.9995;569.9905
570;989;"2016-11-23";2016;11;"2016-11";"Baldwin Bikes";"Baldwin";"NY";"Electra Townie Original 7D EQ - 2016";"Electra";"Cruisers Bicycles";1;599.99;0.05;5.0;599.99;29.9995;569.9905
580;581;"2016-11-30";2016;11;"2016-11";"Santa Cruz Bikes";"Santa Cruz";"CA";"Electra Townie Original 7D EQ - 2016";"Electra";"Cruisers Bicycles";2;599.99;0.2;20.0;1199.98;239.996;959.984
591;1211;"2016-12-06";2016;12;"2016-12";"Baldwin Bikes";"Baldwin";"NY";"Electra Townie Original 7D EQ - 2016";"Electra";"Cruisers Bicycles";2;599.99;0.05;5.0;1199.98;59.999;1139.981
592;1232;"2016-12-06";2016;12;"2016-12";"Baldwin Bikes";"Baldwin";"NY";"Electra Townie Original 7D EQ - 2016";"Electra";"Cruisers Bicycles";1;599.99;0.05;5.0;599.99;29.9995;569.9905
598;40;"2016-12-09";2016;12;"2016-12";"Santa Cruz Bikes";"Santa Cruz";"CA";"Electra Townie Original 7D EQ - 2016";"Electra";"Cruisers Bicycles";2;599.99;0.07;7.0;1199.98;83.9986;1115.9814
611;1073;"2016-12-15";2016;12;"2016-12";"Baldwin Bikes";"Baldwin";"NY";"Electra Townie Original 7D EQ - 2016";"Electra";"Cruisers Bicycles";2;599.99;0.07;7.0;1199.98;83.9986;1115.9814
616;1444;"2016-12-20";2016;12;"2016-12";"Baldwin Bikes";"Baldwin";"NY";"Electra Townie Original 7D EQ - 2016";"Electra";"Cruisers Bicycles";2;599.99;0.2;20.0;1199.98;239.996;959.984
624;814;"2016-12-24";2016;12;"2016-12";"Baldwin Bikes";"Baldwin";"NY";"Electra Townie Original 7D EQ - 2016";"Electra";"Cruisers Bicycles";1;599.99;0.07;7.0;599.99;41.9993;557.9907
669;745;"2017-01-23";2017;1;"2017-01";"Baldwin Bikes";"Baldwin";"NY";"Electra Townie Original 7D EQ - 2016";"Electra";"Cruisers Bicycles";2;599.99;0.07;7.0;1199.98;83.9986;1115.9814
686;380;"2017-02-01";2017;2;"2017-02";"Baldwin Bikes";"Baldwin";"NY";"Electra Townie Original 7D EQ - 2016";"Electra";"Cruisers Bicycles";1;599.99;0.2;20.0;599.99;119.998;479.992
723;845;"2017-02-19";2017;2;"2017-02";"Baldwin Bikes";"Baldwin";"NY";"Electra Townie Original 7D EQ - 2016";"Electra";"Cruisers Bicycles";1;599.99;0.05;5.0;599.99;29.9995;569.9905
748;1072;"2017-03-03";2017;3;"2017-03";"Rowlett Bikes";"Rowlett";"TX";"Electra Townie Original 7D EQ - 2016";"Electra";"Cruisers Bicycles";2;599.99;0.1;10.0;1199.98;119.998;1079.982
782;1298;"2017-03-15";2017;3;"2017-03";"Baldwin Bikes";"Baldwin";"NY";"Electra Townie Original 7D EQ - 2016";"Electra";"Cruisers Bicycles";2;599.99;0.2;20.0;1199.98;239.996;959.984
784;430;"2017-03-16";2017;3;"2017-03";"Baldwin Bikes";"Baldwin";"NY";"Electra Townie Original 7D EQ - 2016";"Electra";"Cruisers Bicycles";1;599.99;0.2;20.0;599.99;119.998;479.992
792;479;"2017-03-22";2017;3;"2017-03";"Baldwin Bikes";"Baldwin";"NY";"Electra Townie Original 7D EQ - 2016";"Electra";"Cruisers Bicycles";2;599.99;0.2;20.0;1199.98;239.996;959.984
807;1148;"2017-03-30";2017;3;"2017-03";"Baldwin Bikes";"Baldwin";"NY";"Electra Townie Original 7D EQ - 2016";"Electra";"Cruisers Bicycles";1;599.99;0.2;20.0;599.99;119.998;479.992
832;1215;"2017-04-11";2017;4;"2017-04";"Baldwin Bikes";"Baldwin";"NY";"Electra Townie Original 7D EQ - 2016";"Electra";"Cruisers Bicycles";2;599.99;0.1;10.0;1199.98;119.998;1079.982
845;662;"2017-04-17";2017;4;"2017-04";"Baldwin Bikes";"Baldwin";"NY";"Electra Townie Original 7D EQ - 2016";"Electra";"Cruisers Bicycles";2;599.99;0.2;20.0;1199.98;239.996;959.984
890;171;"2017-05-15";2017;5;"2017-05";"Baldwin Bikes";"Baldwin";"NY";"Electra Townie Original 7D EQ - 2016";"Electra";"Cruisers Bicycles";2;599.99;0.1;10.0;1199.98;119.998;1079.982
898;352;"2017-05-20";2017;5;"2017-05";"Baldwin Bikes";"Baldwin";"NY";"Electra Townie Original 7D EQ - 2016";"Electra";"Cruisers Bicycles";1;599.99;0.07;7.0;599.99;41.9993;557.9907
927;1438;"2017-06-03";2017;6;"2017-06";"Santa Cruz Bikes";"Santa Cruz";"CA";"Electra Townie Original 7D EQ - 2016";"Electra";"Cruisers Bicycles";2;599.99;0.2;20.0;1199.98;239.996;959.984
944;138;"2017-06-14";2017;6;"2017-06";"Santa Cruz Bikes";"Santa Cruz";"CA";"Electra Townie Original 7D EQ - 2016";"Electra";"Cruisers Bicycles";2;599.99;0.1;10.0;1199.98;119.998;1079.982
995;621;"2017-07-11";2017;7;"2017-07";"Santa Cruz Bikes";"Santa Cruz";"CA";"Electra Townie Original 7D EQ - 2016";"Electra";"Cruisers Bicycles";2;599.99;0.1;10.0;1199.98;119.998;1079.982
1011;495;"2017-07-18";2017;7;"2017-07";"Santa Cruz Bikes";"Santa Cruz";"CA";"Electra Townie Original 7D EQ - 2016";"Electra";"Cruisers Bicycles";2;599.99;0.2;20.0;1199.98;239.996;959.984
1054;189;"2017-08-11";2017;8;"2017-08";"Baldwin Bikes";"Baldwin";"NY";"Electra Townie Original 7D EQ - 2016";"Electra";"Cruisers Bicycles";1;599.99;0.05;5.0;599.99;29.9995;569.9905
1125;945;"2017-09-14";2017;9;"2017-09";"Baldwin Bikes";"Baldwin";"NY";"Electra Townie Original 7D EQ - 2016";"Electra";"Cruisers Bicycles";2;599.99;0.05;5.0;1199.98;59.999;1139.981
1132;351;"2017-09-19";2017;9;"2017-09";"Baldwin Bikes";"Baldwin";"NY";"Electra Townie Original 7D EQ - 2016";"Electra";"Cruisers Bicycles";1;599.99;0.05;5.0;599.99;29.9995;569.9905
1184;369;"2017-10-14";2017;10;"2017-10";"Baldwin Bikes";"Baldwin";"NY";"Electra Townie Original 7D EQ - 2016";"Electra";"Cruisers Bicycles";2;599.99;0.05;5.0;1199.98;59.999;1139.981
1272;935;"2017-11-27";2017;11;"2017-11";"Baldwin Bikes";"Baldwin";"NY";"Electra Townie Original 7D EQ - 2016";"Electra";"Cruisers Bicycles";2;599.99;0.2;20.0;1199.98;239.996;959.984
1296;231;"2017-12-14";2017;12;"2017-12";"Santa Cruz Bikes";"Santa Cruz";"CA";"Electra Townie Original 7D EQ - 2016";"Electra";"Cruisers Bicycles";1;599.99;0.05;5.0;599.99;29.9995;569.9905
1315;931;"2017-12-25";2017;12;"2017-12";"Rowlett Bikes";"Rowlett";"TX";"Electra Townie Original 7D EQ - 2016";"Electra";"Cruisers Bicycles";2;599.99;0.2;20.0;1199.98;239.996;959.984
1;259;"2016-01-01";2016;1;"2016-01";"Santa Cruz Bikes";"Santa Cruz";"CA";"Electra Townie Original 7D EQ - Women's - 2016";"Electra";"Cruisers Bicycles";1;599.99;0.2;20.0;599.99;119.998;479.992
2;1212;"2016-01-01";2016;1;"2016-01";"Baldwin Bikes";"Baldwin";"NY";"Electra Townie Original 7D EQ - Women's - 2016";"Electra";"Cruisers Bicycles";1;599.99;0.07;7.0;599.99;41.9993;557.9907
3;523;"2016-01-02";2016;1;"2016-01";"Baldwin Bikes";"Baldwin";"NY";"Electra Townie Original 7D EQ - Women's - 2016";"Electra";"Cruisers Bicycles";1;599.99;0.05;5.0;599.99;29.9995;569.9905
6;94;"2016-01-04";2016;1;"2016-01";"Baldwin Bikes";"Baldwin";"NY";"Electra Townie Original 7D EQ - Women's - 2016";"Electra";"Cruisers Bicycles";1;599.99;0.1;10.0;599.99;59.999;539.991
8;1204;"2016-01-04";2016;1;"2016-01";"Baldwin Bikes";"Baldwin";"NY";"Electra Townie Original 7D EQ - Women's - 2016";"Electra";"Cruisers Bicycles";2;599.99;0.07;7.0;1199.98;83.9986;1115.9814
13;873;"2016-01-08";2016;1;"2016-01";"Baldwin Bikes";"Baldwin";"NY";"Electra Townie Original 7D EQ - Women's - 2016";"Electra";"Cruisers Bicycles";2;599.99;0.1;10.0;1199.98;119.998;1079.982
17;1175;"2016-01-12";2016;1;"2016-01";"Santa Cruz Bikes";"Santa Cruz";"CA";"Electra Townie Original 7D EQ - Women's - 2016";"Electra";"Cruisers Bicycles";2;599.99;0.2;20.0;1199.98;239.996;959.984
35;813;"2016-01-22";2016;1;"2016-01";"Baldwin Bikes";"Baldwin";"NY";"Electra Townie Original 7D EQ - Women's - 2016";"Electra";"Cruisers Bicycles";2;599.99;0.05;5.0;1199.98;59.999;1139.981
51;1047;"2016-02-01";2016;2;"2016-02";"Baldwin Bikes";"Baldwin";"NY";"Electra Townie Original 7D EQ - Women's - 2016";"Electra";"Cruisers Bicycles";1;599.99;0.05;5.0;599.99;29.9995;569.9905
56;1241;"2016-02-04";2016;2;"2016-02";"Baldwin Bikes";"Baldwin";"NY";"Electra Townie Original 7D EQ - Women's - 2016";"Electra";"Cruisers Bicycles";2;599.99;0.07;7.0;1199.98;83.9986;1115.9814
70;50;"2016-02-11";2016;2;"2016-02";"Rowlett Bikes";"Rowlett";"TX";"Electra Townie Original 7D EQ - Women's - 2016";"Electra";"Cruisers Bicycles";1;599.99;0.05;5.0;599.99;29.9995;569.9905
77;385;"2016-02-16";2016;2;"2016-02";"Santa Cruz Bikes";"Santa Cruz";"CA";"Electra Townie Original 7D EQ - Women's - 2016";"Electra";"Cruisers Bicycles";1;599.99;0.07;7.0;599.99;41.9993;557.9907
83;393;"2016-02-19";2016;2;"2016-02";"Santa Cruz Bikes";"Santa Cruz";"CA";"Electra Townie Original 7D EQ - Women's - 2016";"Electra";"Cruisers Bicycles";1;599.99;0.2;20.0;599.99;119.998;479.992
87;516;"2016-02-21";2016;2;"2016-02";"Baldwin Bikes";"Baldwin";"NY";"Electra Townie Original 7D EQ - Women's - 2016";"Electra";"Cruisers Bicycles";2;599.99;0.2;20.0;1199.98;239.996;959.984
95;218;"2016-02-27";2016;2;"2016-02";"Baldwin Bikes";"Baldwin";"NY";"Electra Townie Original 7D EQ - Women's - 2016";"Electra";"Cruisers Bicycles";2;599.99;0.05;5.0;1199.98;59.999;1139.981
97;204;"2016-02-28";2016;2;"2016-02";"Baldwin Bikes";"Baldwin";"NY";"Electra Townie Original 7D EQ - Women's - 2016";"Electra";"Cruisers Bicycles";2;599.99;0.2;20.0;1199.98;239.996;959.984
127;484;"2016-03-17";2016;3;"2016-03";"Rowlett Bikes";"Rowlett";"TX";"Electra Townie Original 7D EQ - Women's - 2016";"Electra";"Cruisers Bicycles";1;599.99;0.1;10.0;599.99;59.999;539.991
132;46;"2016-03-20";2016;3;"2016-03";"Santa Cruz Bikes";"Santa Cruz";"CA";"Electra Townie Original 7D EQ - Women's - 2016";"Electra";"Cruisers Bicycles";1;599.99;0.05;5.0;599.99;29.9995;569.9905
146;288;"2016-03-28";2016;3;"2016-03";"Santa Cruz Bikes";"Santa Cruz";"CA";"Electra Townie Original 7D EQ - Women's - 2016";"Electra";"Cruisers Bicycles";2;599.99;0.1;10.0;1199.98;119.998;1079.982
169;99;"2016-04-10";2016;4;"2016-04";"Baldwin Bikes";"Baldwin";"NY";"Electra Townie Original 7D EQ - Women's - 2016";"Electra";"Cruisers Bicycles";2;599.99;0.1;10.0;1199.98;119.998;1079.982
173;117;"2016-04-11";2016;4;"2016-04";"Rowlett Bikes";"Rowlett";"TX";"Electra Townie Original 7D EQ - Women's - 2016";"Electra";"Cruisers Bicycles";2;599.99;0.05;5.0;1199.98;59.999;1139.981
177;121;"2016-04-16";2016;4;"2016-04";"Santa Cruz Bikes";"Santa Cruz";"CA";"Electra Townie Original 7D EQ - Women's - 2016";"Electra";"Cruisers Bicycles";2;599.99;0.1;10.0;1199.98;119.998;1079.982
179;616;"2016-04-17";2016;4;"2016-04";"Baldwin Bikes";"Baldwin";"NY";"Electra Townie Original 7D EQ - Women's - 2016";"Electra";"Cruisers Bicycles";2;599.99;0.1;10.0;1199.98;119.998;1079.982
185;24;"2016-04-20";2016;4;"2016-04";"Santa Cruz Bikes";"Santa Cruz";"CA";"Electra Townie Original 7D EQ - Women's - 2016";"Electra";"Cruisers Bicycles";1;599.99;0.1;10.0;599.99;59.999;539.991
196;1247;"2016-04-28";2016;4;"2016-04";"Baldwin Bikes";"Baldwin";"NY";"Electra Townie Original 7D EQ - Women's - 2016";"Electra";"Cruisers Bicycles";1;599.99;0.1;10.0;599.99;59.999;539.991
198;640;"2016-05-01";2016;5;"2016-05";"Baldwin Bikes";"Baldwin";"NY";"Electra Townie Original 7D EQ - Women's - 2016";"Electra";"Cruisers Bicycles";2;599.99;0.07;7.0;1199.98;83.9986;1115.9814
206;743;"2016-05-04";2016;5;"2016-05";"Rowlett Bikes";"Rowlett";"TX";"Electra Townie Original 7D EQ - Women's - 2016";"Electra";"Cruisers Bicycles";1;599.99;0.2;20.0;599.99;119.998;479.992
223;1368;"2016-05-15";2016;5;"2016-05";"Baldwin Bikes";"Baldwin";"NY";"Electra Townie Original 7D EQ - Women's - 2016";"Electra";"Cruisers Bicycles";1;599.99;0.05;5.0;599.99;29.9995;569.9905
237;1351;"2016-05-25";2016;5;"2016-05";"Baldwin Bikes";"Baldwin";"NY";"Electra Townie Original 7D EQ - Women's - 2016";"Electra";"Cruisers Bicycles";2;599.99;0.2;20.0;1199.98;239.996;959.984
238;1350;"2016-05-26";2016;5;"2016-05";"Baldwin Bikes";"Baldwin";"NY";"Electra Townie Original 7D EQ - Women's - 2016";"Electra";"Cruisers Bicycles";2;599.99;0.2;20.0;1199.98;239.996;959.984
277;546;"2016-06-19";2016;6;"2016-06";"Baldwin Bikes";"Baldwin";"NY";"Electra Townie Original 7D EQ - Women's - 2016";"Electra";"Cruisers Bicycles";2;599.99;0.2;20.0;1199.98;239.996;959.984
282;159;"2016-06-22";2016;6;"2016-06";"Rowlett Bikes";"Rowlett";"TX";"Electra Townie Original 7D EQ - Women's - 2016";"Electra";"Cruisers Bicycles";1;599.99;0.07;7.0;599.99;41.9993;557.9907
284;1356;"2016-06-23";2016;6;"2016-06";"Baldwin Bikes";"Baldwin";"NY";"Electra Townie Original 7D EQ - Women's - 2016";"Electra";"Cruisers Bicycles";1;599.99;0.2;20.0;599.99;119.998;479.992
287;133;"2016-06-25";2016;6;"2016-06";"Baldwin Bikes";"Baldwin";"NY";"Electra Townie Original 7D EQ - Women's - 2016";"Electra";"Cruisers Bicycles";1;599.99;0.05;5.0;599.99;29.9995;569.9905
304;230;"2016-07-07";2016;7;"2016-07";"Baldwin Bikes";"Baldwin";"NY";"Electra Townie Original 7D EQ - Women's - 2016";"Electra";"Cruisers Bicycles";1;599.99;0.1;10.0;599.99;59.999;539.991
316;670;"2016-07-17";2016;7;"2016-07";"Baldwin Bikes";"Baldwin";"NY";"Electra Townie Original 7D EQ - Women's - 2016";"Electra";"Cruisers Bicycles";1;599.99;0.1;10.0;599.99;59.999;539.991
343;961;"2016-07-31";2016;7;"2016-07";"Baldwin Bikes";"Baldwin";"NY";"Electra Townie Original 7D EQ - Women's - 2016";"Electra";"Cruisers Bicycles";2;599.99;0.2;20.0;1199.98;239.996;959.984
349;30;"2016-08-03";2016;8;"2016-08";"Santa Cruz Bikes";"Santa Cruz";"CA";"Electra Townie Original 7D EQ - Women's - 2016";"Electra";"Cruisers Bicycles";2;599.99;0.2;20.0;1199.98;239.996;959.984
350;31;"2016-08-03";2016;8;"2016-08";"Santa Cruz Bikes";"Santa Cruz";"CA";"Electra Townie Original 7D EQ - Women's - 2016";"Electra";"Cruisers Bicycles";1;599.99;0.07;7.0;599.99;41.9993;557.9907
351;1307;"2016-08-03";2016;8;"2016-08";"Santa Cruz Bikes";"Santa Cruz";"CA";"Electra Townie Original 7D EQ - Women's - 2016";"Electra";"Cruisers Bicycles";1;599.99;0.2;20.0;599.99;119.998;479.992
363;834;"2016-08-11";2016;8;"2016-08";"Rowlett Bikes";"Rowlett";"TX";"Electra Townie Original 7D EQ - Women's - 2016";"Electra";"Cruisers Bicycles";1;599.99;0.2;20.0;599.99;119.998;479.992
384;410;"2016-08-20";2016;8;"2016-08";"Baldwin Bikes";"Baldwin";"NY";"Electra Townie Original 7D EQ - Women's - 2016";"Electra";"Cruisers Bicycles";1;599.99;0.1;10.0;599.99;59.999;539.991
407;77;"2016-09-01";2016;9;"2016-09";"Rowlett Bikes";"Rowlett";"TX";"Electra Townie Original 7D EQ - Women's - 2016";"Electra";"Cruisers Bicycles";1;599.99;0.2;20.0;599.99;119.998;479.992
418;88;"2016-09-04";2016;9;"2016-09";"Baldwin Bikes";"Baldwin";"NY";"Electra Townie Original 7D EQ - Women's - 2016";"Electra";"Cruisers Bicycles";1;599.99;0.05;5.0;599.99;29.9995;569.9905
421;240;"2016-09-05";2016;9;"2016-09";"Santa Cruz Bikes";"Santa Cruz";"CA";"Electra Townie Original 7D EQ - Women's - 2016";"Electra";"Cruisers Bicycles";2;599.99;0.2;20.0;1199.98;239.996;959.984
422;398;"2016-09-06";2016;9;"2016-09";"Baldwin Bikes";"Baldwin";"NY";"Electra Townie Original 7D EQ - Women's - 2016";"Electra";"Cruisers Bicycles";2;599.99;0.05;5.0;1199.98;59.999;1139.981
434;726;"2016-09-13";2016;9;"2016-09";"Baldwin Bikes";"Baldwin";"NY";"Electra Townie Original 7D EQ - Women's - 2016";"Electra";"Cruisers Bicycles";1;599.99;0.1;10.0;599.99;59.999;539.991
444;30;"2016-09-19";2016;9;"2016-09";"Santa Cruz Bikes";"Santa Cruz";"CA";"Electra Townie Original 7D EQ - Women's - 2016";"Electra";"Cruisers Bicycles";2;599.99;0.05;5.0;1199.98;59.999;1139.981
453;1028;"2016-09-22";2016;9;"2016-09";"Baldwin Bikes";"Baldwin";"NY";"Electra Townie Original 7D EQ - Women's - 2016";"Electra";"Cruisers Bicycles";2;599.99;0.2;20.0;1199.98;239.996;959.984
476;559;"2016-10-01";2016;10;"2016-10";"Baldwin Bikes";"Baldwin";"NY";"Electra Townie Original 7D EQ - Women's - 2016";"Electra";"Cruisers Bicycles";2;599.99;0.05;5.0;1199.98;59.999;1139.981
499;260;"2016-10-11";2016;10;"2016-10";"Santa Cruz Bikes";"Santa Cruz";"CA";"Electra Townie Original 7D EQ - Women's - 2016";"Electra";"Cruisers Bicycles";2;599.99;0.1;10.0;1199.98;119.998;1079.982
507;1378;"2016-10-15";2016;10;"2016-10";"Santa Cruz Bikes";"Santa Cruz";"CA";"Electra Townie Original 7D EQ - Women's - 2016";"Electra";"Cruisers Bicycles";2;599.99;0.1;10.0;1199.98;119.998;1079.982
523;1056;"2016-10-24";2016;10;"2016-10";"Baldwin Bikes";"Baldwin";"NY";"Electra Townie Original 7D EQ - Women's - 2016";"Electra";"Cruisers Bicycles";1;599.99;0.05;5.0;599.99;29.9995;569.9905
542;313;"2016-11-04";2016;11;"2016-11";"Baldwin Bikes";"Baldwin";"NY";"Electra Townie Original 7D EQ - Women's - 2016";"Electra";"Cruisers Bicycles";1;599.99;0.1;10.0;599.99;59.999;539.991
545;1108;"2016-11-08";2016;11;"2016-11";"Rowlett Bikes";"Rowlett";"TX";"Electra Townie Original 7D EQ - Women's - 2016";"Electra";"Cruisers Bicycles";2;599.99;0.07;7.0;1199.98;83.9986;1115.9814
555;212;"2016-11-13";2016;11;"2016-11";"Baldwin Bikes";"Baldwin";"NY";"Electra Townie Original 7D EQ - Women's - 2016";"Electra";"Cruisers Bicycles";2;599.99;0.07;7.0;1199.98;83.9986;1115.9814
590;990;"2016-12-06";2016;12;"2016-12";"Baldwin Bikes";"Baldwin";"NY";"Electra Townie Original 7D EQ - Women's - 2016";"Electra";"Cruisers Bicycles";1;599.99;0.07;7.0;599.99;41.9993;557.9907
612;634;"2016-12-16";2016;12;"2016-12";"Baldwin Bikes";"Baldwin";"NY";"Electra Townie Original 7D EQ - Women's - 2016";"Electra";"Cruisers Bicycles";1;599.99;0.2;20.0;599.99;119.998;479.992
691;1081;"2017-02-04";2017;2;"2017-02";"Baldwin Bikes";"Baldwin";"NY";"Electra Townie Original 7D EQ - Women's - 2016";"Electra";"Cruisers Bicycles";1;599.99;0.2;20.0;599.99;119.998;479.992
774;690;"2017-03-12";2017;3;"2017-03";"Baldwin Bikes";"Baldwin";"NY";"Electra Townie Original 7D EQ - Women's - 2016";"Electra";"Cruisers Bicycles";1;599.99;0.2;20.0;599.99;119.998;479.992
782;1298;"2017-03-15";2017;3;"2017-03";"Baldwin Bikes";"Baldwin";"NY";"Electra Townie Original 7D EQ - Women's - 2016";"Electra";"Cruisers Bicycles";2;599.99;0.07;7.0;1199.98;83.9986;1115.9814
833;406;"2017-04-12";2017;4;"2017-04";"Baldwin Bikes";"Baldwin";"NY";"Electra Townie Original 7D EQ - Women's - 2016";"Electra";"Cruisers Bicycles";2;599.99;0.05;5.0;1199.98;59.999;1139.981
905;609;"2017-05-23";2017;5;"2017-05";"Baldwin Bikes";"Baldwin";"NY";"Electra Townie Original 7D EQ - Women's - 2016";"Electra";"Cruisers Bicycles";1;599.99;0.2;20.0;599.99;119.998;479.992
914;1068;"2017-05-28";2017;5;"2017-05";"Santa Cruz Bikes";"Santa Cruz";"CA";"Electra Townie Original 7D EQ - Women's - 2016";"Electra";"Cruisers Bicycles";2;599.99;0.2;20.0;1199.98;239.996;959.984
948;618;"2017-06-15";2017;6;"2017-06";"Baldwin Bikes";"Baldwin";"NY";"Electra Townie Original 7D EQ - Women's - 2016";"Electra";"Cruisers Bicycles";2;599.99;0.1;10.0;1199.98;119.998;1079.982
952;355;"2017-06-16";2017;6;"2017-06";"Baldwin Bikes";"Baldwin";"NY";"Electra Townie Original 7D EQ - Women's - 2016";"Electra";"Cruisers Bicycles";2;599.99;0.07;7.0;1199.98;83.9986;1115.9814
983;1158;"2017-06-27";2017;6;"2017-06";"Baldwin Bikes";"Baldwin";"NY";"Electra Townie Original 7D EQ - Women's - 2016";"Electra";"Cruisers Bicycles";2;599.99;0.2;20.0;1199.98;239.996;959.984
992;723;"2017-07-07";2017;7;"2017-07";"Baldwin Bikes";"Baldwin";"NY";"Electra Townie Original 7D EQ - Women's - 2016";"Electra";"Cruisers Bicycles";1;599.99;0.2;20.0;599.99;119.998;479.992
1006;1070;"2017-07-15";2017;7;"2017-07";"Baldwin Bikes";"Baldwin";"NY";"Electra Townie Original 7D EQ - Women's - 2016";"Electra";"Cruisers Bicycles";1;599.99;0.07;7.0;599.99;41.9993;557.9907
1020;16;"2017-07-23";2017;7;"2017-07";"Baldwin Bikes";"Baldwin";"NY";"Electra Townie Original 7D EQ - Women's - 2016";"Electra";"Cruisers Bicycles";2;599.99;0.05;5.0;1199.98;59.999;1139.981
1029;407;"2017-07-29";2017;7;"2017-07";"Santa Cruz Bikes";"Santa Cruz";"CA";"Electra Townie Original 7D EQ - Women's - 2016";"Electra";"Cruisers Bicycles";1;599.99;0.2;20.0;599.99;119.998;479.992
1043;1235;"2017-08-06";2017;8;"2017-08";"Baldwin Bikes";"Baldwin";"NY";"Electra Townie Original 7D EQ - Women's - 2016";"Electra";"Cruisers Bicycles";1;599.99;0.07;7.0;599.99;41.9993;557.9907
1073;911;"2017-08-18";2017;8;"2017-08";"Baldwin Bikes";"Baldwin";"NY";"Electra Townie Original 7D EQ - Women's - 2016";"Electra";"Cruisers Bicycles";1;599.99;0.2;20.0;599.99;119.998;479.992
1142;554;"2017-09-23";2017;9;"2017-09";"Santa Cruz Bikes";"Santa Cruz";"CA";"Electra Townie Original 7D EQ - Women's - 2016";"Electra";"Cruisers Bicycles";2;599.99;0.07;7.0;1199.98;83.9986;1115.9814
1157;24;"2017-10-01";2017;10;"2017-10";"Santa Cruz Bikes";"Santa Cruz";"CA";"Electra Townie Original 7D EQ - Women's - 2016";"Electra";"Cruisers Bicycles";1;599.99;0.1;10.0;599.99;59.999;539.991
1175;292;"2017-10-09";2017;10;"2017-10";"Baldwin Bikes";"Baldwin";"NY";"Electra Townie Original 7D EQ - Women's - 2016";"Electra";"Cruisers Bicycles";1;599.99;0.05;5.0;599.99;29.9995;569.9905
1228;1041;"2017-11-04";2017;11;"2017-11";"Baldwin Bikes";"Baldwin";"NY";"Electra Townie Original 7D EQ - Women's - 2016";"Electra";"Cruisers Bicycles";2;599.99;0.05;5.0;1199.98;59.999;1139.981
1250;1188;"2017-11-17";2017;11;"2017-11";"Baldwin Bikes";"Baldwin";"NY";"Electra Townie Original 7D EQ - Women's - 2016";"Electra";"Cruisers Bicycles";2;599.99;0.05;5.0;1199.98;59.999;1139.981
1273;1268;"2017-11-27";2017;11;"2017-11";"Baldwin Bikes";"Baldwin";"NY";"Electra Townie Original 7D EQ - Women's - 2016";"Electra";"Cruisers Bicycles";1;599.99;0.07;7.0;599.99;41.9993;557.9907
1302;322;"2017-12-16";2017;12;"2017-12";"Baldwin Bikes";"Baldwin";"NY";"Electra Townie Original 7D EQ - Women's - 2016";"Electra";"Cruisers Bicycles";2;599.99;0.1;10.0;1199.98;119.998;1079.982
1312;311;"2017-12-25";2017;12;"2017-12";"Santa Cruz Bikes";"Santa Cruz";"CA";"Electra Townie Original 7D EQ - Women's - 2016";"Electra";"Cruisers Bicycles";1;599.99;0.07;7.0;599.99;41.9993;557.9907
1323;273;"2017-12-31";2017;12;"2017-12";"Baldwin Bikes";"Baldwin";"NY";"Electra Townie Original 7D EQ - Women's - 2016";"Electra";"Cruisers Bicycles";1;599.99;0.05;5.0;599.99;29.9995;569.9905
1426;938;"2018-03-07";2018;3;"2018-03";"Baldwin Bikes";"Baldwin";"NY";"Electra Townie Original 7D EQ - Women's - 2016";"Electra";"Cruisers Bicycles";2;599.99;0.05;5.0;1199.98;59.999;1139.981
1571;80;"2018-04-22";2018;4;"2018-04";"Baldwin Bikes";"Baldwin";"NY";"Electra Townie Original 7D EQ - Women's - 2016";"Electra";"Cruisers Bicycles";2;599.99;0.2;20.0;1199.98;239.996;959.984
641;673;"2017-01-07";2017;1;"2017-01";"Santa Cruz Bikes";"Santa Cruz";"CA";"Electra Townie Original 7D - 2017";"Electra";"Cruisers Bicycles";1;489.99;0.2;20.0;489.99;97.998;391.992
718;38;"2017-02-16";2017;2;"2017-02";"Baldwin Bikes";"Baldwin";"NY";"Electra Townie Original 7D - 2017";"Electra";"Cruisers Bicycles";2;489.99;0.1;10.0;979.98;97.998;881.982
726;969;"2017-02-19";2017;2;"2017-02";"Baldwin Bikes";"Baldwin";"NY";"Electra Townie Original 7D - 2017";"Electra";"Cruisers Bicycles";1;489.99;0.2;20.0;489.99;97.998;391.992
756;1143;"2017-03-06";2017;3;"2017-03";"Baldwin Bikes";"Baldwin";"NY";"Electra Townie Original 7D - 2017";"Electra";"Cruisers Bicycles";1;489.99;0.1;10.0;489.99;48.999;440.991
778;56;"2017-03-15";2017;3;"2017-03";"Rowlett Bikes";"Rowlett";"TX";"Electra Townie Original 7D - 2017";"Electra";"Cruisers Bicycles";1;489.99;0.1;10.0;489.99;48.999;440.991
816;811;"2017-04-03";2017;4;"2017-04";"Baldwin Bikes";"Baldwin";"NY";"Electra Townie Original 7D - 2017";"Electra";"Cruisers Bicycles";2;489.99;0.2;20.0;979.98;195.996;783.984
881;1024;"2017-05-08";2017;5;"2017-05";"Rowlett Bikes";"Rowlett";"TX";"Electra Townie Original 7D - 2017";"Electra";"Cruisers Bicycles";2;489.99;0.05;5.0;979.98;48.999;930.981
915;215;"2017-05-28";2017;5;"2017-05";"Baldwin Bikes";"Baldwin";"NY";"Electra Townie Original 7D - 2017";"Electra";"Cruisers Bicycles";1;489.99;0.05;5.0;489.99;24.4995;465.4905
962;570;"2017-06-19";2017;6;"2017-06";"Baldwin Bikes";"Baldwin";"NY";"Electra Townie Original 7D - 2017";"Electra";"Cruisers Bicycles";2;489.99;0.07;7.0;979.98;68.5986;911.3814
980;328;"2017-06-26";2017;6;"2017-06";"Rowlett Bikes";"Rowlett";"TX";"Electra Townie Original 7D - 2017";"Electra";"Cruisers Bicycles";1;489.99;0.1;10.0;489.99;48.999;440.991
1012;620;"2017-07-18";2017;7;"2017-07";"Baldwin Bikes";"Baldwin";"NY";"Electra Townie Original 7D - 2017";"Electra";"Cruisers Bicycles";1;489.99;0.2;20.0;489.99;97.998;391.992
1040;1225;"2017-08-04";2017;8;"2017-08";"Santa Cruz Bikes";"Santa Cruz";"CA";"Electra Townie Original 7D - 2017";"Electra";"Cruisers Bicycles";1;489.99;0.07;7.0;489.99;34.2993;455.6907
1085;305;"2017-08-21";2017;8;"2017-08";"Santa Cruz Bikes";"Santa Cruz";"CA";"Electra Townie Original 7D - 2017";"Electra";"Cruisers Bicycles";1;489.99;0.1;10.0;489.99;48.999;440.991
1088;1160;"2017-08-22";2017;8;"2017-08";"Rowlett Bikes";"Rowlett";"TX";"Electra Townie Original 7D - 2017";"Electra";"Cruisers Bicycles";1;489.99;0.1;10.0;489.99;48.999;440.991
1099;1128;"2017-08-28";2017;8;"2017-08";"Baldwin Bikes";"Baldwin";"NY";"Electra Townie Original 7D - 2017";"Electra";"Cruisers Bicycles";1;489.99;0.1;10.0;489.99;48.999;440.991
1146;757;"2017-09-25";2017;9;"2017-09";"Baldwin Bikes";"Baldwin";"NY";"Electra Townie Original 7D - 2017";"Electra";"Cruisers Bicycles";1;489.99;0.2;20.0;489.99;97.998;391.992
1213;669;"2017-10-27";2017;10;"2017-10";"Rowlett Bikes";"Rowlett";"TX";"Electra Townie Original 7D - 2017";"Electra";"Cruisers Bicycles";2;489.99;0.07;7.0;979.98;68.5986;911.3814
1216;886;"2017-10-28";2017;10;"2017-10";"Baldwin Bikes";"Baldwin";"NY";"Electra Townie Original 7D - 2017";"Electra";"Cruisers Bicycles";2;489.99;0.1;10.0;979.98;97.998;881.982
1288;778;"2017-12-07";2017;12;"2017-12";"Rowlett Bikes";"Rowlett";"TX";"Electra Townie Original 7D - 2017";"Electra";"Cruisers Bicycles";2;489.99;0.2;20.0;979.98;195.996;783.984
1581;188;"2018-04-25";2018;4;"2018-04";"Santa Cruz Bikes";"Santa Cruz";"CA";"Electra Townie Original 7D - 2017";"Electra";"Cruisers Bicycles";1;489.99;0.1;10.0;489.99;48.999;440.991
659;1391;"2017-01-17";2017;1;"2017-01";"Baldwin Bikes";"Baldwin";"NY";"Electra Amsterdam Original 3i - 2015/2017";"Electra";"Cruisers Bicycles";1;659.99;0.05;5.0;659.99;32.9995;626.9905
676;790;"2017-01-28";2017;1;"2017-01";"Baldwin Bikes";"Baldwin";"NY";"Electra Amsterdam Original 3i - 2015/2017";"Electra";"Cruisers Bicycles";1;659.99;0.2;20.0;659.99;131.998;527.992
728;1138;"2017-02-20";2017;2;"2017-02";"Santa Cruz Bikes";"Santa Cruz";"CA";"Electra Amsterdam Original 3i - 2015/2017";"Electra";"Cruisers Bicycles";1;659.99;0.05;5.0;659.99;32.9995;626.9905
811;524;"2017-04-01";2017;4;"2017-04";"Baldwin Bikes";"Baldwin";"NY";"Electra Amsterdam Original 3i - 2015/2017";"Electra";"Cruisers Bicycles";1;659.99;0.07;7.0;659.99;46.1993;613.7907
821;1181;"2017-04-05";2017;4;"2017-04";"Baldwin Bikes";"Baldwin";"NY";"Electra Amsterdam Original 3i - 2015/2017";"Electra";"Cruisers Bicycles";2;659.99;0.2;20.0;1319.98;263.996;1055.984
887;1195;"2017-05-13";2017;5;"2017-05";"Baldwin Bikes";"Baldwin";"NY";"Electra Amsterdam Original 3i - 2015/2017";"Electra";"Cruisers Bicycles";1;659.99;0.1;10.0;659.99;65.999;593.991
936;265;"2017-06-10";2017;6;"2017-06";"Baldwin Bikes";"Baldwin";"NY";"Electra Amsterdam Original 3i - 2015/2017";"Electra";"Cruisers Bicycles";1;659.99;0.1;10.0;659.99;65.999;593.991
944;138;"2017-06-14";2017;6;"2017-06";"Santa Cruz Bikes";"Santa Cruz";"CA";"Electra Amsterdam Original 3i - 2015/2017";"Electra";"Cruisers Bicycles";2;659.99;0.2;20.0;1319.98;263.996;1055.984
957;722;"2017-06-17";2017;6;"2017-06";"Rowlett Bikes";"Rowlett";"TX";"Electra Amsterdam Original 3i - 2015/2017";"Electra";"Cruisers Bicycles";2;659.99;0.05;5.0;1319.98;65.999;1253.981
971;1426;"2017-06-22";2017;6;"2017-06";"Rowlett Bikes";"Rowlett";"TX";"Electra Amsterdam Original 3i - 2015/2017";"Electra";"Cruisers Bicycles";2;659.99;0.05;5.0;1319.98;65.999;1253.981
989;1145;"2017-07-02";2017;7;"2017-07";"Baldwin Bikes";"Baldwin";"NY";"Electra Amsterdam Original 3i - 2015/2017";"Electra";"Cruisers Bicycles";1;659.99;0.1;10.0;659.99;65.999;593.991
999;590;"2017-07-12";2017;7;"2017-07";"Baldwin Bikes";"Baldwin";"NY";"Electra Amsterdam Original 3i - 2015/2017";"Electra";"Cruisers Bicycles";2;659.99;0.07;7.0;1319.98;92.3986;1227.5814
1079;812;"2017-08-19";2017;8;"2017-08";"Baldwin Bikes";"Baldwin";"NY";"Electra Amsterdam Original 3i - 2015/2017";"Electra";"Cruisers Bicycles";2;659.99;0.07;7.0;1319.98;92.3986;1227.5814
1084;2;"2017-08-21";2017;8;"2017-08";"Santa Cruz Bikes";"Santa Cruz";"CA";"Electra Amsterdam Original 3i - 2015/2017";"Electra";"Cruisers Bicycles";1;659.99;0.05;5.0;659.99;32.9995;626.9905
1089;46;"2017-08-23";2017;8;"2017-08";"Santa Cruz Bikes";"Santa Cruz";"CA";"Electra Amsterdam Original 3i - 2015/2017";"Electra";"Cruisers Bicycles";2;659.99;0.07;7.0;1319.98;92.3986;1227.5814
1104;268;"2017-09-01";2017;9;"2017-09";"Baldwin Bikes";"Baldwin";"NY";"Electra Amsterdam Original 3i - 2015/2017";"Electra";"Cruisers Bicycles";2;659.99;0.1;10.0;1319.98;131.998;1187.982
1231;1180;"2017-11-05";2017;11;"2017-11";"Baldwin Bikes";"Baldwin";"NY";"Electra Amsterdam Original 3i - 2015/2017";"Electra";"Cruisers Bicycles";1;659.99;0.07;7.0;659.99;46.1993;613.7907
1242;303;"2017-11-11";2017;11;"2017-11";"Baldwin Bikes";"Baldwin";"NY";"Electra Amsterdam Original 3i - 2015/2017";"Electra";"Cruisers Bicycles";1;659.99;0.2;20.0;659.99;131.998;527.992
1292;285;"2017-12-10";2017;12;"2017-12";"Baldwin Bikes";"Baldwin";"NY";"Electra Amsterdam Original 3i - 2015/2017";"Electra";"Cruisers Bicycles";1;659.99;0.07;7.0;659.99;46.1993;613.7907
1323;273;"2017-12-31";2017;12;"2017-12";"Baldwin Bikes";"Baldwin";"NY";"Electra Amsterdam Original 3i - 2015/2017";"Electra";"Cruisers Bicycles";1;659.99;0.05;5.0;659.99;32.9995;626.9905
1429;1116;"2018-03-08";2018;3;"2018-03";"Baldwin Bikes";"Baldwin";"NY";"Electra Amsterdam Original 3i - 2015/2017";"Electra";"Cruisers Bicycles";2;659.99;0.2;20.0;1319.98;263.996;1055.984
1465;623;"2018-03-25";2018;3;"2018-03";"Baldwin Bikes";"Baldwin";"NY";"Electra Amsterdam Original 3i - 2015/2017";"Electra";"Cruisers Bicycles";2;659.99;0.05;5.0;1319.98;65.999;1253.981
652;985;"2017-01-12";2017;1;"2017-01";"Rowlett Bikes";"Rowlett";"TX";"Electra Cruiser Lux 1 - 2017";"Electra";"Cruisers Bicycles";1;439.99;0.05;5.0;439.99;21.9995;417.9905
712;173;"2017-02-13";2017;2;"2017-02";"Rowlett Bikes";"Rowlett";"TX";"Electra Cruiser Lux 1 - 2017";"Electra";"Cruisers Bicycles";2;439.99;0.1;10.0;879.98;87.998;791.982
754;646;"2017-03-06";2017;3;"2017-03";"Santa Cruz Bikes";"Santa Cruz";"CA";"Electra Cruiser Lux 1 - 2017";"Electra";"Cruisers Bicycles";2;439.99;0.07;7.0;879.98;61.5986;818.3814
797;374;"2017-03-24";2017;3;"2017-03";"Baldwin Bikes";"Baldwin";"NY";"Electra Cruiser Lux 1 - 2017";"Electra";"Cruisers Bicycles";1;439.99;0.1;10.0;439.99;43.999;395.991
923;769;"2017-05-31";2017;5;"2017-05";"Baldwin Bikes";"Baldwin";"NY";"Electra Cruiser Lux 1 - 2017";"Electra";"Cruisers Bicycles";2;439.99;0.05;5.0;879.98;43.999;835.981
927;1438;"2017-06-03";2017;6;"2017-06";"Santa Cruz Bikes";"Santa Cruz";"CA";"Electra Cruiser Lux 1 - 2017";"Electra";"Cruisers Bicycles";2;439.99;0.1;10.0;879.98;87.998;791.982
932;804;"2017-06-07";2017;6;"2017-06";"Baldwin Bikes";"Baldwin";"NY";"Electra Cruiser Lux 1 - 2017";"Electra";"Cruisers Bicycles";1;439.99;0.05;5.0;439.99;21.9995;417.9905
964;404;"2017-06-20";2017;6;"2017-06";"Baldwin Bikes";"Baldwin";"NY";"Electra Cruiser Lux 1 - 2017";"Electra";"Cruisers Bicycles";1;439.99;0.2;20.0;439.99;87.998;351.992
969;248;"2017-06-21";2017;6;"2017-06";"Rowlett Bikes";"Rowlett";"TX";"Electra Cruiser Lux 1 - 2017";"Electra";"Cruisers Bicycles";1;439.99;0.2;20.0;439.99;87.998;351.992
1037;1229;"2017-07-31";2017;7;"2017-07";"Baldwin Bikes";"Baldwin";"NY";"Electra Cruiser Lux 1 - 2017";"Electra";"Cruisers Bicycles";2;439.99;0.07;7.0;879.98;61.5986;818.3814
1067;225;"2017-08-17";2017;8;"2017-08";"Baldwin Bikes";"Baldwin";"NY";"Electra Cruiser Lux 1 - 2017";"Electra";"Cruisers Bicycles";2;439.99;0.07;7.0;879.98;61.5986;818.3814
1085;305;"2017-08-21";2017;8;"2017-08";"Santa Cruz Bikes";"Santa Cruz";"CA";"Electra Cruiser Lux 1 - 2017";"Electra";"Cruisers Bicycles";1;439.99;0.1;10.0;439.99;43.999;395.991
1090;1427;"2017-08-24";2017;8;"2017-08";"Santa Cruz Bikes";"Santa Cruz";"CA";"Electra Cruiser Lux 1 - 2017";"Electra";"Cruisers Bicycles";1;439.99;0.2;20.0;439.99;87.998;351.992
1158;889;"2017-10-01";2017;10;"2017-10";"Santa Cruz Bikes";"Santa Cruz";"CA";"Electra Cruiser Lux 1 - 2017";"Electra";"Cruisers Bicycles";1;439.99;0.07;7.0;439.99;30.7993;409.1907
1177;21;"2017-10-12";2017;10;"2017-10";"Rowlett Bikes";"Rowlett";"TX";"Electra Cruiser Lux 1 - 2017";"Electra";"Cruisers Bicycles";1;439.99;0.1;10.0;439.99;43.999;395.991
1212;213;"2017-10-27";2017;10;"2017-10";"Baldwin Bikes";"Baldwin";"NY";"Electra Cruiser Lux 1 - 2017";"Electra";"Cruisers Bicycles";1;439.99;0.1;10.0;439.99;43.999;395.991
1241;1170;"2017-11-10";2017;11;"2017-11";"Baldwin Bikes";"Baldwin";"NY";"Electra Cruiser Lux 1 - 2017";"Electra";"Cruisers Bicycles";1;439.99;0.05;5.0;439.99;21.9995;417.9905
1280;123;"2017-12-01";2017;12;"2017-12";"Rowlett Bikes";"Rowlett";"TX";"Electra Cruiser Lux 1 - 2017";"Electra";"Cruisers Bicycles";1;439.99;0.05;5.0;439.99;21.9995;417.9905
1293;1401;"2017-12-10";2017;12;"2017-12";"Baldwin Bikes";"Baldwin";"NY";"Electra Cruiser Lux 1 - 2017";"Electra";"Cruisers Bicycles";2;439.99;0.05;5.0;879.98;43.999;835.981
677;809;"2017-01-28";2017;1;"2017-01";"Baldwin Bikes";"Baldwin";"NY";"Electra Cruiser Lux Fat Tire 1 Ladies - 2017";"Electra";"Cruisers Bicycles";1;599.99;0.07;7.0;599.99;41.9993;557.9907
692;2;"2017-02-05";2017;2;"2017-02";"Santa Cruz Bikes";"Santa Cruz";"CA";"Electra Cruiser Lux Fat Tire 1 Ladies - 2017";"Electra";"Cruisers Bicycles";1;599.99;0.07;7.0;599.99;41.9993;557.9907
724;864;"2017-02-19";2017;2;"2017-02";"Baldwin Bikes";"Baldwin";"NY";"Electra Cruiser Lux Fat Tire 1 Ladies - 2017";"Electra";"Cruisers Bicycles";1;599.99;0.2;20.0;599.99;119.998;479.992
793;653;"2017-03-23";2017;3;"2017-03";"Baldwin Bikes";"Baldwin";"NY";"Electra Cruiser Lux Fat Tire 1 Ladies - 2017";"Electra";"Cruisers Bicycles";2;599.99;0.05;5.0;1199.98;59.999;1139.981
816;811;"2017-04-03";2017;4;"2017-04";"Baldwin Bikes";"Baldwin";"NY";"Electra Cruiser Lux Fat Tire 1 Ladies - 2017";"Electra";"Cruisers Bicycles";2;599.99;0.1;10.0;1199.98;119.998;1079.982
843;1059;"2017-04-16";2017;4;"2017-04";"Baldwin Bikes";"Baldwin";"NY";"Electra Cruiser Lux Fat Tire 1 Ladies - 2017";"Electra";"Cruisers Bicycles";2;599.99;0.1;10.0;1199.98;119.998;1079.982
845;662;"2017-04-17";2017;4;"2017-04";"Baldwin Bikes";"Baldwin";"NY";"Electra Cruiser Lux Fat Tire 1 Ladies - 2017";"Electra";"Cruisers Bicycles";1;599.99;0.2;20.0;599.99;119.998;479.992
921;628;"2017-05-31";2017;5;"2017-05";"Baldwin Bikes";"Baldwin";"NY";"Electra Cruiser Lux Fat Tire 1 Ladies - 2017";"Electra";"Cruisers Bicycles";2;599.99;0.07;7.0;1199.98;83.9986;1115.9814
933;909;"2017-06-07";2017;6;"2017-06";"Baldwin Bikes";"Baldwin";"NY";"Electra Cruiser Lux Fat Tire 1 Ladies - 2017";"Electra";"Cruisers Bicycles";2;599.99;0.05;5.0;1199.98;59.999;1139.981
940;585;"2017-06-12";2017;6;"2017-06";"Santa Cruz Bikes";"Santa Cruz";"CA";"Electra Cruiser Lux Fat Tire 1 Ladies - 2017";"Electra";"Cruisers Bicycles";2;599.99;0.2;20.0;1199.98;239.996;959.984
1231;1180;"2017-11-05";2017;11;"2017-11";"Baldwin Bikes";"Baldwin";"NY";"Electra Cruiser Lux Fat Tire 1 Ladies - 2017";"Electra";"Cruisers Bicycles";2;599.99;0.05;5.0;1199.98;59.999;1139.981
1281;1060;"2017-12-02";2017;12;"2017-12";"Baldwin Bikes";"Baldwin";"NY";"Electra Cruiser Lux Fat Tire 1 Ladies - 2017";"Electra";"Cruisers Bicycles";1;599.99;0.05;5.0;599.99;29.9995;569.9905
1290;967;"2017-12-08";2017;12;"2017-12";"Baldwin Bikes";"Baldwin";"NY";"Electra Cruiser Lux Fat Tire 1 Ladies - 2017";"Electra";"Cruisers Bicycles";2;599.99;0.05;5.0;1199.98;59.999;1139.981
1299;1216;"2017-12-15";2017;12;"2017-12";"Santa Cruz Bikes";"Santa Cruz";"CA";"Electra Cruiser Lux Fat Tire 1 Ladies - 2017";"Electra";"Cruisers Bicycles";1;599.99;0.05;5.0;599.99;29.9995;569.9905
1313;1294;"2017-12-25";2017;12;"2017-12";"Santa Cruz Bikes";"Santa Cruz";"CA";"Electra Cruiser Lux Fat Tire 1 Ladies - 2017";"Electra";"Cruisers Bicycles";1;599.99;0.2;20.0;599.99;119.998;479.992
1319;604;"2017-12-27";2017;12;"2017-12";"Baldwin Bikes";"Baldwin";"NY";"Electra Cruiser Lux Fat Tire 1 Ladies - 2017";"Electra";"Cruisers Bicycles";1;599.99;0.07;7.0;599.99;41.9993;557.9907
1535;19;"2018-04-14";2018;4;"2018-04";"Baldwin Bikes";"Baldwin";"NY";"Electra Cruiser Lux Fat Tire 1 Ladies - 2017";"Electra";"Cruisers Bicycles";2;599.99;0.05;5.0;1199.98;59.999;1139.981
1582;240;"2018-04-25";2018;4;"2018-04";"Santa Cruz Bikes";"Santa Cruz";"CA";"Electra Cruiser Lux Fat Tire 1 Ladies - 2017";"Electra";"Cruisers Bicycles";1;599.99;0.07;7.0;599.99;41.9993;557.9907
640;1093;"2017-01-06";2017;1;"2017-01";"Baldwin Bikes";"Baldwin";"NY";"Electra Girl's Hawaii 1 16"" - 2017""";"Electra";"Cruisers Bicycles";2;299.99;0.07;7.0;599.98;41.9986;557.9814
712;173;"2017-02-13";2017;2;"2017-02";"Rowlett Bikes";"Rowlett";"TX";"Electra Girl's Hawaii 1 16"" - 2017""";"Electra";"Cruisers Bicycles";1;299.99;0.2;20.0;299.99;59.998;239.992
741;119;"2017-02-28";2017;2;"2017-02";"Rowlett Bikes";"Rowlett";"TX";"Electra Girl's Hawaii 1 16"" - 2017""";"Electra";"Cruisers Bicycles";1;299.99;0.07;7.0;299.99;20.9993;278.9907
768;841;"2017-03-09";2017;3;"2017-03";"Baldwin Bikes";"Baldwin";"NY";"Electra Girl's Hawaii 1 16"" - 2017""";"Electra";"Cruisers Bicycles";1;299.99;0.2;20.0;299.99;59.998;239.992
812;1164;"2017-04-01";2017;4;"2017-04";"Baldwin Bikes";"Baldwin";"NY";"Electra Girl's Hawaii 1 16"" - 2017""";"Electra";"Cruisers Bicycles";2;299.99;0.1;10.0;599.98;59.998;539.982
902;1278;"2017-05-21";2017;5;"2017-05";"Baldwin Bikes";"Baldwin";"NY";"Electra Girl's Hawaii 1 16"" - 2017""";"Electra";"Cruisers Bicycles";2;299.99;0.05;5.0;599.98;29.999;569.981
920;966;"2017-05-30";2017;5;"2017-05";"Baldwin Bikes";"Baldwin";"NY";"Electra Girl's Hawaii 1 16"" - 2017""";"Electra";"Cruisers Bicycles";1;299.99;0.05;5.0;299.99;14.9995;284.9905
931;631;"2017-06-07";2017;6;"2017-06";"Baldwin Bikes";"Baldwin";"NY";"Electra Girl's Hawaii 1 16"" - 2017""";"Electra";"Cruisers Bicycles";1;299.99;0.2;20.0;299.99;59.998;239.992
935;43;"2017-06-10";2017;6;"2017-06";"Rowlett Bikes";"Rowlett";"TX";"Electra Girl's Hawaii 1 16"" - 2017""";"Electra";"Cruisers Bicycles";2;299.99;0.07;7.0;599.98;41.9986;557.9814
956;1184;"2017-06-17";2017;6;"2017-06";"Baldwin Bikes";"Baldwin";"NY";"Electra Girl's Hawaii 1 16"" - 2017""";"Electra";"Cruisers Bicycles";2;299.99;0.1;10.0;599.98;59.998;539.982
958;1276;"2017-06-18";2017;6;"2017-06";"Santa Cruz Bikes";"Santa Cruz";"CA";"Electra Girl's Hawaii 1 16"" - 2017""";"Electra";"Cruisers Bicycles";1;299.99;0.2;20.0;299.99;59.998;239.992
1007;1115;"2017-07-16";2017;7;"2017-07";"Baldwin Bikes";"Baldwin";"NY";"Electra Girl's Hawaii 1 16"" - 2017""";"Electra";"Cruisers Bicycles";1;299.99;0.2;20.0;299.99;59.998;239.992
1016;1417;"2017-07-19";2017;7;"2017-07";"Rowlett Bikes";"Rowlett";"TX";"Electra Girl's Hawaii 1 16"" - 2017""";"Electra";"Cruisers Bicycles";2;299.99;0.07;7.0;599.98;41.9986;557.9814
1018;290;"2017-07-22";2017;7;"2017-07";"Baldwin Bikes";"Baldwin";"NY";"Electra Girl's Hawaii 1 16"" - 2017""";"Electra";"Cruisers Bicycles";2;299.99;0.07;7.0;599.98;41.9986;557.9814
1036;1442;"2017-07-30";2017;7;"2017-07";"Baldwin Bikes";"Baldwin";"NY";"Electra Girl's Hawaii 1 16"" - 2017""";"Electra";"Cruisers Bicycles";1;299.99;0.07;7.0;299.99;20.9993;278.9907
1078;793;"2017-08-19";2017;8;"2017-08";"Baldwin Bikes";"Baldwin";"NY";"Electra Girl's Hawaii 1 16"" - 2017""";"Electra";"Cruisers Bicycles";2;299.99;0.07;7.0;599.98;41.9986;557.9814
1316;846;"2017-12-26";2017;12;"2017-12";"Santa Cruz Bikes";"Santa Cruz";"CA";"Electra Girl's Hawaii 1 16"" - 2017""";"Electra";"Cruisers Bicycles";2;299.99;0.1;10.0;599.98;59.998;539.982
1460;1131;"2018-03-21";2018;3;"2018-03";"Baldwin Bikes";"Baldwin";"NY";"Electra Girl's Hawaii 1 16"" - 2017""";"Electra";"Cruisers Bicycles";1;299.99;0.07;7.0;299.99;20.9993;278.9907
725;870;"2017-02-19";2017;2;"2017-02";"Baldwin Bikes";"Baldwin";"NY";"Electra Glam Punk 3i Ladies' - 2017";"Electra";"Cruisers Bicycles";2;799.99;0.07;7.0;1599.98;111.9986;1487.9814
737;694;"2017-02-27";2017;2;"2017-02";"Baldwin Bikes";"Baldwin";"NY";"Electra Glam Punk 3i Ladies' - 2017";"Electra";"Cruisers Bicycles";2;799.99;0.07;7.0;1599.98;111.9986;1487.9814
767;564;"2017-03-09";2017;3;"2017-03";"Baldwin Bikes";"Baldwin";"NY";"Electra Glam Punk 3i Ladies' - 2017";"Electra";"Cruisers Bicycles";2;799.99;0.05;5.0;1599.98;79.999;1519.981
806;234;"2017-03-30";2017;3;"2017-03";"Baldwin Bikes";"Baldwin";"NY";"Electra Glam Punk 3i Ladies' - 2017";"Electra";"Cruisers Bicycles";2;799.99;0.1;10.0;1599.98;159.998;1439.982
874;661;"2017-05-04";2017;5;"2017-05";"Baldwin Bikes";"Baldwin";"NY";"Electra Glam Punk 3i Ladies' - 2017";"Electra";"Cruisers Bicycles";2;799.99;0.07;7.0;1599.98;111.9986;1487.9814
921;628;"2017-05-31";2017;5;"2017-05";"Baldwin Bikes";"Baldwin";"NY";"Electra Glam Punk 3i Ladies' - 2017";"Electra";"Cruisers Bicycles";1;799.99;0.2;20.0;799.99;159.998;639.992
933;909;"2017-06-07";2017;6;"2017-06";"Baldwin Bikes";"Baldwin";"NY";"Electra Glam Punk 3i Ladies' - 2017";"Electra";"Cruisers Bicycles";1;799.99;0.07;7.0;799.99;55.9993;743.9907
967;1323;"2017-06-21";2017;6;"2017-06";"Baldwin Bikes";"Baldwin";"NY";"Electra Glam Punk 3i Ladies' - 2017";"Electra";"Cruisers Bicycles";2;799.99;0.05;5.0;1599.98;79.999;1519.981
1017;168;"2017-07-20";2017;7;"2017-07";"Baldwin Bikes";"Baldwin";"NY";"Electra Glam Punk 3i Ladies' - 2017";"Electra";"Cruisers Bicycles";2;799.99;0.1;10.0;1599.98;159.998;1439.982
1083;1372;"2017-08-20";2017;8;"2017-08";"Baldwin Bikes";"Baldwin";"NY";"Electra Glam Punk 3i Ladies' - 2017";"Electra";"Cruisers Bicycles";2;799.99;0.1;10.0;1599.98;159.998;1439.982
1148;1379;"2017-09-25";2017;9;"2017-09";"Baldwin Bikes";"Baldwin";"NY";"Electra Glam Punk 3i Ladies' - 2017";"Electra";"Cruisers Bicycles";2;799.99;0.05;5.0;1599.98;79.999;1519.981
1155;865;"2017-09-30";2017;9;"2017-09";"Baldwin Bikes";"Baldwin";"NY";"Electra Glam Punk 3i Ladies' - 2017";"Electra";"Cruisers Bicycles";2;799.99;0.05;5.0;1599.98;79.999;1519.981
1178;771;"2017-10-12";2017;10;"2017-10";"Baldwin Bikes";"Baldwin";"NY";"Electra Glam Punk 3i Ladies' - 2017";"Electra";"Cruisers Bicycles";1;799.99;0.2;20.0;799.99;159.998;639.992
1214;783;"2017-10-28";2017;10;"2017-10";"Baldwin Bikes";"Baldwin";"NY";"Electra Glam Punk 3i Ladies' - 2017";"Electra";"Cruisers Bicycles";2;799.99;0.1;10.0;1599.98;159.998;1439.982
1226;226;"2017-11-04";2017;11;"2017-11";"Baldwin Bikes";"Baldwin";"NY";"Electra Glam Punk 3i Ladies' - 2017";"Electra";"Cruisers Bicycles";2;799.99;0.05;5.0;1599.98;79.999;1519.981
1240;903;"2017-11-10";2017;11;"2017-11";"Baldwin Bikes";"Baldwin";"NY";"Electra Glam Punk 3i Ladies' - 2017";"Electra";"Cruisers Bicycles";2;799.99;0.05;5.0;1599.98;79.999;1519.981
1262;509;"2017-11-23";2017;11;"2017-11";"Baldwin Bikes";"Baldwin";"NY";"Electra Glam Punk 3i Ladies' - 2017";"Electra";"Cruisers Bicycles";1;799.99;0.07;7.0;799.99;55.9993;743.9907
1264;113;"2017-11-24";2017;11;"2017-11";"Baldwin Bikes";"Baldwin";"NY";"Electra Glam Punk 3i Ladies' - 2017";"Electra";"Cruisers Bicycles";2;799.99;0.07;7.0;1599.98;111.9986;1487.9814
1310;444;"2017-12-24";2017;12;"2017-12";"Santa Cruz Bikes";"Santa Cruz";"CA";"Electra Glam Punk 3i Ladies' - 2017";"Electra";"Cruisers Bicycles";2;799.99;0.2;20.0;1599.98;319.996;1279.984
1344;916;"2018-01-13";2018;1;"2018-01";"Baldwin Bikes";"Baldwin";"NY";"Electra Glam Punk 3i Ladies' - 2017";"Electra";"Cruisers Bicycles";2;799.99;0.07;7.0;1599.98;111.9986;1487.9814
1469;1135;"2018-03-27";2018;3;"2018-03";"Rowlett Bikes";"Rowlett";"TX";"Electra Glam Punk 3i Ladies' - 2017";"Electra";"Cruisers Bicycles";2;799.99;0.2;20.0;1599.98;319.996;1279.984
680;245;"2017-01-29";2017;1;"2017-01";"Santa Cruz Bikes";"Santa Cruz";"CA";"Electra Amsterdam Fashion 7i Ladies' - 2017";"Electra";"Cruisers Bicycles";2;1099.99;0.05;5.0;2199.98;109.999;2089.981
740;1113;"2017-02-28";2017;2;"2017-02";"Baldwin Bikes";"Baldwin";"NY";"Electra Amsterdam Fashion 7i Ladies' - 2017";"Electra";"Cruisers Bicycles";1;1099.99;0.05;5.0;1099.99;54.9995;1044.9905
747;87;"2017-03-03";2017;3;"2017-03";"Santa Cruz Bikes";"Santa Cruz";"CA";"Electra Amsterdam Fashion 7i Ladies' - 2017";"Electra";"Cruisers Bicycles";1;1099.99;0.07;7.0;1099.99;76.9993;1022.9907
764;701;"2017-03-09";2017;3;"2017-03";"Santa Cruz Bikes";"Santa Cruz";"CA";"Electra Amsterdam Fashion 7i Ladies' - 2017";"Electra";"Cruisers Bicycles";2;1099.99;0.07;7.0;2199.98;153.9986;2045.9814
823;415;"2017-04-06";2017;4;"2017-04";"Rowlett Bikes";"Rowlett";"TX";"Electra Amsterdam Fashion 7i Ladies' - 2017";"Electra";"Cruisers Bicycles";1;1099.99;0.2;20.0;1099.99;219.998;879.992
842;1133;"2017-04-15";2017;4;"2017-04";"Baldwin Bikes";"Baldwin";"NY";"Electra Amsterdam Fashion 7i Ladies' - 2017";"Electra";"Cruisers Bicycles";2;1099.99;0.07;7.0;2199.98;153.9986;2045.9814
843;1059;"2017-04-16";2017;4;"2017-04";"Baldwin Bikes";"Baldwin";"NY";"Electra Amsterdam Fashion 7i Ladies' - 2017";"Electra";"Cruisers Bicycles";1;1099.99;0.1;10.0;1099.99;109.999;989.991
983;1158;"2017-06-27";2017;6;"2017-06";"Baldwin Bikes";"Baldwin";"NY";"Electra Amsterdam Fashion 7i Ladies' - 2017";"Electra";"Cruisers Bicycles";2;1099.99;0.07;7.0;2199.98;153.9986;2045.9814
984;1287;"2017-06-27";2017;6;"2017-06";"Baldwin Bikes";"Baldwin";"NY";"Electra Amsterdam Fashion 7i Ladies' - 2017";"Electra";"Cruisers Bicycles";2;1099.99;0.2;20.0;2199.98;439.996;1759.984
1005;266;"2017-07-15";2017;7;"2017-07";"Baldwin Bikes";"Baldwin";"NY";"Electra Amsterdam Fashion 7i Ladies' - 2017";"Electra";"Cruisers Bicycles";2;1099.99;0.1;10.0;2199.98;219.998;1979.982
1014;748;"2017-07-19";2017;7;"2017-07";"Baldwin Bikes";"Baldwin";"NY";"Electra Amsterdam Fashion 7i Ladies' - 2017";"Electra";"Cruisers Bicycles";2;1099.99;0.1;10.0;2199.98;219.998;1979.982
1073;911;"2017-08-18";2017;8;"2017-08";"Baldwin Bikes";"Baldwin";"NY";"Electra Amsterdam Fashion 7i Ladies' - 2017";"Electra";"Cruisers Bicycles";1;1099.99;0.2;20.0;1099.99;219.998;879.992
1086;220;"2017-08-21";2017;8;"2017-08";"Baldwin Bikes";"Baldwin";"NY";"Electra Amsterdam Fashion 7i Ladies' - 2017";"Electra";"Cruisers Bicycles";2;1099.99;0.05;5.0;2199.98;109.999;2089.981
1125;945;"2017-09-14";2017;9;"2017-09";"Baldwin Bikes";"Baldwin";"NY";"Electra Amsterdam Fashion 7i Ladies' - 2017";"Electra";"Cruisers Bicycles";2;1099.99;0.07;7.0;2199.98;153.9986;2045.9814
1167;900;"2017-10-04";2017;10;"2017-10";"Santa Cruz Bikes";"Santa Cruz";"CA";"Electra Amsterdam Fashion 7i Ladies' - 2017";"Electra";"Cruisers Bicycles";2;1099.99;0.1;10.0;2199.98;219.998;1979.982
1169;1421;"2017-10-04";2017;10;"2017-10";"Baldwin Bikes";"Baldwin";"NY";"Electra Amsterdam Fashion 7i Ladies' - 2017";"Electra";"Cruisers Bicycles";2;1099.99;0.2;20.0;2199.98;439.996;1759.984
1221;1290;"2017-10-31";2017;10;"2017-10";"Baldwin Bikes";"Baldwin";"NY";"Electra Amsterdam Fashion 7i Ladies' - 2017";"Electra";"Cruisers Bicycles";2;1099.99;0.05;5.0;2199.98;109.999;2089.981
1225;768;"2017-11-04";2017;11;"2017-11";"Santa Cruz Bikes";"Santa Cruz";"CA";"Electra Amsterdam Fashion 7i Ladies' - 2017";"Electra";"Cruisers Bicycles";1;1099.99;0.1;10.0;1099.99;109.999;989.991
1274;1364;"2017-11-28";2017;11;"2017-11";"Baldwin Bikes";"Baldwin";"NY";"Electra Amsterdam Fashion 7i Ladies' - 2017";"Electra";"Cruisers Bicycles";1;1099.99;0.1;10.0;1099.99;109.999;989.991
1283;85;"2017-12-04";2017;12;"2017-12";"Baldwin Bikes";"Baldwin";"NY";"Electra Amsterdam Fashion 7i Ladies' - 2017";"Electra";"Cruisers Bicycles";1;1099.99;0.2;20.0;1099.99;219.998;879.992
1286;1033;"2017-12-04";2017;12;"2017-12";"Baldwin Bikes";"Baldwin";"NY";"Electra Amsterdam Fashion 7i Ladies' - 2017";"Electra";"Cruisers Bicycles";2;1099.99;0.07;7.0;2199.98;153.9986;2045.9814
1306;28;"2017-12-20";2017;12;"2017-12";"Baldwin Bikes";"Baldwin";"NY";"Electra Amsterdam Fashion 7i Ladies' - 2017";"Electra";"Cruisers Bicycles";2;1099.99;0.07;7.0;2199.98;153.9986;2045.9814
1382;1303;"2018-02-06";2018;2;"2018-02";"Baldwin Bikes";"Baldwin";"NY";"Electra Amsterdam Fashion 7i Ladies' - 2017";"Electra";"Cruisers Bicycles";2;1099.99;0.05;5.0;2199.98;109.999;2089.981
1438;263;"2018-03-15";2018;3;"2018-03";"Baldwin Bikes";"Baldwin";"NY";"Electra Amsterdam Fashion 7i Ladies' - 2017";"Electra";"Cruisers Bicycles";2;1099.99;0.05;5.0;2199.98;109.999;2089.981
681;499;"2017-01-29";2017;1;"2017-01";"Baldwin Bikes";"Baldwin";"NY";"Electra Amsterdam Original 3i Ladies' - 2017";"Electra";"Cruisers Bicycles";1;659.99;0.05;5.0;659.99;32.9995;626.9905
695;606;"2017-02-05";2017;2;"2017-02";"Baldwin Bikes";"Baldwin";"NY";"Electra Amsterdam Original 3i Ladies' - 2017";"Electra";"Cruisers Bicycles";2;659.99;0.1;10.0;1319.98;131.998;1187.982
699;958;"2017-02-06";2017;2;"2017-02";"Rowlett Bikes";"Rowlett";"TX";"Electra Amsterdam Original 3i Ladies' - 2017";"Electra";"Cruisers Bicycles";2;659.99;0.2;20.0;1319.98;263.996;1055.984
727;962;"2017-02-19";2017;2;"2017-02";"Rowlett Bikes";"Rowlett";"TX";"Electra Amsterdam Original 3i Ladies' - 2017";"Electra";"Cruisers Bicycles";2;659.99;0.05;5.0;1319.98;65.999;1253.981
738;124;"2017-02-28";2017;2;"2017-02";"Santa Cruz Bikes";"Santa Cruz";"CA";"Electra Amsterdam Original 3i Ladies' - 2017";"Electra";"Cruisers Bicycles";2;659.99;0.07;7.0;1319.98;92.3986;1227.5814
806;234;"2017-03-30";2017;3;"2017-03";"Baldwin Bikes";"Baldwin";"NY";"Electra Amsterdam Original 3i Ladies' - 2017";"Electra";"Cruisers Bicycles";2;659.99;0.2;20.0;1319.98;263.996;1055.984
835;940;"2017-04-13";2017;4;"2017-04";"Santa Cruz Bikes";"Santa Cruz";"CA";"Electra Amsterdam Original 3i Ladies' - 2017";"Electra";"Cruisers Bicycles";1;659.99;0.2;20.0;659.99;131.998;527.992
879;214;"2017-05-08";2017;5;"2017-05";"Baldwin Bikes";"Baldwin";"NY";"Electra Amsterdam Original 3i Ladies' - 2017";"Electra";"Cruisers Bicycles";1;659.99;0.07;7.0;659.99;46.1993;613.7907
929;472;"2017-06-05";2017;6;"2017-06";"Baldwin Bikes";"Baldwin";"NY";"Electra Amsterdam Original 3i Ladies' - 2017";"Electra";"Cruisers Bicycles";1;659.99;0.2;20.0;659.99;131.998;527.992
930;1224;"2017-06-05";2017;6;"2017-06";"Rowlett Bikes";"Rowlett";"TX";"Electra Amsterdam Original 3i Ladies' - 2017";"Electra";"Cruisers Bicycles";1;659.99;0.07;7.0;659.99;46.1993;613.7907
943;1025;"2017-06-13";2017;6;"2017-06";"Baldwin Bikes";"Baldwin";"NY";"Electra Amsterdam Original 3i Ladies' - 2017";"Electra";"Cruisers Bicycles";1;659.99;0.2;20.0;659.99;131.998;527.992
1017;168;"2017-07-20";2017;7;"2017-07";"Baldwin Bikes";"Baldwin";"NY";"Electra Amsterdam Original 3i Ladies' - 2017";"Electra";"Cruisers Bicycles";2;659.99;0.2;20.0;1319.98;263.996;1055.984
1068;453;"2017-08-17";2017;8;"2017-08";"Baldwin Bikes";"Baldwin";"NY";"Electra Amsterdam Original 3i Ladies' - 2017";"Electra";"Cruisers Bicycles";1;659.99;0.2;20.0;659.99;131.998;527.992
1147;1344;"2017-09-25";2017;9;"2017-09";"Baldwin Bikes";"Baldwin";"NY";"Electra Amsterdam Original 3i Ladies' - 2017";"Electra";"Cruisers Bicycles";1;659.99;0.2;20.0;659.99;131.998;527.992
1148;1379;"2017-09-25";2017;9;"2017-09";"Baldwin Bikes";"Baldwin";"NY";"Electra Amsterdam Original 3i Ladies' - 2017";"Electra";"Cruisers Bicycles";1;659.99;0.07;7.0;659.99;46.1993;613.7907
1168;1031;"2017-10-04";2017;10;"2017-10";"Baldwin Bikes";"Baldwin";"NY";"Electra Amsterdam Original 3i Ladies' - 2017";"Electra";"Cruisers Bicycles";1;659.99;0.2;20.0;659.99;131.998;527.992
1255;375;"2017-11-19";2017;11;"2017-11";"Baldwin Bikes";"Baldwin";"NY";"Electra Amsterdam Original 3i Ladies' - 2017";"Electra";"Cruisers Bicycles";1;659.99;0.05;5.0;659.99;32.9995;626.9905
1317;418;"2017-12-27";2017;12;"2017-12";"Santa Cruz Bikes";"Santa Cruz";"CA";"Electra Amsterdam Original 3i Ladies' - 2017";"Electra";"Cruisers Bicycles";1;659.99;0.1;10.0;659.99;65.999;593.991
1318;75;"2017-12-27";2017;12;"2017-12";"Baldwin Bikes";"Baldwin";"NY";"Electra Amsterdam Original 3i Ladies' - 2017";"Electra";"Cruisers Bicycles";2;659.99;0.2;20.0;1319.98;263.996;1055.984
1359;1008;"2018-01-21";2018;1;"2018-01";"Rowlett Bikes";"Rowlett";"TX";"Electra Amsterdam Original 3i Ladies' - 2017";"Electra";"Cruisers Bicycles";1;659.99;0.05;5.0;659.99;32.9995;626.9905
1393;547;"2018-02-14";2018;2;"2018-02";"Baldwin Bikes";"Baldwin";"NY";"Electra Amsterdam Original 3i Ladies' - 2017";"Electra";"Cruisers Bicycles";1;659.99;0.07;7.0;659.99;46.1993;613.7907
1480;27;"2018-04-01";2018;4;"2018-04";"Baldwin Bikes";"Baldwin";"NY";"Electra Amsterdam Original 3i Ladies' - 2017";"Electra";"Cruisers Bicycles";2;659.99;0.1;10.0;1319.98;131.998;1187.982
1556;4;"2018-04-18";2018;4;"2018-04";"Baldwin Bikes";"Baldwin";"NY";"Electra Amsterdam Original 3i Ladies' - 2017";"Electra";"Cruisers Bicycles";1;659.99;0.07;7.0;659.99;46.1993;613.7907
1571;80;"2018-04-22";2018;4;"2018-04";"Baldwin Bikes";"Baldwin";"NY";"Electra Townie Original 21D - 2018";"Electra";"Cruisers Bicycles";1;559.99;0.07;7.0;559.99;39.1993;520.7907
1369;92;"2018-01-28";2018;1;"2018-01";"Baldwin Bikes";"Baldwin";"NY";"Electra Cruiser 1 - 2016/2017/2018";"Electra";"Cruisers Bicycles";2;269.99;0.05;5.0;539.98;26.999;512.981
1530;110;"2018-04-13";2018;4;"2018-04";"Santa Cruz Bikes";"Santa Cruz";"CA";"Electra Cruiser 1 - 2016/2017/2018";"Electra";"Cruisers Bicycles";2;269.99;0.1;10.0;539.98;53.998;485.982
1575;224;"2018-04-23";2018;4;"2018-04";"Santa Cruz Bikes";"Santa Cruz";"CA";"Electra Cruiser 1 - 2016/2017/2018";"Electra";"Cruisers Bicycles";1;269.99;0.07;7.0;269.99;18.8993;251.0907
1614;135;"2018-11-28";2018;11;"2018-11";"Rowlett Bikes";"Rowlett";"TX";"Electra Cruiser 1 - 2016/2017/2018";"Electra";"Cruisers Bicycles";2;269.99;0.2;20.0;539.98;107.996;431.984
1381;680;"2018-02-05";2018;2;"2018-02";"Baldwin Bikes";"Baldwin";"NY";"Electra Tiger Shark 3i - 2018";"Electra";"Cruisers Bicycles";2;899.99;0.1;10.0;1799.98;179.998;1619.982
1496;3;"2018-04-06";2018;4;"2018-04";"Santa Cruz Bikes";"Santa Cruz";"CA";"Electra Tiger Shark 3i - 2018";"Electra";"Cruisers Bicycles";1;899.99;0.07;7.0;899.99;62.9993;836.9907
1579;104;"2018-04-24";2018;4;"2018-04";"Santa Cruz Bikes";"Santa Cruz";"CA";"Electra Tiger Shark 3i - 2018";"Electra";"Cruisers Bicycles";1;899.99;0.1;10.0;899.99;89.999;809.991
1615;136;"2018-12-28";2018;12;"2018-12";"Rowlett Bikes";"Rowlett";"TX";"Electra Tiger Shark 3i - 2018";"Electra";"Cruisers Bicycles";1;899.99;0.07;7.0;899.99;62.9993;836.9907
1341;1258;"2018-01-12";2018;1;"2018-01";"Baldwin Bikes";"Baldwin";"NY";"Electra Queen of Hearts 3i - 2018";"Electra";"Cruisers Bicycles";2;749.99;0.07;7.0;1499.98;104.9986;1394.9814
1426;938;"2018-03-07";2018;3;"2018-03";"Baldwin Bikes";"Baldwin";"NY";"Electra Queen of Hearts 3i - 2018";"Electra";"Cruisers Bicycles";1;749.99;0.07;7.0;749.99;52.4993;697.4907
1509;2;"2018-04-09";2018;4;"2018-04";"Santa Cruz Bikes";"Santa Cruz";"CA";"Electra Queen of Hearts 3i - 2018";"Electra";"Cruisers Bicycles";2;749.99;0.07;7.0;1499.98;104.9986;1394.9814
1546;91;"2018-04-17";2018;4;"2018-04";"Santa Cruz Bikes";"Santa Cruz";"CA";"Electra Queen of Hearts 3i - 2018";"Electra";"Cruisers Bicycles";1;749.99;0.1;10.0;749.99;74.999;674.991
1428;195;"2018-03-08";2018;3;"2018-03";"Baldwin Bikes";"Baldwin";"NY";"Electra Super Moto 8i - 2018";"Electra";"Cruisers Bicycles";2;899.99;0.2;20.0;1799.98;359.996;1439.984
1572;14;"2018-04-22";2018;4;"2018-04";"Rowlett Bikes";"Rowlett";"TX";"Electra Super Moto 8i - 2018";"Electra";"Cruisers Bicycles";2;899.99;0.05;5.0;1799.98;89.999;1709.981
1573;24;"2018-04-23";2018;4;"2018-04";"Santa Cruz Bikes";"Santa Cruz";"CA";"Electra Super Moto 8i - 2018";"Electra";"Cruisers Bicycles";2;899.99;0.07;7.0;1799.98;125.9986;1673.9814
1584;109;"2018-04-26";2018;4;"2018-04";"Santa Cruz Bikes";"Santa Cruz";"CA";"Electra Super Moto 8i - 2018";"Electra";"Cruisers Bicycles";2;899.99;0.1;10.0;1799.98;179.998;1619.982
1400;987;"2018-02-17";2018;2;"2018-02";"Baldwin Bikes";"Baldwin";"NY";"Electra Straight 8 3i - 2018";"Electra";"Cruisers Bicycles";2;909.99;0.2;20.0;1819.98;363.996;1455.984
1503;208;"2018-04-07";2018;4;"2018-04";"Santa Cruz Bikes";"Santa Cruz";"CA";"Electra Straight 8 3i - 2018";"Electra";"Cruisers Bicycles";1;909.99;0.1;10.0;909.99;90.999;818.991
1512;68;"2018-04-09";2018;4;"2018-04";"Rowlett Bikes";"Rowlett";"TX";"Electra Straight 8 3i - 2018";"Electra";"Cruisers Bicycles";1;909.99;0.07;7.0;909.99;63.6993;846.2907
1490;217;"2018-04-03";2018;4;"2018-04";"Santa Cruz Bikes";"Santa Cruz";"CA";"Electra Cruiser 7D - 2016/2017/2018";"Electra";"Cruisers Bicycles";1;319.99;0.05;5.0;319.99;15.9995;303.9905
1417;300;"2018-03-04";2018;3;"2018-03";"Santa Cruz Bikes";"Santa Cruz";"CA";"Electra Moto 3i - 2018";"Electra";"Cruisers Bicycles";2;639.99;0.2;20.0;1279.98;255.996;1023.984
1445;515;"2018-03-17";2018;3;"2018-03";"Baldwin Bikes";"Baldwin";"NY";"Electra Moto 3i - 2018";"Electra";"Cruisers Bicycles";2;639.99;0.1;10.0;1279.98;127.998;1151.982
1501;52;"2018-04-06";2018;4;"2018-04";"Baldwin Bikes";"Baldwin";"NY";"Electra Moto 3i - 2018";"Electra";"Cruisers Bicycles";1;639.99;0.07;7.0;639.99;44.7993;595.1907
1404;1240;"2018-02-23";2018;2;"2018-02";"Santa Cruz Bikes";"Santa Cruz";"CA";"Electra Cruiser 1 Ladies' - 2018";"Electra";"Cruisers Bicycles";1;269.99;0.1;10.0;269.99;26.999;242.991
1442;478;"2018-03-16";2018;3;"2018-03";"Baldwin Bikes";"Baldwin";"NY";"Electra Cruiser 1 Ladies' - 2018";"Electra";"Cruisers Bicycles";1;269.99;0.07;7.0;269.99;18.8993;251.0907
1510;16;"2018-04-09";2018;4;"2018-04";"Baldwin Bikes";"Baldwin";"NY";"Electra Cruiser 1 Ladies' - 2018";"Electra";"Cruisers Bicycles";2;269.99;0.1;10.0;539.98;53.998;485.982
1601;43;"2018-04-29";2018;4;"2018-04";"Rowlett Bikes";"Rowlett";"TX";"Electra Cruiser 1 Ladies' - 2018";"Electra";"Cruisers Bicycles";2;269.99;0.07;7.0;539.98;37.7986;502.1814
1430;1239;"2018-03-10";2018;3;"2018-03";"Baldwin Bikes";"Baldwin";"NY";"Electra Cruiser 7D Ladies' - 2016/2018";"Electra";"Cruisers Bicycles";1;319.99;0.05;5.0;319.99;15.9995;303.9905
1559;42;"2018-04-20";2018;4;"2018-04";"Baldwin Bikes";"Baldwin";"NY";"Electra Cruiser 7D Ladies' - 2016/2018";"Electra";"Cruisers Bicycles";1;319.99;0.1;10.0;319.99;31.999;287.991
1409;21;"2018-02-26";2018;2;"2018-02";"Rowlett Bikes";"Rowlett";"TX";"Electra Cruiser 1 Tall - 2016/2018";"Electra";"Cruisers Bicycles";1;269.99;0.1;10.0;269.99;26.999;242.991
1371;937;"2018-01-29";2018;1;"2018-01";"Baldwin Bikes";"Baldwin";"NY";"Electra Cruiser Lux 3i - 2018";"Electra";"Cruisers Bicycles";2;529.99;0.07;7.0;1059.98;74.1986;985.7814
1391;914;"2018-02-13";2018;2;"2018-02";"Baldwin Bikes";"Baldwin";"NY";"Electra Cruiser Lux 3i - 2018";"Electra";"Cruisers Bicycles";2;529.99;0.07;7.0;1059.98;74.1986;985.7814
1462;1101;"2018-03-22";2018;3;"2018-03";"Baldwin Bikes";"Baldwin";"NY";"Electra Cruiser Lux 3i - 2018";"Electra";"Cruisers Bicycles";1;529.99;0.1;10.0;529.99;52.999;476.991
1505;22;"2018-04-08";2018;4;"2018-04";"Baldwin Bikes";"Baldwin";"NY";"Electra Cruiser Lux 3i - 2018";"Electra";"Cruisers Bicycles";2;529.99;0.05;5.0;1059.98;52.999;1006.981
1399;146;"2018-02-16";2018;2;"2018-02";"Baldwin Bikes";"Baldwin";"NY";"Electra Cruiser Lux 7D - 2018";"Electra";"Cruisers Bicycles";1;479.99;0.05;5.0;479.99;23.9995;455.9905
1496;3;"2018-04-06";2018;4;"2018-04";"Santa Cruz Bikes";"Santa Cruz";"CA";"Electra Cruiser Lux 7D - 2018";"Electra";"Cruisers Bicycles";2;479.99;0.05;5.0;959.98;47.999;911.981
1540;187;"2018-04-16";2018;4;"2018-04";"Santa Cruz Bikes";"Santa Cruz";"CA";"Electra Cruiser Lux 7D - 2018";"Electra";"Cruisers Bicycles";1;479.99;0.05;5.0;479.99;23.9995;455.9905
1382;1303;"2018-02-06";2018;2;"2018-02";"Baldwin Bikes";"Baldwin";"NY";"Electra Delivery 3i - 2016/2017/2018";"Electra";"Cruisers Bicycles";1;959.99;0.1;10.0;959.99;95.999;863.991
1438;263;"2018-03-15";2018;3;"2018-03";"Baldwin Bikes";"Baldwin";"NY";"Electra Delivery 3i - 2016/2017/2018";"Electra";"Cruisers Bicycles";1;959.99;0.2;20.0;959.99;191.998;767.992
1480;27;"2018-04-01";2018;4;"2018-04";"Baldwin Bikes";"Baldwin";"NY";"Electra Delivery 3i - 2016/2017/2018";"Electra";"Cruisers Bicycles";2;959.99;0.07;7.0;1919.98;134.3986;1785.5814
1496;3;"2018-04-06";2018;4;"2018-04";"Santa Cruz Bikes";"Santa Cruz";"CA";"Electra Delivery 3i - 2016/2017/2018";"Electra";"Cruisers Bicycles";2;959.99;0.2;20.0;1919.98;383.996;1535.984
1395;1052;"2018-02-15";2018;2;"2018-02";"Santa Cruz Bikes";"Santa Cruz";"CA";"Electra Townie Original 21D EQ - 2017/2018";"Electra";"Cruisers Bicycles";1;679.99;0.1;10.0;679.99;67.999;611.991
1483;15;"2018-04-02";2018;4;"2018-04";"Baldwin Bikes";"Baldwin";"NY";"Electra Townie Original 21D EQ - 2017/2018";"Electra";"Cruisers Bicycles";2;679.99;0.07;7.0;1359.98;95.1986;1264.7814
1517;97;"2018-04-11";2018;4;"2018-04";"Santa Cruz Bikes";"Santa Cruz";"CA";"Electra Townie Original 21D EQ - 2017/2018";"Electra";"Cruisers Bicycles";2;679.99;0.05;5.0;1359.98;67.999;1291.981
1565;60;"2018-04-21";2018;4;"2018-04";"Santa Cruz Bikes";"Santa Cruz";"CA";"Electra Townie Original 21D EQ - 2017/2018";"Electra";"Cruisers Bicycles";2;679.99;0.2;20.0;1359.98;271.996;1087.984
1389;491;"2018-02-11";2018;2;"2018-02";"Baldwin Bikes";"Baldwin";"NY";"Electra Cruiser 7D (24-Inch) Ladies' - 2016/2018";"Electra";"Cruisers Bicycles";1;319.99;0.07;7.0;319.99;22.3993;297.5907
1425;126;"2018-03-07";2018;3;"2018-03";"Baldwin Bikes";"Baldwin";"NY";"Electra Cruiser 7D (24-Inch) Ladies' - 2016/2018";"Electra";"Cruisers Bicycles";2;319.99;0.05;5.0;639.98;31.999;607.981
1446;820;"2018-03-17";2018;3;"2018-03";"Baldwin Bikes";"Baldwin";"NY";"Electra Cruiser 7D (24-Inch) Ladies' - 2016/2018";"Electra";"Cruisers Bicycles";1;319.99;0.05;5.0;319.99;15.9995;303.9905
1328;1083;"2018-01-02";2018;1;"2018-01";"Baldwin Bikes";"Baldwin";"NY";"Electra Cruiser 7D Tall - 2016/2018";"Electra";"Cruisers Bicycles";1;319.99;0.07;7.0;319.99;22.3993;297.5907
1609;10;"2018-08-23";2018;8;"2018-08";"Baldwin Bikes";"Baldwin";"NY";"Electra Cruiser 7D Tall - 2016/2018";"Electra";"Cruisers Bicycles";2;319.99;0.1;10.0;639.98;63.998;575.982
1380;818;"2018-02-05";2018;2;"2018-02";"Santa Cruz Bikes";"Santa Cruz";"CA";"Electra Cruiser Lux 1 - 2016/2018";"Electra";"Cruisers Bicycles";2;429.99;0.07;7.0;859.98;60.1986;799.7814
1434;595;"2018-03-14";2018;3;"2018-03";"Baldwin Bikes";"Baldwin";"NY";"Electra Cruiser Lux 1 - 2016/2018";"Electra";"Cruisers Bicycles";2;429.99;0.2;20.0;859.98;171.996;687.984
1528;20;"2018-04-12";2018;4;"2018-04";"Rowlett Bikes";"Rowlett";"TX";"Electra Cruiser Lux 1 - 2016/2018";"Electra";"Cruisers Bicycles";2;429.99;0.2;20.0;859.98;171.996;687.984
1330;761;"2018-01-04";2018;1;"2018-01";"Baldwin Bikes";"Baldwin";"NY";"Electra Cruiser Lux 1 Ladies' - 2018";"Electra";"Cruisers Bicycles";2;429.99;0.2;20.0;859.98;171.996;687.984
1401;15;"2018-02-18";2018;2;"2018-02";"Baldwin Bikes";"Baldwin";"NY";"Electra Cruiser Lux 1 Ladies' - 2018";"Electra";"Cruisers Bicycles";1;429.99;0.05;5.0;429.99;21.4995;408.4905
1406;1053;"2018-02-25";2018;2;"2018-02";"Baldwin Bikes";"Baldwin";"NY";"Electra Cruiser Lux 1 Ladies' - 2018";"Electra";"Cruisers Bicycles";2;429.99;0.05;5.0;859.98;42.999;816.981
1427;999;"2018-03-07";2018;3;"2018-03";"Baldwin Bikes";"Baldwin";"NY";"Electra Cruiser Lux 1 Ladies' - 2018";"Electra";"Cruisers Bicycles";2;429.99;0.07;7.0;859.98;60.1986;799.7814
1493;64;"2018-04-04";2018;4;"2018-04";"Rowlett Bikes";"Rowlett";"TX";"Electra Cruiser Lux 1 Ladies' - 2018";"Electra";"Cruisers Bicycles";1;429.99;0.1;10.0;429.99;42.999;386.991
1494;69;"2018-04-05";2018;4;"2018-04";"Santa Cruz Bikes";"Santa Cruz";"CA";"Electra Cruiser Lux 1 Ladies' - 2018";"Electra";"Cruisers Bicycles";2;429.99;0.1;10.0;859.98;85.998;773.982
1502;83;"2018-04-06";2018;4;"2018-04";"Baldwin Bikes";"Baldwin";"NY";"Electra Cruiser Lux 3i Ladies' - 2018";"Electra";"Cruisers Bicycles";2;529.99;0.2;20.0;1059.98;211.996;847.984
1608;53;"2018-07-12";2018;7;"2018-07";"Santa Cruz Bikes";"Santa Cruz";"CA";"Electra Cruiser Lux 3i Ladies' - 2018";"Electra";"Cruisers Bicycles";2;529.99;0.05;5.0;1059.98;52.999;1006.981
1330;761;"2018-01-04";2018;1;"2018-01";"Baldwin Bikes";"Baldwin";"NY";"Electra Cruiser Lux 7D Ladies' - 2018";"Electra";"Cruisers Bicycles";1;479.99;0.2;20.0;479.99;95.998;383.992
1382;1303;"2018-02-06";2018;2;"2018-02";"Baldwin Bikes";"Baldwin";"NY";"Electra Cruiser Lux 7D Ladies' - 2018";"Electra";"Cruisers Bicycles";1;479.99;0.2;20.0;479.99;95.998;383.992
1353;502;"2018-01-17";2018;1;"2018-01";"Baldwin Bikes";"Baldwin";"NY";"Electra Cruiser Lux Fat Tire 7D - 2018";"Electra";"Cruisers Bicycles";1;639.99;0.07;7.0;639.99;44.7993;595.1907
1446;820;"2018-03-17";2018;3;"2018-03";"Baldwin Bikes";"Baldwin";"NY";"Electra Cruiser Lux Fat Tire 7D - 2018";"Electra";"Cruisers Bicycles";2;639.99;0.05;5.0;1279.98;63.999;1215.981
1341;1258;"2018-01-12";2018;1;"2018-01";"Baldwin Bikes";"Baldwin";"NY";"Electra Daydreamer 3i Ladies' - 2018";"Electra";"Cruisers Bicycles";2;899.99;0.05;5.0;1799.98;89.999;1709.981
1419;474;"2018-03-04";2018;3;"2018-03";"Baldwin Bikes";"Baldwin";"NY";"Electra Daydreamer 3i Ladies' - 2018";"Electra";"Cruisers Bicycles";1;899.99;0.1;10.0;899.99;89.999;809.991
1446;820;"2018-03-17";2018;3;"2018-03";"Baldwin Bikes";"Baldwin";"NY";"Electra Daydreamer 3i Ladies' - 2018";"Electra";"Cruisers Bicycles";2;899.99;0.05;5.0;1799.98;89.999;1709.981
1452;287;"2018-03-20";2018;3;"2018-03";"Santa Cruz Bikes";"Santa Cruz";"CA";"Electra Daydreamer 3i Ladies' - 2018";"Electra";"Cruisers Bicycles";1;899.99;0.2;20.0;899.99;179.998;719.992
1324;862;"2018-01-01";2018;1;"2018-01";"Baldwin Bikes";"Baldwin";"NY";"Electra Koa 3i Ladies' - 2018";"Electra";"Cruisers Bicycles";1;899.99;0.1;10.0;899.99;89.999;809.991
1327;1026;"2018-01-02";2018;1;"2018-01";"Baldwin Bikes";"Baldwin";"NY";"Electra Koa 3i Ladies' - 2018";"Electra";"Cruisers Bicycles";2;899.99;0.1;10.0;1799.98;179.998;1619.982
1419;474;"2018-03-04";2018;3;"2018-03";"Baldwin Bikes";"Baldwin";"NY";"Electra Koa 3i Ladies' - 2018";"Electra";"Cruisers Bicycles";2;899.99;0.2;20.0;1799.98;359.996;1439.984
1450;296;"2018-03-19";2018;3;"2018-03";"Baldwin Bikes";"Baldwin";"NY";"Electra Koa 3i Ladies' - 2018";"Electra";"Cruisers Bicycles";2;899.99;0.05;5.0;1799.98;89.999;1709.981
1533;28;"2018-04-13";2018;4;"2018-04";"Baldwin Bikes";"Baldwin";"NY";"Electra Koa 3i Ladies' - 2018";"Electra";"Cruisers Bicycles";2;899.99;0.1;10.0;1799.98;179.998;1619.982
1556;4;"2018-04-18";2018;4;"2018-04";"Baldwin Bikes";"Baldwin";"NY";"Electra Koa 3i Ladies' - 2018";"Electra";"Cruisers Bicycles";2;899.99;0.1;10.0;1799.98;179.998;1619.982
1365;689;"2018-01-25";2018;1;"2018-01";"Baldwin Bikes";"Baldwin";"NY";"Electra Morningstar 3i Ladies' - 2018";"Electra";"Cruisers Bicycles";1;749.99;0.05;5.0;749.99;37.4995;712.4905
1540;187;"2018-04-16";2018;4;"2018-04";"Santa Cruz Bikes";"Santa Cruz";"CA";"Electra Morningstar 3i Ladies' - 2018";"Electra";"Cruisers Bicycles";1;749.99;0.07;7.0;749.99;52.4993;697.4907
1611;6;"2018-09-06";2018;9;"2018-09";"Baldwin Bikes";"Baldwin";"NY";"Electra Morningstar 3i Ladies' - 2018";"Electra";"Cruisers Bicycles";1;749.99;0.2;20.0;749.99;149.998;599.992
1340;1066;"2018-01-12";2018;1;"2018-01";"Santa Cruz Bikes";"Santa Cruz";"CA";"Electra Relic 3i - 2018";"Electra";"Cruisers Bicycles";2;849.99;0.05;5.0;1699.98;84.999;1614.981
1469;1135;"2018-03-27";2018;3;"2018-03";"Rowlett Bikes";"Rowlett";"TX";"Electra Relic 3i - 2018";"Electra";"Cruisers Bicycles";2;849.99;0.05;5.0;1699.98;84.999;1614.981
1537;36;"2018-04-15";2018;4;"2018-04";"Baldwin Bikes";"Baldwin";"NY";"Electra Relic 3i - 2018";"Electra";"Cruisers Bicycles";2;849.99;0.05;5.0;1699.98;84.999;1614.981
1382;1303;"2018-02-06";2018;2;"2018-02";"Baldwin Bikes";"Baldwin";"NY";"Electra Townie Balloon 8D EQ - 2016/2017/2018";"Electra";"Cruisers Bicycles";1;749.99;0.2;20.0;749.99;149.998;599.992
1526;59;"2018-04-12";2018;4;"2018-04";"Baldwin Bikes";"Baldwin";"NY";"Electra Townie Balloon 8D EQ - 2016/2017/2018";"Electra";"Cruisers Bicycles";1;749.99;0.1;10.0;749.99;74.999;674.991
1609;10;"2018-08-23";2018;8;"2018-08";"Baldwin Bikes";"Baldwin";"NY";"Electra Townie Balloon 8D EQ - 2016/2017/2018";"Electra";"Cruisers Bicycles";2;749.99;0.2;20.0;1499.98;299.996;1199.984
1448;228;"2018-03-18";2018;3;"2018-03";"Baldwin Bikes";"Baldwin";"NY";"Electra Townie Balloon 8D EQ Ladies' - 2016/2017/2018";"Electra";"Cruisers Bicycles";1;749.99;0.1;10.0;749.99;74.999;674.991
1392;1187;"2018-02-13";2018;2;"2018-02";"Baldwin Bikes";"Baldwin";"NY";"Electra Townie Commute 27D Ladies - 2018";"Electra";"Cruisers Bicycles";2;899.99;0.05;5.0;1799.98;89.999;1709.981
1514;87;"2018-04-10";2018;4;"2018-04";"Santa Cruz Bikes";"Santa Cruz";"CA";"Electra Townie Commute 27D Ladies - 2018";"Electra";"Cruisers Bicycles";2;899.99;0.1;10.0;1799.98;179.998;1619.982
1328;1083;"2018-01-02";2018;1;"2018-01";"Baldwin Bikes";"Baldwin";"NY";"Electra Townie Commute 8D - 2018";"Electra";"Cruisers Bicycles";1;749.99;0.07;7.0;749.99;52.4993;697.4907
1578;93;"2018-04-23";2018;4;"2018-04";"Baldwin Bikes";"Baldwin";"NY";"Electra Townie Commute 8D - 2018";"Electra";"Cruisers Bicycles";2;749.99;0.2;20.0;1499.98;299.996;1199.984
1416;566;"2018-03-03";2018;3;"2018-03";"Rowlett Bikes";"Rowlett";"TX";"Electra Townie Commute 8D Ladies' - 2018";"Electra";"Cruisers Bicycles";2;699.99;0.1;10.0;1399.98;139.998;1259.982
1441;982;"2018-03-15";2018;3;"2018-03";"Rowlett Bikes";"Rowlett";"TX";"Electra Townie Commute 8D Ladies' - 2018";"Electra";"Cruisers Bicycles";2;699.99;0.2;20.0;1399.98;279.996;1119.984
1461;139;"2018-03-22";2018;3;"2018-03";"Baldwin Bikes";"Baldwin";"NY";"Electra Townie Commute 8D Ladies' - 2018";"Electra";"Cruisers Bicycles";2;699.99;0.2;20.0;1399.98;279.996;1119.984
1549;17;"2018-04-17";2018;4;"2018-04";"Baldwin Bikes";"Baldwin";"NY";"Electra Townie Commute 8D Ladies' - 2018";"Electra";"Cruisers Bicycles";2;699.99;0.1;10.0;1399.98;139.998;1259.982
1612;3;"2018-10-21";2018;10;"2018-10";"Santa Cruz Bikes";"Santa Cruz";"CA";"Electra Townie Commute 8D Ladies' - 2018";"Electra";"Cruisers Bicycles";1;699.99;0.1;10.0;699.99;69.999;629.991
1330;761;"2018-01-04";2018;1;"2018-01";"Baldwin Bikes";"Baldwin";"NY";"Electra Townie Original 21D EQ Ladies' - 2018";"Electra";"Cruisers Bicycles";2;679.99;0.05;5.0;1359.98;67.999;1291.981
1418;364;"2018-03-04";2018;3;"2018-03";"Baldwin Bikes";"Baldwin";"NY";"Electra Townie Original 21D EQ Ladies' - 2018";"Electra";"Cruisers Bicycles";2;679.99;0.05;5.0;1359.98;67.999;1291.981
1422;599;"2018-03-05";2018;3;"2018-03";"Rowlett Bikes";"Rowlett";"TX";"Electra Townie Original 21D EQ Ladies' - 2018";"Electra";"Cruisers Bicycles";1;679.99;0.05;5.0;679.99;33.9995;645.9905
1526;59;"2018-04-12";2018;4;"2018-04";"Baldwin Bikes";"Baldwin";"NY";"Electra Townie Original 21D EQ Ladies' - 2018";"Electra";"Cruisers Bicycles";1;679.99;0.05;5.0;679.99;33.9995;645.9905
1343;594;"2018-01-13";2018;1;"2018-01";"Baldwin Bikes";"Baldwin";"NY";"Electra Townie Original 21D Ladies' - 2018";"Electra";"Cruisers Bicycles";1;559.99;0.05;5.0;559.99;27.9995;531.9905
1436;1044;"2018-03-14";2018;3;"2018-03";"Baldwin Bikes";"Baldwin";"NY";"Electra Townie Original 21D Ladies' - 2018";"Electra";"Cruisers Bicycles";2;559.99;0.07;7.0;1119.98;78.3986;1041.5814
1415;839;"2018-03-03";2018;3;"2018-03";"Baldwin Bikes";"Baldwin";"NY";"Electra Townie Original 3i EQ - 2017/2018";"Electra";"Cruisers Bicycles";1;659.99;0.05;5.0;659.99;32.9995;626.9905
1550;39;"2018-04-17";2018;4;"2018-04";"Baldwin Bikes";"Baldwin";"NY";"Electra Townie Original 3i EQ - 2017/2018";"Electra";"Cruisers Bicycles";1;659.99;0.07;7.0;659.99;46.1993;613.7907
1606;119;"2018-07-10";2018;7;"2018-07";"Rowlett Bikes";"Rowlett";"TX";"Electra Townie Original 3i EQ - 2017/2018";"Electra";"Cruisers Bicycles";1;659.99;0.1;10.0;659.99;65.999;593.991
1456;754;"2018-03-20";2018;3;"2018-03";"Baldwin Bikes";"Baldwin";"NY";"Electra Townie Original 3i EQ Ladies' - 2018";"Electra";"Cruisers Bicycles";1;639.99;0.07;7.0;639.99;44.7993;595.1907
1589;40;"2018-04-27";2018;4;"2018-04";"Santa Cruz Bikes";"Santa Cruz";"CA";"Electra Townie Original 3i EQ Ladies' - 2018";"Electra";"Cruisers Bicycles";2;639.99;0.05;5.0;1279.98;63.999;1215.981
1328;1083;"2018-01-02";2018;1;"2018-01";"Baldwin Bikes";"Baldwin";"NY";"Electra Townie Original 7D EQ - 2018";"Electra";"Cruisers Bicycles";1;599.99;0.1;10.0;599.99;59.999;539.991
1598;239;"2018-04-29";2018;4;"2018-04";"Santa Cruz Bikes";"Santa Cruz";"CA";"Electra Townie Original 7D EQ - 2018";"Electra";"Cruisers Bicycles";1;599.99;0.2;20.0;599.99;119.998;479.992
1475;112;"2018-03-30";2018;3;"2018-03";"Baldwin Bikes";"Baldwin";"NY";"Electra Townie Original 7D EQ Ladies' - 2017/2018";"Electra";"Cruisers Bicycles";2;599.99;0.2;20.0;1199.98;239.996;959.984
1496;3;"2018-04-06";2018;4;"2018-04";"Santa Cruz Bikes";"Santa Cruz";"CA";"Electra Townie Original 7D EQ Ladies' - 2017/2018";"Electra";"Cruisers Bicycles";1;599.99;0.07;7.0;599.99;41.9993;557.9907
1501;52;"2018-04-06";2018;4;"2018-04";"Baldwin Bikes";"Baldwin";"NY";"Electra Townie Original 7D EQ Ladies' - 2017/2018";"Electra";"Cruisers Bicycles";1;599.99;0.05;5.0;599.99;29.9995;569.9905
1541;10;"2018-04-16";2018;4;"2018-04";"Baldwin Bikes";"Baldwin";"NY";"Electra Townie Original 7D EQ Ladies' - 2017/2018";"Electra";"Cruisers Bicycles";2;599.99;0.07;7.0;1199.98;83.9986;1115.9814
1590;138;"2018-04-27";2018;4;"2018-04";"Santa Cruz Bikes";"Santa Cruz";"CA";"Electra Townie Original 7D EQ Ladies' - 2017/2018";"Electra";"Cruisers Bicycles";1;599.99;0.2;20.0;599.99;119.998;479.992
1346;136;"2018-01-14";2018;1;"2018-01";"Rowlett Bikes";"Rowlett";"TX";"Electra White Water 3i - 2018";"Electra";"Cruisers Bicycles";1;749.99;0.1;10.0;749.99;74.999;674.991
1397;920;"2018-02-15";2018;2;"2018-02";"Baldwin Bikes";"Baldwin";"NY";"Electra White Water 3i - 2018";"Electra";"Cruisers Bicycles";1;749.99;0.05;5.0;749.99;37.4995;712.4905
1423;1231;"2018-03-06";2018;3;"2018-03";"Santa Cruz Bikes";"Santa Cruz";"CA";"Electra White Water 3i - 2018";"Electra";"Cruisers Bicycles";1;749.99;0.2;20.0;749.99;149.998;599.992
1549;17;"2018-04-17";2018;4;"2018-04";"Baldwin Bikes";"Baldwin";"NY";"Electra White Water 3i - 2018";"Electra";"Cruisers Bicycles";2;749.99;0.05;5.0;1499.98;74.999;1424.981
1350;637;"2018-01-15";2018;1;"2018-01";"Baldwin Bikes";"Baldwin";"NY";"Electra Townie Go! 8i - 2017/2018";"Electra";"Cruisers Bicycles";1;2599.99;0.07;7.0;2599.99;181.9993;2417.9907
1388;323;"2018-02-09";2018;2;"2018-02";"Baldwin Bikes";"Baldwin";"NY";"Electra Townie Commute Go! - 2018";"Electra";"Cruisers Bicycles";1;2999.99;0.1;10.0;2999.99;299.999;2699.991
1462;1101;"2018-03-22";2018;3;"2018-03";"Baldwin Bikes";"Baldwin";"NY";"Electra Townie Commute Go! - 2018";"Electra";"Cruisers Bicycles";1;2999.99;0.05;5.0;2999.99;149.9995;2849.9905
1466;738;"2018-03-26";2018;3;"2018-03";"Santa Cruz Bikes";"Santa Cruz";"CA";"Electra Townie Commute Go! - 2018";"Electra";"Cruisers Bicycles";1;2999.99;0.05;5.0;2999.99;149.9995;2849.9905
1510;16;"2018-04-09";2018;4;"2018-04";"Baldwin Bikes";"Baldwin";"NY";"Electra Townie Commute Go! - 2018";"Electra";"Cruisers Bicycles";2;2999.99;0.1;10.0;5999.98;599.998;5399.982
1553;30;"2018-04-18";2018;4;"2018-04";"Santa Cruz Bikes";"Santa Cruz";"CA";"Electra Townie Commute Go! - 2018";"Electra";"Cruisers Bicycles";1;2999.99;0.05;5.0;2999.99;149.9995;2849.9905
1431;308;"2018-03-11";2018;3;"2018-03";"Baldwin Bikes";"Baldwin";"NY";"Electra Townie Commute Go! Ladies' - 2018";"Electra";"Cruisers Bicycles";1;2999.99;0.2;20.0;2999.99;599.998;2399.992
1449;330;"2018-03-18";2018;3;"2018-03";"Baldwin Bikes";"Baldwin";"NY";"Electra Townie Commute Go! Ladies' - 2018";"Electra";"Cruisers Bicycles";2;2999.99;0.05;5.0;5999.98;299.999;5699.981
1470;505;"2018-03-28";2018;3;"2018-03";"Baldwin Bikes";"Baldwin";"NY";"Electra Townie Commute Go! Ladies' - 2018";"Electra";"Cruisers Bicycles";2;2999.99;0.05;5.0;5999.98;299.999;5699.981
1479;23;"2018-04-01";2018;4;"2018-04";"Baldwin Bikes";"Baldwin";"NY";"Electra Townie Commute Go! Ladies' - 2018";"Electra";"Cruisers Bicycles";1;2999.99;0.05;5.0;2999.99;149.9995;2849.9905
1518;175;"2018-04-11";2018;4;"2018-04";"Santa Cruz Bikes";"Santa Cruz";"CA";"Electra Townie Commute Go! Ladies' - 2018";"Electra";"Cruisers Bicycles";2;2999.99;0.05;5.0;5999.98;299.999;5699.981
1524;37;"2018-04-12";2018;4;"2018-04";"Baldwin Bikes";"Baldwin";"NY";"Electra Townie Commute Go! Ladies' - 2018";"Electra";"Cruisers Bicycles";2;2999.99;0.2;20.0;5999.98;1199.996;4799.984
1569;29;"2018-04-22";2018;4;"2018-04";"Baldwin Bikes";"Baldwin";"NY";"Electra Townie Commute Go! Ladies' - 2018";"Electra";"Cruisers Bicycles";1;2999.99;0.1;10.0;2999.99;299.999;2699.991
1331;1122;"2018-01-05";2018;1;"2018-01";"Baldwin Bikes";"Baldwin";"NY";"Electra Townie Go! 8i Ladies' - 2018";"Electra";"Cruisers Bicycles";1;2599.99;0.05;5.0;2599.99;129.9995;2469.9905
1340;1066;"2018-01-12";2018;1;"2018-01";"Santa Cruz Bikes";"Santa Cruz";"CA";"Electra Townie Go! 8i Ladies' - 2018";"Electra";"Cruisers Bicycles";1;2599.99;0.2;20.0;2599.99;519.998;2079.992
1350;637;"2018-01-15";2018;1;"2018-01";"Baldwin Bikes";"Baldwin";"NY";"Electra Townie Go! 8i Ladies' - 2018";"Electra";"Cruisers Bicycles";1;2599.99;0.07;7.0;2599.99;181.9993;2417.9907
1355;1010;"2018-01-19";2018;1;"2018-01";"Baldwin Bikes";"Baldwin";"NY";"Electra Townie Go! 8i Ladies' - 2018";"Electra";"Cruisers Bicycles";1;2599.99;0.07;7.0;2599.99;181.9993;2417.9907
1516;47;"2018-04-11";2018;4;"2018-04";"Santa Cruz Bikes";"Santa Cruz";"CA";"Electra Townie Go! 8i Ladies' - 2018";"Electra";"Cruisers Bicycles";1;2599.99;0.1;10.0;2599.99;259.999;2339.991
1558;63;"2018-04-19";2018;4;"2018-04";"Baldwin Bikes";"Baldwin";"NY";"Electra Townie Go! 8i Ladies' - 2018";"Electra";"Cruisers Bicycles";1;2599.99;0.07;7.0;2599.99;181.9993;2417.9907
1401;15;"2018-02-18";2018;2;"2018-02";"Baldwin Bikes";"Baldwin";"NY";"Electra Townie Balloon 3i EQ - 2017/2018";"Electra";"Cruisers Bicycles";2;749.99;0.2;20.0;1499.98;299.996;1199.984
1431;308;"2018-03-11";2018;3;"2018-03";"Baldwin Bikes";"Baldwin";"NY";"Electra Townie Balloon 3i EQ - 2017/2018";"Electra";"Cruisers Bicycles";1;749.99;0.07;7.0;749.99;52.4993;697.4907
1455;405;"2018-03-20";2018;3;"2018-03";"Baldwin Bikes";"Baldwin";"NY";"Electra Townie Balloon 3i EQ - 2017/2018";"Electra";"Cruisers Bicycles";1;749.99;0.2;20.0;749.99;149.998;599.992
1490;217;"2018-04-03";2018;4;"2018-04";"Santa Cruz Bikes";"Santa Cruz";"CA";"Electra Townie Balloon 3i EQ - 2017/2018";"Electra";"Cruisers Bicycles";1;749.99;0.1;10.0;749.99;74.999;674.991
1380;818;"2018-02-05";2018;2;"2018-02";"Santa Cruz Bikes";"Santa Cruz";"CA";"Electra Townie Balloon 7i EQ Ladies' - 2017/2018";"Electra";"Cruisers Bicycles";2;899.99;0.1;10.0;1799.98;179.998;1619.982
1502;83;"2018-04-06";2018;4;"2018-04";"Baldwin Bikes";"Baldwin";"NY";"Electra Townie Balloon 7i EQ Ladies' - 2017/2018";"Electra";"Cruisers Bicycles";1;899.99;0.07;7.0;899.99;62.9993;836.9907
1479;23;"2018-04-01";2018;4;"2018-04";"Baldwin Bikes";"Baldwin";"NY";"Electra Townie Commute 27D - 2018";"Electra";"Cruisers Bicycles";1;899.99;0.1;10.0;899.99;89.999;809.991
1325;68;"2018-01-01";2018;1;"2018-01";"Rowlett Bikes";"Rowlett";"TX";"Electra Amsterdam Fashion 3i Ladies' - 2017/2018";"Electra";"Cruisers Bicycles";1;899.99;0.05;5.0;899.99;44.9995;854.9905
1358;253;"2018-01-21";2018;1;"2018-01";"Santa Cruz Bikes";"Santa Cruz";"CA";"Electra Amsterdam Fashion 3i Ladies' - 2017/2018";"Electra";"Cruisers Bicycles";2;899.99;0.2;20.0;1799.98;359.996;1439.984
1602;55;"2018-04-30";2018;4;"2018-04";"Baldwin Bikes";"Baldwin";"NY";"Electra Amsterdam Fashion 3i Ladies' - 2017/2018";"Electra";"Cruisers Bicycles";2;899.99;0.05;5.0;1799.98;89.999;1709.981
1459;9;"2018-03-21";2018;3;"2018-03";"Baldwin Bikes";"Baldwin";"NY";"Electra Amsterdam Royal 8i - 2017/2018";"Electra";"Cruisers Bicycles";1;1259.9;0.1;10.0;1259.9;125.99;1133.91
1507;85;"2018-04-08";2018;4;"2018-04";"Baldwin Bikes";"Baldwin";"NY";"Electra Amsterdam Royal 8i Ladies - 2018";"Electra";"Cruisers Bicycles";1;1199.99;0.07;7.0;1199.99;83.9993;1115.9907
1516;47;"2018-04-11";2018;4;"2018-04";"Santa Cruz Bikes";"Santa Cruz";"CA";"Electra Amsterdam Royal 8i Ladies - 2018";"Electra";"Cruisers Bicycles";2;1199.99;0.2;20.0;2399.98;479.996;1919.984
1435;744;"2018-03-14";2018;3;"2018-03";"Baldwin Bikes";"Baldwin";"NY";"Electra Townie Balloon 3i EQ Ladies' - 2018";"Electra";"Cruisers Bicycles";1;799.99;0.07;7.0;799.99;55.9993;743.9907
1449;330;"2018-03-18";2018;3;"2018-03";"Baldwin Bikes";"Baldwin";"NY";"Electra Townie Balloon 3i EQ Ladies' - 2018";"Electra";"Cruisers Bicycles";2;799.99;0.07;7.0;1599.98;111.9986;1487.9814
1498;81;"2018-04-06";2018;4;"2018-04";"Santa Cruz Bikes";"Santa Cruz";"CA";"Electra Townie Balloon 3i EQ Ladies' - 2018";"Electra";"Cruisers Bicycles";2;799.99;0.07;7.0;1599.98;111.9986;1487.9814
1589;40;"2018-04-27";2018;4;"2018-04";"Santa Cruz Bikes";"Santa Cruz";"CA";"Electra Townie Balloon 3i EQ Ladies' - 2018";"Electra";"Cruisers Bicycles";1;799.99;0.2;20.0;799.99;159.998;639.992
1475;112;"2018-03-30";2018;3;"2018-03";"Baldwin Bikes";"Baldwin";"NY";"Electra Townie Balloon 7i EQ - 2018";"Electra";"Cruisers Bicycles";2;899.99;0.07;7.0;1799.98;125.9986;1673.9814
1565;60;"2018-04-21";2018;4;"2018-04";"Santa Cruz Bikes";"Santa Cruz";"CA";"Electra Townie Balloon 7i EQ - 2018";"Electra";"Cruisers Bicycles";1;899.99;0.1;10.0;899.99;89.999;809.991
29;437;"2016-01-20";2016;1;"2016-01";"Baldwin Bikes";"Baldwin";"NY";"Electra Townie Original 21D - 2016";"Electra";"Comfort Bicycles";2;549.99;0.05;5.0;1099.98;54.999;1044.981
38;583;"2016-01-25";2016;1;"2016-01";"Baldwin Bikes";"Baldwin";"NY";"Electra Townie Original 21D - 2016";"Electra";"Comfort Bicycles";1;549.99;0.07;7.0;549.99;38.4993;511.4907
64;1185;"2016-02-07";2016;2;"2016-02";"Baldwin Bikes";"Baldwin";"NY";"Electra Townie Original 21D - 2016";"Electra";"Comfort Bicycles";2;549.99;0.1;10.0;1099.98;109.998;989.982
71;797;"2016-02-11";2016;2;"2016-02";"Baldwin Bikes";"Baldwin";"NY";"Electra Townie Original 21D - 2016";"Electra";"Comfort Bicycles";1;549.99;0.2;20.0;549.99;109.998;439.992
77;385;"2016-02-16";2016;2;"2016-02";"Santa Cruz Bikes";"Santa Cruz";"CA";"Electra Townie Original 21D - 2016";"Electra";"Comfort Bicycles";2;549.99;0.1;10.0;1099.98;109.998;989.982
80;397;"2016-02-17";2016;2;"2016-02";"Baldwin Bikes";"Baldwin";"NY";"Electra Townie Original 21D - 2016";"Electra";"Comfort Bicycles";1;549.99;0.1;10.0;549.99;54.999;494.991
100;1237;"2016-03-01";2016;3;"2016-03";"Baldwin Bikes";"Baldwin";"NY";"Electra Townie Original 21D - 2016";"Electra";"Comfort Bicycles";2;549.99;0.1;10.0;1099.98;109.998;989.982
112;469;"2016-03-08";2016;3;"2016-03";"Baldwin Bikes";"Baldwin";"NY";"Electra Townie Original 21D - 2016";"Electra";"Comfort Bicycles";2;549.99;0.05;5.0;1099.98;54.999;1044.981
113;1078;"2016-03-08";2016;3;"2016-03";"Baldwin Bikes";"Baldwin";"NY";"Electra Townie Original 21D - 2016";"Electra";"Comfort Bicycles";2;549.99;0.1;10.0;1099.98;109.998;989.982
121;755;"2016-03-14";2016;3;"2016-03";"Baldwin Bikes";"Baldwin";"NY";"Electra Townie Original 21D - 2016";"Electra";"Comfort Bicycles";2;549.99;0.07;7.0;1099.98;76.9986;1022.9814
128;86;"2016-03-18";2016;3;"2016-03";"Baldwin Bikes";"Baldwin";"NY";"Electra Townie Original 21D - 2016";"Electra";"Comfort Bicycles";2;549.99;0.1;10.0;1099.98;109.998;989.982
131;316;"2016-03-19";2016;3;"2016-03";"Rowlett Bikes";"Rowlett";"TX";"Electra Townie Original 21D - 2016";"Electra";"Comfort Bicycles";2;549.99;0.1;10.0;1099.98;109.998;989.982
158;117;"2016-04-04";2016;4;"2016-04";"Rowlett Bikes";"Rowlett";"TX";"Electra Townie Original 21D - 2016";"Electra";"Comfort Bicycles";1;549.99;0.1;10.0;549.99;54.999;494.991
161;251;"2016-04-04";2016;4;"2016-04";"Baldwin Bikes";"Baldwin";"NY";"Electra Townie Original 21D - 2016";"Electra";"Comfort Bicycles";2;549.99;0.07;7.0;1099.98;76.9986;1022.9814
170;1200;"2016-04-10";2016;4;"2016-04";"Baldwin Bikes";"Baldwin";"NY";"Electra Townie Original 21D - 2016";"Electra";"Comfort Bicycles";1;549.99;0.05;5.0;549.99;27.4995;522.4905
181;459;"2016-04-18";2016;4;"2016-04";"Santa Cruz Bikes";"Santa Cruz";"CA";"Electra Townie Original 21D - 2016";"Electra";"Comfort Bicycles";2;549.99;0.05;5.0;1099.98;54.999;1044.981
182;854;"2016-04-18";2016;4;"2016-04";"Baldwin Bikes";"Baldwin";"NY";"Electra Townie Original 21D - 2016";"Electra";"Comfort Bicycles";2;549.99;0.07;7.0;1099.98;76.9986;1022.9814
190;98;"2016-04-23";2016;4;"2016-04";"Baldwin Bikes";"Baldwin";"NY";"Electra Townie Original 21D - 2016";"Electra";"Comfort Bicycles";1;549.99;0.05;5.0;549.99;27.4995;522.4905
192;728;"2016-04-27";2016;4;"2016-04";"Baldwin Bikes";"Baldwin";"NY";"Electra Townie Original 21D - 2016";"Electra";"Comfort Bicycles";2;549.99;0.07;7.0;1099.98;76.9986;1022.9814
201;280;"2016-05-01";2016;5;"2016-05";"Rowlett Bikes";"Rowlett";"TX";"Electra Townie Original 21D - 2016";"Electra";"Comfort Bicycles";1;549.99;0.05;5.0;549.99;27.4995;522.4905
205;635;"2016-05-04";2016;5;"2016-05";"Baldwin Bikes";"Baldwin";"NY";"Electra Townie Original 21D - 2016";"Electra";"Comfort Bicycles";2;549.99;0.1;10.0;1099.98;109.998;989.982
237;1351;"2016-05-25";2016;5;"2016-05";"Baldwin Bikes";"Baldwin";"NY";"Electra Townie Original 21D - 2016";"Electra";"Comfort Bicycles";1;549.99;0.07;7.0;549.99;38.4993;511.4907
260;632;"2016-06-06";2016;6;"2016-06";"Baldwin Bikes";"Baldwin";"NY";"Electra Townie Original 21D - 2016";"Electra";"Comfort Bicycles";2;549.99;0.2;20.0;1099.98;219.996;879.984
264;5;"2016-06-10";2016;6;"2016-06";"Santa Cruz Bikes";"Santa Cruz";"CA";"Electra Townie Original 21D - 2016";"Electra";"Comfort Bicycles";2;549.99;0.05;5.0;1099.98;54.999;1044.981
267;282;"2016-06-11";2016;6;"2016-06";"Santa Cruz Bikes";"Santa Cruz";"CA";"Electra Townie Original 21D - 2016";"Electra";"Comfort Bicycles";1;549.99;0.1;10.0;549.99;54.999;494.991
284;1356;"2016-06-23";2016;6;"2016-06";"Baldwin Bikes";"Baldwin";"NY";"Electra Townie Original 21D - 2016";"Electra";"Comfort Bicycles";2;549.99;0.2;20.0;1099.98;219.996;879.984
289;849;"2016-06-27";2016;6;"2016-06";"Baldwin Bikes";"Baldwin";"NY";"Electra Townie Original 21D - 2016";"Electra";"Comfort Bicycles";1;549.99;0.2;20.0;549.99;109.998;439.992
302;1375;"2016-07-06";2016;7;"2016-07";"Baldwin Bikes";"Baldwin";"NY";"Electra Townie Original 21D - 2016";"Electra";"Comfort Bicycles";2;549.99;0.2;20.0;1099.98;219.996;879.984
303;36;"2016-07-07";2016;7;"2016-07";"Baldwin Bikes";"Baldwin";"NY";"Electra Townie Original 21D - 2016";"Electra";"Comfort Bicycles";2;549.99;0.05;5.0;1099.98;54.999;1044.981
312;299;"2016-07-13";2016;7;"2016-07";"Baldwin Bikes";"Baldwin";"NY";"Electra Townie Original 21D - 2016";"Electra";"Comfort Bicycles";2;549.99;0.05;5.0;1099.98;54.999;1044.981
340;963;"2016-07-29";2016;7;"2016-07";"Baldwin Bikes";"Baldwin";"NY";"Electra Townie Original 21D - 2016";"Electra";"Comfort Bicycles";1;549.99;0.05;5.0;549.99;27.4995;522.4905
345;1299;"2016-08-01";2016;8;"2016-08";"Baldwin Bikes";"Baldwin";"NY";"Electra Townie Original 21D - 2016";"Electra";"Comfort Bicycles";2;549.99;0.07;7.0;1099.98;76.9986;1022.9814
351;1307;"2016-08-03";2016;8;"2016-08";"Santa Cruz Bikes";"Santa Cruz";"CA";"Electra Townie Original 21D - 2016";"Electra";"Comfort Bicycles";2;549.99;0.1;10.0;1099.98;109.998;989.982
357;14;"2016-08-05";2016;8;"2016-08";"Rowlett Bikes";"Rowlett";"TX";"Electra Townie Original 21D - 2016";"Electra";"Comfort Bicycles";1;549.99;0.07;7.0;549.99;38.4993;511.4907
361;994;"2016-08-08";2016;8;"2016-08";"Baldwin Bikes";"Baldwin";"NY";"Electra Townie Original 21D - 2016";"Electra";"Comfort Bicycles";2;549.99;0.05;5.0;1099.98;54.999;1044.981
365;981;"2016-08-13";2016;8;"2016-08";"Baldwin Bikes";"Baldwin";"NY";"Electra Townie Original 21D - 2016";"Electra";"Comfort Bicycles";2;549.99;0.07;7.0;1099.98;76.9986;1022.9814
391;61;"2016-08-23";2016;8;"2016-08";"Rowlett Bikes";"Rowlett";"TX";"Electra Townie Original 21D - 2016";"Electra";"Comfort Bicycles";2;549.99;0.07;7.0;1099.98;76.9986;1022.9814
400;1295;"2016-08-29";2016;8;"2016-08";"Baldwin Bikes";"Baldwin";"NY";"Electra Townie Original 21D - 2016";"Electra";"Comfort Bicycles";2;549.99;0.07;7.0;1099.98;76.9986;1022.9814
403;578;"2016-08-31";2016;8;"2016-08";"Santa Cruz Bikes";"Santa Cruz";"CA";"Electra Townie Original 21D - 2016";"Electra";"Comfort Bicycles";1;549.99;0.2;20.0;549.99;109.998;439.992
410;1151;"2016-09-01";2016;9;"2016-09";"Baldwin Bikes";"Baldwin";"NY";"Electra Townie Original 21D - 2016";"Electra";"Comfort Bicycles";2;549.99;0.1;10.0;1099.98;109.998;989.982
412;1202;"2016-09-02";2016;9;"2016-09";"Santa Cruz Bikes";"Santa Cruz";"CA";"Electra Townie Original 21D - 2016";"Electra";"Comfort Bicycles";1;549.99;0.07;7.0;549.99;38.4993;511.4907
416;1377;"2016-09-03";2016;9;"2016-09";"Baldwin Bikes";"Baldwin";"NY";"Electra Townie Original 21D - 2016";"Electra";"Comfort Bicycles";1;549.99;0.1;10.0;549.99;54.999;494.991
433;1062;"2016-09-12";2016;9;"2016-09";"Baldwin Bikes";"Baldwin";"NY";"Electra Townie Original 21D - 2016";"Electra";"Comfort Bicycles";1;549.99;0.1;10.0;549.99;54.999;494.991
450;575;"2016-09-21";2016;9;"2016-09";"Baldwin Bikes";"Baldwin";"NY";"Electra Townie Original 21D - 2016";"Electra";"Comfort Bicycles";1;549.99;0.05;5.0;549.99;27.4995;522.4905
454;988;"2016-09-23";2016;9;"2016-09";"Baldwin Bikes";"Baldwin";"NY";"Electra Townie Original 21D - 2016";"Electra";"Comfort Bicycles";2;549.99;0.1;10.0;1099.98;109.998;989.982
457;1349;"2016-09-24";2016;9;"2016-09";"Santa Cruz Bikes";"Santa Cruz";"CA";"Electra Townie Original 21D - 2016";"Electra";"Comfort Bicycles";2;549.99;0.07;7.0;1099.98;76.9986;1022.9814
458;197;"2016-09-25";2016;9;"2016-09";"Baldwin Bikes";"Baldwin";"NY";"Electra Townie Original 21D - 2016";"Electra";"Comfort Bicycles";1;549.99;0.2;20.0;549.99;109.998;439.992
461;853;"2016-09-26";2016;9;"2016-09";"Baldwin Bikes";"Baldwin";"NY";"Electra Townie Original 21D - 2016";"Electra";"Comfort Bicycles";1;549.99;0.1;10.0;549.99;54.999;494.991
484;421;"2016-10-06";2016;10;"2016-10";"Baldwin Bikes";"Baldwin";"NY";"Electra Townie Original 21D - 2016";"Electra";"Comfort Bicycles";1;549.99;0.05;5.0;549.99;27.4995;522.4905
498;1331;"2016-10-10";2016;10;"2016-10";"Baldwin Bikes";"Baldwin";"NY";"Electra Townie Original 21D - 2016";"Electra";"Comfort Bicycles";1;549.99;0.07;7.0;549.99;38.4993;511.4907
504;1381;"2016-10-14";2016;10;"2016-10";"Santa Cruz Bikes";"Santa Cruz";"CA";"Electra Townie Original 21D - 2016";"Electra";"Comfort Bicycles";2;549.99;0.1;10.0;1099.98;109.998;989.982
520;639;"2016-10-23";2016;10;"2016-10";"Baldwin Bikes";"Baldwin";"NY";"Electra Townie Original 21D - 2016";"Electra";"Comfort Bicycles";1;549.99;0.2;20.0;549.99;109.998;439.992
534;1406;"2016-10-29";2016;10;"2016-10";"Baldwin Bikes";"Baldwin";"NY";"Electra Townie Original 21D - 2016";"Electra";"Comfort Bicycles";2;549.99;0.1;10.0;1099.98;109.998;989.982
535;835;"2016-10-29";2016;10;"2016-10";"Rowlett Bikes";"Rowlett";"TX";"Electra Townie Original 21D - 2016";"Electra";"Comfort Bicycles";1;549.99;0.05;5.0;549.99;27.4995;522.4905
545;1108;"2016-11-08";2016;11;"2016-11";"Rowlett Bikes";"Rowlett";"TX";"Electra Townie Original 21D - 2016";"Electra";"Comfort Bicycles";1;549.99;0.2;20.0;549.99;109.998;439.992
552;1282;"2016-11-12";2016;11;"2016-11";"Baldwin Bikes";"Baldwin";"NY";"Electra Townie Original 21D - 2016";"Electra";"Comfort Bicycles";1;549.99;0.2;20.0;549.99;109.998;439.992
553;913;"2016-11-12";2016;11;"2016-11";"Rowlett Bikes";"Rowlett";"TX";"Electra Townie Original 21D - 2016";"Electra";"Comfort Bicycles";1;549.99;0.1;10.0;549.99;54.999;494.991
566;298;"2016-11-22";2016;11;"2016-11";"Santa Cruz Bikes";"Santa Cruz";"CA";"Electra Townie Original 21D - 2016";"Electra";"Comfort Bicycles";2;549.99;0.07;7.0;1099.98;76.9986;1022.9814
569;707;"2016-11-23";2016;11;"2016-11";"Baldwin Bikes";"Baldwin";"NY";"Electra Townie Original 21D - 2016";"Electra";"Comfort Bicycles";2;549.99;0.1;10.0;1099.98;109.998;989.982
570;989;"2016-11-23";2016;11;"2016-11";"Baldwin Bikes";"Baldwin";"NY";"Electra Townie Original 21D - 2016";"Electra";"Comfort Bicycles";2;549.99;0.1;10.0;1099.98;109.998;989.982
587;487;"2016-12-06";2016;12;"2016-12";"Santa Cruz Bikes";"Santa Cruz";"CA";"Electra Townie Original 21D - 2016";"Electra";"Comfort Bicycles";1;549.99;0.05;5.0;549.99;27.4995;522.4905
590;990;"2016-12-06";2016;12;"2016-12";"Baldwin Bikes";"Baldwin";"NY";"Electra Townie Original 21D - 2016";"Electra";"Comfort Bicycles";1;549.99;0.1;10.0;549.99;54.999;494.991
608;1103;"2016-12-12";2016;12;"2016-12";"Santa Cruz Bikes";"Santa Cruz";"CA";"Electra Townie Original 21D - 2016";"Electra";"Comfort Bicycles";1;549.99;0.1;10.0;549.99;54.999;494.991
610;711;"2016-12-13";2016;12;"2016-12";"Baldwin Bikes";"Baldwin";"NY";"Electra Townie Original 21D - 2016";"Electra";"Comfort Bicycles";1;549.99;0.07;7.0;549.99;38.4993;511.4907
616;1444;"2016-12-20";2016;12;"2016-12";"Baldwin Bikes";"Baldwin";"NY";"Electra Townie Original 21D - 2016";"Electra";"Comfort Bicycles";1;549.99;0.2;20.0;549.99;109.998;439.992
631;855;"2016-12-27";2016;12;"2016-12";"Santa Cruz Bikes";"Santa Cruz";"CA";"Electra Townie Original 21D - 2016";"Electra";"Comfort Bicycles";2;549.99;0.07;7.0;1099.98;76.9986;1022.9814
648;684;"2017-01-09";2017;1;"2017-01";"Baldwin Bikes";"Baldwin";"NY";"Electra Townie Original 21D - 2016";"Electra";"Comfort Bicycles";1;549.99;0.07;7.0;549.99;38.4993;511.4907
676;790;"2017-01-28";2017;1;"2017-01";"Baldwin Bikes";"Baldwin";"NY";"Electra Townie Original 21D - 2016";"Electra";"Comfort Bicycles";1;549.99;0.1;10.0;549.99;54.999;494.991
699;958;"2017-02-06";2017;2;"2017-02";"Rowlett Bikes";"Rowlett";"TX";"Electra Townie Original 21D - 2016";"Electra";"Comfort Bicycles";2;549.99;0.1;10.0;1099.98;109.998;989.982
723;845;"2017-02-19";2017;2;"2017-02";"Baldwin Bikes";"Baldwin";"NY";"Electra Townie Original 21D - 2016";"Electra";"Comfort Bicycles";2;549.99;0.07;7.0;1099.98;76.9986;1022.9814
749;255;"2017-03-04";2017;3;"2017-03";"Baldwin Bikes";"Baldwin";"NY";"Electra Townie Original 21D - 2016";"Electra";"Comfort Bicycles";1;549.99;0.05;5.0;549.99;27.4995;522.4905
805;420;"2017-03-29";2017;3;"2017-03";"Baldwin Bikes";"Baldwin";"NY";"Electra Townie Original 21D - 2016";"Electra";"Comfort Bicycles";1;549.99;0.05;5.0;549.99;27.4995;522.4905
828;246;"2017-04-09";2017;4;"2017-04";"Baldwin Bikes";"Baldwin";"NY";"Electra Townie Original 21D - 2016";"Electra";"Comfort Bicycles";1;549.99;0.2;20.0;549.99;109.998;439.992
860;473;"2017-04-27";2017;4;"2017-04";"Baldwin Bikes";"Baldwin";"NY";"Electra Townie Original 21D - 2016";"Electra";"Comfort Bicycles";2;549.99;0.2;20.0;1099.98;219.996;879.984
913;699;"2017-05-27";2017;5;"2017-05";"Baldwin Bikes";"Baldwin";"NY";"Electra Townie Original 21D - 2016";"Electra";"Comfort Bicycles";2;549.99;0.05;5.0;1099.98;54.999;1044.981
929;472;"2017-06-05";2017;6;"2017-06";"Baldwin Bikes";"Baldwin";"NY";"Electra Townie Original 21D - 2016";"Electra";"Comfort Bicycles";1;549.99;0.05;5.0;549.99;27.4995;522.4905
1094;828;"2017-08-25";2017;8;"2017-08";"Baldwin Bikes";"Baldwin";"NY";"Electra Townie Original 21D - 2016";"Electra";"Comfort Bicycles";1;549.99;0.1;10.0;549.99;54.999;494.991
1111;930;"2017-09-04";2017;9;"2017-09";"Baldwin Bikes";"Baldwin";"NY";"Electra Townie Original 21D - 2016";"Electra";"Comfort Bicycles";1;549.99;0.07;7.0;549.99;38.4993;511.4907
1125;945;"2017-09-14";2017;9;"2017-09";"Baldwin Bikes";"Baldwin";"NY";"Electra Townie Original 21D - 2016";"Electra";"Comfort Bicycles";1;549.99;0.07;7.0;549.99;38.4993;511.4907
1152;1244;"2017-09-29";2017;9;"2017-09";"Baldwin Bikes";"Baldwin";"NY";"Electra Townie Original 21D - 2016";"Electra";"Comfort Bicycles";1;549.99;0.05;5.0;549.99;27.4995;522.4905
1192;1114;"2017-10-17";2017;10;"2017-10";"Baldwin Bikes";"Baldwin";"NY";"Electra Townie Original 21D - 2016";"Electra";"Comfort Bicycles";2;549.99;0.1;10.0;1099.98;109.998;989.982
1276;893;"2017-11-30";2017;11;"2017-11";"Baldwin Bikes";"Baldwin";"NY";"Electra Townie Original 21D - 2016";"Electra";"Comfort Bicycles";2;549.99;0.2;20.0;1099.98;219.996;879.984
1303;878;"2017-12-16";2017;12;"2017-12";"Baldwin Bikes";"Baldwin";"NY";"Electra Townie Original 21D - 2016";"Electra";"Comfort Bicycles";2;549.99;0.1;10.0;1099.98;109.998;989.982
1315;931;"2017-12-25";2017;12;"2017-12";"Rowlett Bikes";"Rowlett";"TX";"Electra Townie Original 21D - 2016";"Electra";"Comfort Bicycles";1;549.99;0.1;10.0;549.99;54.999;494.991
1367;1118;"2018-01-27";2018;1;"2018-01";"Santa Cruz Bikes";"Santa Cruz";"CA";"Electra Townie Original 21D - 2016";"Electra";"Comfort Bicycles";2;549.99;0.05;5.0;1099.98;54.999;1044.981
1385;866;"2018-02-08";2018;2;"2018-02";"Rowlett Bikes";"Rowlett";"TX";"Electra Townie Original 21D - 2016";"Electra";"Comfort Bicycles";2;549.99;0.05;5.0;1099.98;54.999;1044.981
1400;987;"2018-02-17";2018;2;"2018-02";"Baldwin Bikes";"Baldwin";"NY";"Electra Townie Original 21D - 2016";"Electra";"Comfort Bicycles";2;549.99;0.2;20.0;1099.98;219.996;879.984
1505;22;"2018-04-08";2018;4;"2018-04";"Baldwin Bikes";"Baldwin";"NY";"Electra Townie Original 21D - 2016";"Electra";"Comfort Bicycles";2;549.99;0.07;7.0;1099.98;76.9986;1022.9814
1555;1;"2018-04-18";2018;4;"2018-04";"Baldwin Bikes";"Baldwin";"NY";"Electra Townie Original 21D - 2016";"Electra";"Comfort Bicycles";2;549.99;0.1;10.0;1099.98;109.998;989.982
18;541;"2016-01-14";2016;1;"2016-01";"Santa Cruz Bikes";"Santa Cruz";"CA";"Electra Townie Original 7D - 2015/2016";"Electra";"Comfort Bicycles";2;499.99;0.05;5.0;999.98;49.999;949.981
32;1259;"2016-01-21";2016;1;"2016-01";"Santa Cruz Bikes";"Santa Cruz";"CA";"Electra Townie Original 7D - 2015/2016";"Electra";"Comfort Bicycles";2;499.99;0.1;10.0;999.98;99.998;899.982
38;583;"2016-01-25";2016;1;"2016-01";"Baldwin Bikes";"Baldwin";"NY";"Electra Townie Original 7D - 2015/2016";"Electra";"Comfort Bicycles";1;499.99;0.2;20.0;499.99;99.998;399.992
47;1234;"2016-01-29";2016;1;"2016-01";"Baldwin Bikes";"Baldwin";"NY";"Electra Townie Original 7D - 2015/2016";"Electra";"Comfort Bicycles";2;499.99;0.07;7.0;999.98;69.9986;929.9814
52;767;"2016-02-03";2016;2;"2016-02";"Santa Cruz Bikes";"Santa Cruz";"CA";"Electra Townie Original 7D - 2015/2016";"Electra";"Comfort Bicycles";1;499.99;0.07;7.0;499.99;34.9993;464.9907
53;965;"2016-02-03";2016;2;"2016-02";"Baldwin Bikes";"Baldwin";"NY";"Electra Townie Original 7D - 2015/2016";"Electra";"Comfort Bicycles";2;499.99;0.1;10.0;999.98;99.998;899.982
55;1173;"2016-02-04";2016;2;"2016-02";"Baldwin Bikes";"Baldwin";"NY";"Electra Townie Original 7D - 2015/2016";"Electra";"Comfort Bicycles";2;499.99;0.2;20.0;999.98;199.996;799.984
61;277;"2016-02-06";2016;2;"2016-02";"Baldwin Bikes";"Baldwin";"NY";"Electra Townie Original 7D - 2015/2016";"Electra";"Comfort Bicycles";1;499.99;0.1;10.0;499.99;49.999;449.991
63;1075;"2016-02-07";2016;2;"2016-02";"Baldwin Bikes";"Baldwin";"NY";"Electra Townie Original 7D - 2015/2016";"Electra";"Comfort Bicycles";2;499.99;0.1;10.0;999.98;99.998;899.982
64;1185;"2016-02-07";2016;2;"2016-02";"Baldwin Bikes";"Baldwin";"NY";"Electra Townie Original 7D - 2015/2016";"Electra";"Comfort Bicycles";2;499.99;0.1;10.0;999.98;99.998;899.982
73;612;"2016-02-12";2016;2;"2016-02";"Baldwin Bikes";"Baldwin";"NY";"Electra Townie Original 7D - 2015/2016";"Electra";"Comfort Bicycles";1;499.99;0.07;7.0;499.99;34.9993;464.9907
77;385;"2016-02-16";2016;2;"2016-02";"Santa Cruz Bikes";"Santa Cruz";"CA";"Electra Townie Original 7D - 2015/2016";"Electra";"Comfort Bicycles";1;499.99;0.2;20.0;499.99;99.998;399.992
79;529;"2016-02-17";2016;2;"2016-02";"Santa Cruz Bikes";"Santa Cruz";"CA";"Electra Townie Original 7D - 2015/2016";"Electra";"Comfort Bicycles";2;499.99;0.07;7.0;999.98;69.9986;929.9814
81;521;"2016-02-17";2016;2;"2016-02";"Baldwin Bikes";"Baldwin";"NY";"Electra Townie Original 7D - 2015/2016";"Electra";"Comfort Bicycles";2;499.99;0.05;5.0;999.98;49.999;949.981
82;1223;"2016-02-18";2016;2;"2016-02";"Baldwin Bikes";"Baldwin";"NY";"Electra Townie Original 7D - 2015/2016";"Electra";"Comfort Bicycles";2;499.99;0.1;10.0;999.98;99.998;899.982
91;648;"2016-02-25";2016;2;"2016-02";"Santa Cruz Bikes";"Santa Cruz";"CA";"Electra Townie Original 7D - 2015/2016";"Electra";"Comfort Bicycles";1;499.99;0.05;5.0;499.99;24.9995;474.9905
99;1165;"2016-02-29";2016;2;"2016-02";"Rowlett Bikes";"Rowlett";"TX";"Electra Townie Original 7D - 2015/2016";"Electra";"Comfort Bicycles";2;499.99;0.05;5.0;999.98;49.999;949.981
112;469;"2016-03-08";2016;3;"2016-03";"Baldwin Bikes";"Baldwin";"NY";"Electra Townie Original 7D - 2015/2016";"Electra";"Comfort Bicycles";2;499.99;0.07;7.0;999.98;69.9986;929.9814
119;925;"2016-03-12";2016;3;"2016-03";"Baldwin Bikes";"Baldwin";"NY";"Electra Townie Original 7D - 2015/2016";"Electra";"Comfort Bicycles";1;499.99;0.05;5.0;499.99;24.9995;474.9905
135;1354;"2016-03-21";2016;3;"2016-03";"Baldwin Bikes";"Baldwin";"NY";"Electra Townie Original 7D - 2015/2016";"Electra";"Comfort Bicycles";1;499.99;0.2;20.0;499.99;99.998;399.992
150;332;"2016-03-29";2016;3;"2016-03";"Santa Cruz Bikes";"Santa Cruz";"CA";"Electra Townie Original 7D - 2015/2016";"Electra";"Comfort Bicycles";2;499.99;0.07;7.0;999.98;69.9986;929.9814
182;854;"2016-04-18";2016;4;"2016-04";"Baldwin Bikes";"Baldwin";"NY";"Electra Townie Original 7D - 2015/2016";"Electra";"Comfort Bicycles";2;499.99;0.05;5.0;999.98;49.999;949.981
191;919;"2016-04-27";2016;4;"2016-04";"Santa Cruz Bikes";"Santa Cruz";"CA";"Electra Townie Original 7D - 2015/2016";"Electra";"Comfort Bicycles";1;499.99;0.05;5.0;499.99;24.9995;474.9905
192;728;"2016-04-27";2016;4;"2016-04";"Baldwin Bikes";"Baldwin";"NY";"Electra Townie Original 7D - 2015/2016";"Electra";"Comfort Bicycles";1;499.99;0.07;7.0;499.99;34.9993;464.9907
199;760;"2016-05-01";2016;5;"2016-05";"Baldwin Bikes";"Baldwin";"NY";"Electra Townie Original 7D - 2015/2016";"Electra";"Comfort Bicycles";2;499.99;0.05;5.0;999.98;49.999;949.981
202;600;"2016-05-03";2016;5;"2016-05";"Santa Cruz Bikes";"Santa Cruz";"CA";"Electra Townie Original 7D - 2015/2016";"Electra";"Comfort Bicycles";2;499.99;0.05;5.0;999.98;49.999;949.981
206;743;"2016-05-04";2016;5;"2016-05";"Rowlett Bikes";"Rowlett";"TX";"Electra Townie Original 7D - 2015/2016";"Electra";"Comfort Bicycles";1;499.99;0.05;5.0;499.99;24.9995;474.9905
220;1358;"2016-05-12";2016;5;"2016-05";"Baldwin Bikes";"Baldwin";"NY";"Electra Townie Original 7D - 2015/2016";"Electra";"Comfort Bicycles";1;499.99;0.07;7.0;499.99;34.9993;464.9907
224;157;"2016-05-17";2016;5;"2016-05";"Santa Cruz Bikes";"Santa Cruz";"CA";"Electra Townie Original 7D - 2015/2016";"Electra";"Comfort Bicycles";1;499.99;0.05;5.0;499.99;24.9995;474.9905
228;615;"2016-05-17";2016;5;"2016-05";"Baldwin Bikes";"Baldwin";"NY";"Electra Townie Original 7D - 2015/2016";"Electra";"Comfort Bicycles";1;499.99;0.2;20.0;499.99;99.998;399.992
229;742;"2016-05-19";2016;5;"2016-05";"Baldwin Bikes";"Baldwin";"NY";"Electra Townie Original 7D - 2015/2016";"Electra";"Comfort Bicycles";2;499.99;0.2;20.0;999.98;199.996;799.984
238;1350;"2016-05-26";2016;5;"2016-05";"Baldwin Bikes";"Baldwin";"NY";"Electra Townie Original 7D - 2015/2016";"Electra";"Comfort Bicycles";1;499.99;0.07;7.0;499.99;34.9993;464.9907
243;802;"2016-05-27";2016;5;"2016-05";"Rowlett Bikes";"Rowlett";"TX";"Electra Townie Original 7D - 2015/2016";"Electra";"Comfort Bicycles";2;499.99;0.05;5.0;999.98;49.999;949.981
244;956;"2016-05-28";2016;5;"2016-05";"Baldwin Bikes";"Baldwin";"NY";"Electra Townie Original 7D - 2015/2016";"Electra";"Comfort Bicycles";1;499.99;0.2;20.0;499.99;99.998;399.992
247;928;"2016-05-30";2016;5;"2016-05";"Santa Cruz Bikes";"Santa Cruz";"CA";"Electra Townie Original 7D - 2015/2016";"Electra";"Comfort Bicycles";1;499.99;0.07;7.0;499.99;34.9993;464.9907
266;933;"2016-06-10";2016;6;"2016-06";"Baldwin Bikes";"Baldwin";"NY";"Electra Townie Original 7D - 2015/2016";"Electra";"Comfort Bicycles";1;499.99;0.05;5.0;499.99;24.9995;474.9905
270;879;"2016-06-12";2016;6;"2016-06";"Baldwin Bikes";"Baldwin";"NY";"Electra Townie Original 7D - 2015/2016";"Electra";"Comfort Bicycles";2;499.99;0.2;20.0;999.98;199.996;799.984
274;411;"2016-06-17";2016;6;"2016-06";"Baldwin Bikes";"Baldwin";"NY";"Electra Townie Original 7D - 2015/2016";"Electra";"Comfort Bicycles";2;499.99;0.1;10.0;999.98;99.998;899.982
275;1341;"2016-06-17";2016;6;"2016-06";"Baldwin Bikes";"Baldwin";"NY";"Electra Townie Original 7D - 2015/2016";"Electra";"Comfort Bicycles";1;499.99;0.1;10.0;499.99;49.999;449.991
279;378;"2016-06-21";2016;6;"2016-06";"Baldwin Bikes";"Baldwin";"NY";"Electra Townie Original 7D - 2015/2016";"Electra";"Comfort Bicycles";1;499.99;0.07;7.0;499.99;34.9993;464.9907
280;638;"2016-06-21";2016;6;"2016-06";"Baldwin Bikes";"Baldwin";"NY";"Electra Townie Original 7D - 2015/2016";"Electra";"Comfort Bicycles";1;499.99;0.07;7.0;499.99;34.9993;464.9907
294;732;"2016-07-01";2016;7;"2016-07";"Baldwin Bikes";"Baldwin";"NY";"Electra Townie Original 7D - 2015/2016";"Electra";"Comfort Bicycles";2;499.99;0.2;20.0;999.98;199.996;799.984
296;1245;"2016-07-04";2016;7;"2016-07";"Baldwin Bikes";"Baldwin";"NY";"Electra Townie Original 7D - 2015/2016";"Electra";"Comfort Bicycles";2;499.99;0.07;7.0;999.98;69.9986;929.9814
318;1141;"2016-07-17";2016;7;"2016-07";"Baldwin Bikes";"Baldwin";"NY";"Electra Townie Original 7D - 2015/2016";"Electra";"Comfort Bicycles";2;499.99;0.2;20.0;999.98;199.996;799.984
343;961;"2016-07-31";2016;7;"2016-07";"Baldwin Bikes";"Baldwin";"NY";"Electra Townie Original 7D - 2015/2016";"Electra";"Comfort Bicycles";1;499.99;0.05;5.0;499.99;24.9995;474.9905
360;1300;"2016-08-07";2016;8;"2016-08";"Baldwin Bikes";"Baldwin";"NY";"Electra Townie Original 7D - 2015/2016";"Electra";"Comfort Bicycles";1;499.99;0.1;10.0;499.99;49.999;449.991
364;373;"2016-08-12";2016;8;"2016-08";"Baldwin Bikes";"Baldwin";"NY";"Electra Townie Original 7D - 2015/2016";"Electra";"Comfort Bicycles";2;499.99;0.05;5.0;999.98;49.999;949.981
370;758;"2016-08-15";2016;8;"2016-08";"Baldwin Bikes";"Baldwin";"NY";"Electra Townie Original 7D - 2015/2016";"Electra";"Comfort Bicycles";2;499.99;0.05;5.0;999.98;49.999;949.981
396;542;"2016-08-27";2016;8;"2016-08";"Baldwin Bikes";"Baldwin";"NY";"Electra Townie Original 7D - 2015/2016";"Electra";"Comfort Bicycles";2;499.99;0.05;5.0;999.98;49.999;949.981
398;447;"2016-08-29";2016;8;"2016-08";"Santa Cruz Bikes";"Santa Cruz";"CA";"Electra Townie Original 7D - 2015/2016";"Electra";"Comfort Bicycles";1;499.99;0.2;20.0;499.99;99.998;399.992
399;1001;"2016-08-29";2016;8;"2016-08";"Baldwin Bikes";"Baldwin";"NY";"Electra Townie Original 7D - 2015/2016";"Electra";"Comfort Bicycles";1;499.99;0.05;5.0;499.99;24.9995;474.9905
404;396;"2016-08-31";2016;8;"2016-08";"Baldwin Bikes";"Baldwin";"NY";"Electra Townie Original 7D - 2015/2016";"Electra";"Comfort Bicycles";2;499.99;0.05;5.0;999.98;49.999;949.981
410;1151;"2016-09-01";2016;9;"2016-09";"Baldwin Bikes";"Baldwin";"NY";"Electra Townie Original 7D - 2015/2016";"Electra";"Comfort Bicycles";1;499.99;0.1;10.0;499.99;49.999;449.991
413;717;"2016-09-02";2016;9;"2016-09";"Baldwin Bikes";"Baldwin";"NY";"Electra Townie Original 7D - 2015/2016";"Electra";"Comfort Bicycles";1;499.99;0.1;10.0;499.99;49.999;449.991
454;988;"2016-09-23";2016;9;"2016-09";"Baldwin Bikes";"Baldwin";"NY";"Electra Townie Original 7D - 2015/2016";"Electra";"Comfort Bicycles";2;499.99;0.07;7.0;999.98;69.9986;929.9814
465;1198;"2016-09-28";2016;9;"2016-09";"Baldwin Bikes";"Baldwin";"NY";"Electra Townie Original 7D - 2015/2016";"Electra";"Comfort Bicycles";2;499.99;0.1;10.0;999.98;99.998;899.982
468;1261;"2016-09-29";2016;9;"2016-09";"Santa Cruz Bikes";"Santa Cruz";"CA";"Electra Townie Original 7D - 2015/2016";"Electra";"Comfort Bicycles";1;499.99;0.1;10.0;499.99;49.999;449.991
475;241;"2016-10-01";2016;10;"2016-10";"Baldwin Bikes";"Baldwin";"NY";"Electra Townie Original 7D - 2015/2016";"Electra";"Comfort Bicycles";1;499.99;0.2;20.0;499.99;99.998;399.992
497;785;"2016-10-10";2016;10;"2016-10";"Baldwin Bikes";"Baldwin";"NY";"Electra Townie Original 7D - 2015/2016";"Electra";"Comfort Bicycles";2;499.99;0.07;7.0;999.98;69.9986;929.9814
506;831;"2016-10-14";2016;10;"2016-10";"Baldwin Bikes";"Baldwin";"NY";"Electra Townie Original 7D - 2015/2016";"Electra";"Comfort Bicycles";1;499.99;0.1;10.0;499.99;49.999;449.991
508;1359;"2016-10-15";2016;10;"2016-10";"Baldwin Bikes";"Baldwin";"NY";"Electra Townie Original 7D - 2015/2016";"Electra";"Comfort Bicycles";1;499.99;0.07;7.0;499.99;34.9993;464.9907
515;986;"2016-10-19";2016;10;"2016-10";"Baldwin Bikes";"Baldwin";"NY";"Electra Townie Original 7D - 2015/2016";"Electra";"Comfort Bicycles";2;499.99;0.07;7.0;999.98;69.9986;929.9814
518;1374;"2016-10-22";2016;10;"2016-10";"Santa Cruz Bikes";"Santa Cruz";"CA";"Electra Townie Original 7D - 2015/2016";"Electra";"Comfort Bicycles";2;499.99;0.05;5.0;999.98;49.999;949.981
531;116;"2016-10-28";2016;10;"2016-10";"Rowlett Bikes";"Rowlett";"TX";"Electra Townie Original 7D - 2015/2016";"Electra";"Comfort Bicycles";1;499.99;0.07;7.0;499.99;34.9993;464.9907
533;1334;"2016-10-29";2016;10;"2016-10";"Baldwin Bikes";"Baldwin";"NY";"Electra Townie Original 7D - 2015/2016";"Electra";"Comfort Bicycles";1;499.99;0.05;5.0;499.99;24.9995;474.9905
537;1353;"2016-10-31";2016;10;"2016-10";"Santa Cruz Bikes";"Santa Cruz";"CA";"Electra Townie Original 7D - 2015/2016";"Electra";"Comfort Bicycles";2;499.99;0.2;20.0;999.98;199.996;799.984
543;62;"2016-11-06";2016;11;"2016-11";"Baldwin Bikes";"Baldwin";"NY";"Electra Townie Original 7D - 2015/2016";"Electra";"Comfort Bicycles";1;499.99;0.2;20.0;499.99;99.998;399.992
545;1108;"2016-11-08";2016;11;"2016-11";"Rowlett Bikes";"Rowlett";"TX";"Electra Townie Original 7D - 2015/2016";"Electra";"Comfort Bicycles";2;499.99;0.2;20.0;999.98;199.996;799.984
562;942;"2016-11-19";2016;11;"2016-11";"Baldwin Bikes";"Baldwin";"NY";"Electra Townie Original 7D - 2015/2016";"Electra";"Comfort Bicycles";2;499.99;0.07;7.0;999.98;69.9986;929.9814
565;894;"2016-11-21";2016;11;"2016-11";"Baldwin Bikes";"Baldwin";"NY";"Electra Townie Original 7D - 2015/2016";"Electra";"Comfort Bicycles";2;499.99;0.1;10.0;999.98;99.998;899.982
578;819;"2016-11-27";2016;11;"2016-11";"Baldwin Bikes";"Baldwin";"NY";"Electra Townie Original 7D - 2015/2016";"Electra";"Comfort Bicycles";2;499.99;0.2;20.0;999.98;199.996;799.984
591;1211;"2016-12-06";2016;12;"2016-12";"Baldwin Bikes";"Baldwin";"NY";"Electra Townie Original 7D - 2015/2016";"Electra";"Comfort Bicycles";2;499.99;0.05;5.0;999.98;49.999;949.981
593;50;"2016-12-07";2016;12;"2016-12";"Rowlett Bikes";"Rowlett";"TX";"Electra Townie Original 7D - 2015/2016";"Electra";"Comfort Bicycles";1;499.99;0.07;7.0;499.99;34.9993;464.9907
605;1208;"2016-12-10";2016;12;"2016-12";"Baldwin Bikes";"Baldwin";"NY";"Electra Townie Original 7D - 2015/2016";"Electra";"Comfort Bicycles";2;499.99;0.05;5.0;999.98;49.999;949.981
619;454;"2016-12-22";2016;12;"2016-12";"Baldwin Bikes";"Baldwin";"NY";"Electra Townie Original 7D - 2015/2016";"Electra";"Comfort Bicycles";1;499.99;0.07;7.0;499.99;34.9993;464.9907
622;1398;"2016-12-23";2016;12;"2016-12";"Baldwin Bikes";"Baldwin";"NY";"Electra Townie Original 7D - 2015/2016";"Electra";"Comfort Bicycles";1;499.99;0.07;7.0;499.99;34.9993;464.9907
630;1404;"2016-12-26";2016;12;"2016-12";"Baldwin Bikes";"Baldwin";"NY";"Electra Townie Original 7D - 2015/2016";"Electra";"Comfort Bicycles";1;499.99;0.1;10.0;499.99;49.999;449.991
632;163;"2016-12-27";2016;12;"2016-12";"Baldwin Bikes";"Baldwin";"NY";"Electra Townie Original 7D - 2015/2016";"Electra";"Comfort Bicycles";1;499.99;0.2;20.0;499.99;99.998;399.992
647;283;"2017-01-09";2017;1;"2017-01";"Baldwin Bikes";"Baldwin";"NY";"Electra Townie Original 7D - 2015/2016";"Electra";"Comfort Bicycles";2;499.99;0.07;7.0;999.98;69.9986;929.9814
665;29;"2017-01-21";2017;1;"2017-01";"Baldwin Bikes";"Baldwin";"NY";"Electra Townie Original 7D - 2015/2016";"Electra";"Comfort Bicycles";2;499.99;0.05;5.0;999.98;49.999;949.981
702;1352;"2017-02-08";2017;2;"2017-02";"Santa Cruz Bikes";"Santa Cruz";"CA";"Electra Townie Original 7D - 2015/2016";"Electra";"Comfort Bicycles";2;499.99;0.05;5.0;999.98;49.999;949.981
738;124;"2017-02-28";2017;2;"2017-02";"Santa Cruz Bikes";"Santa Cruz";"CA";"Electra Townie Original 7D - 2015/2016";"Electra";"Comfort Bicycles";1;499.99;0.1;10.0;499.99;49.999;449.991
765;1152;"2017-03-09";2017;3;"2017-03";"Santa Cruz Bikes";"Santa Cruz";"CA";"Electra Townie Original 7D - 2015/2016";"Electra";"Comfort Bicycles";1;499.99;0.2;20.0;499.99;99.998;399.992
785;794;"2017-03-18";2017;3;"2017-03";"Santa Cruz Bikes";"Santa Cruz";"CA";"Electra Townie Original 7D - 2015/2016";"Electra";"Comfort Bicycles";1;499.99;0.07;7.0;499.99;34.9993;464.9907
791;432;"2017-03-20";2017;3;"2017-03";"Baldwin Bikes";"Baldwin";"NY";"Electra Townie Original 7D - 2015/2016";"Electra";"Comfort Bicycles";2;499.99;0.07;7.0;999.98;69.9986;929.9814
828;246;"2017-04-09";2017;4;"2017-04";"Baldwin Bikes";"Baldwin";"NY";"Electra Townie Original 7D - 2015/2016";"Electra";"Comfort Bicycles";2;499.99;0.2;20.0;999.98;199.996;799.984
860;473;"2017-04-27";2017;4;"2017-04";"Baldwin Bikes";"Baldwin";"NY";"Electra Townie Original 7D - 2015/2016";"Electra";"Comfort Bicycles";1;499.99;0.2;20.0;499.99;99.998;399.992
941;736;"2017-06-12";2017;6;"2017-06";"Santa Cruz Bikes";"Santa Cruz";"CA";"Electra Townie Original 7D - 2015/2016";"Electra";"Comfort Bicycles";1;499.99;0.1;10.0;499.99;49.999;449.991
943;1025;"2017-06-13";2017;6;"2017-06";"Baldwin Bikes";"Baldwin";"NY";"Electra Townie Original 7D - 2015/2016";"Electra";"Comfort Bicycles";1;499.99;0.2;20.0;499.99;99.998;399.992
978;1123;"2017-06-26";2017;6;"2017-06";"Baldwin Bikes";"Baldwin";"NY";"Electra Townie Original 7D - 2015/2016";"Electra";"Comfort Bicycles";2;499.99;0.2;20.0;999.98;199.996;799.984
1071;602;"2017-08-17";2017;8;"2017-08";"Rowlett Bikes";"Rowlett";"TX";"Electra Townie Original 7D - 2015/2016";"Electra";"Comfort Bicycles";2;499.99;0.2;20.0;999.98;199.996;799.984
1139;1006;"2017-09-21";2017;9;"2017-09";"Santa Cruz Bikes";"Santa Cruz";"CA";"Electra Townie Original 7D - 2015/2016";"Electra";"Comfort Bicycles";2;499.99;0.1;10.0;999.98;99.998;899.982
1237;571;"2017-11-09";2017;11;"2017-11";"Santa Cruz Bikes";"Santa Cruz";"CA";"Electra Townie Original 7D - 2015/2016";"Electra";"Comfort Bicycles";1;499.99;0.07;7.0;499.99;34.9993;464.9907
1253;44;"2017-11-18";2017;11;"2017-11";"Baldwin Bikes";"Baldwin";"NY";"Electra Townie Original 7D - 2015/2016";"Electra";"Comfort Bicycles";2;499.99;0.1;10.0;999.98;99.998;899.982
1271;734;"2017-11-27";2017;11;"2017-11";"Baldwin Bikes";"Baldwin";"NY";"Electra Townie Original 7D - 2015/2016";"Electra";"Comfort Bicycles";2;499.99;0.1;10.0;999.98;99.998;899.982
1296;231;"2017-12-14";2017;12;"2017-12";"Santa Cruz Bikes";"Santa Cruz";"CA";"Electra Townie Original 7D - 2015/2016";"Electra";"Comfort Bicycles";2;499.99;0.05;5.0;999.98;49.999;949.981
1462;1101;"2018-03-22";2018;3;"2018-03";"Baldwin Bikes";"Baldwin";"NY";"Electra Townie Original 7D - 2015/2016";"Electra";"Comfort Bicycles";1;499.99;0.07;7.0;499.99;34.9993;464.9907
1546;91;"2018-04-17";2018;4;"2018-04";"Santa Cruz Bikes";"Santa Cruz";"CA";"Electra Townie Original 7D - 2015/2016";"Electra";"Comfort Bicycles";1;499.99;0.05;5.0;499.99;24.9995;474.9905
5;1324;"2016-01-03";2016;1;"2016-01";"Baldwin Bikes";"Baldwin";"NY";"Electra Townie Original 7D EQ - 2016";"Electra";"Comfort Bicycles";1;599.99;0.07;7.0;599.99;41.9993;557.9907
27;57;"2016-01-19";2016;1;"2016-01";"Baldwin Bikes";"Baldwin";"NY";"Electra Townie Original 7D EQ - 2016";"Electra";"Comfort Bicycles";2;599.99;0.07;7.0;1199.98;83.9986;1115.9814
30;1348;"2016-01-20";2016;1;"2016-01";"Baldwin Bikes";"Baldwin";"NY";"Electra Townie Original 7D EQ - 2016";"Electra";"Comfort Bicycles";1;599.99;0.05;5.0;599.99;29.9995;569.9905
41;979;"2016-01-27";2016;1;"2016-01";"Baldwin Bikes";"Baldwin";"NY";"Electra Townie Original 7D EQ - 2016";"Electra";"Comfort Bicycles";2;599.99;0.2;20.0;1199.98;239.996;959.984
50;872;"2016-01-31";2016;1;"2016-01";"Rowlett Bikes";"Rowlett";"TX";"Electra Townie Original 7D EQ - 2016";"Electra";"Comfort Bicycles";2;599.99;0.07;7.0;1199.98;83.9986;1115.9814
51;1047;"2016-02-01";2016;2;"2016-02";"Baldwin Bikes";"Baldwin";"NY";"Electra Townie Original 7D EQ - 2016";"Electra";"Comfort Bicycles";2;599.99;0.2;20.0;1199.98;239.996;959.984
54;535;"2016-02-04";2016;2;"2016-02";"Baldwin Bikes";"Baldwin";"NY";"Electra Townie Original 7D EQ - 2016";"Electra";"Comfort Bicycles";2;599.99;0.2;20.0;1199.98;239.996;959.984
71;797;"2016-02-11";2016;2;"2016-02";"Baldwin Bikes";"Baldwin";"NY";"Electra Townie Original 7D EQ - 2016";"Electra";"Comfort Bicycles";2;599.99;0.05;5.0;1199.98;59.999;1139.981
73;612;"2016-02-12";2016;2;"2016-02";"Baldwin Bikes";"Baldwin";"NY";"Electra Townie Original 7D EQ - 2016";"Electra";"Comfort Bicycles";2;599.99;0.05;5.0;1199.98;59.999;1139.981
77;385;"2016-02-16";2016;2;"2016-02";"Santa Cruz Bikes";"Santa Cruz";"CA";"Electra Townie Original 7D EQ - 2016";"Electra";"Comfort Bicycles";1;599.99;0.2;20.0;599.99;119.998;479.992
80;397;"2016-02-17";2016;2;"2016-02";"Baldwin Bikes";"Baldwin";"NY";"Electra Townie Original 7D EQ - 2016";"Electra";"Comfort Bicycles";1;599.99;0.1;10.0;599.99;59.999;539.991
96;1094;"2016-02-27";2016;2;"2016-02";"Baldwin Bikes";"Baldwin";"NY";"Electra Townie Original 7D EQ - 2016";"Electra";"Comfort Bicycles";1;599.99;0.1;10.0;599.99;59.999;539.991
104;7;"2016-03-03";2016;3;"2016-03";"Baldwin Bikes";"Baldwin";"NY";"Electra Townie Original 7D EQ - 2016";"Electra";"Comfort Bicycles";1;599.99;0.05;5.0;599.99;29.9995;569.9905
116;471;"2016-03-10";2016;3;"2016-03";"Baldwin Bikes";"Baldwin";"NY";"Electra Townie Original 7D EQ - 2016";"Electra";"Comfort Bicycles";1;599.99;0.05;5.0;599.99;29.9995;569.9905
117;740;"2016-03-10";2016;3;"2016-03";"Baldwin Bikes";"Baldwin";"NY";"Electra Townie Original 7D EQ - 2016";"Electra";"Comfort Bicycles";1;599.99;0.05;5.0;599.99;29.9995;569.9905
130;1049;"2016-03-19";2016;3;"2016-03";"Baldwin Bikes";"Baldwin";"NY";"Electra Townie Original 7D EQ - 2016";"Electra";"Comfort Bicycles";1;599.99;0.05;5.0;599.99;29.9995;569.9905
147;55;"2016-03-28";2016;3;"2016-03";"Baldwin Bikes";"Baldwin";"NY";"Electra Townie Original 7D EQ - 2016";"Electra";"Comfort Bicycles";2;599.99;0.2;20.0;1199.98;239.996;959.984
151;926;"2016-03-29";2016;3;"2016-03";"Santa Cruz Bikes";"Santa Cruz";"CA";"Electra Townie Original 7D EQ - 2016";"Electra";"Comfort Bicycles";1;599.99;0.1;10.0;599.99;59.999;539.991
179;616;"2016-04-17";2016;4;"2016-04";"Baldwin Bikes";"Baldwin";"NY";"Electra Townie Original 7D EQ - 2016";"Electra";"Comfort Bicycles";1;599.99;0.1;10.0;599.99;59.999;539.991
203;1102;"2016-05-03";2016;5;"2016-05";"Rowlett Bikes";"Rowlett";"TX";"Electra Townie Original 7D EQ - 2016";"Electra";"Comfort Bicycles";1;599.99;0.05;5.0;599.99;29.9995;569.9905
219;1338;"2016-05-12";2016;5;"2016-05";"Baldwin Bikes";"Baldwin";"NY";"Electra Townie Original 7D EQ - 2016";"Electra";"Comfort Bicycles";1;599.99;0.05;5.0;599.99;29.9995;569.9905
232;1360;"2016-05-20";2016;5;"2016-05";"Santa Cruz Bikes";"Santa Cruz";"CA";"Electra Townie Original 7D EQ - 2016";"Electra";"Comfort Bicycles";2;599.99;0.07;7.0;1199.98;83.9986;1115.9814
237;1351;"2016-05-25";2016;5;"2016-05";"Baldwin Bikes";"Baldwin";"NY";"Electra Townie Original 7D EQ - 2016";"Electra";"Comfort Bicycles";1;599.99;0.05;5.0;599.99;29.9995;569.9905
248;1376;"2016-05-30";2016;5;"2016-05";"Baldwin Bikes";"Baldwin";"NY";"Electra Townie Original 7D EQ - 2016";"Electra";"Comfort Bicycles";2;599.99;0.1;10.0;1199.98;119.998;1079.982
259;413;"2016-06-06";2016;6;"2016-06";"Baldwin Bikes";"Baldwin";"NY";"Electra Townie Original 7D EQ - 2016";"Electra";"Comfort Bicycles";1;599.99;0.05;5.0;599.99;29.9995;569.9905
280;638;"2016-06-21";2016;6;"2016-06";"Baldwin Bikes";"Baldwin";"NY";"Electra Townie Original 7D EQ - 2016";"Electra";"Comfort Bicycles";2;599.99;0.07;7.0;1199.98;83.9986;1115.9814
286;59;"2016-06-25";2016;6;"2016-06";"Baldwin Bikes";"Baldwin";"NY";"Electra Townie Original 7D EQ - 2016";"Electra";"Comfort Bicycles";2;599.99;0.2;20.0;1199.98;239.996;959.984
321;568;"2016-07-19";2016;7;"2016-07";"Baldwin Bikes";"Baldwin";"NY";"Electra Townie Original 7D EQ - 2016";"Electra";"Comfort Bicycles";1;599.99;0.2;20.0;599.99;119.998;479.992
323;1243;"2016-07-19";2016;7;"2016-07";"Baldwin Bikes";"Baldwin";"NY";"Electra Townie Original 7D EQ - 2016";"Electra";"Comfort Bicycles";2;599.99;0.1;10.0;1199.98;119.998;1079.982
329;274;"2016-07-24";2016;7;"2016-07";"Baldwin Bikes";"Baldwin";"NY";"Electra Townie Original 7D EQ - 2016";"Electra";"Comfort Bicycles";2;599.99;0.05;5.0;1199.98;59.999;1139.981
342;806;"2016-07-31";2016;7;"2016-07";"Baldwin Bikes";"Baldwin";"NY";"Electra Townie Original 7D EQ - 2016";"Electra";"Comfort Bicycles";1;599.99;0.07;7.0;599.99;41.9993;557.9907
360;1300;"2016-08-07";2016;8;"2016-08";"Baldwin Bikes";"Baldwin";"NY";"Electra Townie Original 7D EQ - 2016";"Electra";"Comfort Bicycles";1;599.99;0.05;5.0;599.99;29.9995;569.9905
367;527;"2016-08-14";2016;8;"2016-08";"Baldwin Bikes";"Baldwin";"NY";"Electra Townie Original 7D EQ - 2016";"Electra";"Comfort Bicycles";2;599.99;0.1;10.0;1199.98;119.998;1079.982
378;475;"2016-08-17";2016;8;"2016-08";"Rowlett Bikes";"Rowlett";"TX";"Electra Townie Original 7D EQ - 2016";"Electra";"Comfort Bicycles";2;599.99;0.05;5.0;1199.98;59.999;1139.981
385;1274;"2016-08-20";2016;8;"2016-08";"Baldwin Bikes";"Baldwin";"NY";"Electra Townie Original 7D EQ - 2016";"Electra";"Comfort Bicycles";2;599.99;0.05;5.0;1199.98;59.999;1139.981
402;1335;"2016-08-30";2016;8;"2016-08";"Baldwin Bikes";"Baldwin";"NY";"Electra Townie Original 7D EQ - 2016";"Electra";"Comfort Bicycles";1;599.99;0.05;5.0;599.99;29.9995;569.9905
411;261;"2016-09-02";2016;9;"2016-09";"Santa Cruz Bikes";"Santa Cruz";"CA";"Electra Townie Original 7D EQ - 2016";"Electra";"Comfort Bicycles";2;599.99;0.05;5.0;1199.98;59.999;1139.981
417;359;"2016-09-04";2016;9;"2016-09";"Santa Cruz Bikes";"Santa Cruz";"CA";"Electra Townie Original 7D EQ - 2016";"Electra";"Comfort Bicycles";2;599.99;0.07;7.0;1199.98;83.9986;1115.9814
427;434;"2016-09-09";2016;9;"2016-09";"Santa Cruz Bikes";"Santa Cruz";"CA";"Electra Townie Original 7D EQ - 2016";"Electra";"Comfort Bicycles";2;599.99;0.07;7.0;1199.98;83.9986;1115.9814
442;667;"2016-09-18";2016;9;"2016-09";"Baldwin Bikes";"Baldwin";"NY";"Electra Townie Original 7D EQ - 2016";"Electra";"Comfort Bicycles";2;599.99;0.2;20.0;1199.98;239.996;959.984
443;1371;"2016-09-18";2016;9;"2016-09";"Baldwin Bikes";"Baldwin";"NY";"Electra Townie Original 7D EQ - 2016";"Electra";"Comfort Bicycles";1;599.99;0.2;20.0;599.99;119.998;479.992
449;492;"2016-09-21";2016;9;"2016-09";"Baldwin Bikes";"Baldwin";"NY";"Electra Townie Original 7D EQ - 2016";"Electra";"Comfort Bicycles";2;599.99;0.2;20.0;1199.98;239.996;959.984
473;549;"2016-09-30";2016;9;"2016-09";"Baldwin Bikes";"Baldwin";"NY";"Electra Townie Original 7D EQ - 2016";"Electra";"Comfort Bicycles";1;599.99;0.07;7.0;599.99;41.9993;557.9907
475;241;"2016-10-01";2016;10;"2016-10";"Baldwin Bikes";"Baldwin";"NY";"Electra Townie Original 7D EQ - 2016";"Electra";"Comfort Bicycles";2;599.99;0.2;20.0;1199.98;239.996;959.984
479;984;"2016-10-03";2016;10;"2016-10";"Baldwin Bikes";"Baldwin";"NY";"Electra Townie Original 7D EQ - 2016";"Electra";"Comfort Bicycles";1;599.99;0.07;7.0;599.99;41.9993;557.9907
485;465;"2016-10-06";2016;10;"2016-10";"Baldwin Bikes";"Baldwin";"NY";"Electra Townie Original 7D EQ - 2016";"Electra";"Comfort Bicycles";2;599.99;0.05;5.0;1199.98;59.999;1139.981
492;191;"2016-10-09";2016;10;"2016-10";"Santa Cruz Bikes";"Santa Cruz";"CA";"Electra Townie Original 7D EQ - 2016";"Electra";"Comfort Bicycles";1;599.99;0.05;5.0;599.99;29.9995;569.9905
493;796;"2016-10-09";2016;10;"2016-10";"Santa Cruz Bikes";"Santa Cruz";"CA";"Electra Townie Original 7D EQ - 2016";"Electra";"Comfort Bicycles";1;599.99;0.05;5.0;599.99;29.9995;569.9905
505;721;"2016-10-14";2016;10;"2016-10";"Baldwin Bikes";"Baldwin";"NY";"Electra Townie Original 7D EQ - 2016";"Electra";"Comfort Bicycles";1;599.99;0.2;20.0;599.99;119.998;479.992
520;639;"2016-10-23";2016;10;"2016-10";"Baldwin Bikes";"Baldwin";"NY";"Electra Townie Original 7D EQ - 2016";"Electra";"Comfort Bicycles";1;599.99;0.1;10.0;599.99;59.999;539.991
524;569;"2016-10-25";2016;10;"2016-10";"Santa Cruz Bikes";"Santa Cruz";"CA";"Electra Townie Original 7D EQ - 2016";"Electra";"Comfort Bicycles";1;599.99;0.05;5.0;599.99;29.9995;569.9905
537;1353;"2016-10-31";2016;10;"2016-10";"Santa Cruz Bikes";"Santa Cruz";"CA";"Electra Townie Original 7D EQ - 2016";"Electra";"Comfort Bicycles";1;599.99;0.05;5.0;599.99;29.9995;569.9905
540;1429;"2016-11-03";2016;11;"2016-11";"Santa Cruz Bikes";"Santa Cruz";"CA";"Electra Townie Original 7D EQ - 2016";"Electra";"Comfort Bicycles";2;599.99;0.1;10.0;1199.98;119.998;1079.982
543;62;"2016-11-06";2016;11;"2016-11";"Baldwin Bikes";"Baldwin";"NY";"Electra Townie Original 7D EQ - 2016";"Electra";"Comfort Bicycles";2;599.99;0.05;5.0;1199.98;59.999;1139.981
551;1169;"2016-11-12";2016;11;"2016-11";"Baldwin Bikes";"Baldwin";"NY";"Electra Townie Original 7D EQ - 2016";"Electra";"Comfort Bicycles";1;599.99;0.07;7.0;599.99;41.9993;557.9907
560;1405;"2016-11-18";2016;11;"2016-11";"Baldwin Bikes";"Baldwin";"NY";"Electra Townie Original 7D EQ - 2016";"Electra";"Comfort Bicycles";2;599.99;0.1;10.0;1199.98;119.998;1079.982
562;942;"2016-11-19";2016;11;"2016-11";"Baldwin Bikes";"Baldwin";"NY";"Electra Townie Original 7D EQ - 2016";"Electra";"Comfort Bicycles";1;599.99;0.05;5.0;599.99;29.9995;569.9905
574;833;"2016-11-26";2016;11;"2016-11";"Baldwin Bikes";"Baldwin";"NY";"Electra Townie Original 7D EQ - 2016";"Electra";"Comfort Bicycles";1;599.99;0.05;5.0;599.99;29.9995;569.9905
594;1318;"2016-12-07";2016;12;"2016-12";"Rowlett Bikes";"Rowlett";"TX";"Electra Townie Original 7D EQ - 2016";"Electra";"Comfort Bicycles";1;599.99;0.1;10.0;599.99;59.999;539.991
595;538;"2016-12-08";2016;12;"2016-12";"Santa Cruz Bikes";"Santa Cruz";"CA";"Electra Townie Original 7D EQ - 2016";"Electra";"Comfort Bicycles";2;599.99;0.05;5.0;1199.98;59.999;1139.981
600;624;"2016-12-09";2016;12;"2016-12";"Baldwin Bikes";"Baldwin";"NY";"Electra Townie Original 7D EQ - 2016";"Electra";"Comfort Bicycles";2;599.99;0.07;7.0;1199.98;83.9986;1115.9814
607;309;"2016-12-11";2016;12;"2016-12";"Baldwin Bikes";"Baldwin";"NY";"Electra Townie Original 7D EQ - 2016";"Electra";"Comfort Bicycles";2;599.99;0.2;20.0;1199.98;239.996;959.984
610;711;"2016-12-13";2016;12;"2016-12";"Baldwin Bikes";"Baldwin";"NY";"Electra Townie Original 7D EQ - 2016";"Electra";"Comfort Bicycles";1;599.99;0.1;10.0;599.99;59.999;539.991
625;1163;"2016-12-25";2016;12;"2016-12";"Santa Cruz Bikes";"Santa Cruz";"CA";"Electra Townie Original 7D EQ - 2016";"Electra";"Comfort Bicycles";1;599.99;0.07;7.0;599.99;41.9993;557.9907
627;1119;"2016-12-25";2016;12;"2016-12";"Baldwin Bikes";"Baldwin";"NY";"Electra Townie Original 7D EQ - 2016";"Electra";"Comfort Bicycles";1;599.99;0.07;7.0;599.99;41.9993;557.9907
674;733;"2017-01-27";2017;1;"2017-01";"Baldwin Bikes";"Baldwin";"NY";"Electra Townie Original 7D EQ - 2016";"Electra";"Comfort Bicycles";2;599.99;0.2;20.0;1199.98;239.996;959.984
707;79;"2017-02-09";2017;2;"2017-02";"Baldwin Bikes";"Baldwin";"NY";"Electra Townie Original 7D EQ - 2016";"Electra";"Comfort Bicycles";2;599.99;0.1;10.0;1199.98;119.998;1079.982
734;939;"2017-02-26";2017;2;"2017-02";"Rowlett Bikes";"Rowlett";"TX";"Electra Townie Original 7D EQ - 2016";"Electra";"Comfort Bicycles";1;599.99;0.2;20.0;599.99;119.998;479.992
798;619;"2017-03-26";2017;3;"2017-03";"Santa Cruz Bikes";"Santa Cruz";"CA";"Electra Townie Original 7D EQ - 2016";"Electra";"Comfort Bicycles";2;599.99;0.05;5.0;1199.98;59.999;1139.981
809;1222;"2017-03-31";2017;3;"2017-03";"Baldwin Bikes";"Baldwin";"NY";"Electra Townie Original 7D EQ - 2016";"Electra";"Comfort Bicycles";1;599.99;0.2;20.0;599.99;119.998;479.992
813;1203;"2017-04-01";2017;4;"2017-04";"Rowlett Bikes";"Rowlett";"TX";"Electra Townie Original 7D EQ - 2016";"Electra";"Comfort Bicycles";2;599.99;0.07;7.0;1199.98;83.9986;1115.9814
845;662;"2017-04-17";2017;4;"2017-04";"Baldwin Bikes";"Baldwin";"NY";"Electra Townie Original 7D EQ - 2016";"Electra";"Comfort Bicycles";2;599.99;0.05;5.0;1199.98;59.999;1139.981
880;1206;"2017-05-08";2017;5;"2017-05";"Baldwin Bikes";"Baldwin";"NY";"Electra Townie Original 7D EQ - 2016";"Electra";"Comfort Bicycles";1;599.99;0.1;10.0;599.99;59.999;539.991
888;1038;"2017-05-14";2017;5;"2017-05";"Baldwin Bikes";"Baldwin";"NY";"Electra Townie Original 7D EQ - 2016";"Electra";"Comfort Bicycles";2;599.99;0.2;20.0;1199.98;239.996;959.984
900;971;"2017-05-20";2017;5;"2017-05";"Baldwin Bikes";"Baldwin";"NY";"Electra Townie Original 7D EQ - 2016";"Electra";"Comfort Bicycles";2;599.99;0.05;5.0;1199.98;59.999;1139.981
976;1266;"2017-06-25";2017;6;"2017-06";"Rowlett Bikes";"Rowlett";"TX";"Electra Townie Original 7D EQ - 2016";"Electra";"Comfort Bicycles";2;599.99;0.1;10.0;1199.98;119.998;1079.982
986;556;"2017-06-30";2017;6;"2017-06";"Baldwin Bikes";"Baldwin";"NY";"Electra Townie Original 7D EQ - 2016";"Electra";"Comfort Bicycles";2;599.99;0.07;7.0;1199.98;83.9986;1115.9814
998;219;"2017-07-12";2017;7;"2017-07";"Baldwin Bikes";"Baldwin";"NY";"Electra Townie Original 7D EQ - 2016";"Electra";"Comfort Bicycles";2;599.99;0.05;5.0;1199.98;59.999;1139.981
1007;1115;"2017-07-16";2017;7;"2017-07";"Baldwin Bikes";"Baldwin";"NY";"Electra Townie Original 7D EQ - 2016";"Electra";"Comfort Bicycles";1;599.99;0.2;20.0;599.99;119.998;479.992
1033;582;"2017-07-30";2017;7;"2017-07";"Baldwin Bikes";"Baldwin";"NY";"Electra Townie Original 7D EQ - 2016";"Electra";"Comfort Bicycles";1;599.99;0.07;7.0;599.99;41.9993;557.9907
1049;194;"2017-08-09";2017;8;"2017-08";"Santa Cruz Bikes";"Santa Cruz";"CA";"Electra Townie Original 7D EQ - 2016";"Electra";"Comfort Bicycles";1;599.99;0.07;7.0;599.99;41.9993;557.9907
1052;460;"2017-08-10";2017;8;"2017-08";"Baldwin Bikes";"Baldwin";"NY";"Electra Townie Original 7D EQ - 2016";"Electra";"Comfort Bicycles";2;599.99;0.07;7.0;1199.98;83.9986;1115.9814
1053;1439;"2017-08-10";2017;8;"2017-08";"Baldwin Bikes";"Baldwin";"NY";"Electra Townie Original 7D EQ - 2016";"Electra";"Comfort Bicycles";2;599.99;0.2;20.0;1199.98;239.996;959.984
1201;201;"2017-10-23";2017;10;"2017-10";"Baldwin Bikes";"Baldwin";"NY";"Electra Townie Original 7D EQ - 2016";"Electra";"Comfort Bicycles";1;599.99;0.2;20.0;599.99;119.998;479.992
1210;730;"2017-10-26";2017;10;"2017-10";"Rowlett Bikes";"Rowlett";"TX";"Electra Townie Original 7D EQ - 2016";"Electra";"Comfort Bicycles";1;599.99;0.1;10.0;599.99;59.999;539.991
1227;702;"2017-11-04";2017;11;"2017-11";"Baldwin Bikes";"Baldwin";"NY";"Electra Townie Original 7D EQ - 2016";"Electra";"Comfort Bicycles";1;599.99;0.05;5.0;599.99;29.9995;569.9905
1247;426;"2017-11-16";2017;11;"2017-11";"Santa Cruz Bikes";"Santa Cruz";"CA";"Electra Townie Original 7D EQ - 2016";"Electra";"Comfort Bicycles";1;599.99;0.05;5.0;599.99;29.9995;569.9905
1255;375;"2017-11-19";2017;11;"2017-11";"Baldwin Bikes";"Baldwin";"NY";"Electra Townie Original 7D EQ - 2016";"Electra";"Comfort Bicycles";2;599.99;0.05;5.0;1199.98;59.999;1139.981
1315;931;"2017-12-25";2017;12;"2017-12";"Rowlett Bikes";"Rowlett";"TX";"Electra Townie Original 7D EQ - 2016";"Electra";"Comfort Bicycles";1;599.99;0.07;7.0;599.99;41.9993;557.9907
1502;83;"2018-04-06";2018;4;"2018-04";"Baldwin Bikes";"Baldwin";"NY";"Electra Townie Original 7D EQ - 2016";"Electra";"Comfort Bicycles";2;599.99;0.07;7.0;1199.98;83.9986;1115.9814
651;190;"2017-01-11";2017;1;"2017-01";"Baldwin Bikes";"Baldwin";"NY";"Electra Townie Original 7D - 2017";"Electra";"Comfort Bicycles";2;489.99;0.05;5.0;979.98;48.999;930.981
652;985;"2017-01-12";2017;1;"2017-01";"Rowlett Bikes";"Rowlett";"TX";"Electra Townie Original 7D - 2017";"Electra";"Comfort Bicycles";1;489.99;0.1;10.0;489.99;48.999;440.991
662;1125;"2017-01-19";2017;1;"2017-01";"Santa Cruz Bikes";"Santa Cruz";"CA";"Electra Townie Original 7D - 2017";"Electra";"Comfort Bicycles";2;489.99;0.07;7.0;979.98;68.5986;911.3814
721;625;"2017-02-16";2017;2;"2017-02";"Baldwin Bikes";"Baldwin";"NY";"Electra Townie Original 7D - 2017";"Electra";"Comfort Bicycles";1;489.99;0.1;10.0;489.99;48.999;440.991
724;864;"2017-02-19";2017;2;"2017-02";"Baldwin Bikes";"Baldwin";"NY";"Electra Townie Original 7D - 2017";"Electra";"Comfort Bicycles";1;489.99;0.05;5.0;489.99;24.4995;465.4905
733;832;"2017-02-26";2017;2;"2017-02";"Baldwin Bikes";"Baldwin";"NY";"Electra Townie Original 7D - 2017";"Electra";"Comfort Bicycles";2;489.99;0.1;10.0;979.98;97.998;881.982
762;572;"2017-03-08";2017;3;"2017-03";"Baldwin Bikes";"Baldwin";"NY";"Electra Townie Original 7D - 2017";"Electra";"Comfort Bicycles";2;489.99;0.05;5.0;979.98;48.999;930.981
803;1105;"2017-03-28";2017;3;"2017-03";"Rowlett Bikes";"Rowlett";"TX";"Electra Townie Original 7D - 2017";"Electra";"Comfort Bicycles";1;489.99;0.07;7.0;489.99;34.2993;455.6907
815;1251;"2017-04-03";2017;4;"2017-04";"Santa Cruz Bikes";"Santa Cruz";"CA";"Electra Townie Original 7D - 2017";"Electra";"Comfort Bicycles";2;489.99;0.2;20.0;979.98;195.996;783.984
821;1181;"2017-04-05";2017;4;"2017-04";"Baldwin Bikes";"Baldwin";"NY";"Electra Townie Original 7D - 2017";"Electra";"Comfort Bicycles";1;489.99;0.07;7.0;489.99;34.2993;455.6907
906;877;"2017-05-23";2017;5;"2017-05";"Baldwin Bikes";"Baldwin";"NY";"Electra Townie Original 7D - 2017";"Electra";"Comfort Bicycles";2;489.99;0.1;10.0;979.98;97.998;881.982
908;402;"2017-05-25";2017;5;"2017-05";"Baldwin Bikes";"Baldwin";"NY";"Electra Townie Original 7D - 2017";"Electra";"Comfort Bicycles";2;489.99;0.1;10.0;979.98;97.998;881.982
941;736;"2017-06-12";2017;6;"2017-06";"Santa Cruz Bikes";"Santa Cruz";"CA";"Electra Townie Original 7D - 2017";"Electra";"Comfort Bicycles";2;489.99;0.05;5.0;979.98;48.999;930.981
992;723;"2017-07-07";2017;7;"2017-07";"Baldwin Bikes";"Baldwin";"NY";"Electra Townie Original 7D - 2017";"Electra";"Comfort Bicycles";1;489.99;0.1;10.0;489.99;48.999;440.991
1025;1304;"2017-07-23";2017;7;"2017-07";"Baldwin Bikes";"Baldwin";"NY";"Electra Townie Original 7D - 2017";"Electra";"Comfort Bicycles";1;489.99;0.1;10.0;489.99;48.999;440.991
1076;42;"2017-08-19";2017;8;"2017-08";"Baldwin Bikes";"Baldwin";"NY";"Electra Townie Original 7D - 2017";"Electra";"Comfort Bicycles";1;489.99;0.07;7.0;489.99;34.2993;455.6907
1087;675;"2017-08-22";2017;8;"2017-08";"Rowlett Bikes";"Rowlett";"TX";"Electra Townie Original 7D - 2017";"Electra";"Comfort Bicycles";2;489.99;0.07;7.0;979.98;68.5986;911.3814
1189;1090;"2017-10-15";2017;10;"2017-10";"Baldwin Bikes";"Baldwin";"NY";"Electra Townie Original 7D - 2017";"Electra";"Comfort Bicycles";2;489.99;0.1;10.0;979.98;97.998;881.982
1213;669;"2017-10-27";2017;10;"2017-10";"Rowlett Bikes";"Rowlett";"TX";"Electra Townie Original 7D - 2017";"Electra";"Comfort Bicycles";2;489.99;0.1;10.0;979.98;97.998;881.982
1218;1017;"2017-10-30";2017;10;"2017-10";"Santa Cruz Bikes";"Santa Cruz";"CA";"Electra Townie Original 7D - 2017";"Electra";"Comfort Bicycles";2;489.99;0.05;5.0;979.98;48.999;930.981
1304;1409;"2017-12-16";2017;12;"2017-12";"Baldwin Bikes";"Baldwin";"NY";"Electra Townie Original 7D - 2017";"Electra";"Comfort Bicycles";1;489.99;0.2;20.0;489.99;97.998;391.992
1330;761;"2018-01-04";2018;1;"2018-01";"Baldwin Bikes";"Baldwin";"NY";"Electra Townie Original 7D - 2017";"Electra";"Comfort Bicycles";2;489.99;0.05;5.0;979.98;48.999;930.981
1439;463;"2018-03-15";2018;3;"2018-03";"Baldwin Bikes";"Baldwin";"NY";"Electra Townie Original 7D - 2017";"Electra";"Comfort Bicycles";2;489.99;0.05;5.0;979.98;48.999;930.981
1473;302;"2018-03-30";2018;3;"2018-03";"Santa Cruz Bikes";"Santa Cruz";"CA";"Electra Townie Original 7D - 2017";"Electra";"Comfort Bicycles";1;489.99;0.07;7.0;489.99;34.2993;455.6907
1553;30;"2018-04-18";2018;4;"2018-04";"Santa Cruz Bikes";"Santa Cruz";"CA";"Electra Townie Original 7D - 2017";"Electra";"Comfort Bicycles";1;489.99;0.07;7.0;489.99;34.2993;455.6907
1450;296;"2018-03-19";2018;3;"2018-03";"Baldwin Bikes";"Baldwin";"NY";"Electra Townie Original 21D - 2018";"Electra";"Comfort Bicycles";1;559.99;0.2;20.0;559.99;111.998;447.992
1331;1122;"2018-01-05";2018;1;"2018-01";"Baldwin Bikes";"Baldwin";"NY";"Electra Townie Balloon 3i EQ Ladies' - 2018";"Electra";"Comfort Bicycles";1;799.99;0.2;20.0;799.99;159.998;639.992
1353;502;"2018-01-17";2018;1;"2018-01";"Baldwin Bikes";"Baldwin";"NY";"Electra Townie Balloon 3i EQ Ladies' - 2018";"Electra";"Comfort Bicycles";1;799.99;0.2;20.0;799.99;159.998;639.992
1407;18;"2018-02-26";2018;2;"2018-02";"Baldwin Bikes";"Baldwin";"NY";"Electra Townie Balloon 3i EQ Ladies' - 2018";"Electra";"Comfort Bicycles";1;799.99;0.05;5.0;799.99;39.9995;759.9905
1472;114;"2018-03-29";2018;3;"2018-03";"Baldwin Bikes";"Baldwin";"NY";"Electra Townie Balloon 3i EQ Ladies' - 2018";"Electra";"Comfort Bicycles";1;799.99;0.2;20.0;799.99;159.998;639.992
1577;48;"2018-04-23";2018;4;"2018-04";"Baldwin Bikes";"Baldwin";"NY";"Electra Townie Balloon 3i EQ Ladies' - 2018";"Electra";"Comfort Bicycles";2;799.99;0.2;20.0;1599.98;319.996;1279.984
1587;231;"2018-04-26";2018;4;"2018-04";"Santa Cruz Bikes";"Santa Cruz";"CA";"Electra Townie Balloon 3i EQ Ladies' - 2018";"Electra";"Comfort Bicycles";2;799.99;0.07;7.0;1599.98;111.9986;1487.9814
1409;21;"2018-02-26";2018;2;"2018-02";"Rowlett Bikes";"Rowlett";"TX";"Electra Townie Balloon 7i EQ - 2018";"Electra";"Comfort Bicycles";2;899.99;0.07;7.0;1799.98;125.9986;1673.9814
1474;816;"2018-03-30";2018;3;"2018-03";"Santa Cruz Bikes";"Santa Cruz";"CA";"Electra Townie Balloon 7i EQ - 2018";"Electra";"Comfort Bicycles";1;899.99;0.2;20.0;899.99;179.998;719.992
1568;192;"2018-04-21";2018;4;"2018-04";"Santa Cruz Bikes";"Santa Cruz";"CA";"Electra Townie Balloon 7i EQ - 2018";"Electra";"Comfort Bicycles";1;899.99;0.1;10.0;899.99;89.999;809.991
1605;123;"2018-07-01";2018;7;"2018-07";"Rowlett Bikes";"Rowlett";"TX";"Electra Townie Balloon 7i EQ - 2018";"Electra";"Comfort Bicycles";1;899.99;0.1;10.0;899.99;89.999;809.991
1423;1231;"2018-03-06";2018;3;"2018-03";"Santa Cruz Bikes";"Santa Cruz";"CA";"Electra Townie Original 1 - 2018";"Electra";"Comfort Bicycles";1;449.99;0.2;20.0;449.99;89.998;359.992
1491;82;"2018-04-04";2018;4;"2018-04";"Santa Cruz Bikes";"Santa Cruz";"CA";"Electra Townie Original 1 - 2018";"Electra";"Comfort Bicycles";1;449.99;0.05;5.0;449.99;22.4995;427.4905
1496;3;"2018-04-06";2018;4;"2018-04";"Santa Cruz Bikes";"Santa Cruz";"CA";"Electra Townie Original 1 - 2018";"Electra";"Comfort Bicycles";1;449.99;0.05;5.0;449.99;22.4995;427.4905
1503;208;"2018-04-07";2018;4;"2018-04";"Santa Cruz Bikes";"Santa Cruz";"CA";"Electra Townie Original 1 - 2018";"Electra";"Comfort Bicycles";2;449.99;0.05;5.0;899.98;44.999;854.981
1517;97;"2018-04-11";2018;4;"2018-04";"Santa Cruz Bikes";"Santa Cruz";"CA";"Electra Townie Go! 8i - 2017/2018";"Electra";"Comfort Bicycles";2;2599.99;0.07;7.0;5199.98;363.9986;4835.9814
1333;203;"2018-01-06";2018;1;"2018-01";"Rowlett Bikes";"Rowlett";"TX";"Electra Townie Original 21D EQ - 2017/2018";"Electra";"Comfort Bicycles";2;679.99;0.1;10.0;1359.98;135.998;1223.982
1410;1005;"2018-02-27";2018;2;"2018-02";"Baldwin Bikes";"Baldwin";"NY";"Electra Townie Original 21D EQ - 2017/2018";"Electra";"Comfort Bicycles";1;679.99;0.1;10.0;679.99;67.999;611.991
1484;35;"2018-04-02";2018;4;"2018-04";"Baldwin Bikes";"Baldwin";"NY";"Electra Townie Original 21D EQ - 2017/2018";"Electra";"Comfort Bicycles";2;679.99;0.05;5.0;1359.98;67.999;1291.981
1518;175;"2018-04-11";2018;4;"2018-04";"Santa Cruz Bikes";"Santa Cruz";"CA";"Electra Townie Original 21D EQ - 2017/2018";"Electra";"Comfort Bicycles";2;679.99;0.1;10.0;1359.98;135.998;1223.982
1572;14;"2018-04-22";2018;4;"2018-04";"Rowlett Bikes";"Rowlett";"TX";"Electra Townie Original 21D EQ - 2017/2018";"Electra";"Comfort Bicycles";2;679.99;0.2;20.0;1359.98;271.996;1087.984
1350;637;"2018-01-15";2018;1;"2018-01";"Baldwin Bikes";"Baldwin";"NY";"Electra Townie Balloon 3i EQ - 2017/2018";"Electra";"Comfort Bicycles";1;749.99;0.1;10.0;749.99;74.999;674.991
1386;1254;"2018-02-09";2018;2;"2018-02";"Santa Cruz Bikes";"Santa Cruz";"CA";"Electra Townie Balloon 7i EQ Ladies' - 2017/2018";"Electra";"Comfort Bicycles";1;899.99;0.1;10.0;899.99;89.999;809.991
1390;63;"2018-02-12";2018;2;"2018-02";"Baldwin Bikes";"Baldwin";"NY";"Electra Townie Balloon 7i EQ Ladies' - 2017/2018";"Electra";"Comfort Bicycles";1;899.99;0.1;10.0;899.99;89.999;809.991
1475;112;"2018-03-30";2018;3;"2018-03";"Baldwin Bikes";"Baldwin";"NY";"Electra Townie Balloon 7i EQ Ladies' - 2017/2018";"Electra";"Comfort Bicycles";2;899.99;0.05;5.0;1799.98;89.999;1709.981
1538;79;"2018-04-15";2018;4;"2018-04";"Baldwin Bikes";"Baldwin";"NY";"Electra Townie Balloon 7i EQ Ladies' - 2017/2018";"Electra";"Comfort Bicycles";2;899.99;0.05;5.0;1799.98;89.999;1709.981
1361;1084;"2018-01-22";2018;1;"2018-01";"Baldwin Bikes";"Baldwin";"NY";"Electra Townie Balloon 8D EQ - 2016/2017/2018";"Electra";"Comfort Bicycles";2;749.99;0.07;7.0;1499.98;104.9986;1394.9814
1372;1013;"2018-01-29";2018;1;"2018-01";"Baldwin Bikes";"Baldwin";"NY";"Electra Townie Balloon 8D EQ - 2016/2017/2018";"Electra";"Comfort Bicycles";1;749.99;0.07;7.0;749.99;52.4993;697.4907
1411;109;"2018-03-01";2018;3;"2018-03";"Santa Cruz Bikes";"Santa Cruz";"CA";"Electra Townie Balloon 8D EQ Ladies' - 2016/2017/2018";"Electra";"Comfort Bicycles";2;749.99;0.2;20.0;1499.98;299.996;1199.984
1480;27;"2018-04-01";2018;4;"2018-04";"Baldwin Bikes";"Baldwin";"NY";"Electra Townie Balloon 8D EQ Ladies' - 2016/2017/2018";"Electra";"Comfort Bicycles";2;749.99;0.1;10.0;1499.98;149.998;1349.982
1495;86;"2018-04-05";2018;4;"2018-04";"Baldwin Bikes";"Baldwin";"NY";"Electra Townie Balloon 8D EQ Ladies' - 2016/2017/2018";"Electra";"Comfort Bicycles";2;749.99;0.2;20.0;1499.98;299.996;1199.984
1564;46;"2018-04-21";2018;4;"2018-04";"Santa Cruz Bikes";"Santa Cruz";"CA";"Electra Townie Commute 27D - 2018";"Electra";"Comfort Bicycles";1;899.99;0.07;7.0;899.99;62.9993;836.9907
1466;738;"2018-03-26";2018;3;"2018-03";"Santa Cruz Bikes";"Santa Cruz";"CA";"Electra Townie Commute 27D Ladies - 2018";"Electra";"Comfort Bicycles";2;899.99;0.07;7.0;1799.98;125.9986;1673.9814
1515;61;"2018-04-10";2018;4;"2018-04";"Rowlett Bikes";"Rowlett";"TX";"Electra Townie Commute 27D Ladies - 2018";"Electra";"Comfort Bicycles";2;899.99;0.05;5.0;1799.98;89.999;1709.981
1520;66;"2018-04-11";2018;4;"2018-04";"Rowlett Bikes";"Rowlett";"TX";"Electra Townie Commute 27D Ladies - 2018";"Electra";"Comfort Bicycles";2;899.99;0.07;7.0;1799.98;125.9986;1673.9814
1578;93;"2018-04-23";2018;4;"2018-04";"Baldwin Bikes";"Baldwin";"NY";"Electra Townie Commute 27D Ladies - 2018";"Electra";"Comfort Bicycles";1;899.99;0.05;5.0;899.99;44.9995;854.9905
1328;1083;"2018-01-02";2018;1;"2018-01";"Baldwin Bikes";"Baldwin";"NY";"Electra Townie Commute 8D - 2018";"Electra";"Comfort Bicycles";1;749.99;0.1;10.0;749.99;74.999;674.991
1523;8;"2018-04-12";2018;4;"2018-04";"Baldwin Bikes";"Baldwin";"NY";"Electra Townie Commute 8D - 2018";"Electra";"Comfort Bicycles";2;749.99;0.2;20.0;1499.98;299.996;1199.984
1571;80;"2018-04-22";2018;4;"2018-04";"Baldwin Bikes";"Baldwin";"NY";"Electra Townie Commute 8D Ladies' - 2018";"Electra";"Comfort Bicycles";2;699.99;0.1;10.0;1399.98;139.998;1259.982
1355;1010;"2018-01-19";2018;1;"2018-01";"Baldwin Bikes";"Baldwin";"NY";"Electra Townie Original 1 Ladies' - 2018";"Electra";"Comfort Bicycles";2;449.99;0.1;10.0;899.98;89.998;809.982
1524;37;"2018-04-12";2018;4;"2018-04";"Baldwin Bikes";"Baldwin";"NY";"Electra Townie Original 1 Ladies' - 2018";"Electra";"Comfort Bicycles";1;449.99;0.2;20.0;449.99;89.998;359.992
1585;157;"2018-04-26";2018;4;"2018-04";"Santa Cruz Bikes";"Santa Cruz";"CA";"Electra Townie Original 1 Ladies' - 2018";"Electra";"Comfort Bicycles";1;449.99;0.1;10.0;449.99;44.999;404.991
1521;53;"2018-04-12";2018;4;"2018-04";"Santa Cruz Bikes";"Santa Cruz";"CA";"Electra Townie Original 21D EQ Ladies' - 2018";"Electra";"Comfort Bicycles";2;679.99;0.2;20.0;1359.98;271.996;1087.984
1550;39;"2018-04-17";2018;4;"2018-04";"Baldwin Bikes";"Baldwin";"NY";"Electra Townie Original 21D Ladies' - 2018";"Electra";"Comfort Bicycles";2;559.99;0.05;5.0;1119.98;55.999;1063.981
16;552;"2016-01-12";2016;1;"2016-01";"Santa Cruz Bikes";"Santa Cruz";"CA";"Electra Cruiser 1 (24-Inch) - 2016";"Electra";"Children Bicycles";1;269.99;0.05;5.0;269.99;13.4995;256.4905
25;657;"2016-01-18";2016;1;"2016-01";"Baldwin Bikes";"Baldwin";"NY";"Electra Cruiser 1 (24-Inch) - 2016";"Electra";"Children Bicycles";1;269.99;0.1;10.0;269.99;26.999;242.991
26;1280;"2016-01-18";2016;1;"2016-01";"Baldwin Bikes";"Baldwin";"NY";"Electra Cruiser 1 (24-Inch) - 2016";"Electra";"Children Bicycles";2;269.99;0.07;7.0;539.98;37.7986;502.1814
29;437;"2016-01-20";2016;1;"2016-01";"Baldwin Bikes";"Baldwin";"NY";"Electra Cruiser 1 (24-Inch) - 2016";"Electra";"Children Bicycles";2;269.99;0.1;10.0;539.98;53.998;485.982
35;813;"2016-01-22";2016;1;"2016-01";"Baldwin Bikes";"Baldwin";"NY";"Electra Cruiser 1 (24-Inch) - 2016";"Electra";"Children Bicycles";2;269.99;0.07;7.0;539.98;37.7986;502.1814
45;1220;"2016-01-28";2016;1;"2016-01";"Baldwin Bikes";"Baldwin";"NY";"Electra Cruiser 1 (24-Inch) - 2016";"Electra";"Children Bicycles";2;269.99;0.05;5.0;539.98;26.999;512.981
55;1173;"2016-02-04";2016;2;"2016-02";"Baldwin Bikes";"Baldwin";"NY";"Electra Cruiser 1 (24-Inch) - 2016";"Electra";"Children Bicycles";1;269.99;0.05;5.0;269.99;13.4995;256.4905
59;563;"2016-02-05";2016;2;"2016-02";"Baldwin Bikes";"Baldwin";"NY";"Electra Cruiser 1 (24-Inch) - 2016";"Electra";"Children Bicycles";1;269.99;0.05;5.0;269.99;13.4995;256.4905
67;526;"2016-02-09";2016;2;"2016-02";"Rowlett Bikes";"Rowlett";"TX";"Electra Cruiser 1 (24-Inch) - 2016";"Electra";"Children Bicycles";1;269.99;0.2;20.0;269.99;53.998;215.992
86;276;"2016-02-21";2016;2;"2016-02";"Baldwin Bikes";"Baldwin";"NY";"Electra Cruiser 1 (24-Inch) - 2016";"Electra";"Children Bicycles";2;269.99;0.2;20.0;539.98;107.996;431.984
93;1328;"2016-02-26";2016;2;"2016-02";"Santa Cruz Bikes";"Santa Cruz";"CA";"Electra Cruiser 1 (24-Inch) - 2016";"Electra";"Children Bicycles";1;269.99;0.1;10.0;269.99;26.999;242.991
94;929;"2016-02-27";2016;2;"2016-02";"Santa Cruz Bikes";"Santa Cruz";"CA";"Electra Cruiser 1 (24-Inch) - 2016";"Electra";"Children Bicycles";2;269.99;0.07;7.0;539.98;37.7986;502.1814
98;1194;"2016-02-28";2016;2;"2016-02";"Baldwin Bikes";"Baldwin";"NY";"Electra Cruiser 1 (24-Inch) - 2016";"Electra";"Children Bicycles";1;269.99;0.1;10.0;269.99;26.999;242.991
99;1165;"2016-02-29";2016;2;"2016-02";"Rowlett Bikes";"Rowlett";"TX";"Electra Cruiser 1 (24-Inch) - 2016";"Electra";"Children Bicycles";1;269.99;0.2;20.0;269.99;53.998;215.992
140;1264;"2016-03-23";2016;3;"2016-03";"Baldwin Bikes";"Baldwin";"NY";"Electra Cruiser 1 (24-Inch) - 2016";"Electra";"Children Bicycles";1;269.99;0.2;20.0;269.99;53.998;215.992
149;763;"2016-03-28";2016;3;"2016-03";"Baldwin Bikes";"Baldwin";"NY";"Electra Cruiser 1 (24-Inch) - 2016";"Electra";"Children Bicycles";2;269.99;0.07;7.0;539.98;37.7986;502.1814
160;205;"2016-04-04";2016;4;"2016-04";"Baldwin Bikes";"Baldwin";"NY";"Electra Cruiser 1 (24-Inch) - 2016";"Electra";"Children Bicycles";1;269.99;0.07;7.0;269.99;18.8993;251.0907
162;31;"2016-04-06";2016;4;"2016-04";"Santa Cruz Bikes";"Santa Cruz";"CA";"Electra Cruiser 1 (24-Inch) - 2016";"Electra";"Children Bicycles";2;269.99;0.07;7.0;539.98;37.7986;502.1814
175;951;"2016-04-13";2016;4;"2016-04";"Baldwin Bikes";"Baldwin";"NY";"Electra Cruiser 1 (24-Inch) - 2016";"Electra";"Children Bicycles";2;269.99;0.1;10.0;539.98;53.998;485.982
194;558;"2016-04-28";2016;4;"2016-04";"Baldwin Bikes";"Baldwin";"NY";"Electra Cruiser 1 (24-Inch) - 2016";"Electra";"Children Bicycles";2;269.99;0.2;20.0;539.98;107.996;431.984
195;727;"2016-04-28";2016;4;"2016-04";"Baldwin Bikes";"Baldwin";"NY";"Electra Cruiser 1 (24-Inch) - 2016";"Electra";"Children Bicycles";2;269.99;0.1;10.0;539.98;53.998;485.982
214;363;"2016-05-10";2016;5;"2016-05";"Baldwin Bikes";"Baldwin";"NY";"Electra Cruiser 1 (24-Inch) - 2016";"Electra";"Children Bicycles";1;269.99;0.1;10.0;269.99;26.999;242.991
223;1368;"2016-05-15";2016;5;"2016-05";"Baldwin Bikes";"Baldwin";"NY";"Electra Cruiser 1 (24-Inch) - 2016";"Electra";"Children Bicycles";2;269.99;0.1;10.0;539.98;53.998;485.982
225;307;"2016-05-17";2016;5;"2016-05";"Santa Cruz Bikes";"Santa Cruz";"CA";"Electra Cruiser 1 (24-Inch) - 2016";"Electra";"Children Bicycles";1;269.99;0.1;10.0;269.99;26.999;242.991
239;13;"2016-05-27";2016;5;"2016-05";"Rowlett Bikes";"Rowlett";"TX";"Electra Cruiser 1 (24-Inch) - 2016";"Electra";"Children Bicycles";2;269.99;0.05;5.0;539.98;26.999;512.981
255;801;"2016-06-03";2016;6;"2016-06";"Baldwin Bikes";"Baldwin";"NY";"Electra Cruiser 1 (24-Inch) - 2016";"Electra";"Children Bicycles";1;269.99;0.07;7.0;269.99;18.8993;251.0907
256;26;"2016-06-04";2016;6;"2016-06";"Baldwin Bikes";"Baldwin";"NY";"Electra Cruiser 1 (24-Inch) - 2016";"Electra";"Children Bicycles";1;269.99;0.05;5.0;269.99;13.4995;256.4905
267;282;"2016-06-11";2016;6;"2016-06";"Santa Cruz Bikes";"Santa Cruz";"CA";"Electra Cruiser 1 (24-Inch) - 2016";"Electra";"Children Bicycles";1;269.99;0.05;5.0;269.99;13.4995;256.4905
273;1340;"2016-06-16";2016;6;"2016-06";"Baldwin Bikes";"Baldwin";"NY";"Electra Cruiser 1 (24-Inch) - 2016";"Electra";"Children Bicycles";1;269.99;0.1;10.0;269.99;26.999;242.991
286;59;"2016-06-25";2016;6;"2016-06";"Baldwin Bikes";"Baldwin";"NY";"Electra Cruiser 1 (24-Inch) - 2016";"Electra";"Children Bicycles";2;269.99;0.07;7.0;539.98;37.7986;502.1814
290;202;"2016-06-28";2016;6;"2016-06";"Baldwin Bikes";"Baldwin";"NY";"Electra Cruiser 1 (24-Inch) - 2016";"Electra";"Children Bicycles";1;269.99;0.1;10.0;269.99;26.999;242.991
291;158;"2016-06-29";2016;6;"2016-06";"Baldwin Bikes";"Baldwin";"NY";"Electra Cruiser 1 (24-Inch) - 2016";"Electra";"Children Bicycles";2;269.99;0.07;7.0;539.98;37.7986;502.1814
319;941;"2016-07-18";2016;7;"2016-07";"Baldwin Bikes";"Baldwin";"NY";"Electra Cruiser 1 (24-Inch) - 2016";"Electra";"Children Bicycles";1;269.99;0.2;20.0;269.99;53.998;215.992
322;924;"2016-07-19";2016;7;"2016-07";"Baldwin Bikes";"Baldwin";"NY";"Electra Cruiser 1 (24-Inch) - 2016";"Electra";"Children Bicycles";1;269.99;0.07;7.0;269.99;18.8993;251.0907
330;622;"2016-07-24";2016;7;"2016-07";"Baldwin Bikes";"Baldwin";"NY";"Electra Cruiser 1 (24-Inch) - 2016";"Electra";"Children Bicycles";2;269.99;0.05;5.0;539.98;26.999;512.981
335;1193;"2016-07-25";2016;7;"2016-07";"Baldwin Bikes";"Baldwin";"NY";"Electra Cruiser 1 (24-Inch) - 2016";"Electra";"Children Bicycles";1;269.99;0.07;7.0;269.99;18.8993;251.0907
346;584;"2016-08-01";2016;8;"2016-08";"Rowlett Bikes";"Rowlett";"TX";"Electra Cruiser 1 (24-Inch) - 2016";"Electra";"Children Bicycles";1;269.99;0.1;10.0;269.99;26.999;242.991
354;551;"2016-08-03";2016;8;"2016-08";"Rowlett Bikes";"Rowlett";"TX";"Electra Cruiser 1 (24-Inch) - 2016";"Electra";"Children Bicycles";1;269.99;0.2;20.0;269.99;53.998;215.992
357;14;"2016-08-05";2016;8;"2016-08";"Rowlett Bikes";"Rowlett";"TX";"Electra Cruiser 1 (24-Inch) - 2016";"Electra";"Children Bicycles";2;269.99;0.07;7.0;539.98;37.7986;502.1814
358;1042;"2016-08-05";2016;8;"2016-08";"Baldwin Bikes";"Baldwin";"NY";"Electra Cruiser 1 (24-Inch) - 2016";"Electra";"Children Bicycles";2;269.99;0.1;10.0;539.98;53.998;485.982
363;834;"2016-08-11";2016;8;"2016-08";"Rowlett Bikes";"Rowlett";"TX";"Electra Cruiser 1 (24-Inch) - 2016";"Electra";"Children Bicycles";2;269.99;0.1;10.0;539.98;53.998;485.982
366;1054;"2016-08-13";2016;8;"2016-08";"Rowlett Bikes";"Rowlett";"TX";"Electra Cruiser 1 (24-Inch) - 2016";"Electra";"Children Bicycles";1;269.99;0.1;10.0;269.99;26.999;242.991
368;995;"2016-08-14";2016;8;"2016-08";"Baldwin Bikes";"Baldwin";"NY";"Electra Cruiser 1 (24-Inch) - 2016";"Electra";"Children Bicycles";2;269.99;0.1;10.0;539.98;53.998;485.982
375;536;"2016-08-17";2016;8;"2016-08";"Baldwin Bikes";"Baldwin";"NY";"Electra Cruiser 1 (24-Inch) - 2016";"Electra";"Children Bicycles";2;269.99;0.05;5.0;539.98;26.999;512.981
381;1297;"2016-08-19";2016;8;"2016-08";"Baldwin Bikes";"Baldwin";"NY";"Electra Cruiser 1 (24-Inch) - 2016";"Electra";"Children Bicycles";2;269.99;0.07;7.0;539.98;37.7986;502.1814
383;331;"2016-08-20";2016;8;"2016-08";"Baldwin Bikes";"Baldwin";"NY";"Electra Cruiser 1 (24-Inch) - 2016";"Electra";"Children Bicycles";2;269.99;0.05;5.0;539.98;26.999;512.981
384;410;"2016-08-20";2016;8;"2016-08";"Baldwin Bikes";"Baldwin";"NY";"Electra Cruiser 1 (24-Inch) - 2016";"Electra";"Children Bicycles";2;269.99;0.2;20.0;539.98;107.996;431.984
385;1274;"2016-08-20";2016;8;"2016-08";"Baldwin Bikes";"Baldwin";"NY";"Electra Cruiser 1 (24-Inch) - 2016";"Electra";"Children Bicycles";1;269.99;0.07;7.0;269.99;18.8993;251.0907
409;416;"2016-09-01";2016;9;"2016-09";"Baldwin Bikes";"Baldwin";"NY";"Electra Cruiser 1 (24-Inch) - 2016";"Electra";"Children Bicycles";1;269.99;0.05;5.0;269.99;13.4995;256.4905
425;843;"2016-09-08";2016;9;"2016-09";"Baldwin Bikes";"Baldwin";"NY";"Electra Cruiser 1 (24-Inch) - 2016";"Electra";"Children Bicycles";2;269.99;0.07;7.0;539.98;37.7986;502.1814
434;726;"2016-09-13";2016;9;"2016-09";"Baldwin Bikes";"Baldwin";"NY";"Electra Cruiser 1 (24-Inch) - 2016";"Electra";"Children Bicycles";1;269.99;0.05;5.0;269.99;13.4995;256.4905
458;197;"2016-09-25";2016;9;"2016-09";"Baldwin Bikes";"Baldwin";"NY";"Electra Cruiser 1 (24-Inch) - 2016";"Electra";"Children Bicycles";2;269.99;0.07;7.0;539.98;37.7986;502.1814
472;468;"2016-09-30";2016;9;"2016-09";"Baldwin Bikes";"Baldwin";"NY";"Electra Cruiser 1 (24-Inch) - 2016";"Electra";"Children Bicycles";2;269.99;0.1;10.0;539.98;53.998;485.982
478;304;"2016-10-02";2016;10;"2016-10";"Baldwin Bikes";"Baldwin";"NY";"Electra Cruiser 1 (24-Inch) - 2016";"Electra";"Children Bicycles";2;269.99;0.07;7.0;539.98;37.7986;502.1814
479;984;"2016-10-03";2016;10;"2016-10";"Baldwin Bikes";"Baldwin";"NY";"Electra Cruiser 1 (24-Inch) - 2016";"Electra";"Children Bicycles";1;269.99;0.2;20.0;269.99;53.998;215.992
491;1048;"2016-10-08";2016;10;"2016-10";"Santa Cruz Bikes";"Santa Cruz";"CA";"Electra Cruiser 1 (24-Inch) - 2016";"Electra";"Children Bicycles";2;269.99;0.05;5.0;539.98;26.999;512.981
496;193;"2016-10-10";2016;10;"2016-10";"Baldwin Bikes";"Baldwin";"NY";"Electra Cruiser 1 (24-Inch) - 2016";"Electra";"Children Bicycles";2;269.99;0.2;20.0;539.98;107.996;431.984
498;1331;"2016-10-10";2016;10;"2016-10";"Baldwin Bikes";"Baldwin";"NY";"Electra Cruiser 1 (24-Inch) - 2016";"Electra";"Children Bicycles";1;269.99;0.1;10.0;269.99;26.999;242.991
512;8;"2016-10-19";2016;10;"2016-10";"Baldwin Bikes";"Baldwin";"NY";"Electra Cruiser 1 (24-Inch) - 2016";"Electra";"Children Bicycles";1;269.99;0.07;7.0;269.99;18.8993;251.0907
517;613;"2016-10-21";2016;10;"2016-10";"Baldwin Bikes";"Baldwin";"NY";"Electra Cruiser 1 (24-Inch) - 2016";"Electra";"Children Bicycles";2;269.99;0.07;7.0;539.98;37.7986;502.1814
522;724;"2016-10-23";2016;10;"2016-10";"Baldwin Bikes";"Baldwin";"NY";"Electra Cruiser 1 (24-Inch) - 2016";"Electra";"Children Bicycles";1;269.99;0.05;5.0;269.99;13.4995;256.4905
526;1096;"2016-10-26";2016;10;"2016-10";"Baldwin Bikes";"Baldwin";"NY";"Electra Cruiser 1 (24-Inch) - 2016";"Electra";"Children Bicycles";1;269.99;0.05;5.0;269.99;13.4995;256.4905
528;676;"2016-10-28";2016;10;"2016-10";"Baldwin Bikes";"Baldwin";"NY";"Electra Cruiser 1 (24-Inch) - 2016";"Electra";"Children Bicycles";2;269.99;0.05;5.0;539.98;26.999;512.981
534;1406;"2016-10-29";2016;10;"2016-10";"Baldwin Bikes";"Baldwin";"NY";"Electra Cruiser 1 (24-Inch) - 2016";"Electra";"Children Bicycles";2;269.99;0.05;5.0;539.98;26.999;512.981
539;1144;"2016-11-02";2016;11;"2016-11";"Baldwin Bikes";"Baldwin";"NY";"Electra Cruiser 1 (24-Inch) - 2016";"Electra";"Children Bicycles";2;269.99;0.07;7.0;539.98;37.7986;502.1814
544;321;"2016-11-06";2016;11;"2016-11";"Baldwin Bikes";"Baldwin";"NY";"Electra Cruiser 1 (24-Inch) - 2016";"Electra";"Children Bicycles";1;269.99;0.05;5.0;269.99;13.4995;256.4905
558;1443;"2016-11-15";2016;11;"2016-11";"Baldwin Bikes";"Baldwin";"NY";"Electra Cruiser 1 (24-Inch) - 2016";"Electra";"Children Bicycles";2;269.99;0.05;5.0;539.98;26.999;512.981
566;298;"2016-11-22";2016;11;"2016-11";"Santa Cruz Bikes";"Santa Cruz";"CA";"Electra Cruiser 1 (24-Inch) - 2016";"Electra";"Children Bicycles";2;269.99;0.2;20.0;539.98;107.996;431.984
578;819;"2016-11-27";2016;11;"2016-11";"Baldwin Bikes";"Baldwin";"NY";"Electra Cruiser 1 (24-Inch) - 2016";"Electra";"Children Bicycles";1;269.99;0.07;7.0;269.99;18.8993;251.0907
580;581;"2016-11-30";2016;11;"2016-11";"Santa Cruz Bikes";"Santa Cruz";"CA";"Electra Cruiser 1 (24-Inch) - 2016";"Electra";"Children Bicycles";2;269.99;0.2;20.0;539.98;107.996;431.984
587;487;"2016-12-06";2016;12;"2016-12";"Santa Cruz Bikes";"Santa Cruz";"CA";"Electra Cruiser 1 (24-Inch) - 2016";"Electra";"Children Bicycles";1;269.99;0.2;20.0;269.99;53.998;215.992
592;1232;"2016-12-06";2016;12;"2016-12";"Baldwin Bikes";"Baldwin";"NY";"Electra Cruiser 1 (24-Inch) - 2016";"Electra";"Children Bicycles";2;269.99;0.1;10.0;539.98;53.998;485.982
594;1318;"2016-12-07";2016;12;"2016-12";"Rowlett Bikes";"Rowlett";"TX";"Electra Cruiser 1 (24-Inch) - 2016";"Electra";"Children Bicycles";2;269.99;0.05;5.0;539.98;26.999;512.981
614;654;"2016-12-18";2016;12;"2016-12";"Santa Cruz Bikes";"Santa Cruz";"CA";"Electra Cruiser 1 (24-Inch) - 2016";"Electra";"Children Bicycles";1;269.99;0.05;5.0;269.99;13.4995;256.4905
624;814;"2016-12-24";2016;12;"2016-12";"Baldwin Bikes";"Baldwin";"NY";"Electra Cruiser 1 (24-Inch) - 2016";"Electra";"Children Bicycles";2;269.99;0.05;5.0;539.98;26.999;512.981
630;1404;"2016-12-26";2016;12;"2016-12";"Baldwin Bikes";"Baldwin";"NY";"Electra Cruiser 1 (24-Inch) - 2016";"Electra";"Children Bicycles";2;269.99;0.07;7.0;539.98;37.7986;502.1814
645;1199;"2017-01-08";2017;1;"2017-01";"Baldwin Bikes";"Baldwin";"NY";"Electra Cruiser 1 (24-Inch) - 2016";"Electra";"Children Bicycles";2;269.99;0.07;7.0;539.98;37.7986;502.1814
741;119;"2017-02-28";2017;2;"2017-02";"Rowlett Bikes";"Rowlett";"TX";"Electra Cruiser 1 (24-Inch) - 2016";"Electra";"Children Bicycles";2;269.99;0.07;7.0;539.98;37.7986;502.1814
760;1104;"2017-03-07";2017;3;"2017-03";"Baldwin Bikes";"Baldwin";"NY";"Electra Cruiser 1 (24-Inch) - 2016";"Electra";"Children Bicycles";2;269.99;0.07;7.0;539.98;37.7986;502.1814
807;1148;"2017-03-30";2017;3;"2017-03";"Baldwin Bikes";"Baldwin";"NY";"Electra Cruiser 1 (24-Inch) - 2016";"Electra";"Children Bicycles";2;269.99;0.2;20.0;539.98;107.996;431.984
834;890;"2017-04-12";2017;4;"2017-04";"Baldwin Bikes";"Baldwin";"NY";"Electra Cruiser 1 (24-Inch) - 2016";"Electra";"Children Bicycles";1;269.99;0.05;5.0;269.99;13.4995;256.4905
884;871;"2017-05-11";2017;5;"2017-05";"Baldwin Bikes";"Baldwin";"NY";"Electra Cruiser 1 (24-Inch) - 2016";"Electra";"Children Bicycles";2;269.99;0.05;5.0;539.98;26.999;512.981
933;909;"2017-06-07";2017;6;"2017-06";"Baldwin Bikes";"Baldwin";"NY";"Electra Cruiser 1 (24-Inch) - 2016";"Electra";"Children Bicycles";1;269.99;0.2;20.0;269.99;53.998;215.992
981;687;"2017-06-26";2017;6;"2017-06";"Rowlett Bikes";"Rowlett";"TX";"Electra Cruiser 1 (24-Inch) - 2016";"Electra";"Children Bicycles";2;269.99;0.07;7.0;539.98;37.7986;502.1814
1034;895;"2017-07-30";2017;7;"2017-07";"Baldwin Bikes";"Baldwin";"NY";"Electra Cruiser 1 (24-Inch) - 2016";"Electra";"Children Bicycles";1;269.99;0.05;5.0;269.99;13.4995;256.4905
1125;945;"2017-09-14";2017;9;"2017-09";"Baldwin Bikes";"Baldwin";"NY";"Electra Cruiser 1 (24-Inch) - 2016";"Electra";"Children Bicycles";1;269.99;0.1;10.0;269.99;26.999;242.991
1150;1183;"2017-09-28";2017;9;"2017-09";"Baldwin Bikes";"Baldwin";"NY";"Electra Cruiser 1 (24-Inch) - 2016";"Electra";"Children Bicycles";2;269.99;0.1;10.0;539.98;53.998;485.982
1185;960;"2017-10-14";2017;10;"2017-10";"Baldwin Bikes";"Baldwin";"NY";"Electra Cruiser 1 (24-Inch) - 2016";"Electra";"Children Bicycles";1;269.99;0.07;7.0;269.99;18.8993;251.0907
1253;44;"2017-11-18";2017;11;"2017-11";"Baldwin Bikes";"Baldwin";"NY";"Electra Cruiser 1 (24-Inch) - 2016";"Electra";"Children Bicycles";1;269.99;0.07;7.0;269.99;18.8993;251.0907
1336;904;"2018-01-09";2018;1;"2018-01";"Santa Cruz Bikes";"Santa Cruz";"CA";"Electra Cruiser 1 (24-Inch) - 2016";"Electra";"Children Bicycles";2;269.99;0.07;7.0;539.98;37.7986;502.1814
8;1204;"2016-01-04";2016;1;"2016-01";"Baldwin Bikes";"Baldwin";"NY";"Electra Girl's Hawaii 1 (16-inch) - 2015/2016";"Electra";"Children Bicycles";1;269.99;0.05;5.0;269.99;13.4995;256.4905
11;1326;"2016-01-05";2016;1;"2016-01";"Baldwin Bikes";"Baldwin";"NY";"Electra Girl's Hawaii 1 (16-inch) - 2015/2016";"Electra";"Children Bicycles";2;269.99;0.1;10.0;539.98;53.998;485.982
18;541;"2016-01-14";2016;1;"2016-01";"Santa Cruz Bikes";"Santa Cruz";"CA";"Electra Girl's Hawaii 1 (16-inch) - 2015/2016";"Electra";"Children Bicycles";1;269.99;0.05;5.0;269.99;13.4995;256.4905
22;1035;"2016-01-16";2016;1;"2016-01";"Santa Cruz Bikes";"Santa Cruz";"CA";"Electra Girl's Hawaii 1 (16-inch) - 2015/2016";"Electra";"Children Bicycles";1;269.99;0.05;5.0;269.99;13.4995;256.4905
25;657;"2016-01-18";2016;1;"2016-01";"Baldwin Bikes";"Baldwin";"NY";"Electra Girl's Hawaii 1 (16-inch) - 2015/2016";"Electra";"Children Bicycles";1;269.99;0.2;20.0;269.99;53.998;215.992
35;813;"2016-01-22";2016;1;"2016-01";"Baldwin Bikes";"Baldwin";"NY";"Electra Girl's Hawaii 1 (16-inch) - 2015/2016";"Electra";"Children Bicycles";1;269.99;0.07;7.0;269.99;18.8993;251.0907
39;1296;"2016-01-25";2016;1;"2016-01";"Baldwin Bikes";"Baldwin";"NY";"Electra Girl's Hawaii 1 (16-inch) - 2015/2016";"Electra";"Children Bicycles";2;269.99;0.2;20.0;539.98;107.996;431.984
45;1220;"2016-01-28";2016;1;"2016-01";"Baldwin Bikes";"Baldwin";"NY";"Electra Girl's Hawaii 1 (16-inch) - 2015/2016";"Electra";"Children Bicycles";1;269.99;0.07;7.0;269.99;18.8993;251.0907
60;151;"2016-02-06";2016;2;"2016-02";"Santa Cruz Bikes";"Santa Cruz";"CA";"Electra Girl's Hawaii 1 (16-inch) - 2015/2016";"Electra";"Children Bicycles";1;269.99;0.2;20.0;269.99;53.998;215.992
62;208;"2016-02-07";2016;2;"2016-02";"Santa Cruz Bikes";"Santa Cruz";"CA";"Electra Girl's Hawaii 1 (16-inch) - 2015/2016";"Electra";"Children Bicycles";2;269.99;0.1;10.0;539.98;53.998;485.982
64;1185;"2016-02-07";2016;2;"2016-02";"Baldwin Bikes";"Baldwin";"NY";"Electra Girl's Hawaii 1 (16-inch) - 2015/2016";"Electra";"Children Bicycles";2;269.99;0.2;20.0;539.98;107.996;431.984
69;1413;"2016-02-10";2016;2;"2016-02";"Baldwin Bikes";"Baldwin";"NY";"Electra Girl's Hawaii 1 (16-inch) - 2015/2016";"Electra";"Children Bicycles";2;269.99;0.1;10.0;539.98;53.998;485.982
73;612;"2016-02-12";2016;2;"2016-02";"Baldwin Bikes";"Baldwin";"NY";"Electra Girl's Hawaii 1 (16-inch) - 2015/2016";"Electra";"Children Bicycles";1;269.99;0.07;7.0;269.99;18.8993;251.0907
93;1328;"2016-02-26";2016;2;"2016-02";"Santa Cruz Bikes";"Santa Cruz";"CA";"Electra Girl's Hawaii 1 (16-inch) - 2015/2016";"Electra";"Children Bicycles";2;269.99;0.07;7.0;539.98;37.7986;502.1814
98;1194;"2016-02-28";2016;2;"2016-02";"Baldwin Bikes";"Baldwin";"NY";"Electra Girl's Hawaii 1 (16-inch) - 2015/2016";"Electra";"Children Bicycles";2;269.99;0.2;20.0;539.98;107.996;431.984
102;336;"2016-03-02";2016;3;"2016-03";"Baldwin Bikes";"Baldwin";"NY";"Electra Girl's Hawaii 1 (16-inch) - 2015/2016";"Electra";"Children Bicycles";1;269.99;0.07;7.0;269.99;18.8993;251.0907
108;12;"2016-03-06";2016;3;"2016-03";"Baldwin Bikes";"Baldwin";"NY";"Electra Girl's Hawaii 1 (16-inch) - 2015/2016";"Electra";"Children Bicycles";2;269.99;0.07;7.0;539.98;37.7986;502.1814
109;1255;"2016-03-06";2016;3;"2016-03";"Baldwin Bikes";"Baldwin";"NY";"Electra Girl's Hawaii 1 (16-inch) - 2015/2016";"Electra";"Children Bicycles";2;269.99;0.1;10.0;539.98;53.998;485.982
115;1369;"2016-03-09";2016;3;"2016-03";"Baldwin Bikes";"Baldwin";"NY";"Electra Girl's Hawaii 1 (16-inch) - 2015/2016";"Electra";"Children Bicycles";1;269.99;0.2;20.0;269.99;53.998;215.992
117;740;"2016-03-10";2016;3;"2016-03";"Baldwin Bikes";"Baldwin";"NY";"Electra Girl's Hawaii 1 (16-inch) - 2015/2016";"Electra";"Children Bicycles";2;269.99;0.2;20.0;539.98;107.996;431.984
131;316;"2016-03-19";2016;3;"2016-03";"Rowlett Bikes";"Rowlett";"TX";"Electra Girl's Hawaii 1 (16-inch) - 2015/2016";"Electra";"Children Bicycles";2;269.99;0.2;20.0;539.98;107.996;431.984
133;409;"2016-03-20";2016;3;"2016-03";"Baldwin Bikes";"Baldwin";"NY";"Electra Girl's Hawaii 1 (16-inch) - 2015/2016";"Electra";"Children Bicycles";1;269.99;0.2;20.0;269.99;53.998;215.992
137;370;"2016-03-23";2016;3;"2016-03";"Baldwin Bikes";"Baldwin";"NY";"Electra Girl's Hawaii 1 (16-inch) - 2015/2016";"Electra";"Children Bicycles";1;269.99;0.1;10.0;269.99;26.999;242.991
152;76;"2016-03-29";2016;3;"2016-03";"Baldwin Bikes";"Baldwin";"NY";"Electra Girl's Hawaii 1 (16-inch) - 2015/2016";"Electra";"Children Bicycles";2;269.99;0.2;20.0;539.98;107.996;431.984
161;251;"2016-04-04";2016;4;"2016-04";"Baldwin Bikes";"Baldwin";"NY";"Electra Girl's Hawaii 1 (16-inch) - 2015/2016";"Electra";"Children Bicycles";1;269.99;0.05;5.0;269.99;13.4995;256.4905
168;1147;"2016-04-09";2016;4;"2016-04";"Santa Cruz Bikes";"Santa Cruz";"CA";"Electra Girl's Hawaii 1 (16-inch) - 2015/2016";"Electra";"Children Bicycles";2;269.99;0.2;20.0;539.98;107.996;431.984
174;1361;"2016-04-12";2016;4;"2016-04";"Baldwin Bikes";"Baldwin";"NY";"Electra Girl's Hawaii 1 (16-inch) - 2015/2016";"Electra";"Children Bicycles";2;269.99;0.2;20.0;539.98;107.996;431.984
200;1074;"2016-05-01";2016;5;"2016-05";"Baldwin Bikes";"Baldwin";"NY";"Electra Girl's Hawaii 1 (16-inch) - 2015/2016";"Electra";"Children Bicycles";2;269.99;0.07;7.0;539.98;37.7986;502.1814
205;635;"2016-05-04";2016;5;"2016-05";"Baldwin Bikes";"Baldwin";"NY";"Electra Girl's Hawaii 1 (16-inch) - 2015/2016";"Electra";"Children Bicycles";2;269.99;0.05;5.0;539.98;26.999;512.981
216;267;"2016-05-11";2016;5;"2016-05";"Santa Cruz Bikes";"Santa Cruz";"CA";"Electra Girl's Hawaii 1 (16-inch) - 2015/2016";"Electra";"Children Bicycles";2;269.99;0.1;10.0;539.98;53.998;485.982
220;1358;"2016-05-12";2016;5;"2016-05";"Baldwin Bikes";"Baldwin";"NY";"Electra Girl's Hawaii 1 (16-inch) - 2015/2016";"Electra";"Children Bicycles";2;269.99;0.1;10.0;539.98;53.998;485.982
228;615;"2016-05-17";2016;5;"2016-05";"Baldwin Bikes";"Baldwin";"NY";"Electra Girl's Hawaii 1 (16-inch) - 2015/2016";"Electra";"Children Bicycles";1;269.99;0.05;5.0;269.99;13.4995;256.4905
238;1350;"2016-05-26";2016;5;"2016-05";"Baldwin Bikes";"Baldwin";"NY";"Electra Girl's Hawaii 1 (16-inch) - 2015/2016";"Electra";"Children Bicycles";2;269.99;0.05;5.0;539.98;26.999;512.981
244;956;"2016-05-28";2016;5;"2016-05";"Baldwin Bikes";"Baldwin";"NY";"Electra Girl's Hawaii 1 (16-inch) - 2015/2016";"Electra";"Children Bicycles";1;269.99;0.1;10.0;269.99;26.999;242.991
249;145;"2016-06-01";2016;6;"2016-06";"Baldwin Bikes";"Baldwin";"NY";"Electra Girl's Hawaii 1 (16-inch) - 2015/2016";"Electra";"Children Bicycles";1;269.99;0.1;10.0;269.99;26.999;242.991
251;851;"2016-06-01";2016;6;"2016-06";"Baldwin Bikes";"Baldwin";"NY";"Electra Girl's Hawaii 1 (16-inch) - 2015/2016";"Electra";"Children Bicycles";2;269.99;0.05;5.0;539.98;26.999;512.981
267;282;"2016-06-11";2016;6;"2016-06";"Santa Cruz Bikes";"Santa Cruz";"CA";"Electra Girl's Hawaii 1 (16-inch) - 2015/2016";"Electra";"Children Bicycles";2;269.99;0.2;20.0;539.98;107.996;431.984
281;800;"2016-06-21";2016;6;"2016-06";"Baldwin Bikes";"Baldwin";"NY";"Electra Girl's Hawaii 1 (16-inch) - 2015/2016";"Electra";"Children Bicycles";1;269.99;0.07;7.0;269.99;18.8993;251.0907
295;1130;"2016-07-01";2016;7;"2016-07";"Baldwin Bikes";"Baldwin";"NY";"Electra Girl's Hawaii 1 (16-inch) - 2015/2016";"Electra";"Children Bicycles";2;269.99;0.07;7.0;539.98;37.7986;502.1814
298;885;"2016-07-04";2016;7;"2016-07";"Rowlett Bikes";"Rowlett";"TX";"Electra Girl's Hawaii 1 (16-inch) - 2015/2016";"Electra";"Children Bicycles";1;269.99;0.2;20.0;269.99;53.998;215.992
301;17;"2016-07-06";2016;7;"2016-07";"Baldwin Bikes";"Baldwin";"NY";"Electra Girl's Hawaii 1 (16-inch) - 2015/2016";"Electra";"Children Bicycles";1;269.99;0.1;10.0;269.99;26.999;242.991
306;424;"2016-07-09";2016;7;"2016-07";"Baldwin Bikes";"Baldwin";"NY";"Electra Girl's Hawaii 1 (16-inch) - 2015/2016";"Electra";"Children Bicycles";1;269.99;0.07;7.0;269.99;18.8993;251.0907
314;1019;"2016-07-15";2016;7;"2016-07";"Baldwin Bikes";"Baldwin";"NY";"Electra Girl's Hawaii 1 (16-inch) - 2015/2016";"Electra";"Children Bicycles";2;269.99;0.2;20.0;539.98;107.996;431.984
317;795;"2016-07-17";2016;7;"2016-07";"Baldwin Bikes";"Baldwin";"NY";"Electra Girl's Hawaii 1 (16-inch) - 2015/2016";"Electra";"Children Bicycles";1;269.99;0.05;5.0;269.99;13.4995;256.4905
324;480;"2016-07-20";2016;7;"2016-07";"Baldwin Bikes";"Baldwin";"NY";"Electra Girl's Hawaii 1 (16-inch) - 2015/2016";"Electra";"Children Bicycles";2;269.99;0.2;20.0;539.98;107.996;431.984
338;1333;"2016-07-28";2016;7;"2016-07";"Santa Cruz Bikes";"Santa Cruz";"CA";"Electra Girl's Hawaii 1 (16-inch) - 2015/2016";"Electra";"Children Bicycles";1;269.99;0.1;10.0;269.99;26.999;242.991
344;750;"2016-08-01";2016;8;"2016-08";"Baldwin Bikes";"Baldwin";"NY";"Electra Girl's Hawaii 1 (16-inch) - 2015/2016";"Electra";"Children Bicycles";1;269.99;0.05;5.0;269.99;13.4995;256.4905
351;1307;"2016-08-03";2016;8;"2016-08";"Santa Cruz Bikes";"Santa Cruz";"CA";"Electra Girl's Hawaii 1 (16-inch) - 2015/2016";"Electra";"Children Bicycles";2;269.99;0.07;7.0;539.98;37.7986;502.1814
373;337;"2016-08-16";2016;8;"2016-08";"Baldwin Bikes";"Baldwin";"NY";"Electra Girl's Hawaii 1 (16-inch) - 2015/2016";"Electra";"Children Bicycles";1;269.99;0.1;10.0;269.99;26.999;242.991
383;331;"2016-08-20";2016;8;"2016-08";"Baldwin Bikes";"Baldwin";"NY";"Electra Girl's Hawaii 1 (16-inch) - 2015/2016";"Electra";"Children Bicycles";2;269.99;0.05;5.0;539.98;26.999;512.981
403;578;"2016-08-31";2016;8;"2016-08";"Santa Cruz Bikes";"Santa Cruz";"CA";"Electra Girl's Hawaii 1 (16-inch) - 2015/2016";"Electra";"Children Bicycles";2;269.99;0.05;5.0;539.98;26.999;512.981
416;1377;"2016-09-03";2016;9;"2016-09";"Baldwin Bikes";"Baldwin";"NY";"Electra Girl's Hawaii 1 (16-inch) - 2015/2016";"Electra";"Children Bicycles";1;269.99;0.07;7.0;269.99;18.8993;251.0907
424;67;"2016-09-08";2016;9;"2016-09";"Santa Cruz Bikes";"Santa Cruz";"CA";"Electra Girl's Hawaii 1 (16-inch) - 2015/2016";"Electra";"Children Bicycles";1;269.99;0.1;10.0;269.99;26.999;242.991
430;272;"2016-09-11";2016;9;"2016-09";"Baldwin Bikes";"Baldwin";"NY";"Electra Girl's Hawaii 1 (16-inch) - 2015/2016";"Electra";"Children Bicycles";2;269.99;0.1;10.0;539.98;53.998;485.982
435;77;"2016-09-14";2016;9;"2016-09";"Rowlett Bikes";"Rowlett";"TX";"Electra Girl's Hawaii 1 (16-inch) - 2015/2016";"Electra";"Children Bicycles";1;269.99;0.05;5.0;269.99;13.4995;256.4905
438;314;"2016-09-16";2016;9;"2016-09";"Rowlett Bikes";"Rowlett";"TX";"Electra Girl's Hawaii 1 (16-inch) - 2015/2016";"Electra";"Children Bicycles";1;269.99;0.1;10.0;269.99;26.999;242.991
444;30;"2016-09-19";2016;9;"2016-09";"Santa Cruz Bikes";"Santa Cruz";"CA";"Electra Girl's Hawaii 1 (16-inch) - 2015/2016";"Electra";"Children Bicycles";1;269.99;0.07;7.0;269.99;18.8993;251.0907
446;399;"2016-09-19";2016;9;"2016-09";"Baldwin Bikes";"Baldwin";"NY";"Electra Girl's Hawaii 1 (16-inch) - 2015/2016";"Electra";"Children Bicycles";1;269.99;0.2;20.0;269.99;53.998;215.992
460;691;"2016-09-25";2016;9;"2016-09";"Rowlett Bikes";"Rowlett";"TX";"Electra Girl's Hawaii 1 (16-inch) - 2015/2016";"Electra";"Children Bicycles";2;269.99;0.1;10.0;539.98;53.998;485.982
467;555;"2016-09-28";2016;9;"2016-09";"Rowlett Bikes";"Rowlett";"TX";"Electra Girl's Hawaii 1 (16-inch) - 2015/2016";"Electra";"Children Bicycles";2;269.99;0.1;10.0;539.98;53.998;485.982
476;559;"2016-10-01";2016;10;"2016-10";"Baldwin Bikes";"Baldwin";"NY";"Electra Girl's Hawaii 1 (16-inch) - 2015/2016";"Electra";"Children Bicycles";2;269.99;0.07;7.0;539.98;37.7986;502.1814
488;921;"2016-10-06";2016;10;"2016-10";"Baldwin Bikes";"Baldwin";"NY";"Electra Girl's Hawaii 1 (16-inch) - 2015/2016";"Electra";"Children Bicycles";1;269.99;0.05;5.0;269.99;13.4995;256.4905
492;191;"2016-10-09";2016;10;"2016-10";"Santa Cruz Bikes";"Santa Cruz";"CA";"Electra Girl's Hawaii 1 (16-inch) - 2015/2016";"Electra";"Children Bicycles";2;269.99;0.1;10.0;539.98;53.998;485.982
495;712;"2016-10-10";2016;10;"2016-10";"Santa Cruz Bikes";"Santa Cruz";"CA";"Electra Girl's Hawaii 1 (16-inch) - 2015/2016";"Electra";"Children Bicycles";1;269.99;0.2;20.0;269.99;53.998;215.992
511;377;"2016-10-18";2016;10;"2016-10";"Baldwin Bikes";"Baldwin";"NY";"Electra Girl's Hawaii 1 (16-inch) - 2015/2016";"Electra";"Children Bicycles";2;269.99;0.05;5.0;539.98;26.999;512.981
522;724;"2016-10-23";2016;10;"2016-10";"Baldwin Bikes";"Baldwin";"NY";"Electra Girl's Hawaii 1 (16-inch) - 2015/2016";"Electra";"Children Bicycles";2;269.99;0.07;7.0;539.98;37.7986;502.1814
535;835;"2016-10-29";2016;10;"2016-10";"Rowlett Bikes";"Rowlett";"TX";"Electra Girl's Hawaii 1 (16-inch) - 2015/2016";"Electra";"Children Bicycles";2;269.99;0.1;10.0;539.98;53.998;485.982
536;759;"2016-10-31";2016;10;"2016-10";"Santa Cruz Bikes";"Santa Cruz";"CA";"Electra Girl's Hawaii 1 (16-inch) - 2015/2016";"Electra";"Children Bicycles";1;269.99;0.1;10.0;269.99;26.999;242.991
541;1228;"2016-11-04";2016;11;"2016-11";"Santa Cruz Bikes";"Santa Cruz";"CA";"Electra Girl's Hawaii 1 (16-inch) - 2015/2016";"Electra";"Children Bicycles";2;269.99;0.05;5.0;539.98;26.999;512.981
554;104;"2016-11-13";2016;11;"2016-11";"Santa Cruz Bikes";"Santa Cruz";"CA";"Electra Girl's Hawaii 1 (16-inch) - 2015/2016";"Electra";"Children Bicycles";1;269.99;0.05;5.0;269.99;13.4995;256.4905
584;1209;"2016-12-04";2016;12;"2016-12";"Baldwin Bikes";"Baldwin";"NY";"Electra Girl's Hawaii 1 (16-inch) - 2015/2016";"Electra";"Children Bicycles";1;269.99;0.05;5.0;269.99;13.4995;256.4905
599;1;"2016-12-09";2016;12;"2016-12";"Baldwin Bikes";"Baldwin";"NY";"Electra Girl's Hawaii 1 (16-inch) - 2015/2016";"Electra";"Children Bicycles";2;269.99;0.2;20.0;539.98;107.996;431.984
609;896;"2016-12-12";2016;12;"2016-12";"Baldwin Bikes";"Baldwin";"NY";"Electra Girl's Hawaii 1 (16-inch) - 2015/2016";"Electra";"Children Bicycles";2;269.99;0.1;10.0;539.98;53.998;485.982
624;814;"2016-12-24";2016;12;"2016-12";"Baldwin Bikes";"Baldwin";"NY";"Electra Girl's Hawaii 1 (16-inch) - 2015/2016";"Electra";"Children Bicycles";1;269.99;0.07;7.0;269.99;18.8993;251.0907
632;163;"2016-12-27";2016;12;"2016-12";"Baldwin Bikes";"Baldwin";"NY";"Electra Girl's Hawaii 1 (16-inch) - 2015/2016";"Electra";"Children Bicycles";2;269.99;0.1;10.0;539.98;53.998;485.982
656;949;"2017-01-16";2017;1;"2017-01";"Baldwin Bikes";"Baldwin";"NY";"Electra Girl's Hawaii 1 (16-inch) - 2015/2016";"Electra";"Children Bicycles";1;269.99;0.07;7.0;269.99;18.8993;251.0907
661;626;"2017-01-18";2017;1;"2017-01";"Baldwin Bikes";"Baldwin";"NY";"Electra Girl's Hawaii 1 (16-inch) - 2015/2016";"Electra";"Children Bicycles";2;269.99;0.05;5.0;539.98;26.999;512.981
662;1125;"2017-01-19";2017;1;"2017-01";"Santa Cruz Bikes";"Santa Cruz";"CA";"Electra Girl's Hawaii 1 (16-inch) - 2015/2016";"Electra";"Children Bicycles";1;269.99;0.07;7.0;269.99;18.8993;251.0907
722;1399;"2017-02-18";2017;2;"2017-02";"Baldwin Bikes";"Baldwin";"NY";"Electra Girl's Hawaii 1 (16-inch) - 2015/2016";"Electra";"Children Bicycles";2;269.99;0.07;7.0;539.98;37.7986;502.1814
745;698;"2017-03-01";2017;3;"2017-03";"Baldwin Bikes";"Baldwin";"NY";"Electra Girl's Hawaii 1 (16-inch) - 2015/2016";"Electra";"Children Bicycles";2;269.99;0.2;20.0;539.98;107.996;431.984
758;953;"2017-03-06";2017;3;"2017-03";"Rowlett Bikes";"Rowlett";"TX";"Electra Girl's Hawaii 1 (16-inch) - 2015/2016";"Electra";"Children Bicycles";2;269.99;0.07;7.0;539.98;37.7986;502.1814
783;1343;"2017-03-16";2017;3;"2017-03";"Santa Cruz Bikes";"Santa Cruz";"CA";"Electra Girl's Hawaii 1 (16-inch) - 2015/2016";"Electra";"Children Bicycles";2;269.99;0.05;5.0;539.98;26.999;512.981
784;430;"2017-03-16";2017;3;"2017-03";"Baldwin Bikes";"Baldwin";"NY";"Electra Girl's Hawaii 1 (16-inch) - 2015/2016";"Electra";"Children Bicycles";1;269.99;0.07;7.0;269.99;18.8993;251.0907
810;153;"2017-04-01";2017;4;"2017-04";"Rowlett Bikes";"Rowlett";"TX";"Electra Girl's Hawaii 1 (16-inch) - 2015/2016";"Electra";"Children Bicycles";1;269.99;0.2;20.0;269.99;53.998;215.992
841;428;"2017-04-15";2017;4;"2017-04";"Baldwin Bikes";"Baldwin";"NY";"Electra Girl's Hawaii 1 (16-inch) - 2015/2016";"Electra";"Children Bicycles";2;269.99;0.1;10.0;539.98;53.998;485.982
906;877;"2017-05-23";2017;5;"2017-05";"Baldwin Bikes";"Baldwin";"NY";"Electra Girl's Hawaii 1 (16-inch) - 2015/2016";"Electra";"Children Bicycles";2;269.99;0.2;20.0;539.98;107.996;431.984
912;519;"2017-05-27";2017;5;"2017-05";"Santa Cruz Bikes";"Santa Cruz";"CA";"Electra Girl's Hawaii 1 (16-inch) - 2015/2016";"Electra";"Children Bicycles";2;269.99;0.2;20.0;539.98;107.996;431.984
946;525;"2017-06-14";2017;6;"2017-06";"Baldwin Bikes";"Baldwin";"NY";"Electra Girl's Hawaii 1 (16-inch) - 2015/2016";"Electra";"Children Bicycles";2;269.99;0.2;20.0;539.98;107.996;431.984
974;511;"2017-06-24";2017;6;"2017-06";"Rowlett Bikes";"Rowlett";"TX";"Electra Girl's Hawaii 1 (16-inch) - 2015/2016";"Electra";"Children Bicycles";2;269.99;0.2;20.0;539.98;107.996;431.984
982;1423;"2017-06-26";2017;6;"2017-06";"Rowlett Bikes";"Rowlett";"TX";"Electra Girl's Hawaii 1 (16-inch) - 2015/2016";"Electra";"Children Bicycles";2;269.99;0.1;10.0;539.98;53.998;485.982
1148;1379;"2017-09-25";2017;9;"2017-09";"Baldwin Bikes";"Baldwin";"NY";"Electra Girl's Hawaii 1 (16-inch) - 2015/2016";"Electra";"Children Bicycles";1;269.99;0.07;7.0;269.99;18.8993;251.0907
1161;41;"2017-10-01";2017;10;"2017-10";"Baldwin Bikes";"Baldwin";"NY";"Electra Girl's Hawaii 1 (16-inch) - 2015/2016";"Electra";"Children Bicycles";1;269.99;0.2;20.0;269.99;53.998;215.992
1214;783;"2017-10-28";2017;10;"2017-10";"Baldwin Bikes";"Baldwin";"NY";"Electra Girl's Hawaii 1 (16-inch) - 2015/2016";"Electra";"Children Bicycles";1;269.99;0.05;5.0;269.99;13.4995;256.4905
1586;176;"2018-04-26";2018;4;"2018-04";"Santa Cruz Bikes";"Santa Cruz";"CA";"Electra Girl's Hawaii 1 (16-inch) - 2015/2016";"Electra";"Children Bicycles";2;269.99;0.1;10.0;539.98;53.998;485.982
15;450;"2016-01-09";2016;1;"2016-01";"Baldwin Bikes";"Baldwin";"NY";"Electra Girl's Hawaii 1 (20-inch) - 2015/2016";"Electra";"Children Bicycles";2;299.99;0.2;20.0;599.98;119.996;479.984
17;1175;"2016-01-12";2016;1;"2016-01";"Santa Cruz Bikes";"Santa Cruz";"CA";"Electra Girl's Hawaii 1 (20-inch) - 2015/2016";"Electra";"Children Bicycles";1;299.99;0.1;10.0;299.99;29.999;269.991
23;1149;"2016-01-16";2016;1;"2016-01";"Santa Cruz Bikes";"Santa Cruz";"CA";"Electra Girl's Hawaii 1 (20-inch) - 2015/2016";"Electra";"Children Bicycles";2;299.99;0.1;10.0;599.98;59.998;539.982
25;657;"2016-01-18";2016;1;"2016-01";"Baldwin Bikes";"Baldwin";"NY";"Electra Girl's Hawaii 1 (20-inch) - 2015/2016";"Electra";"Children Bicycles";2;299.99;0.2;20.0;599.98;119.996;479.984
33;236;"2016-01-21";2016;1;"2016-01";"Baldwin Bikes";"Baldwin";"NY";"Electra Girl's Hawaii 1 (20-inch) - 2015/2016";"Electra";"Children Bicycles";2;299.99;0.07;7.0;599.98;41.9986;557.9814
38;583;"2016-01-25";2016;1;"2016-01";"Baldwin Bikes";"Baldwin";"NY";"Electra Girl's Hawaii 1 (20-inch) - 2015/2016";"Electra";"Children Bicycles";1;299.99;0.07;7.0;299.99;20.9993;278.9907
53;965;"2016-02-03";2016;2;"2016-02";"Baldwin Bikes";"Baldwin";"NY";"Electra Girl's Hawaii 1 (20-inch) - 2015/2016";"Electra";"Children Bicycles";2;299.99;0.05;5.0;599.98;29.999;569.981
57;1305;"2016-02-04";2016;2;"2016-02";"Baldwin Bikes";"Baldwin";"NY";"Electra Girl's Hawaii 1 (20-inch) - 2015/2016";"Electra";"Children Bicycles";2;299.99;0.1;10.0;599.98;59.998;539.982
58;504;"2016-02-05";2016;2;"2016-02";"Baldwin Bikes";"Baldwin";"NY";"Electra Girl's Hawaii 1 (20-inch) - 2015/2016";"Electra";"Children Bicycles";1;299.99;0.1;10.0;299.99;29.999;269.991
64;1185;"2016-02-07";2016;2;"2016-02";"Baldwin Bikes";"Baldwin";"NY";"Electra Girl's Hawaii 1 (20-inch) - 2015/2016";"Electra";"Children Bicycles";2;299.99;0.2;20.0;599.98;119.996;479.984
66;1253;"2016-02-09";2016;2;"2016-02";"Baldwin Bikes";"Baldwin";"NY";"Electra Girl's Hawaii 1 (20-inch) - 2015/2016";"Electra";"Children Bicycles";1;299.99;0.07;7.0;299.99;20.9993;278.9907
67;526;"2016-02-09";2016;2;"2016-02";"Rowlett Bikes";"Rowlett";"TX";"Electra Girl's Hawaii 1 (20-inch) - 2015/2016";"Electra";"Children Bicycles";2;299.99;0.2;20.0;599.98;119.996;479.984
73;612;"2016-02-12";2016;2;"2016-02";"Baldwin Bikes";"Baldwin";"NY";"Electra Girl's Hawaii 1 (20-inch) - 2015/2016";"Electra";"Children Bicycles";2;299.99;0.2;20.0;599.98;119.996;479.984
81;521;"2016-02-17";2016;2;"2016-02";"Baldwin Bikes";"Baldwin";"NY";"Electra Girl's Hawaii 1 (20-inch) - 2015/2016";"Electra";"Children Bicycles";2;299.99;0.05;5.0;599.98;29.999;569.981
84;317;"2016-02-20";2016;2;"2016-02";"Baldwin Bikes";"Baldwin";"NY";"Electra Girl's Hawaii 1 (20-inch) - 2015/2016";"Electra";"Children Bicycles";2;299.99;0.07;7.0;599.98;41.9986;557.9814
86;276;"2016-02-21";2016;2;"2016-02";"Baldwin Bikes";"Baldwin";"NY";"Electra Girl's Hawaii 1 (20-inch) - 2015/2016";"Electra";"Children Bicycles";2;299.99;0.07;7.0;599.98;41.9986;557.9814
87;516;"2016-02-21";2016;2;"2016-02";"Baldwin Bikes";"Baldwin";"NY";"Electra Girl's Hawaii 1 (20-inch) - 2015/2016";"Electra";"Children Bicycles";2;299.99;0.1;10.0;599.98;59.998;539.982
96;1094;"2016-02-27";2016;2;"2016-02";"Baldwin Bikes";"Baldwin";"NY";"Electra Girl's Hawaii 1 (20-inch) - 2015/2016";"Electra";"Children Bicycles";1;299.99;0.05;5.0;299.99;14.9995;284.9905
99;1165;"2016-02-29";2016;2;"2016-02";"Rowlett Bikes";"Rowlett";"TX";"Electra Girl's Hawaii 1 (20-inch) - 2015/2016";"Electra";"Children Bicycles";2;299.99;0.2;20.0;599.98;119.996;479.984
112;469;"2016-03-08";2016;3;"2016-03";"Baldwin Bikes";"Baldwin";"NY";"Electra Girl's Hawaii 1 (20-inch) - 2015/2016";"Electra";"Children Bicycles";2;299.99;0.2;20.0;599.98;119.996;479.984
113;1078;"2016-03-08";2016;3;"2016-03";"Baldwin Bikes";"Baldwin";"NY";"Electra Girl's Hawaii 1 (20-inch) - 2015/2016";"Electra";"Children Bicycles";1;299.99;0.2;20.0;299.99;59.998;239.992
118;577;"2016-03-12";2016;3;"2016-03";"Santa Cruz Bikes";"Santa Cruz";"CA";"Electra Girl's Hawaii 1 (20-inch) - 2015/2016";"Electra";"Children Bicycles";2;299.99;0.07;7.0;599.98;41.9986;557.9814
137;370;"2016-03-23";2016;3;"2016-03";"Baldwin Bikes";"Baldwin";"NY";"Electra Girl's Hawaii 1 (20-inch) - 2015/2016";"Electra";"Children Bicycles";1;299.99;0.07;7.0;299.99;20.9993;278.9907
165;574;"2016-04-08";2016;4;"2016-04";"Santa Cruz Bikes";"Santa Cruz";"CA";"Electra Girl's Hawaii 1 (20-inch) - 2015/2016";"Electra";"Children Bicycles";1;299.99;0.2;20.0;299.99;59.998;239.992
172;1079;"2016-04-11";2016;4;"2016-04";"Baldwin Bikes";"Baldwin";"NY";"Electra Girl's Hawaii 1 (20-inch) - 2015/2016";"Electra";"Children Bicycles";1;299.99;0.07;7.0;299.99;20.9993;278.9907
191;919;"2016-04-27";2016;4;"2016-04";"Santa Cruz Bikes";"Santa Cruz";"CA";"Electra Girl's Hawaii 1 (20-inch) - 2015/2016";"Electra";"Children Bicycles";1;299.99;0.05;5.0;299.99;14.9995;284.9905
200;1074;"2016-05-01";2016;5;"2016-05";"Baldwin Bikes";"Baldwin";"NY";"Electra Girl's Hawaii 1 (20-inch) - 2015/2016";"Electra";"Children Bicycles";2;299.99;0.05;5.0;599.98;29.999;569.981
228;615;"2016-05-17";2016;5;"2016-05";"Baldwin Bikes";"Baldwin";"NY";"Electra Girl's Hawaii 1 (20-inch) - 2015/2016";"Electra";"Children Bicycles";2;299.99;0.1;10.0;599.98;59.998;539.982
234;1435;"2016-05-22";2016;5;"2016-05";"Baldwin Bikes";"Baldwin";"NY";"Electra Girl's Hawaii 1 (20-inch) - 2015/2016";"Electra";"Children Bicycles";1;299.99;0.1;10.0;299.99;29.999;269.991
251;851;"2016-06-01";2016;6;"2016-06";"Baldwin Bikes";"Baldwin";"NY";"Electra Girl's Hawaii 1 (20-inch) - 2015/2016";"Electra";"Children Bicycles";2;299.99;0.2;20.0;599.98;119.996;479.984
260;632;"2016-06-06";2016;6;"2016-06";"Baldwin Bikes";"Baldwin";"NY";"Electra Girl's Hawaii 1 (20-inch) - 2015/2016";"Electra";"Children Bicycles";2;299.99;0.2;20.0;599.98;119.996;479.984
267;282;"2016-06-11";2016;6;"2016-06";"Santa Cruz Bikes";"Santa Cruz";"CA";"Electra Girl's Hawaii 1 (20-inch) - 2015/2016";"Electra";"Children Bicycles";2;299.99;0.1;10.0;599.98;59.998;539.982
269;764;"2016-06-12";2016;6;"2016-06";"Baldwin Bikes";"Baldwin";"NY";"Electra Girl's Hawaii 1 (20-inch) - 2015/2016";"Electra";"Children Bicycles";2;299.99;0.07;7.0;599.98;41.9986;557.9814
298;885;"2016-07-04";2016;7;"2016-07";"Rowlett Bikes";"Rowlett";"TX";"Electra Girl's Hawaii 1 (20-inch) - 2015/2016";"Electra";"Children Bicycles";1;299.99;0.2;20.0;299.99;59.998;239.992
319;941;"2016-07-18";2016;7;"2016-07";"Baldwin Bikes";"Baldwin";"NY";"Electra Girl's Hawaii 1 (20-inch) - 2015/2016";"Electra";"Children Bicycles";1;299.99;0.05;5.0;299.99;14.9995;284.9905
321;568;"2016-07-19";2016;7;"2016-07";"Baldwin Bikes";"Baldwin";"NY";"Electra Girl's Hawaii 1 (20-inch) - 2015/2016";"Electra";"Children Bicycles";2;299.99;0.2;20.0;599.98;119.996;479.984
326;1337;"2016-07-20";2016;7;"2016-07";"Rowlett Bikes";"Rowlett";"TX";"Electra Girl's Hawaii 1 (20-inch) - 2015/2016";"Electra";"Children Bicycles";1;299.99;0.07;7.0;299.99;20.9993;278.9907
329;274;"2016-07-24";2016;7;"2016-07";"Baldwin Bikes";"Baldwin";"NY";"Electra Girl's Hawaii 1 (20-inch) - 2015/2016";"Electra";"Children Bicycles";1;299.99;0.2;20.0;299.99;59.998;239.992
341;1357;"2016-07-31";2016;7;"2016-07";"Santa Cruz Bikes";"Santa Cruz";"CA";"Electra Girl's Hawaii 1 (20-inch) - 2015/2016";"Electra";"Children Bicycles";2;299.99;0.05;5.0;599.98;29.999;569.981
346;584;"2016-08-01";2016;8;"2016-08";"Rowlett Bikes";"Rowlett";"TX";"Electra Girl's Hawaii 1 (20-inch) - 2015/2016";"Electra";"Children Bicycles";1;299.99;0.2;20.0;299.99;59.998;239.992
347;1004;"2016-08-02";2016;8;"2016-08";"Baldwin Bikes";"Baldwin";"NY";"Electra Girl's Hawaii 1 (20-inch) - 2015/2016";"Electra";"Children Bicycles";1;299.99;0.07;7.0;299.99;20.9993;278.9907
356;1189;"2016-08-04";2016;8;"2016-08";"Baldwin Bikes";"Baldwin";"NY";"Electra Girl's Hawaii 1 (20-inch) - 2015/2016";"Electra";"Children Bicycles";2;299.99;0.05;5.0;599.98;29.999;569.981
376;825;"2016-08-17";2016;8;"2016-08";"Baldwin Bikes";"Baldwin";"NY";"Electra Girl's Hawaii 1 (20-inch) - 2015/2016";"Electra";"Children Bicycles";2;299.99;0.1;10.0;599.98;59.998;539.982
390;576;"2016-08-22";2016;8;"2016-08";"Rowlett Bikes";"Rowlett";"TX";"Electra Girl's Hawaii 1 (20-inch) - 2015/2016";"Electra";"Children Bicycles";1;299.99;0.05;5.0;299.99;14.9995;284.9905
394;522;"2016-08-26";2016;8;"2016-08";"Santa Cruz Bikes";"Santa Cruz";"CA";"Electra Girl's Hawaii 1 (20-inch) - 2015/2016";"Electra";"Children Bicycles";1;299.99;0.05;5.0;299.99;14.9995;284.9905
401;103;"2016-08-30";2016;8;"2016-08";"Baldwin Bikes";"Baldwin";"NY";"Electra Girl's Hawaii 1 (20-inch) - 2015/2016";"Electra";"Children Bicycles";1;299.99;0.2;20.0;299.99;59.998;239.992
415;1265;"2016-09-03";2016;9;"2016-09";"Baldwin Bikes";"Baldwin";"NY";"Electra Girl's Hawaii 1 (20-inch) - 2015/2016";"Electra";"Children Bicycles";2;299.99;0.2;20.0;599.98;119.996;479.984
421;240;"2016-09-05";2016;9;"2016-09";"Santa Cruz Bikes";"Santa Cruz";"CA";"Electra Girl's Hawaii 1 (20-inch) - 2015/2016";"Electra";"Children Bicycles";2;299.99;0.2;20.0;599.98;119.996;479.984
423;1397;"2016-09-06";2016;9;"2016-09";"Baldwin Bikes";"Baldwin";"NY";"Electra Girl's Hawaii 1 (20-inch) - 2015/2016";"Electra";"Children Bicycles";2;299.99;0.07;7.0;599.98;41.9986;557.9814
426;944;"2016-09-08";2016;9;"2016-09";"Baldwin Bikes";"Baldwin";"NY";"Electra Girl's Hawaii 1 (20-inch) - 2015/2016";"Electra";"Children Bicycles";2;299.99;0.05;5.0;599.98;29.999;569.981
436;791;"2016-09-16";2016;9;"2016-09";"Baldwin Bikes";"Baldwin";"NY";"Electra Girl's Hawaii 1 (20-inch) - 2015/2016";"Electra";"Children Bicycles";1;299.99;0.2;20.0;299.99;59.998;239.992
445;362;"2016-09-19";2016;9;"2016-09";"Baldwin Bikes";"Baldwin";"NY";"Electra Girl's Hawaii 1 (20-inch) - 2015/2016";"Electra";"Children Bicycles";1;299.99;0.2;20.0;299.99;59.998;239.992
453;1028;"2016-09-22";2016;9;"2016-09";"Baldwin Bikes";"Baldwin";"NY";"Electra Girl's Hawaii 1 (20-inch) - 2015/2016";"Electra";"Children Bicycles";1;299.99;0.05;5.0;299.99;14.9995;284.9905
456;1061;"2016-09-23";2016;9;"2016-09";"Rowlett Bikes";"Rowlett";"TX";"Electra Girl's Hawaii 1 (20-inch) - 2015/2016";"Electra";"Children Bicycles";1;299.99;0.07;7.0;299.99;20.9993;278.9907
480;686;"2016-10-04";2016;10;"2016-10";"Santa Cruz Bikes";"Santa Cruz";"CA";"Electra Girl's Hawaii 1 (20-inch) - 2015/2016";"Electra";"Children Bicycles";2;299.99;0.07;7.0;599.98;41.9986;557.9814
486;709;"2016-10-06";2016;10;"2016-10";"Baldwin Bikes";"Baldwin";"NY";"Electra Girl's Hawaii 1 (20-inch) - 2015/2016";"Electra";"Children Bicycles";2;299.99;0.05;5.0;599.98;29.999;569.981
488;921;"2016-10-06";2016;10;"2016-10";"Baldwin Bikes";"Baldwin";"NY";"Electra Girl's Hawaii 1 (20-inch) - 2015/2016";"Electra";"Children Bicycles";2;299.99;0.05;5.0;599.98;29.999;569.981
490;876;"2016-10-07";2016;10;"2016-10";"Baldwin Bikes";"Baldwin";"NY";"Electra Girl's Hawaii 1 (20-inch) - 2015/2016";"Electra";"Children Bicycles";1;299.99;0.05;5.0;299.99;14.9995;284.9905
494;875;"2016-10-09";2016;10;"2016-10";"Baldwin Bikes";"Baldwin";"NY";"Electra Girl's Hawaii 1 (20-inch) - 2015/2016";"Electra";"Children Bicycles";1;299.99;0.1;10.0;299.99;29.999;269.991
496;193;"2016-10-10";2016;10;"2016-10";"Baldwin Bikes";"Baldwin";"NY";"Electra Girl's Hawaii 1 (20-inch) - 2015/2016";"Electra";"Children Bicycles";1;299.99;0.2;20.0;299.99;59.998;239.992
501;977;"2016-10-11";2016;10;"2016-10";"Baldwin Bikes";"Baldwin";"NY";"Electra Girl's Hawaii 1 (20-inch) - 2015/2016";"Electra";"Children Bicycles";2;299.99;0.07;7.0;599.98;41.9986;557.9814
509;235;"2016-10-16";2016;10;"2016-10";"Baldwin Bikes";"Baldwin";"NY";"Electra Girl's Hawaii 1 (20-inch) - 2015/2016";"Electra";"Children Bicycles";2;299.99;0.2;20.0;599.98;119.996;479.984
513;155;"2016-10-19";2016;10;"2016-10";"Baldwin Bikes";"Baldwin";"NY";"Electra Girl's Hawaii 1 (20-inch) - 2015/2016";"Electra";"Children Bicycles";1;299.99;0.07;7.0;299.99;20.9993;278.9907
519;54;"2016-10-22";2016;10;"2016-10";"Baldwin Bikes";"Baldwin";"NY";"Electra Girl's Hawaii 1 (20-inch) - 2015/2016";"Electra";"Children Bicycles";2;299.99;0.05;5.0;599.98;29.999;569.981
539;1144;"2016-11-02";2016;11;"2016-11";"Baldwin Bikes";"Baldwin";"NY";"Electra Girl's Hawaii 1 (20-inch) - 2015/2016";"Electra";"Children Bicycles";1;299.99;0.05;5.0;299.99;14.9995;284.9905
540;1429;"2016-11-03";2016;11;"2016-11";"Santa Cruz Bikes";"Santa Cruz";"CA";"Electra Girl's Hawaii 1 (20-inch) - 2015/2016";"Electra";"Children Bicycles";2;299.99;0.07;7.0;599.98;41.9986;557.9814
552;1282;"2016-11-12";2016;11;"2016-11";"Baldwin Bikes";"Baldwin";"NY";"Electra Girl's Hawaii 1 (20-inch) - 2015/2016";"Electra";"Children Bicycles";1;299.99;0.2;20.0;299.99;59.998;239.992
574;833;"2016-11-26";2016;11;"2016-11";"Baldwin Bikes";"Baldwin";"NY";"Electra Girl's Hawaii 1 (20-inch) - 2015/2016";"Electra";"Children Bicycles";2;299.99;0.1;10.0;599.98;59.998;539.982
584;1209;"2016-12-04";2016;12;"2016-12";"Baldwin Bikes";"Baldwin";"NY";"Electra Girl's Hawaii 1 (20-inch) - 2015/2016";"Electra";"Children Bicycles";1;299.99;0.07;7.0;299.99;20.9993;278.9907
586;1306;"2016-12-04";2016;12;"2016-12";"Baldwin Bikes";"Baldwin";"NY";"Electra Girl's Hawaii 1 (20-inch) - 2015/2016";"Electra";"Children Bicycles";2;299.99;0.2;20.0;599.98;119.996;479.984
587;487;"2016-12-06";2016;12;"2016-12";"Santa Cruz Bikes";"Santa Cruz";"CA";"Electra Girl's Hawaii 1 (20-inch) - 2015/2016";"Electra";"Children Bicycles";1;299.99;0.05;5.0;299.99;14.9995;284.9905
588;102;"2016-12-06";2016;12;"2016-12";"Baldwin Bikes";"Baldwin";"NY";"Electra Girl's Hawaii 1 (20-inch) - 2015/2016";"Electra";"Children Bicycles";1;299.99;0.2;20.0;299.99;59.998;239.992
596;952;"2016-12-08";2016;12;"2016-12";"Santa Cruz Bikes";"Santa Cruz";"CA";"Electra Girl's Hawaii 1 (20-inch) - 2015/2016";"Electra";"Children Bicycles";2;299.99;0.1;10.0;599.98;59.998;539.982
599;1;"2016-12-09";2016;12;"2016-12";"Baldwin Bikes";"Baldwin";"NY";"Electra Girl's Hawaii 1 (20-inch) - 2015/2016";"Electra";"Children Bicycles";1;299.99;0.07;7.0;299.99;20.9993;278.9907
615;560;"2016-12-19";2016;12;"2016-12";"Rowlett Bikes";"Rowlett";"TX";"Electra Girl's Hawaii 1 (20-inch) - 2015/2016";"Electra";"Children Bicycles";1;299.99;0.05;5.0;299.99;14.9995;284.9905
625;1163;"2016-12-25";2016;12;"2016-12";"Santa Cruz Bikes";"Santa Cruz";"CA";"Electra Girl's Hawaii 1 (20-inch) - 2015/2016";"Electra";"Children Bicycles";2;299.99;0.1;10.0;599.98;59.998;539.982
629;973;"2016-12-26";2016;12;"2016-12";"Santa Cruz Bikes";"Santa Cruz";"CA";"Electra Girl's Hawaii 1 (20-inch) - 2015/2016";"Electra";"Children Bicycles";2;299.99;0.1;10.0;599.98;59.998;539.982
652;985;"2017-01-12";2017;1;"2017-01";"Rowlett Bikes";"Rowlett";"TX";"Electra Girl's Hawaii 1 (20-inch) - 2015/2016";"Electra";"Children Bicycles";1;299.99;0.1;10.0;299.99;29.999;269.991
691;1081;"2017-02-04";2017;2;"2017-02";"Baldwin Bikes";"Baldwin";"NY";"Electra Girl's Hawaii 1 (20-inch) - 2015/2016";"Electra";"Children Bicycles";2;299.99;0.05;5.0;599.98;29.999;569.981
706;1271;"2017-02-09";2017;2;"2017-02";"Santa Cruz Bikes";"Santa Cruz";"CA";"Electra Girl's Hawaii 1 (20-inch) - 2015/2016";"Electra";"Children Bicycles";2;299.99;0.05;5.0;599.98;29.999;569.981
724;864;"2017-02-19";2017;2;"2017-02";"Baldwin Bikes";"Baldwin";"NY";"Electra Girl's Hawaii 1 (20-inch) - 2015/2016";"Electra";"Children Bicycles";1;299.99;0.05;5.0;299.99;14.9995;284.9905
798;619;"2017-03-26";2017;3;"2017-03";"Santa Cruz Bikes";"Santa Cruz";"CA";"Electra Girl's Hawaii 1 (20-inch) - 2015/2016";"Electra";"Children Bicycles";1;299.99;0.1;10.0;299.99;29.999;269.991
815;1251;"2017-04-03";2017;4;"2017-04";"Santa Cruz Bikes";"Santa Cruz";"CA";"Electra Girl's Hawaii 1 (20-inch) - 2015/2016";"Electra";"Children Bicycles";1;299.99;0.07;7.0;299.99;20.9993;278.9907
843;1059;"2017-04-16";2017;4;"2017-04";"Baldwin Bikes";"Baldwin";"NY";"Electra Girl's Hawaii 1 (20-inch) - 2015/2016";"Electra";"Children Bicycles";2;299.99;0.07;7.0;599.98;41.9986;557.9814
906;877;"2017-05-23";2017;5;"2017-05";"Baldwin Bikes";"Baldwin";"NY";"Electra Girl's Hawaii 1 (20-inch) - 2015/2016";"Electra";"Children Bicycles";2;299.99;0.2;20.0;599.98;119.996;479.984
910;342;"2017-05-26";2017;5;"2017-05";"Baldwin Bikes";"Baldwin";"NY";"Electra Girl's Hawaii 1 (20-inch) - 2015/2016";"Electra";"Children Bicycles";1;299.99;0.1;10.0;299.99;29.999;269.991
948;618;"2017-06-15";2017;6;"2017-06";"Baldwin Bikes";"Baldwin";"NY";"Electra Girl's Hawaii 1 (20-inch) - 2015/2016";"Electra";"Children Bicycles";2;299.99;0.2;20.0;599.98;119.996;479.984
953;658;"2017-06-16";2017;6;"2017-06";"Baldwin Bikes";"Baldwin";"NY";"Electra Girl's Hawaii 1 (20-inch) - 2015/2016";"Electra";"Children Bicycles";2;299.99;0.07;7.0;599.98;41.9986;557.9814
956;1184;"2017-06-17";2017;6;"2017-06";"Baldwin Bikes";"Baldwin";"NY";"Electra Girl's Hawaii 1 (20-inch) - 2015/2016";"Electra";"Children Bicycles";1;299.99;0.2;20.0;299.99;59.998;239.992
1021;125;"2017-07-23";2017;7;"2017-07";"Baldwin Bikes";"Baldwin";"NY";"Electra Girl's Hawaii 1 (20-inch) - 2015/2016";"Electra";"Children Bicycles";2;299.99;0.07;7.0;599.98;41.9986;557.9814
1042;539;"2017-08-06";2017;8;"2017-08";"Baldwin Bikes";"Baldwin";"NY";"Electra Girl's Hawaii 1 (20-inch) - 2015/2016";"Electra";"Children Bicycles";1;299.99;0.1;10.0;299.99;29.999;269.991
1053;1439;"2017-08-10";2017;8;"2017-08";"Baldwin Bikes";"Baldwin";"NY";"Electra Girl's Hawaii 1 (20-inch) - 2015/2016";"Electra";"Children Bicycles";2;299.99;0.2;20.0;599.98;119.996;479.984
1127;494;"2017-09-15";2017;9;"2017-09";"Baldwin Bikes";"Baldwin";"NY";"Electra Girl's Hawaii 1 (20-inch) - 2015/2016";"Electra";"Children Bicycles";2;299.99;0.1;10.0;599.98;59.998;539.982
1168;1031;"2017-10-04";2017;10;"2017-10";"Baldwin Bikes";"Baldwin";"NY";"Electra Girl's Hawaii 1 (20-inch) - 2015/2016";"Electra";"Children Bicycles";2;299.99;0.1;10.0;599.98;59.998;539.982
1207;1002;"2017-10-26";2017;10;"2017-10";"Baldwin Bikes";"Baldwin";"NY";"Electra Girl's Hawaii 1 (20-inch) - 2015/2016";"Electra";"Children Bicycles";1;299.99;0.07;7.0;299.99;20.9993;278.9907
1237;571;"2017-11-09";2017;11;"2017-11";"Santa Cruz Bikes";"Santa Cruz";"CA";"Electra Girl's Hawaii 1 (20-inch) - 2015/2016";"Electra";"Children Bicycles";1;299.99;0.1;10.0;299.99;29.999;269.991
1240;903;"2017-11-10";2017;11;"2017-11";"Baldwin Bikes";"Baldwin";"NY";"Electra Girl's Hawaii 1 (20-inch) - 2015/2016";"Electra";"Children Bicycles";2;299.99;0.05;5.0;599.98;29.999;569.981
1408;1172;"2018-02-26";2018;2;"2018-02";"Baldwin Bikes";"Baldwin";"NY";"Electra Girl's Hawaii 1 (20-inch) - 2015/2016";"Electra";"Children Bicycles";2;299.99;0.2;20.0;599.98;119.996;479.984
1529;50;"2018-04-12";2018;4;"2018-04";"Rowlett Bikes";"Rowlett";"TX";"Electra Girl's Hawaii 1 (20-inch) - 2015/2016";"Electra";"Children Bicycles";1;299.99;0.05;5.0;299.99;14.9995;284.9905
1590;138;"2018-04-27";2018;4;"2018-04";"Santa Cruz Bikes";"Santa Cruz";"CA";"Electra Girl's Hawaii 1 (20-inch) - 2015/2016";"Electra";"Children Bicycles";1;299.99;0.07;7.0;299.99;20.9993;278.9907
646;975;"2017-01-09";2017;1;"2017-01";"Santa Cruz Bikes";"Santa Cruz";"CA";"Electra Girl's Hawaii 1 16"" - 2017""";"Electra";"Children Bicycles";1;299.99;0.05;5.0;299.99;14.9995;284.9905
654;1129;"2017-01-14";2017;1;"2017-01";"Baldwin Bikes";"Baldwin";"NY";"Electra Girl's Hawaii 1 16"" - 2017""";"Electra";"Children Bicycles";1;299.99;0.1;10.0;299.99;29.999;269.991
662;1125;"2017-01-19";2017;1;"2017-01";"Santa Cruz Bikes";"Santa Cruz";"CA";"Electra Girl's Hawaii 1 16"" - 2017""";"Electra";"Children Bicycles";2;299.99;0.2;20.0;599.98;119.996;479.984
687;530;"2017-02-02";2017;2;"2017-02";"Santa Cruz Bikes";"Santa Cruz";"CA";"Electra Girl's Hawaii 1 16"" - 2017""";"Electra";"Children Bicycles";1;299.99;0.07;7.0;299.99;20.9993;278.9907
711;1246;"2017-02-13";2017;2;"2017-02";"Baldwin Bikes";"Baldwin";"NY";"Electra Girl's Hawaii 1 16"" - 2017""";"Electra";"Children Bicycles";2;299.99;0.2;20.0;599.98;119.996;479.984
745;698;"2017-03-01";2017;3;"2017-03";"Baldwin Bikes";"Baldwin";"NY";"Electra Girl's Hawaii 1 16"" - 2017""";"Electra";"Children Bicycles";2;299.99;0.05;5.0;599.98;29.999;569.981
753;1201;"2017-03-05";2017;3;"2017-03";"Baldwin Bikes";"Baldwin";"NY";"Electra Girl's Hawaii 1 16"" - 2017""";"Electra";"Children Bicycles";1;299.99;0.07;7.0;299.99;20.9993;278.9907
757;1336;"2017-03-06";2017;3;"2017-03";"Baldwin Bikes";"Baldwin";"NY";"Electra Girl's Hawaii 1 16"" - 2017""";"Electra";"Children Bicycles";1;299.99;0.1;10.0;299.99;29.999;269.991
764;701;"2017-03-09";2017;3;"2017-03";"Santa Cruz Bikes";"Santa Cruz";"CA";"Electra Girl's Hawaii 1 16"" - 2017""";"Electra";"Children Bicycles";2;299.99;0.05;5.0;599.98;29.999;569.981
793;653;"2017-03-23";2017;3;"2017-03";"Baldwin Bikes";"Baldwin";"NY";"Electra Girl's Hawaii 1 16"" - 2017""";"Electra";"Children Bicycles";2;299.99;0.05;5.0;599.98;29.999;569.981
795;992;"2017-03-23";2017;3;"2017-03";"Baldwin Bikes";"Baldwin";"NY";"Electra Girl's Hawaii 1 16"" - 2017""";"Electra";"Children Bicycles";2;299.99;0.05;5.0;599.98;29.999;569.981
800;1057;"2017-03-27";2017;3;"2017-03";"Baldwin Bikes";"Baldwin";"NY";"Electra Girl's Hawaii 1 16"" - 2017""";"Electra";"Children Bicycles";2;299.99;0.05;5.0;599.98;29.999;569.981
860;473;"2017-04-27";2017;4;"2017-04";"Baldwin Bikes";"Baldwin";"NY";"Electra Girl's Hawaii 1 16"" - 2017""";"Electra";"Children Bicycles";2;299.99;0.05;5.0;599.98;29.999;569.981
880;1206;"2017-05-08";2017;5;"2017-05";"Baldwin Bikes";"Baldwin";"NY";"Electra Girl's Hawaii 1 16"" - 2017""";"Electra";"Children Bicycles";1;299.99;0.1;10.0;299.99;29.999;269.991
981;687;"2017-06-26";2017;6;"2017-06";"Rowlett Bikes";"Rowlett";"TX";"Electra Girl's Hawaii 1 16"" - 2017""";"Electra";"Children Bicycles";2;299.99;0.05;5.0;599.98;29.999;569.981
1008;1345;"2017-07-16";2017;7;"2017-07";"Baldwin Bikes";"Baldwin";"NY";"Electra Girl's Hawaii 1 16"" - 2017""";"Electra";"Children Bicycles";1;299.99;0.07;7.0;299.99;20.9993;278.9907
1009;1064;"2017-07-16";2017;7;"2017-07";"Rowlett Bikes";"Rowlett";"TX";"Electra Girl's Hawaii 1 16"" - 2017""";"Electra";"Children Bicycles";2;299.99;0.07;7.0;599.98;41.9986;557.9814
1027;588;"2017-07-26";2017;7;"2017-07";"Baldwin Bikes";"Baldwin";"NY";"Electra Girl's Hawaii 1 16"" - 2017""";"Electra";"Children Bicycles";2;299.99;0.1;10.0;599.98;59.998;539.982
1076;42;"2017-08-19";2017;8;"2017-08";"Baldwin Bikes";"Baldwin";"NY";"Electra Girl's Hawaii 1 16"" - 2017""";"Electra";"Children Bicycles";1;299.99;0.1;10.0;299.99;29.999;269.991
1111;930;"2017-09-04";2017;9;"2017-09";"Baldwin Bikes";"Baldwin";"NY";"Electra Girl's Hawaii 1 16"" - 2017""";"Electra";"Children Bicycles";1;299.99;0.05;5.0;299.99;14.9995;284.9905
1158;889;"2017-10-01";2017;10;"2017-10";"Santa Cruz Bikes";"Santa Cruz";"CA";"Electra Girl's Hawaii 1 16"" - 2017""";"Electra";"Children Bicycles";2;299.99;0.1;10.0;599.98;59.998;539.982
1173;548;"2017-10-08";2017;10;"2017-10";"Baldwin Bikes";"Baldwin";"NY";"Electra Girl's Hawaii 1 16"" - 2017""";"Electra";"Children Bicycles";1;299.99;0.2;20.0;299.99;59.998;239.992
1201;201;"2017-10-23";2017;10;"2017-10";"Baldwin Bikes";"Baldwin";"NY";"Electra Girl's Hawaii 1 16"" - 2017""";"Electra";"Children Bicycles";1;299.99;0.07;7.0;299.99;20.9993;278.9907
1237;571;"2017-11-09";2017;11;"2017-11";"Santa Cruz Bikes";"Santa Cruz";"CA";"Electra Girl's Hawaii 1 16"" - 2017""";"Electra";"Children Bicycles";2;299.99;0.2;20.0;599.98;119.996;479.984
1267;467;"2017-11-25";2017;11;"2017-11";"Baldwin Bikes";"Baldwin";"NY";"Electra Girl's Hawaii 1 16"" - 2017""";"Electra";"Children Bicycles";1;299.99;0.05;5.0;299.99;14.9995;284.9905
1273;1268;"2017-11-27";2017;11;"2017-11";"Baldwin Bikes";"Baldwin";"NY";"Electra Girl's Hawaii 1 16"" - 2017""";"Electra";"Children Bicycles";2;299.99;0.07;7.0;599.98;41.9986;557.9814
1294;947;"2017-12-11";2017;12;"2017-12";"Santa Cruz Bikes";"Santa Cruz";"CA";"Electra Girl's Hawaii 1 16"" - 2017""";"Electra";"Children Bicycles";2;299.99;0.05;5.0;599.98;29.999;569.981
1491;82;"2018-04-04";2018;4;"2018-04";"Santa Cruz Bikes";"Santa Cruz";"CA";"Electra Girl's Hawaii 1 16"" - 2017""";"Electra";"Children Bicycles";2;299.99;0.2;20.0;599.98;119.996;479.984
1522;78;"2018-04-12";2018;4;"2018-04";"Santa Cruz Bikes";"Santa Cruz";"CA";"Electra Girl's Hawaii 1 16"" - 2017""";"Electra";"Children Bicycles";1;299.99;0.1;10.0;299.99;29.999;269.991
1565;60;"2018-04-21";2018;4;"2018-04";"Santa Cruz Bikes";"Santa Cruz";"CA";"Electra Girl's Hawaii 1 16"" - 2017""";"Electra";"Children Bicycles";1;299.99;0.07;7.0;299.99;20.9993;278.9907
1585;157;"2018-04-26";2018;4;"2018-04";"Santa Cruz Bikes";"Santa Cruz";"CA";"Electra Girl's Hawaii 1 16"" - 2017""";"Electra";"Children Bicycles";1;299.99;0.1;10.0;299.99;29.999;269.991
672;908;"2017-01-26";2017;1;"2017-01";"Baldwin Bikes";"Baldwin";"NY";"Electra Moto 3i (20-inch) - Boy's - 2017";"Electra";"Children Bicycles";2;349.99;0.2;20.0;699.98;139.996;559.984
698;543;"2017-02-06";2017;2;"2017-02";"Rowlett Bikes";"Rowlett";"TX";"Electra Moto 3i (20-inch) - Boy's - 2017";"Electra";"Children Bicycles";1;349.99;0.07;7.0;349.99;24.4993;325.4907
730;500;"2017-02-21";2017;2;"2017-02";"Baldwin Bikes";"Baldwin";"NY";"Electra Moto 3i (20-inch) - Boy's - 2017";"Electra";"Children Bicycles";2;349.99;0.07;7.0;699.98;48.9986;650.9814
808;315;"2017-03-31";2017;3;"2017-03";"Baldwin Bikes";"Baldwin";"NY";"Electra Moto 3i (20-inch) - Boy's - 2017";"Electra";"Children Bicycles";2;349.99;0.05;5.0;699.98;34.999;664.981
813;1203;"2017-04-01";2017;4;"2017-04";"Rowlett Bikes";"Rowlett";"TX";"Electra Moto 3i (20-inch) - Boy's - 2017";"Electra";"Children Bicycles";2;349.99;0.1;10.0;699.98;69.998;629.982
830;431;"2017-04-11";2017;4;"2017-04";"Baldwin Bikes";"Baldwin";"NY";"Electra Moto 3i (20-inch) - Boy's - 2017";"Electra";"Children Bicycles";2;349.99;0.2;20.0;699.98;139.996;559.984
876;1046;"2017-05-05";2017;5;"2017-05";"Baldwin Bikes";"Baldwin";"NY";"Electra Moto 3i (20-inch) - Boy's - 2017";"Electra";"Children Bicycles";1;349.99;0.07;7.0;349.99;24.4993;325.4907
897;47;"2017-05-20";2017;5;"2017-05";"Santa Cruz Bikes";"Santa Cruz";"CA";"Electra Moto 3i (20-inch) - Boy's - 2017";"Electra";"Children Bicycles";1;349.99;0.05;5.0;349.99;17.4995;332.4905
955;880;"2017-06-17";2017;6;"2017-06";"Baldwin Bikes";"Baldwin";"NY";"Electra Moto 3i (20-inch) - Boy's - 2017";"Electra";"Children Bicycles";1;349.99;0.05;5.0;349.99;17.4995;332.4905
1024;837;"2017-07-23";2017;7;"2017-07";"Baldwin Bikes";"Baldwin";"NY";"Electra Moto 3i (20-inch) - Boy's - 2017";"Electra";"Children Bicycles";2;349.99;0.1;10.0;699.98;69.998;629.982
1035;1283;"2017-07-30";2017;7;"2017-07";"Baldwin Bikes";"Baldwin";"NY";"Electra Moto 3i (20-inch) - Boy's - 2017";"Electra";"Children Bicycles";1;349.99;0.2;20.0;349.99;69.998;279.992
1050;239;"2017-08-09";2017;8;"2017-08";"Santa Cruz Bikes";"Santa Cruz";"CA";"Electra Moto 3i (20-inch) - Boy's - 2017";"Electra";"Children Bicycles";2;349.99;0.07;7.0;699.98;48.9986;650.9814
1106;1009;"2017-09-02";2017;9;"2017-09";"Baldwin Bikes";"Baldwin";"NY";"Electra Moto 3i (20-inch) - Boy's - 2017";"Electra";"Children Bicycles";1;349.99;0.1;10.0;349.99;34.999;314.991
1127;494;"2017-09-15";2017;9;"2017-09";"Baldwin Bikes";"Baldwin";"NY";"Electra Moto 3i (20-inch) - Boy's - 2017";"Electra";"Children Bicycles";2;349.99;0.07;7.0;699.98;48.9986;650.9814
1303;878;"2017-12-16";2017;12;"2017-12";"Baldwin Bikes";"Baldwin";"NY";"Electra Moto 3i (20-inch) - Boy's - 2017";"Electra";"Children Bicycles";1;349.99;0.1;10.0;349.99;34.999;314.991
1307;1384;"2017-12-22";2017;12;"2017-12";"Santa Cruz Bikes";"Santa Cruz";"CA";"Electra Moto 3i (20-inch) - Boy's - 2017";"Electra";"Children Bicycles";2;349.99;0.07;7.0;699.98;48.9986;650.9814
1378;983;"2018-02-02";2018;2;"2018-02";"Santa Cruz Bikes";"Santa Cruz";"CA";"Electra Moto 3i (20-inch) - Boy's - 2017";"Electra";"Children Bicycles";2;349.99;0.07;7.0;699.98;48.9986;650.9814
1487;33;"2018-04-03";2018;4;"2018-04";"Santa Cruz Bikes";"Santa Cruz";"CA";"Electra Moto 3i (20-inch) - Boy's - 2017";"Electra";"Children Bicycles";2;349.99;0.2;20.0;699.98;139.996;559.984
1533;28;"2018-04-13";2018;4;"2018-04";"Baldwin Bikes";"Baldwin";"NY";"Electra Moto 3i (20-inch) - Boy's - 2017";"Electra";"Children Bicycles";1;349.99;0.1;10.0;349.99;34.999;314.991
1609;10;"2018-08-23";2018;8;"2018-08";"Baldwin Bikes";"Baldwin";"NY";"Electra Moto 3i (20-inch) - Boy's - 2017";"Electra";"Children Bicycles";1;349.99;0.2;20.0;349.99;69.998;279.992
649;1153;"2017-01-10";2017;1;"2017-01";"Santa Cruz Bikes";"Santa Cruz";"CA";"Electra Savannah 3i (20-inch) - Girl's - 2017";"Electra";"Children Bicycles";2;349.99;0.1;10.0;699.98;69.998;629.982
654;1129;"2017-01-14";2017;1;"2017-01";"Baldwin Bikes";"Baldwin";"NY";"Electra Savannah 3i (20-inch) - Girl's - 2017";"Electra";"Children Bicycles";2;349.99;0.07;7.0;699.98;48.9986;650.9814
713;207;"2017-02-13";2017;2;"2017-02";"Rowlett Bikes";"Rowlett";"TX";"Electra Savannah 3i (20-inch) - Girl's - 2017";"Electra";"Children Bicycles";2;349.99;0.1;10.0;699.98;69.998;629.982
806;234;"2017-03-30";2017;3;"2017-03";"Baldwin Bikes";"Baldwin";"NY";"Electra Savannah 3i (20-inch) - Girl's - 2017";"Electra";"Children Bicycles";1;349.99;0.2;20.0;349.99;69.998;279.992
837;948;"2017-04-13";2017;4;"2017-04";"Baldwin Bikes";"Baldwin";"NY";"Electra Savannah 3i (20-inch) - Girl's - 2017";"Electra";"Children Bicycles";1;349.99;0.1;10.0;349.99;34.999;314.991
924;68;"2017-06-02";2017;6;"2017-06";"Rowlett Bikes";"Rowlett";"TX";"Electra Savannah 3i (20-inch) - Girl's - 2017";"Electra";"Children Bicycles";2;349.99;0.2;20.0;699.98;139.996;559.984
925;1316;"2017-06-02";2017;6;"2017-06";"Baldwin Bikes";"Baldwin";"NY";"Electra Savannah 3i (20-inch) - Girl's - 2017";"Electra";"Children Bicycles";1;349.99;0.07;7.0;349.99;24.4993;325.4907
1014;748;"2017-07-19";2017;7;"2017-07";"Baldwin Bikes";"Baldwin";"NY";"Electra Savannah 3i (20-inch) - Girl's - 2017";"Electra";"Children Bicycles";1;349.99;0.2;20.0;349.99;69.998;279.992
1018;290;"2017-07-22";2017;7;"2017-07";"Baldwin Bikes";"Baldwin";"NY";"Electra Savannah 3i (20-inch) - Girl's - 2017";"Electra";"Children Bicycles";2;349.99;0.1;10.0;699.98;69.998;629.982
1040;1225;"2017-08-04";2017;8;"2017-08";"Santa Cruz Bikes";"Santa Cruz";"CA";"Electra Savannah 3i (20-inch) - Girl's - 2017";"Electra";"Children Bicycles";1;349.99;0.1;10.0;349.99;34.999;314.991
1044;1270;"2017-08-07";2017;8;"2017-08";"Baldwin Bikes";"Baldwin";"NY";"Electra Savannah 3i (20-inch) - Girl's - 2017";"Electra";"Children Bicycles";2;349.99;0.1;10.0;699.98;69.998;629.982
1057;456;"2017-08-12";2017;8;"2017-08";"Baldwin Bikes";"Baldwin";"NY";"Electra Savannah 3i (20-inch) - Girl's - 2017";"Electra";"Children Bicycles";1;349.99;0.05;5.0;349.99;17.4995;332.4905
1091;1260;"2017-08-24";2017;8;"2017-08";"Baldwin Bikes";"Baldwin";"NY";"Electra Savannah 3i (20-inch) - Girl's - 2017";"Electra";"Children Bicycles";1;349.99;0.05;5.0;349.99;17.4995;332.4905
1115;1100;"2017-09-07";2017;9;"2017-09";"Baldwin Bikes";"Baldwin";"NY";"Electra Savannah 3i (20-inch) - Girl's - 2017";"Electra";"Children Bicycles";2;349.99;0.2;20.0;699.98;139.996;559.984
1134;978;"2017-09-19";2017;9;"2017-09";"Baldwin Bikes";"Baldwin";"NY";"Electra Savannah 3i (20-inch) - Girl's - 2017";"Electra";"Children Bicycles";1;349.99;0.1;10.0;349.99;34.999;314.991
1209;1342;"2017-10-26";2017;10;"2017-10";"Baldwin Bikes";"Baldwin";"NY";"Electra Savannah 3i (20-inch) - Girl's - 2017";"Electra";"Children Bicycles";1;349.99;0.05;5.0;349.99;17.4995;332.4905
1221;1290;"2017-10-31";2017;10;"2017-10";"Baldwin Bikes";"Baldwin";"NY";"Electra Savannah 3i (20-inch) - Girl's - 2017";"Electra";"Children Bicycles";2;349.99;0.07;7.0;699.98;48.9986;650.9814
1222;482;"2017-11-01";2017;11;"2017-11";"Rowlett Bikes";"Rowlett";"TX";"Electra Savannah 3i (20-inch) - Girl's - 2017";"Electra";"Children Bicycles";1;349.99;0.2;20.0;349.99;69.998;279.992
1384;1126;"2018-02-08";2018;2;"2018-02";"Baldwin Bikes";"Baldwin";"NY";"Electra Savannah 3i (20-inch) - Girl's - 2017";"Electra";"Children Bicycles";1;349.99;0.05;5.0;349.99;17.4995;332.4905
1543;76;"2018-04-16";2018;4;"2018-04";"Baldwin Bikes";"Baldwin";"NY";"Electra Savannah 3i (20-inch) - Girl's - 2017";"Electra";"Children Bicycles";2;349.99;0.05;5.0;699.98;34.999;664.981
1591;165;"2018-04-27";2018;4;"2018-04";"Santa Cruz Bikes";"Santa Cruz";"CA";"Electra Savannah 3i (20-inch) - Girl's - 2017";"Electra";"Children Bicycles";2;349.99;0.07;7.0;699.98;48.9986;650.9814
1593;9;"2018-04-27";2018;4;"2018-04";"Baldwin Bikes";"Baldwin";"NY";"Electra Savannah 3i (20-inch) - Girl's - 2017";"Electra";"Children Bicycles";2;349.99;0.2;20.0;699.98;139.996;559.984
666;770;"2017-01-21";2017;1;"2017-01";"Baldwin Bikes";"Baldwin";"NY";"Electra Straight 8 3i (20-inch) - Boy's - 2017";"Electra";"Children Bicycles";2;489.99;0.2;20.0;979.98;195.996;783.984
685;976;"2017-01-31";2017;1;"2017-01";"Baldwin Bikes";"Baldwin";"NY";"Electra Straight 8 3i (20-inch) - Boy's - 2017";"Electra";"Children Bicycles";2;489.99;0.2;20.0;979.98;195.996;783.984
881;1024;"2017-05-08";2017;5;"2017-05";"Rowlett Bikes";"Rowlett";"TX";"Electra Straight 8 3i (20-inch) - Boy's - 2017";"Electra";"Children Bicycles";1;489.99;0.07;7.0;489.99;34.2993;455.6907
942;537;"2017-06-13";2017;6;"2017-06";"Baldwin Bikes";"Baldwin";"NY";"Electra Straight 8 3i (20-inch) - Boy's - 2017";"Electra";"Children Bicycles";2;489.99;0.05;5.0;979.98;48.999;930.981
1024;837;"2017-07-23";2017;7;"2017-07";"Baldwin Bikes";"Baldwin";"NY";"Electra Straight 8 3i (20-inch) - Boy's - 2017";"Electra";"Children Bicycles";2;489.99;0.2;20.0;979.98;195.996;783.984
1057;456;"2017-08-12";2017;8;"2017-08";"Baldwin Bikes";"Baldwin";"NY";"Electra Straight 8 3i (20-inch) - Boy's - 2017";"Electra";"Children Bicycles";2;489.99;0.05;5.0;979.98;48.999;930.981
1084;2;"2017-08-21";2017;8;"2017-08";"Santa Cruz Bikes";"Santa Cruz";"CA";"Electra Straight 8 3i (20-inch) - Boy's - 2017";"Electra";"Children Bicycles";2;489.99;0.2;20.0;979.98;195.996;783.984
1097;1311;"2017-08-27";2017;8;"2017-08";"Baldwin Bikes";"Baldwin";"NY";"Electra Straight 8 3i (20-inch) - Boy's - 2017";"Electra";"Children Bicycles";2;489.99;0.07;7.0;979.98;68.5986;911.3814
1149;787;"2017-09-27";2017;9;"2017-09";"Baldwin Bikes";"Baldwin";"NY";"Electra Straight 8 3i (20-inch) - Boy's - 2017";"Electra";"Children Bicycles";2;489.99;0.07;7.0;979.98;68.5986;911.3814
1181;1022;"2017-10-13";2017;10;"2017-10";"Baldwin Bikes";"Baldwin";"NY";"Electra Straight 8 3i (20-inch) - Boy's - 2017";"Electra";"Children Bicycles";1;489.99;0.1;10.0;489.99;48.999;440.991
1450;296;"2018-03-19";2018;3;"2018-03";"Baldwin Bikes";"Baldwin";"NY";"Electra Straight 8 3i (20-inch) - Boy's - 2017";"Electra";"Children Bicycles";1;489.99;0.07;7.0;489.99;34.2993;455.6907
1486;84;"2018-04-02";2018;4;"2018-04";"Baldwin Bikes";"Baldwin";"NY";"Electra Straight 8 3i (20-inch) - Boy's - 2017";"Electra";"Children Bicycles";1;489.99;0.05;5.0;489.99;24.4995;465.4905
645;1199;"2017-01-08";2017;1;"2017-01";"Baldwin Bikes";"Baldwin";"NY";"Electra Sugar Skulls 1 (20-inch) - Girl's - 2017";"Electra";"Children Bicycles";1;299.99;0.07;7.0;299.99;20.9993;278.9907
667;858;"2017-01-22";2017;1;"2017-01";"Baldwin Bikes";"Baldwin";"NY";"Electra Sugar Skulls 1 (20-inch) - Girl's - 2017";"Electra";"Children Bicycles";1;299.99;0.1;10.0;299.99;29.999;269.991
682;614;"2017-01-29";2017;1;"2017-01";"Baldwin Bikes";"Baldwin";"NY";"Electra Sugar Skulls 1 (20-inch) - Girl's - 2017";"Electra";"Children Bicycles";1;299.99;0.2;20.0;299.99;59.998;239.992
746;391;"2017-03-02";2017;3;"2017-03";"Santa Cruz Bikes";"Santa Cruz";"CA";"Electra Sugar Skulls 1 (20-inch) - Girl's - 2017";"Electra";"Children Bicycles";1;299.99;0.1;10.0;299.99;29.999;269.991
758;953;"2017-03-06";2017;3;"2017-03";"Rowlett Bikes";"Rowlett";"TX";"Electra Sugar Skulls 1 (20-inch) - Girl's - 2017";"Electra";"Children Bicycles";1;299.99;0.1;10.0;299.99;29.999;269.991
782;1298;"2017-03-15";2017;3;"2017-03";"Baldwin Bikes";"Baldwin";"NY";"Electra Sugar Skulls 1 (20-inch) - Girl's - 2017";"Electra";"Children Bicycles";1;299.99;0.07;7.0;299.99;20.9993;278.9907
795;992;"2017-03-23";2017;3;"2017-03";"Baldwin Bikes";"Baldwin";"NY";"Electra Sugar Skulls 1 (20-inch) - Girl's - 2017";"Electra";"Children Bicycles";2;299.99;0.05;5.0;599.98;29.999;569.981
853;883;"2017-04-21";2017;4;"2017-04";"Rowlett Bikes";"Rowlett";"TX";"Electra Sugar Skulls 1 (20-inch) - Girl's - 2017";"Electra";"Children Bicycles";1;299.99;0.05;5.0;299.99;14.9995;284.9905
862;1230;"2017-04-27";2017;4;"2017-04";"Rowlett Bikes";"Rowlett";"TX";"Electra Sugar Skulls 1 (20-inch) - Girl's - 2017";"Electra";"Children Bicycles";1;299.99;0.2;20.0;299.99;59.998;239.992
989;1145;"2017-07-02";2017;7;"2017-07";"Baldwin Bikes";"Baldwin";"NY";"Electra Sugar Skulls 1 (20-inch) - Girl's - 2017";"Electra";"Children Bicycles";1;299.99;0.05;5.0;299.99;14.9995;284.9905
993;1415;"2017-07-09";2017;7;"2017-07";"Santa Cruz Bikes";"Santa Cruz";"CA";"Electra Sugar Skulls 1 (20-inch) - Girl's - 2017";"Electra";"Children Bicycles";2;299.99;0.07;7.0;599.98;41.9986;557.9814
1005;266;"2017-07-15";2017;7;"2017-07";"Baldwin Bikes";"Baldwin";"NY";"Electra Sugar Skulls 1 (20-inch) - Girl's - 2017";"Electra";"Children Bicycles";1;299.99;0.1;10.0;299.99;29.999;269.991
1011;495;"2017-07-18";2017;7;"2017-07";"Santa Cruz Bikes";"Santa Cruz";"CA";"Electra Sugar Skulls 1 (20-inch) - Girl's - 2017";"Electra";"Children Bicycles";2;299.99;0.2;20.0;599.98;119.996;479.984
1050;239;"2017-08-09";2017;8;"2017-08";"Santa Cruz Bikes";"Santa Cruz";"CA";"Electra Sugar Skulls 1 (20-inch) - Girl's - 2017";"Electra";"Children Bicycles";2;299.99;0.1;10.0;599.98;59.998;539.982
1097;1311;"2017-08-27";2017;8;"2017-08";"Baldwin Bikes";"Baldwin";"NY";"Electra Sugar Skulls 1 (20-inch) - Girl's - 2017";"Electra";"Children Bicycles";1;299.99;0.05;5.0;299.99;14.9995;284.9905
1143;1087;"2017-09-24";2017;9;"2017-09";"Santa Cruz Bikes";"Santa Cruz";"CA";"Electra Sugar Skulls 1 (20-inch) - Girl's - 2017";"Electra";"Children Bicycles";1;299.99;0.2;20.0;299.99;59.998;239.992
1238;998;"2017-11-09";2017;11;"2017-11";"Baldwin Bikes";"Baldwin";"NY";"Electra Sugar Skulls 1 (20-inch) - Girl's - 2017";"Electra";"Children Bicycles";2;299.99;0.2;20.0;599.98;119.996;479.984
1258;1099;"2017-11-20";2017;11;"2017-11";"Baldwin Bikes";"Baldwin";"NY";"Electra Sugar Skulls 1 (20-inch) - Girl's - 2017";"Electra";"Children Bicycles";2;299.99;0.05;5.0;599.98;29.999;569.981
1304;1409;"2017-12-16";2017;12;"2017-12";"Baldwin Bikes";"Baldwin";"NY";"Electra Sugar Skulls 1 (20-inch) - Girl's - 2017";"Electra";"Children Bicycles";2;299.99;0.05;5.0;599.98;29.999;569.981
1320;244;"2017-12-28";2017;12;"2017-12";"Santa Cruz Bikes";"Santa Cruz";"CA";"Electra Sugar Skulls 1 (20-inch) - Girl's - 2017";"Electra";"Children Bicycles";2;299.99;0.2;20.0;599.98;119.996;479.984
1333;203;"2018-01-06";2018;1;"2018-01";"Rowlett Bikes";"Rowlett";"TX";"Electra Sugar Skulls 1 (20-inch) - Girl's - 2017";"Electra";"Children Bicycles";2;299.99;0.1;10.0;599.98;59.998;539.982
1343;594;"2018-01-13";2018;1;"2018-01";"Baldwin Bikes";"Baldwin";"NY";"Electra Sugar Skulls 1 (20-inch) - Girl's - 2017";"Electra";"Children Bicycles";1;299.99;0.05;5.0;299.99;14.9995;284.9905
1452;287;"2018-03-20";2018;3;"2018-03";"Santa Cruz Bikes";"Santa Cruz";"CA";"Electra Sugar Skulls 1 (20-inch) - Girl's - 2017";"Electra";"Children Bicycles";2;299.99;0.1;10.0;599.98;59.998;539.982
1490;217;"2018-04-03";2018;4;"2018-04";"Santa Cruz Bikes";"Santa Cruz";"CA";"Electra Sugar Skulls 1 (20-inch) - Girl's - 2017";"Electra";"Children Bicycles";1;299.99;0.1;10.0;299.99;29.999;269.991
704;1137;"2017-02-08";2017;2;"2017-02";"Baldwin Bikes";"Baldwin";"NY";"Electra Townie 3i EQ (20-inch) - Boys' - 2017";"Electra";"Children Bicycles";2;489.99;0.07;7.0;979.98;68.5986;911.3814
707;79;"2017-02-09";2017;2;"2017-02";"Baldwin Bikes";"Baldwin";"NY";"Electra Townie 3i EQ (20-inch) - Boys' - 2017";"Electra";"Children Bicycles";1;489.99;0.07;7.0;489.99;34.2993;455.6907
719;200;"2017-02-16";2017;2;"2017-02";"Baldwin Bikes";"Baldwin";"NY";"Electra Townie 3i EQ (20-inch) - Boys' - 2017";"Electra";"Children Bicycles";1;489.99;0.2;20.0;489.99;97.998;391.992
789;772;"2017-03-19";2017;3;"2017-03";"Baldwin Bikes";"Baldwin";"NY";"Electra Townie 3i EQ (20-inch) - Boys' - 2017";"Electra";"Children Bicycles";2;489.99;0.2;20.0;979.98;195.996;783.984
810;153;"2017-04-01";2017;4;"2017-04";"Rowlett Bikes";"Rowlett";"TX";"Electra Townie 3i EQ (20-inch) - Boys' - 2017";"Electra";"Children Bicycles";1;489.99;0.2;20.0;489.99;97.998;391.992
814;629;"2017-04-02";2017;4;"2017-04";"Baldwin Bikes";"Baldwin";"NY";"Electra Townie 3i EQ (20-inch) - Boys' - 2017";"Electra";"Children Bicycles";1;489.99;0.1;10.0;489.99;48.999;440.991
830;431;"2017-04-11";2017;4;"2017-04";"Baldwin Bikes";"Baldwin";"NY";"Electra Townie 3i EQ (20-inch) - Boys' - 2017";"Electra";"Children Bicycles";2;489.99;0.07;7.0;979.98;68.5986;911.3814
838;1395;"2017-04-14";2017;4;"2017-04";"Baldwin Bikes";"Baldwin";"NY";"Electra Townie 3i EQ (20-inch) - Boys' - 2017";"Electra";"Children Bicycles";2;489.99;0.05;5.0;979.98;48.999;930.981
841;428;"2017-04-15";2017;4;"2017-04";"Baldwin Bikes";"Baldwin";"NY";"Electra Townie 3i EQ (20-inch) - Boys' - 2017";"Electra";"Children Bicycles";1;489.99;0.1;10.0;489.99;48.999;440.991
848;597;"2017-04-18";2017;4;"2017-04";"Baldwin Bikes";"Baldwin";"NY";"Electra Townie 3i EQ (20-inch) - Boys' - 2017";"Electra";"Children Bicycles";2;489.99;0.2;20.0;979.98;195.996;783.984
879;214;"2017-05-08";2017;5;"2017-05";"Baldwin Bikes";"Baldwin";"NY";"Electra Townie 3i EQ (20-inch) - Boys' - 2017";"Electra";"Children Bicycles";2;489.99;0.2;20.0;979.98;195.996;783.984
942;537;"2017-06-13";2017;6;"2017-06";"Baldwin Bikes";"Baldwin";"NY";"Electra Townie 3i EQ (20-inch) - Boys' - 2017";"Electra";"Children Bicycles";1;489.99;0.05;5.0;489.99;24.4995;465.4905
972;270;"2017-06-23";2017;6;"2017-06";"Baldwin Bikes";"Baldwin";"NY";"Electra Townie 3i EQ (20-inch) - Boys' - 2017";"Electra";"Children Bicycles";1;489.99;0.2;20.0;489.99;97.998;391.992
1002;1418;"2017-07-14";2017;7;"2017-07";"Santa Cruz Bikes";"Santa Cruz";"CA";"Electra Townie 3i EQ (20-inch) - Boys' - 2017";"Electra";"Children Bicycles";1;489.99;0.05;5.0;489.99;24.4995;465.4905
1017;168;"2017-07-20";2017;7;"2017-07";"Baldwin Bikes";"Baldwin";"NY";"Electra Townie 3i EQ (20-inch) - Boys' - 2017";"Electra";"Children Bicycles";1;489.99;0.2;20.0;489.99;97.998;391.992
1063;198;"2017-08-16";2017;8;"2017-08";"Rowlett Bikes";"Rowlett";"TX";"Electra Townie 3i EQ (20-inch) - Boys' - 2017";"Electra";"Children Bicycles";2;489.99;0.07;7.0;979.98;68.5986;911.3814
1108;735;"2017-09-03";2017;9;"2017-09";"Santa Cruz Bikes";"Santa Cruz";"CA";"Electra Townie 3i EQ (20-inch) - Boys' - 2017";"Electra";"Children Bicycles";1;489.99;0.07;7.0;489.99;34.2993;455.6907
1142;554;"2017-09-23";2017;9;"2017-09";"Santa Cruz Bikes";"Santa Cruz";"CA";"Electra Townie 3i EQ (20-inch) - Boys' - 2017";"Electra";"Children Bicycles";2;489.99;0.05;5.0;979.98;48.999;930.981
1191;186;"2017-10-17";2017;10;"2017-10";"Baldwin Bikes";"Baldwin";"NY";"Electra Townie 3i EQ (20-inch) - Boys' - 2017";"Electra";"Children Bicycles";1;489.99;0.07;7.0;489.99;34.2993;455.6907
1221;1290;"2017-10-31";2017;10;"2017-10";"Baldwin Bikes";"Baldwin";"NY";"Electra Townie 3i EQ (20-inch) - Boys' - 2017";"Electra";"Children Bicycles";1;489.99;0.05;5.0;489.99;24.4995;465.4905
1256;458;"2017-11-19";2017;11;"2017-11";"Baldwin Bikes";"Baldwin";"NY";"Electra Townie 3i EQ (20-inch) - Boys' - 2017";"Electra";"Children Bicycles";1;489.99;0.1;10.0;489.99;48.999;440.991
1261;435;"2017-11-23";2017;11;"2017-11";"Baldwin Bikes";"Baldwin";"NY";"Electra Townie 3i EQ (20-inch) - Boys' - 2017";"Electra";"Children Bicycles";1;489.99;0.05;5.0;489.99;24.4995;465.4905
1268;774;"2017-11-26";2017;11;"2017-11";"Santa Cruz Bikes";"Santa Cruz";"CA";"Electra Townie 3i EQ (20-inch) - Boys' - 2017";"Electra";"Children Bicycles";1;489.99;0.07;7.0;489.99;34.2993;455.6907
1287;279;"2017-12-07";2017;12;"2017-12";"Santa Cruz Bikes";"Santa Cruz";"CA";"Electra Townie 3i EQ (20-inch) - Boys' - 2017";"Electra";"Children Bicycles";2;489.99;0.05;5.0;979.98;48.999;930.981
1352;1433;"2018-01-16";2018;1;"2018-01";"Baldwin Bikes";"Baldwin";"NY";"Electra Townie 3i EQ (20-inch) - Boys' - 2017";"Electra";"Children Bicycles";1;489.99;0.05;5.0;489.99;24.4995;465.4905
1469;1135;"2018-03-27";2018;3;"2018-03";"Rowlett Bikes";"Rowlett";"TX";"Electra Townie 3i EQ (20-inch) - Boys' - 2017";"Electra";"Children Bicycles";2;489.99;0.05;5.0;979.98;48.999;930.981
1478;392;"2018-03-31";2018;3;"2018-03";"Baldwin Bikes";"Baldwin";"NY";"Electra Townie 3i EQ (20-inch) - Boys' - 2017";"Electra";"Children Bicycles";2;489.99;0.1;10.0;979.98;97.998;881.982
1521;53;"2018-04-12";2018;4;"2018-04";"Santa Cruz Bikes";"Santa Cruz";"CA";"Electra Townie 3i EQ (20-inch) - Boys' - 2017";"Electra";"Children Bicycles";1;489.99;0.2;20.0;489.99;97.998;391.992
664;681;"2017-01-20";2017;1;"2017-01";"Baldwin Bikes";"Baldwin";"NY";"Electra Townie 7D (20-inch) - Boys' - 2017";"Electra";"Children Bicycles";2;339.99;0.2;20.0;679.98;135.996;543.984
709;1162;"2017-02-11";2017;2;"2017-02";"Baldwin Bikes";"Baldwin";"NY";"Electra Townie 7D (20-inch) - Boys' - 2017";"Electra";"Children Bicycles";2;339.99;0.07;7.0;679.98;47.5986;632.3814
729;897;"2017-02-20";2017;2;"2017-02";"Baldwin Bikes";"Baldwin";"NY";"Electra Townie 7D (20-inch) - Boys' - 2017";"Electra";"Children Bicycles";2;339.99;0.1;10.0;679.98;67.998;611.982
779;367;"2017-03-15";2017;3;"2017-03";"Baldwin Bikes";"Baldwin";"NY";"Electra Townie 7D (20-inch) - Boys' - 2017";"Electra";"Children Bicycles";1;339.99;0.05;5.0;339.99;16.9995;322.9905
801;78;"2017-03-28";2017;3;"2017-03";"Santa Cruz Bikes";"Santa Cruz";"CA";"Electra Townie 7D (20-inch) - Boys' - 2017";"Electra";"Children Bicycles";1;339.99;0.07;7.0;339.99;23.7993;316.1907
850;1346;"2017-04-19";2017;4;"2017-04";"Santa Cruz Bikes";"Santa Cruz";"CA";"Electra Townie 7D (20-inch) - Boys' - 2017";"Electra";"Children Bicycles";2;339.99;0.07;7.0;679.98;47.5986;632.3814
867;97;"2017-05-01";2017;5;"2017-05";"Santa Cruz Bikes";"Santa Cruz";"CA";"Electra Townie 7D (20-inch) - Boys' - 2017";"Electra";"Children Bicycles";1;339.99;0.05;5.0;339.99;16.9995;322.9905
894;1320;"2017-05-16";2017;5;"2017-05";"Baldwin Bikes";"Baldwin";"NY";"Electra Townie 7D (20-inch) - Boys' - 2017";"Electra";"Children Bicycles";2;339.99;0.2;20.0;679.98;135.996;543.984
912;519;"2017-05-27";2017;5;"2017-05";"Santa Cruz Bikes";"Santa Cruz";"CA";"Electra Townie 7D (20-inch) - Boys' - 2017";"Electra";"Children Bicycles";1;339.99;0.05;5.0;339.99;16.9995;322.9905
948;618;"2017-06-15";2017;6;"2017-06";"Baldwin Bikes";"Baldwin";"NY";"Electra Townie 7D (20-inch) - Boys' - 2017";"Electra";"Children Bicycles";1;339.99;0.2;20.0;339.99;67.998;271.992
992;723;"2017-07-07";2017;7;"2017-07";"Baldwin Bikes";"Baldwin";"NY";"Electra Townie 7D (20-inch) - Boys' - 2017";"Electra";"Children Bicycles";2;339.99;0.2;20.0;679.98;135.996;543.984
995;621;"2017-07-11";2017;7;"2017-07";"Santa Cruz Bikes";"Santa Cruz";"CA";"Electra Townie 7D (20-inch) - Boys' - 2017";"Electra";"Children Bicycles";1;339.99;0.1;10.0;339.99;33.999;305.991
1015;799;"2017-07-19";2017;7;"2017-07";"Baldwin Bikes";"Baldwin";"NY";"Electra Townie 7D (20-inch) - Boys' - 2017";"Electra";"Children Bicycles";2;339.99;0.1;10.0;679.98;67.998;611.982
1034;895;"2017-07-30";2017;7;"2017-07";"Baldwin Bikes";"Baldwin";"NY";"Electra Townie 7D (20-inch) - Boys' - 2017";"Electra";"Children Bicycles";1;339.99;0.1;10.0;339.99;33.999;305.991
1055;140;"2017-08-12";2017;8;"2017-08";"Baldwin Bikes";"Baldwin";"NY";"Electra Townie 7D (20-inch) - Boys' - 2017";"Electra";"Children Bicycles";2;339.99;0.2;20.0;679.98;135.996;543.984
1135;1347;"2017-09-19";2017;9;"2017-09";"Baldwin Bikes";"Baldwin";"NY";"Electra Townie 7D (20-inch) - Boys' - 2017";"Electra";"Children Bicycles";2;339.99;0.05;5.0;679.98;33.999;645.981
1226;226;"2017-11-04";2017;11;"2017-11";"Baldwin Bikes";"Baldwin";"NY";"Electra Townie 7D (20-inch) - Boys' - 2017";"Electra";"Children Bicycles";1;339.99;0.2;20.0;339.99;67.998;271.992
1238;998;"2017-11-09";2017;11;"2017-11";"Baldwin Bikes";"Baldwin";"NY";"Electra Townie 7D (20-inch) - Boys' - 2017";"Electra";"Children Bicycles";1;339.99;0.1;10.0;339.99;33.999;305.991
1264;113;"2017-11-24";2017;11;"2017-11";"Baldwin Bikes";"Baldwin";"NY";"Electra Townie 7D (20-inch) - Boys' - 2017";"Electra";"Children Bicycles";1;339.99;0.07;7.0;339.99;23.7993;316.1907
1284;128;"2017-12-04";2017;12;"2017-12";"Baldwin Bikes";"Baldwin";"NY";"Electra Townie 7D (20-inch) - Boys' - 2017";"Electra";"Children Bicycles";1;339.99;0.07;7.0;339.99;23.7993;316.1907
1299;1216;"2017-12-15";2017;12;"2017-12";"Santa Cruz Bikes";"Santa Cruz";"CA";"Electra Townie 7D (20-inch) - Boys' - 2017";"Electra";"Children Bicycles";1;339.99;0.05;5.0;339.99;16.9995;322.9905
1300;824;"2017-12-15";2017;12;"2017-12";"Baldwin Bikes";"Baldwin";"NY";"Electra Townie 7D (20-inch) - Boys' - 2017";"Electra";"Children Bicycles";2;339.99;0.07;7.0;679.98;47.5986;632.3814
1443;972;"2018-03-16";2018;3;"2018-03";"Baldwin Bikes";"Baldwin";"NY";"Electra Townie 7D (20-inch) - Boys' - 2017";"Electra";"Children Bicycles";2;339.99;0.1;10.0;679.98;67.998;611.982
1455;405;"2018-03-20";2018;3;"2018-03";"Baldwin Bikes";"Baldwin";"NY";"Electra Townie 7D (20-inch) - Boys' - 2017";"Electra";"Children Bicycles";2;339.99;0.05;5.0;679.98;33.999;645.981
1559;42;"2018-04-20";2018;4;"2018-04";"Baldwin Bikes";"Baldwin";"NY";"Electra Townie 7D (20-inch) - Boys' - 2017";"Electra";"Children Bicycles";2;339.99;0.07;7.0;679.98;47.5986;632.3814
1612;3;"2018-10-21";2018;10;"2018-10";"Santa Cruz Bikes";"Santa Cruz";"CA";"Electra Townie 7D (20-inch) - Boys' - 2017";"Electra";"Children Bicycles";2;339.99;0.2;20.0;679.98;135.996;543.984
1426;938;"2018-03-07";2018;3;"2018-03";"Baldwin Bikes";"Baldwin";"NY";"Electra Cruiser 7D (24-Inch) Ladies' - 2016/2018";"Electra";"Children Bicycles";1;319.99;0.07;7.0;319.99;22.3993;297.5907
1430;1239;"2018-03-10";2018;3;"2018-03";"Baldwin Bikes";"Baldwin";"NY";"Electra Cruiser 7D (24-Inch) Ladies' - 2016/2018";"Electra";"Children Bicycles";1;319.99;0.07;7.0;319.99;22.3993;297.5907
1507;85;"2018-04-08";2018;4;"2018-04";"Baldwin Bikes";"Baldwin";"NY";"Electra Cruiser 7D (24-Inch) Ladies' - 2016/2018";"Electra";"Children Bicycles";1;319.99;0.07;7.0;319.99;22.3993;297.5907
1330;761;"2018-01-04";2018;1;"2018-01";"Baldwin Bikes";"Baldwin";"NY";"Electra Cyclosaurus 1 (16-inch) - Boy's - 2018";"Electra";"Children Bicycles";1;279.99;0.1;10.0;279.99;27.999;251.991
1352;1433;"2018-01-16";2018;1;"2018-01";"Baldwin Bikes";"Baldwin";"NY";"Electra Cyclosaurus 1 (16-inch) - Boy's - 2018";"Electra";"Children Bicycles";2;279.99;0.1;10.0;559.98;55.998;503.982
1359;1008;"2018-01-21";2018;1;"2018-01";"Rowlett Bikes";"Rowlett";"TX";"Electra Cyclosaurus 1 (16-inch) - Boy's - 2018";"Electra";"Children Bicycles";1;279.99;0.05;5.0;279.99;13.9995;265.9905
1489;194;"2018-04-03";2018;4;"2018-04";"Santa Cruz Bikes";"Santa Cruz";"CA";"Electra Cyclosaurus 1 (16-inch) - Boy's - 2018";"Electra";"Children Bicycles";2;279.99;0.2;20.0;559.98;111.996;447.984
1577;48;"2018-04-23";2018;4;"2018-04";"Baldwin Bikes";"Baldwin";"NY";"Electra Cyclosaurus 1 (16-inch) - Boy's - 2018";"Electra";"Children Bicycles";2;279.99;0.05;5.0;559.98;27.999;531.981
1329;443;"2018-01-04";2018;1;"2018-01";"Santa Cruz Bikes";"Santa Cruz";"CA";"Electra Heartchya 1 (20-inch) - Girl's - 2018";"Electra";"Children Bicycles";2;319.99;0.2;20.0;639.98;127.996;511.984
1372;1013;"2018-01-29";2018;1;"2018-01";"Baldwin Bikes";"Baldwin";"NY";"Electra Heartchya 1 (20-inch) - Girl's - 2018";"Electra";"Children Bicycles";2;319.99;0.2;20.0;639.98;127.996;511.984
1454;395;"2018-03-20";2018;3;"2018-03";"Baldwin Bikes";"Baldwin";"NY";"Electra Heartchya 1 (20-inch) - Girl's - 2018";"Electra";"Children Bicycles";1;319.99;0.07;7.0;319.99;22.3993;297.5907
1613;1;"2018-11-18";2018;11;"2018-11";"Baldwin Bikes";"Baldwin";"NY";"Electra Heartchya 1 (20-inch) - Girl's - 2018";"Electra";"Children Bicycles";2;319.99;0.05;5.0;639.98;31.999;607.981
1554;172;"2018-04-18";2018;4;"2018-04";"Santa Cruz Bikes";"Santa Cruz";"CA";"Electra Soft Serve 1 (16-inch) - Girl's - 2018";"Electra";"Children Bicycles";1;279.99;0.2;20.0;279.99;55.998;223.992
1434;595;"2018-03-14";2018;3;"2018-03";"Baldwin Bikes";"Baldwin";"NY";"Electra Starship 1 16"" - 2018""";"Electra";"Children Bicycles";2;279.99;0.1;10.0;559.98;55.998;503.982
1579;104;"2018-04-24";2018;4;"2018-04";"Santa Cruz Bikes";"Santa Cruz";"CA";"Electra Starship 1 16"" - 2018""";"Electra";"Children Bicycles";1;279.99;0.07;7.0;279.99;19.5993;260.3907
1591;165;"2018-04-27";2018;4;"2018-04";"Santa Cruz Bikes";"Santa Cruz";"CA";"Electra Starship 1 16"" - 2018""";"Electra";"Children Bicycles";2;279.99;0.2;20.0;559.98;111.996;447.984
1470;505;"2018-03-28";2018;3;"2018-03";"Baldwin Bikes";"Baldwin";"NY";"Electra Straight 8 1 (16-inch) - Boy's - 2018";"Electra";"Children Bicycles";1;279.99;0.05;5.0;279.99;13.9995;265.9905
1511;25;"2018-04-09";2018;4;"2018-04";"Baldwin Bikes";"Baldwin";"NY";"Electra Straight 8 1 (20-inch) - Boy's - 2018";"Electra";"Children Bicycles";1;389.99;0.07;7.0;389.99;27.2993;362.6907
1612;3;"2018-10-21";2018;10;"2018-10";"Santa Cruz Bikes";"Santa Cruz";"CA";"Electra Superbolt 1 20"" - 2018""";"Electra";"Children Bicycles";2;319.99;0.05;5.0;639.98;31.999;607.981
1331;1122;"2018-01-05";2018;1;"2018-01";"Baldwin Bikes";"Baldwin";"NY";"Electra Superbolt 3i 20"" - 2018""";"Electra";"Children Bicycles";1;369.99;0.05;5.0;369.99;18.4995;351.4905
1386;1254;"2018-02-09";2018;2;"2018-02";"Santa Cruz Bikes";"Santa Cruz";"CA";"Electra Sweet Ride 3i (20-inch) - Girls' - 2018";"Electra";"Children Bicycles";1;369.99;0.2;20.0;369.99;73.998;295.992
1414;293;"2018-03-03";2018;3;"2018-03";"Baldwin Bikes";"Baldwin";"NY";"Electra Sweet Ride 3i (20-inch) - Girls' - 2018";"Electra";"Children Bicycles";2;369.99;0.05;5.0;739.98;36.999;702.981
1495;86;"2018-04-05";2018;4;"2018-04";"Baldwin Bikes";"Baldwin";"NY";"Electra Sweet Ride 3i (20-inch) - Girls' - 2018";"Electra";"Children Bicycles";2;369.99;0.05;5.0;739.98;36.999;702.981
1500;151;"2018-04-06";2018;4;"2018-04";"Santa Cruz Bikes";"Santa Cruz";"CA";"Electra Tiger Shark 1 (20-inch) - Boys' - 2018";"Electra";"Children Bicycles";1;319.99;0.07;7.0;319.99;22.3993;297.5907
1507;85;"2018-04-08";2018;4;"2018-04";"Baldwin Bikes";"Baldwin";"NY";"Electra Tiger Shark 1 (20-inch) - Boys' - 2018";"Electra";"Children Bicycles";2;319.99;0.05;5.0;639.98;31.999;607.981
1576;12;"2018-04-23";2018;4;"2018-04";"Baldwin Bikes";"Baldwin";"NY";"Electra Tiger Shark 1 (20-inch) - Boys' - 2018";"Electra";"Children Bicycles";1;319.99;0.05;5.0;319.99;15.9995;303.9905
1612;3;"2018-10-21";2018;10;"2018-10";"Santa Cruz Bikes";"Santa Cruz";"CA";"Electra Tiger Shark 1 (20-inch) - Boys' - 2018";"Electra";"Children Bicycles";2;319.99;0.07;7.0;639.98;44.7986;595.1814
1462;1101;"2018-03-22";2018;3;"2018-03";"Baldwin Bikes";"Baldwin";"NY";"Electra Tiger Shark 3i (20-inch) - Boys' - 2018";"Electra";"Children Bicycles";1;369.99;0.1;10.0;369.99;36.999;332.991
1391;914;"2018-02-13";2018;2;"2018-02";"Baldwin Bikes";"Baldwin";"NY";"Electra Treasure 1 20"" - 2018""";"Electra";"Children Bicycles";2;319.99;0.2;20.0;639.98;127.996;511.984
1458;1029;"2018-03-20";2018;3;"2018-03";"Rowlett Bikes";"Rowlett";"TX";"Electra Treasure 1 20"" - 2018""";"Electra";"Children Bicycles";2;319.99;0.05;5.0;639.98;31.999;607.981
1484;35;"2018-04-02";2018;4;"2018-04";"Baldwin Bikes";"Baldwin";"NY";"Electra Treasure 1 20"" - 2018""";"Electra";"Children Bicycles";2;319.99;0.07;7.0;639.98;44.7986;595.1814
1524;37;"2018-04-12";2018;4;"2018-04";"Baldwin Bikes";"Baldwin";"NY";"Electra Treasure 1 20"" - 2018""";"Electra";"Children Bicycles";2;319.99;0.2;20.0;639.98;127.996;511.984
1586;176;"2018-04-26";2018;4;"2018-04";"Santa Cruz Bikes";"Santa Cruz";"CA";"Electra Treasure 1 20"" - 2018""";"Electra";"Children Bicycles";1;319.99;0.05;5.0;319.99;15.9995;303.9905
1600;90;"2018-04-29";2018;4;"2018-04";"Baldwin Bikes";"Baldwin";"NY";"Electra Treasure 1 20"" - 2018""";"Electra";"Children Bicycles";1;319.99;0.05;5.0;319.99;15.9995;303.9905
1332;256;"2018-01-06";2018;1;"2018-01";"Baldwin Bikes";"Baldwin";"NY";"Electra Treasure 3i 20"" - 2018""";"Electra";"Children Bicycles";1;369.99;0.2;20.0;369.99;73.998;295.992
1351;1016;"2018-01-16";2018;1;"2018-01";"Baldwin Bikes";"Baldwin";"NY";"Electra Under-The-Sea 1 16"" - 2018""";"Electra";"Children Bicycles";2;279.99;0.2;20.0;559.98;111.996;447.984
1355;1010;"2018-01-19";2018;1;"2018-01";"Baldwin Bikes";"Baldwin";"NY";"Electra Under-The-Sea 1 16"" - 2018""";"Electra";"Children Bicycles";1;279.99;0.1;10.0;279.99;27.999;251.991
1413;56;"2018-03-01";2018;3;"2018-03";"Rowlett Bikes";"Rowlett";"TX";"Electra Under-The-Sea 1 16"" - 2018""";"Electra";"Children Bicycles";2;279.99;0.05;5.0;559.98;27.999;531.981
1542;58;"2018-04-16";2018;4;"2018-04";"Baldwin Bikes";"Baldwin";"NY";"Electra Under-The-Sea 1 16"" - 2018""";"Electra";"Children Bicycles";1;279.99;0.2;20.0;279.99;55.998;223.992
1561;65;"2018-04-20";2018;4;"2018-04";"Baldwin Bikes";"Baldwin";"NY";"Electra Under-The-Sea 1 16"" - 2018""";"Electra";"Children Bicycles";2;279.99;0.05;5.0;559.98;27.999;531.981
1332;256;"2018-01-06";2018;1;"2018-01";"Baldwin Bikes";"Baldwin";"NY";"Electra Water Lily 1 (16-inch) - Girl's - 2018";"Electra";"Children Bicycles";1;279.99;0.1;10.0;279.99;27.999;251.991
1421;1176;"2018-03-05";2018;3;"2018-03";"Baldwin Bikes";"Baldwin";"NY";"Electra Water Lily 1 (16-inch) - Girl's - 2018";"Electra";"Children Bicycles";2;279.99;0.05;5.0;559.98;27.999;531.981
1577;48;"2018-04-23";2018;4;"2018-04";"Baldwin Bikes";"Baldwin";"NY";"Electra Water Lily 1 (16-inch) - Girl's - 2018";"Electra";"Children Bicycles";2;279.99;0.05;5.0;559.98;27.999;531.981
678;250;"2017-01-28";2017;1;"2017-01";"Rowlett Bikes";"Rowlett";"TX";"Haro Flightline One ST - 2017";"Haro";"Mountain Bikes";2;379.99;0.07;7.0;759.98;53.1986;706.7814
850;1346;"2017-04-19";2017;4;"2017-04";"Santa Cruz Bikes";"Santa Cruz";"CA";"Haro Flightline One ST - 2017";"Haro";"Mountain Bikes";1;379.99;0.07;7.0;379.99;26.5993;353.3907
864;902;"2017-04-28";2017;4;"2017-04";"Baldwin Bikes";"Baldwin";"NY";"Haro Flightline One ST - 2017";"Haro";"Mountain Bikes";1;379.99;0.1;10.0;379.99;37.999;341.991
926;233;"2017-06-03";2017;6;"2017-06";"Santa Cruz Bikes";"Santa Cruz";"CA";"Haro Flightline One ST - 2017";"Haro";"Mountain Bikes";2;379.99;0.2;20.0;759.98;151.996;607.984
994;419;"2017-07-09";2017;7;"2017-07";"Baldwin Bikes";"Baldwin";"NY";"Haro Flightline One ST - 2017";"Haro";"Mountain Bikes";2;379.99;0.1;10.0;759.98;75.998;683.982
1019;408;"2017-07-22";2017;7;"2017-07";"Baldwin Bikes";"Baldwin";"NY";"Haro Flightline One ST - 2017";"Haro";"Mountain Bikes";1;379.99;0.05;5.0;379.99;18.9995;360.9905
1048;777;"2017-08-08";2017;8;"2017-08";"Baldwin Bikes";"Baldwin";"NY";"Haro Flightline One ST - 2017";"Haro";"Mountain Bikes";1;379.99;0.1;10.0;379.99;37.999;341.991
1117;334;"2017-09-08";2017;9;"2017-09";"Baldwin Bikes";"Baldwin";"NY";"Haro Flightline One ST - 2017";"Haro";"Mountain Bikes";2;379.99;0.1;10.0;759.98;75.998;683.982
1127;494;"2017-09-15";2017;9;"2017-09";"Baldwin Bikes";"Baldwin";"NY";"Haro Flightline One ST - 2017";"Haro";"Mountain Bikes";1;379.99;0.2;20.0;379.99;75.998;303.992
1157;24;"2017-10-01";2017;10;"2017-10";"Santa Cruz Bikes";"Santa Cruz";"CA";"Haro Flightline One ST - 2017";"Haro";"Mountain Bikes";2;379.99;0.2;20.0;759.98;151.996;607.984
1192;1114;"2017-10-17";2017;10;"2017-10";"Baldwin Bikes";"Baldwin";"NY";"Haro Flightline One ST - 2017";"Haro";"Mountain Bikes";2;379.99;0.2;20.0;759.98;151.996;607.984
1204;1277;"2017-10-25";2017;10;"2017-10";"Baldwin Bikes";"Baldwin";"NY";"Haro Flightline One ST - 2017";"Haro";"Mountain Bikes";2;379.99;0.07;7.0;759.98;53.1986;706.7814
1212;213;"2017-10-27";2017;10;"2017-10";"Baldwin Bikes";"Baldwin";"NY";"Haro Flightline One ST - 2017";"Haro";"Mountain Bikes";2;379.99;0.07;7.0;759.98;53.1986;706.7814
1244;333;"2017-11-12";2017;11;"2017-11";"Baldwin Bikes";"Baldwin";"NY";"Haro Flightline One ST - 2017";"Haro";"Mountain Bikes";2;379.99;0.1;10.0;759.98;75.998;683.982
1262;509;"2017-11-23";2017;11;"2017-11";"Baldwin Bikes";"Baldwin";"NY";"Haro Flightline One ST - 2017";"Haro";"Mountain Bikes";1;379.99;0.07;7.0;379.99;26.5993;353.3907
1492;41;"2018-04-04";2018;4;"2018-04";"Baldwin Bikes";"Baldwin";"NY";"Haro Flightline One ST - 2017";"Haro";"Mountain Bikes";2;379.99;0.1;10.0;759.98;75.998;683.982
1508;92;"2018-04-08";2018;4;"2018-04";"Baldwin Bikes";"Baldwin";"NY";"Haro Flightline One ST - 2017";"Haro";"Mountain Bikes";1;379.99;0.2;20.0;379.99;75.998;303.992
1542;58;"2018-04-16";2018;4;"2018-04";"Baldwin Bikes";"Baldwin";"NY";"Haro Flightline One ST - 2017";"Haro";"Mountain Bikes";2;379.99;0.1;10.0;759.98;75.998;683.982
1565;60;"2018-04-21";2018;4;"2018-04";"Santa Cruz Bikes";"Santa Cruz";"CA";"Haro Flightline One ST - 2017";"Haro";"Mountain Bikes";1;379.99;0.07;7.0;379.99;26.5993;353.3907
1602;55;"2018-04-30";2018;4;"2018-04";"Baldwin Bikes";"Baldwin";"NY";"Haro Flightline One ST - 2017";"Haro";"Mountain Bikes";1;379.99;0.07;7.0;379.99;26.5993;353.3907
673;64;"2017-01-26";2017;1;"2017-01";"Rowlett Bikes";"Rowlett";"TX";"Haro Flightline Two 26 Plus - 2017";"Haro";"Mountain Bikes";1;549.99;0.2;20.0;549.99;109.998;439.992
738;124;"2017-02-28";2017;2;"2017-02";"Santa Cruz Bikes";"Santa Cruz";"CA";"Haro Flightline Two 26 Plus - 2017";"Haro";"Mountain Bikes";2;549.99;0.2;20.0;1099.98;219.996;879.984
856;477;"2017-04-23";2017;4;"2017-04";"Baldwin Bikes";"Baldwin";"NY";"Haro Flightline Two 26 Plus - 2017";"Haro";"Mountain Bikes";2;549.99;0.05;5.0;1099.98;54.999;1044.981
859;644;"2017-04-25";2017;4;"2017-04";"Baldwin Bikes";"Baldwin";"NY";"Haro Flightline Two 26 Plus - 2017";"Haro";"Mountain Bikes";2;549.99;0.07;7.0;1099.98;76.9986;1022.9814
871;358;"2017-05-02";2017;5;"2017-05";"Baldwin Bikes";"Baldwin";"NY";"Haro Flightline Two 26 Plus - 2017";"Haro";"Mountain Bikes";1;549.99;0.1;10.0;549.99;54.999;494.991
902;1278;"2017-05-21";2017;5;"2017-05";"Baldwin Bikes";"Baldwin";"NY";"Haro Flightline Two 26 Plus - 2017";"Haro";"Mountain Bikes";2;549.99;0.07;7.0;1099.98;76.9986;1022.9814
914;1068;"2017-05-28";2017;5;"2017-05";"Santa Cruz Bikes";"Santa Cruz";"CA";"Haro Flightline Two 26 Plus - 2017";"Haro";"Mountain Bikes";1;549.99;0.07;7.0;549.99;38.4993;511.4907
935;43;"2017-06-10";2017;6;"2017-06";"Rowlett Bikes";"Rowlett";"TX";"Haro Flightline Two 26 Plus - 2017";"Haro";"Mountain Bikes";1;549.99;0.07;7.0;549.99;38.4993;511.4907
971;1426;"2017-06-22";2017;6;"2017-06";"Rowlett Bikes";"Rowlett";"TX";"Haro Flightline Two 26 Plus - 2017";"Haro";"Mountain Bikes";1;549.99;0.2;20.0;549.99;109.998;439.992
988;436;"2017-07-02";2017;7;"2017-07";"Baldwin Bikes";"Baldwin";"NY";"Haro Flightline Two 26 Plus - 2017";"Haro";"Mountain Bikes";1;549.99;0.07;7.0;549.99;38.4993;511.4907
1140;1063;"2017-09-21";2017;9;"2017-09";"Rowlett Bikes";"Rowlett";"TX";"Haro Flightline Two 26 Plus - 2017";"Haro";"Mountain Bikes";2;549.99;0.1;10.0;1099.98;109.998;989.982
1161;41;"2017-10-01";2017;10;"2017-10";"Baldwin Bikes";"Baldwin";"NY";"Haro Flightline Two 26 Plus - 2017";"Haro";"Mountain Bikes";1;549.99;0.07;7.0;549.99;38.4993;511.4907
1221;1290;"2017-10-31";2017;10;"2017-10";"Baldwin Bikes";"Baldwin";"NY";"Haro Flightline Two 26 Plus - 2017";"Haro";"Mountain Bikes";2;549.99;0.1;10.0;1099.98;109.998;989.982
1230;1107;"2017-11-05";2017;11;"2017-11";"Baldwin Bikes";"Baldwin";"NY";"Haro Flightline Two 26 Plus - 2017";"Haro";"Mountain Bikes";2;549.99;0.07;7.0;1099.98;76.9986;1022.9814
1244;333;"2017-11-12";2017;11;"2017-11";"Baldwin Bikes";"Baldwin";"NY";"Haro Flightline Two 26 Plus - 2017";"Haro";"Mountain Bikes";2;549.99;0.07;7.0;1099.98;76.9986;1022.9814
1293;1401;"2017-12-10";2017;12;"2017-12";"Baldwin Bikes";"Baldwin";"NY";"Haro Flightline Two 26 Plus - 2017";"Haro";"Mountain Bikes";2;549.99;0.07;7.0;1099.98;76.9986;1022.9814
1302;322;"2017-12-16";2017;12;"2017-12";"Baldwin Bikes";"Baldwin";"NY";"Haro Flightline Two 26 Plus - 2017";"Haro";"Mountain Bikes";1;549.99;0.05;5.0;549.99;27.4995;522.4905
1454;395;"2018-03-20";2018;3;"2018-03";"Baldwin Bikes";"Baldwin";"NY";"Haro Flightline Two 26 Plus - 2017";"Haro";"Mountain Bikes";2;549.99;0.05;5.0;1099.98;54.999;1044.981
663;344;"2017-01-20";2017;1;"2017-01";"Santa Cruz Bikes";"Santa Cruz";"CA";"Haro Shift R3 - 2017";"Haro";"Mountain Bikes";2;1469.99;0.05;5.0;2939.98;146.999;2792.981
748;1072;"2017-03-03";2017;3;"2017-03";"Rowlett Bikes";"Rowlett";"TX";"Haro Shift R3 - 2017";"Haro";"Mountain Bikes";1;1469.99;0.07;7.0;1469.99;102.8993;1367.0907
767;564;"2017-03-09";2017;3;"2017-03";"Baldwin Bikes";"Baldwin";"NY";"Haro Shift R3 - 2017";"Haro";"Mountain Bikes";2;1469.99;0.05;5.0;2939.98;146.999;2792.981
794;863;"2017-03-23";2017;3;"2017-03";"Baldwin Bikes";"Baldwin";"NY";"Haro Shift R3 - 2017";"Haro";"Mountain Bikes";2;1469.99;0.05;5.0;2939.98;146.999;2792.981
827;666;"2017-04-07";2017;4;"2017-04";"Baldwin Bikes";"Baldwin";"NY";"Haro Shift R3 - 2017";"Haro";"Mountain Bikes";1;1469.99;0.2;20.0;1469.99;293.998;1175.992
848;597;"2017-04-18";2017;4;"2017-04";"Baldwin Bikes";"Baldwin";"NY";"Haro Shift R3 - 2017";"Haro";"Mountain Bikes";2;1469.99;0.07;7.0;2939.98;205.7986;2734.1814
908;402;"2017-05-25";2017;5;"2017-05";"Baldwin Bikes";"Baldwin";"NY";"Haro Shift R3 - 2017";"Haro";"Mountain Bikes";1;1469.99;0.2;20.0;1469.99;293.998;1175.992
917;881;"2017-05-29";2017;5;"2017-05";"Santa Cruz Bikes";"Santa Cruz";"CA";"Haro Shift R3 - 2017";"Haro";"Mountain Bikes";1;1469.99;0.07;7.0;1469.99;102.8993;1367.0907
959;650;"2017-06-18";2017;6;"2017-06";"Baldwin Bikes";"Baldwin";"NY";"Haro Shift R3 - 2017";"Haro";"Mountain Bikes";1;1469.99;0.05;5.0;1469.99;73.4995;1396.4905
1028;1273;"2017-07-27";2017;7;"2017-07";"Baldwin Bikes";"Baldwin";"NY";"Haro Shift R3 - 2017";"Haro";"Mountain Bikes";1;1469.99;0.2;20.0;1469.99;293.998;1175.992
1046;1134;"2017-08-07";2017;8;"2017-08";"Rowlett Bikes";"Rowlett";"TX";"Haro Shift R3 - 2017";"Haro";"Mountain Bikes";2;1469.99;0.1;10.0;2939.98;293.998;2645.982
1107;1424;"2017-09-02";2017;9;"2017-09";"Baldwin Bikes";"Baldwin";"NY";"Haro Shift R3 - 2017";"Haro";"Mountain Bikes";2;1469.99;0.2;20.0;2939.98;587.996;2351.984
1122;1132;"2017-09-12";2017;9;"2017-09";"Baldwin Bikes";"Baldwin";"NY";"Haro Shift R3 - 2017";"Haro";"Mountain Bikes";2;1469.99;0.05;5.0;2939.98;146.999;2792.981
1157;24;"2017-10-01";2017;10;"2017-10";"Santa Cruz Bikes";"Santa Cruz";"CA";"Haro Shift R3 - 2017";"Haro";"Mountain Bikes";1;1469.99;0.07;7.0;1469.99;102.8993;1367.0907
1160;1262;"2017-10-01";2017;10;"2017-10";"Santa Cruz Bikes";"Santa Cruz";"CA";"Haro Shift R3 - 2017";"Haro";"Mountain Bikes";1;1469.99;0.1;10.0;1469.99;146.999;1322.991
1162;888;"2017-10-01";2017;10;"2017-10";"Baldwin Bikes";"Baldwin";"NY";"Haro Shift R3 - 2017";"Haro";"Mountain Bikes";1;1469.99;0.05;5.0;1469.99;73.4995;1396.4905
1257;1136;"2017-11-19";2017;11;"2017-11";"Baldwin Bikes";"Baldwin";"NY";"Haro Shift R3 - 2017";"Haro";"Mountain Bikes";1;1469.99;0.05;5.0;1469.99;73.4995;1396.4905
1265;950;"2017-11-24";2017;11;"2017-11";"Baldwin Bikes";"Baldwin";"NY";"Haro Shift R3 - 2017";"Haro";"Mountain Bikes";2;1469.99;0.1;10.0;2939.98;293.998;2645.982
1315;931;"2017-12-25";2017;12;"2017-12";"Rowlett Bikes";"Rowlett";"TX";"Haro Shift R3 - 2017";"Haro";"Mountain Bikes";1;1469.99;0.05;5.0;1469.99;73.4995;1396.4905
1390;63;"2018-02-12";2018;2;"2018-02";"Baldwin Bikes";"Baldwin";"NY";"Haro Shift R3 - 2017";"Haro";"Mountain Bikes";2;1469.99;0.05;5.0;2939.98;146.999;2792.981
1500;151;"2018-04-06";2018;4;"2018-04";"Santa Cruz Bikes";"Santa Cruz";"CA";"Haro Shift R3 - 2017";"Haro";"Mountain Bikes";2;1469.99;0.07;7.0;2939.98;205.7986;2734.1814
1511;25;"2018-04-09";2018;4;"2018-04";"Baldwin Bikes";"Baldwin";"NY";"Haro Shift R3 - 2017";"Haro";"Mountain Bikes";1;1469.99;0.05;5.0;1469.99;73.4995;1396.4905
1552;73;"2018-04-17";2018;4;"2018-04";"Baldwin Bikes";"Baldwin";"NY";"Haro Shift R3 - 2017";"Haro";"Mountain Bikes";2;1469.99;0.05;5.0;2939.98;146.999;2792.981
1560;57;"2018-04-20";2018;4;"2018-04";"Baldwin Bikes";"Baldwin";"NY";"Haro Shift R3 - 2017";"Haro";"Mountain Bikes";1;1469.99;0.2;20.0;1469.99;293.998;1175.992
712;173;"2017-02-13";2017;2;"2017-02";"Rowlett Bikes";"Rowlett";"TX";"Haro SR 1.1 - 2017";"Haro";"Mountain Bikes";2;539.99;0.2;20.0;1079.98;215.996;863.984
818;1319;"2017-04-04";2017;4;"2017-04";"Baldwin Bikes";"Baldwin";"NY";"Haro SR 1.1 - 2017";"Haro";"Mountain Bikes";2;539.99;0.07;7.0;1079.98;75.5986;1004.3814
883;507;"2017-05-11";2017;5;"2017-05";"Baldwin Bikes";"Baldwin";"NY";"Haro SR 1.1 - 2017";"Haro";"Mountain Bikes";1;539.99;0.05;5.0;539.99;26.9995;512.9905
919;781;"2017-05-30";2017;5;"2017-05";"Baldwin Bikes";"Baldwin";"NY";"Haro SR 1.1 - 2017";"Haro";"Mountain Bikes";1;539.99;0.1;10.0;539.99;53.999;485.991
936;265;"2017-06-10";2017;6;"2017-06";"Baldwin Bikes";"Baldwin";"NY";"Haro SR 1.1 - 2017";"Haro";"Mountain Bikes";1;539.99;0.07;7.0;539.99;37.7993;502.1907
945;167;"2017-06-14";2017;6;"2017-06";"Baldwin Bikes";"Baldwin";"NY";"Haro SR 1.1 - 2017";"Haro";"Mountain Bikes";2;539.99;0.1;10.0;1079.98;107.998;971.982
947;278;"2017-06-15";2017;6;"2017-06";"Santa Cruz Bikes";"Santa Cruz";"CA";"Haro SR 1.1 - 2017";"Haro";"Mountain Bikes";1;539.99;0.07;7.0;539.99;37.7993;502.1907
1009;1064;"2017-07-16";2017;7;"2017-07";"Rowlett Bikes";"Rowlett";"TX";"Haro SR 1.1 - 2017";"Haro";"Mountain Bikes";1;539.99;0.07;7.0;539.99;37.7993;502.1907
1128;936;"2017-09-15";2017;9;"2017-09";"Baldwin Bikes";"Baldwin";"NY";"Haro SR 1.1 - 2017";"Haro";"Mountain Bikes";1;539.99;0.05;5.0;539.99;26.9995;512.9905
1139;1006;"2017-09-21";2017;9;"2017-09";"Santa Cruz Bikes";"Santa Cruz";"CA";"Haro SR 1.1 - 2017";"Haro";"Mountain Bikes";2;539.99;0.1;10.0;1079.98;107.998;971.982
1164;1067;"2017-10-01";2017;10;"2017-10";"Baldwin Bikes";"Baldwin";"NY";"Haro SR 1.1 - 2017";"Haro";"Mountain Bikes";2;539.99;0.05;5.0;1079.98;53.999;1025.981
1227;702;"2017-11-04";2017;11;"2017-11";"Baldwin Bikes";"Baldwin";"NY";"Haro SR 1.1 - 2017";"Haro";"Mountain Bikes";1;539.99;0.07;7.0;539.99;37.7993;502.1907
1243;346;"2017-11-11";2017;11;"2017-11";"Baldwin Bikes";"Baldwin";"NY";"Haro SR 1.1 - 2017";"Haro";"Mountain Bikes";1;539.99;0.07;7.0;539.99;37.7993;502.1907
1256;458;"2017-11-19";2017;11;"2017-11";"Baldwin Bikes";"Baldwin";"NY";"Haro SR 1.1 - 2017";"Haro";"Mountain Bikes";2;539.99;0.2;20.0;1079.98;215.996;863.984
1294;947;"2017-12-11";2017;12;"2017-12";"Santa Cruz Bikes";"Santa Cruz";"CA";"Haro SR 1.1 - 2017";"Haro";"Mountain Bikes";1;539.99;0.05;5.0;539.99;26.9995;512.9905
1575;224;"2018-04-23";2018;4;"2018-04";"Santa Cruz Bikes";"Santa Cruz";"CA";"Haro SR 1.1 - 2017";"Haro";"Mountain Bikes";1;539.99;0.07;7.0;539.99;37.7993;502.1907
670;361;"2017-01-24";2017;1;"2017-01";"Baldwin Bikes";"Baldwin";"NY";"Haro SR 1.2 - 2017";"Haro";"Mountain Bikes";2;869.99;0.05;5.0;1739.98;86.999;1652.981
694;58;"2017-02-05";2017;2;"2017-02";"Baldwin Bikes";"Baldwin";"NY";"Haro SR 1.2 - 2017";"Haro";"Mountain Bikes";2;869.99;0.1;10.0;1739.98;173.998;1565.982
696;1242;"2017-02-05";2017;2;"2017-02";"Baldwin Bikes";"Baldwin";"NY";"Haro SR 1.2 - 2017";"Haro";"Mountain Bikes";1;869.99;0.07;7.0;869.99;60.8993;809.0907
703;417;"2017-02-08";2017;2;"2017-02";"Baldwin Bikes";"Baldwin";"NY";"Haro SR 1.2 - 2017";"Haro";"Mountain Bikes";2;869.99;0.2;20.0;1739.98;347.996;1391.984
721;625;"2017-02-16";2017;2;"2017-02";"Baldwin Bikes";"Baldwin";"NY";"Haro SR 1.2 - 2017";"Haro";"Mountain Bikes";2;869.99;0.07;7.0;1739.98;121.7986;1618.1814
742;433;"2017-02-28";2017;2;"2017-02";"Rowlett Bikes";"Rowlett";"TX";"Haro SR 1.2 - 2017";"Haro";"Mountain Bikes";1;869.99;0.07;7.0;869.99;60.8993;809.0907
751;731;"2017-03-05";2017;3;"2017-03";"Santa Cruz Bikes";"Santa Cruz";"CA";"Haro SR 1.2 - 2017";"Haro";"Mountain Bikes";2;869.99;0.05;5.0;1739.98;86.999;1652.981
811;524;"2017-04-01";2017;4;"2017-04";"Baldwin Bikes";"Baldwin";"NY";"Haro SR 1.2 - 2017";"Haro";"Mountain Bikes";2;869.99;0.07;7.0;1739.98;121.7986;1618.1814
826;45;"2017-04-07";2017;4;"2017-04";"Baldwin Bikes";"Baldwin";"NY";"Haro SR 1.2 - 2017";"Haro";"Mountain Bikes";2;869.99;0.2;20.0;1739.98;347.996;1391.984
832;1215;"2017-04-11";2017;4;"2017-04";"Baldwin Bikes";"Baldwin";"NY";"Haro SR 1.2 - 2017";"Haro";"Mountain Bikes";1;869.99;0.2;20.0;869.99;173.998;695.992
853;883;"2017-04-21";2017;4;"2017-04";"Rowlett Bikes";"Rowlett";"TX";"Haro SR 1.2 - 2017";"Haro";"Mountain Bikes";1;869.99;0.2;20.0;869.99;173.998;695.992
858;162;"2017-04-25";2017;4;"2017-04";"Baldwin Bikes";"Baldwin";"NY";"Haro SR 1.2 - 2017";"Haro";"Mountain Bikes";2;869.99;0.2;20.0;1739.98;347.996;1391.984
893;1293;"2017-05-16";2017;5;"2017-05";"Baldwin Bikes";"Baldwin";"NY";"Haro SR 1.2 - 2017";"Haro";"Mountain Bikes";1;869.99;0.07;7.0;869.99;60.8993;809.0907
898;352;"2017-05-20";2017;5;"2017-05";"Baldwin Bikes";"Baldwin";"NY";"Haro SR 1.2 - 2017";"Haro";"Mountain Bikes";2;869.99;0.2;20.0;1739.98;347.996;1391.984
992;723;"2017-07-07";2017;7;"2017-07";"Baldwin Bikes";"Baldwin";"NY";"Haro SR 1.2 - 2017";"Haro";"Mountain Bikes";1;869.99;0.07;7.0;869.99;60.8993;809.0907
994;419;"2017-07-09";2017;7;"2017-07";"Baldwin Bikes";"Baldwin";"NY";"Haro SR 1.2 - 2017";"Haro";"Mountain Bikes";1;869.99;0.2;20.0;869.99;173.998;695.992
1001;354;"2017-07-13";2017;7;"2017-07";"Baldwin Bikes";"Baldwin";"NY";"Haro SR 1.2 - 2017";"Haro";"Mountain Bikes";2;869.99;0.05;5.0;1739.98;86.999;1652.981
1014;748;"2017-07-19";2017;7;"2017-07";"Baldwin Bikes";"Baldwin";"NY";"Haro SR 1.2 - 2017";"Haro";"Mountain Bikes";2;869.99;0.05;5.0;1739.98;86.999;1652.981
1050;239;"2017-08-09";2017;8;"2017-08";"Santa Cruz Bikes";"Santa Cruz";"CA";"Haro SR 1.2 - 2017";"Haro";"Mountain Bikes";2;869.99;0.2;20.0;1739.98;347.996;1391.984
1068;453;"2017-08-17";2017;8;"2017-08";"Baldwin Bikes";"Baldwin";"NY";"Haro SR 1.2 - 2017";"Haro";"Mountain Bikes";2;869.99;0.2;20.0;1739.98;347.996;1391.984
1093;326;"2017-08-25";2017;8;"2017-08";"Santa Cruz Bikes";"Santa Cruz";"CA";"Haro SR 1.2 - 2017";"Haro";"Mountain Bikes";2;869.99;0.07;7.0;1739.98;121.7986;1618.1814
1108;735;"2017-09-03";2017;9;"2017-09";"Santa Cruz Bikes";"Santa Cruz";"CA";"Haro SR 1.2 - 2017";"Haro";"Mountain Bikes";2;869.99;0.05;5.0;1739.98;86.999;1652.981
1124;275;"2017-09-13";2017;9;"2017-09";"Rowlett Bikes";"Rowlett";"TX";"Haro SR 1.2 - 2017";"Haro";"Mountain Bikes";2;869.99;0.05;5.0;1739.98;86.999;1652.981
1244;333;"2017-11-12";2017;11;"2017-11";"Baldwin Bikes";"Baldwin";"NY";"Haro SR 1.2 - 2017";"Haro";"Mountain Bikes";1;869.99;0.2;20.0;869.99;173.998;695.992
1246;1329;"2017-11-13";2017;11;"2017-11";"Baldwin Bikes";"Baldwin";"NY";"Haro SR 1.2 - 2017";"Haro";"Mountain Bikes";2;869.99;0.07;7.0;1739.98;121.7986;1618.1814
1263;1408;"2017-11-23";2017;11;"2017-11";"Baldwin Bikes";"Baldwin";"NY";"Haro SR 1.2 - 2017";"Haro";"Mountain Bikes";1;869.99;0.2;20.0;869.99;173.998;695.992
1267;467;"2017-11-25";2017;11;"2017-11";"Baldwin Bikes";"Baldwin";"NY";"Haro SR 1.2 - 2017";"Haro";"Mountain Bikes";1;869.99;0.1;10.0;869.99;86.999;782.991
1301;1088;"2017-12-16";2017;12;"2017-12";"Santa Cruz Bikes";"Santa Cruz";"CA";"Haro SR 1.2 - 2017";"Haro";"Mountain Bikes";2;869.99;0.2;20.0;1739.98;347.996;1391.984
1306;28;"2017-12-20";2017;12;"2017-12";"Baldwin Bikes";"Baldwin";"NY";"Haro SR 1.2 - 2017";"Haro";"Mountain Bikes";1;869.99;0.2;20.0;869.99;173.998;695.992
1311;1021;"2017-12-24";2017;12;"2017-12";"Baldwin Bikes";"Baldwin";"NY";"Haro SR 1.2 - 2017";"Haro";"Mountain Bikes";2;869.99;0.07;7.0;1739.98;121.7986;1618.1814
1545;67;"2018-04-17";2018;4;"2018-04";"Santa Cruz Bikes";"Santa Cruz";"CA";"Haro SR 1.2 - 2017";"Haro";"Mountain Bikes";1;869.99;0.1;10.0;869.99;86.999;782.991
1584;109;"2018-04-26";2018;4;"2018-04";"Santa Cruz Bikes";"Santa Cruz";"CA";"Haro SR 1.2 - 2017";"Haro";"Mountain Bikes";2;869.99;0.1;10.0;1739.98;173.998;1565.982
846;715;"2017-04-17";2017;4;"2017-04";"Baldwin Bikes";"Baldwin";"NY";"Haro SR 1.3 - 2017";"Haro";"Mountain Bikes";2;1409.99;0.05;5.0;2819.98;140.999;2678.981
852;13;"2017-04-21";2017;4;"2017-04";"Rowlett Bikes";"Rowlett";"TX";"Haro SR 1.3 - 2017";"Haro";"Mountain Bikes";2;1409.99;0.07;7.0;2819.98;197.3986;2622.5814
868;868;"2017-05-01";2017;5;"2017-05";"Santa Cruz Bikes";"Santa Cruz";"CA";"Haro SR 1.3 - 2017";"Haro";"Mountain Bikes";1;1409.99;0.07;7.0;1409.99;98.6993;1311.2907
884;871;"2017-05-11";2017;5;"2017-05";"Baldwin Bikes";"Baldwin";"NY";"Haro SR 1.3 - 2017";"Haro";"Mountain Bikes";2;1409.99;0.2;20.0;2819.98;563.996;2255.984
906;877;"2017-05-23";2017;5;"2017-05";"Baldwin Bikes";"Baldwin";"NY";"Haro SR 1.3 - 2017";"Haro";"Mountain Bikes";1;1409.99;0.05;5.0;1409.99;70.4995;1339.4905
914;1068;"2017-05-28";2017;5;"2017-05";"Santa Cruz Bikes";"Santa Cruz";"CA";"Haro SR 1.3 - 2017";"Haro";"Mountain Bikes";1;1409.99;0.1;10.0;1409.99;140.999;1268.991
1006;1070;"2017-07-15";2017;7;"2017-07";"Baldwin Bikes";"Baldwin";"NY";"Haro SR 1.3 - 2017";"Haro";"Mountain Bikes";1;1409.99;0.1;10.0;1409.99;140.999;1268.991
1022;353;"2017-07-23";2017;7;"2017-07";"Baldwin Bikes";"Baldwin";"NY";"Haro SR 1.3 - 2017";"Haro";"Mountain Bikes";1;1409.99;0.1;10.0;1409.99;140.999;1268.991
1051;209;"2017-08-10";2017;8;"2017-08";"Baldwin Bikes";"Baldwin";"NY";"Haro SR 1.3 - 2017";"Haro";"Mountain Bikes";1;1409.99;0.2;20.0;1409.99;281.998;1127.992
1059;6;"2017-08-14";2017;8;"2017-08";"Baldwin Bikes";"Baldwin";"NY";"Haro SR 1.3 - 2017";"Haro";"Mountain Bikes";2;1409.99;0.05;5.0;2819.98;140.999;2678.981
1066;106;"2017-08-17";2017;8;"2017-08";"Baldwin Bikes";"Baldwin";"NY";"Haro SR 1.3 - 2017";"Haro";"Mountain Bikes";1;1409.99;0.1;10.0;1409.99;140.999;1268.991
1099;1128;"2017-08-28";2017;8;"2017-08";"Baldwin Bikes";"Baldwin";"NY";"Haro SR 1.3 - 2017";"Haro";"Mountain Bikes";1;1409.99;0.07;7.0;1409.99;98.6993;1311.2907
1103;1394;"2017-08-31";2017;8;"2017-08";"Baldwin Bikes";"Baldwin";"NY";"Haro SR 1.3 - 2017";"Haro";"Mountain Bikes";2;1409.99;0.2;20.0;2819.98;563.996;2255.984
1178;771;"2017-10-12";2017;10;"2017-10";"Baldwin Bikes";"Baldwin";"NY";"Haro SR 1.3 - 2017";"Haro";"Mountain Bikes";1;1409.99;0.07;7.0;1409.99;98.6993;1311.2907
1205;1091;"2017-10-26";2017;10;"2017-10";"Santa Cruz Bikes";"Santa Cruz";"CA";"Haro SR 1.3 - 2017";"Haro";"Mountain Bikes";2;1409.99;0.2;20.0;2819.98;563.996;2255.984
1246;1329;"2017-11-13";2017;11;"2017-11";"Baldwin Bikes";"Baldwin";"NY";"Haro SR 1.3 - 2017";"Haro";"Mountain Bikes";1;1409.99;0.05;5.0;1409.99;70.4995;1339.4905
1441;982;"2018-03-15";2018;3;"2018-03";"Rowlett Bikes";"Rowlett";"TX";"Haro SR 1.3 - 2017";"Haro";"Mountain Bikes";1;1409.99;0.07;7.0;1409.99;98.6993;1311.2907
1538;79;"2018-04-15";2018;4;"2018-04";"Baldwin Bikes";"Baldwin";"NY";"Haro SR 1.3 - 2017";"Haro";"Mountain Bikes";2;1409.99;0.07;7.0;2819.98;197.3986;2622.5814
1558;63;"2018-04-19";2018;4;"2018-04";"Baldwin Bikes";"Baldwin";"NY";"Haro SR 1.3 - 2017";"Haro";"Mountain Bikes";2;1409.99;0.07;7.0;2819.98;197.3986;2622.5814
636;532;"2017-01-03";2017;1;"2017-01";"Santa Cruz Bikes";"Santa Cruz";"CA";"Haro Downtown 16 - 2017";"Haro";"Children Bicycles";2;329.99;0.2;20.0;659.98;131.996;527.984
651;190;"2017-01-11";2017;1;"2017-01";"Baldwin Bikes";"Baldwin";"NY";"Haro Downtown 16 - 2017";"Haro";"Children Bicycles";1;329.99;0.05;5.0;329.99;16.4995;313.4905
667;858;"2017-01-22";2017;1;"2017-01";"Baldwin Bikes";"Baldwin";"NY";"Haro Downtown 16 - 2017";"Haro";"Children Bicycles";1;329.99;0.05;5.0;329.99;16.4995;313.4905
690;1097;"2017-02-03";2017;2;"2017-02";"Santa Cruz Bikes";"Santa Cruz";"CA";"Haro Downtown 16 - 2017";"Haro";"Children Bicycles";1;329.99;0.05;5.0;329.99;16.4995;313.4905
778;56;"2017-03-15";2017;3;"2017-03";"Rowlett Bikes";"Rowlett";"TX";"Haro Downtown 16 - 2017";"Haro";"Children Bicycles";1;329.99;0.05;5.0;329.99;16.4995;313.4905
779;367;"2017-03-15";2017;3;"2017-03";"Baldwin Bikes";"Baldwin";"NY";"Haro Downtown 16 - 2017";"Haro";"Children Bicycles";1;329.99;0.2;20.0;329.99;65.998;263.992
808;315;"2017-03-31";2017;3;"2017-03";"Baldwin Bikes";"Baldwin";"NY";"Haro Downtown 16 - 2017";"Haro";"Children Bicycles";1;329.99;0.05;5.0;329.99;16.4995;313.4905
813;1203;"2017-04-01";2017;4;"2017-04";"Rowlett Bikes";"Rowlett";"TX";"Haro Downtown 16 - 2017";"Haro";"Children Bicycles";2;329.99;0.2;20.0;659.98;131.996;527.984
817;301;"2017-04-04";2017;4;"2017-04";"Baldwin Bikes";"Baldwin";"NY";"Haro Downtown 16 - 2017";"Haro";"Children Bicycles";1;329.99;0.05;5.0;329.99;16.4995;313.4905
830;431;"2017-04-11";2017;4;"2017-04";"Baldwin Bikes";"Baldwin";"NY";"Haro Downtown 16 - 2017";"Haro";"Children Bicycles";2;329.99;0.2;20.0;659.98;131.996;527.984
839;1332;"2017-04-15";2017;4;"2017-04";"Santa Cruz Bikes";"Santa Cruz";"CA";"Haro Downtown 16 - 2017";"Haro";"Children Bicycles";1;329.99;0.1;10.0;329.99;32.999;296.991
862;1230;"2017-04-27";2017;4;"2017-04";"Rowlett Bikes";"Rowlett";"TX";"Haro Downtown 16 - 2017";"Haro";"Children Bicycles";1;329.99;0.05;5.0;329.99;16.4995;313.4905
944;138;"2017-06-14";2017;6;"2017-06";"Santa Cruz Bikes";"Santa Cruz";"CA";"Haro Downtown 16 - 2017";"Haro";"Children Bicycles";2;329.99;0.2;20.0;659.98;131.996;527.984
946;525;"2017-06-14";2017;6;"2017-06";"Baldwin Bikes";"Baldwin";"NY";"Haro Downtown 16 - 2017";"Haro";"Children Bicycles";2;329.99;0.2;20.0;659.98;131.996;527.984
970;836;"2017-06-22";2017;6;"2017-06";"Baldwin Bikes";"Baldwin";"NY";"Haro Downtown 16 - 2017";"Haro";"Children Bicycles";1;329.99;0.1;10.0;329.99;32.999;296.991
1007;1115;"2017-07-16";2017;7;"2017-07";"Baldwin Bikes";"Baldwin";"NY";"Haro Downtown 16 - 2017";"Haro";"Children Bicycles";2;329.99;0.1;10.0;659.98;65.998;593.982
1149;787;"2017-09-27";2017;9;"2017-09";"Baldwin Bikes";"Baldwin";"NY";"Haro Downtown 16 - 2017";"Haro";"Children Bicycles";1;329.99;0.2;20.0;329.99;65.998;263.992
1220;803;"2017-10-31";2017;10;"2017-10";"Baldwin Bikes";"Baldwin";"NY";"Haro Downtown 16 - 2017";"Haro";"Children Bicycles";2;329.99;0.2;20.0;659.98;131.996;527.984
1305;257;"2017-12-17";2017;12;"2017-12";"Baldwin Bikes";"Baldwin";"NY";"Haro Downtown 16 - 2017";"Haro";"Children Bicycles";1;329.99;0.2;20.0;329.99;65.998;263.992
1389;491;"2018-02-11";2018;2;"2018-02";"Baldwin Bikes";"Baldwin";"NY";"Haro Downtown 16 - 2017";"Haro";"Children Bicycles";2;329.99;0.1;10.0;659.98;65.998;593.982
1519;26;"2018-04-11";2018;4;"2018-04";"Baldwin Bikes";"Baldwin";"NY";"Haro Downtown 16 - 2017";"Haro";"Children Bicycles";2;329.99;0.2;20.0;659.98;131.996;527.984
714;805;"2017-02-14";2017;2;"2017-02";"Baldwin Bikes";"Baldwin";"NY";"Haro Shredder 20 - 2017";"Haro";"Children Bicycles";2;209.99;0.2;20.0;419.98;83.996;335.984
718;38;"2017-02-16";2017;2;"2017-02";"Baldwin Bikes";"Baldwin";"NY";"Haro Shredder 20 - 2017";"Haro";"Children Bicycles";2;209.99;0.07;7.0;419.98;29.3986;390.5814
773;1385;"2017-03-11";2017;3;"2017-03";"Baldwin Bikes";"Baldwin";"NY";"Haro Shredder 20 - 2017";"Haro";"Children Bicycles";1;209.99;0.1;10.0;209.99;20.999;188.991
783;1343;"2017-03-16";2017;3;"2017-03";"Santa Cruz Bikes";"Santa Cruz";"CA";"Haro Shredder 20 - 2017";"Haro";"Children Bicycles";1;209.99;0.2;20.0;209.99;41.998;167.992
809;1222;"2017-03-31";2017;3;"2017-03";"Baldwin Bikes";"Baldwin";"NY";"Haro Shredder 20 - 2017";"Haro";"Children Bicycles";2;209.99;0.1;10.0;419.98;41.998;377.982
824;993;"2017-04-07";2017;4;"2017-04";"Santa Cruz Bikes";"Santa Cruz";"CA";"Haro Shredder 20 - 2017";"Haro";"Children Bicycles";2;209.99;0.1;10.0;419.98;41.998;377.982
902;1278;"2017-05-21";2017;5;"2017-05";"Baldwin Bikes";"Baldwin";"NY";"Haro Shredder 20 - 2017";"Haro";"Children Bicycles";1;209.99;0.07;7.0;209.99;14.6993;195.2907
904;1020;"2017-05-23";2017;5;"2017-05";"Santa Cruz Bikes";"Santa Cruz";"CA";"Haro Shredder 20 - 2017";"Haro";"Children Bicycles";2;209.99;0.2;20.0;419.98;83.996;335.984
916;718;"2017-05-28";2017;5;"2017-05";"Baldwin Bikes";"Baldwin";"NY";"Haro Shredder 20 - 2017";"Haro";"Children Bicycles";1;209.99;0.2;20.0;209.99;41.998;167.992
948;618;"2017-06-15";2017;6;"2017-06";"Baldwin Bikes";"Baldwin";"NY";"Haro Shredder 20 - 2017";"Haro";"Children Bicycles";2;209.99;0.2;20.0;419.98;83.996;335.984
1037;1229;"2017-07-31";2017;7;"2017-07";"Baldwin Bikes";"Baldwin";"NY";"Haro Shredder 20 - 2017";"Haro";"Children Bicycles";1;209.99;0.07;7.0;209.99;14.6993;195.2907
1120;1269;"2017-09-10";2017;9;"2017-09";"Baldwin Bikes";"Baldwin";"NY";"Haro Shredder 20 - 2017";"Haro";"Children Bicycles";2;209.99;0.07;7.0;419.98;29.3986;390.5814
1171;826;"2017-10-05";2017;10;"2017-10";"Baldwin Bikes";"Baldwin";"NY";"Haro Shredder 20 - 2017";"Haro";"Children Bicycles";2;209.99;0.07;7.0;419.98;29.3986;390.5814
1205;1091;"2017-10-26";2017;10;"2017-10";"Santa Cruz Bikes";"Santa Cruz";"CA";"Haro Shredder 20 - 2017";"Haro";"Children Bicycles";1;209.99;0.1;10.0;209.99;20.999;188.991
1211;19;"2017-10-27";2017;10;"2017-10";"Baldwin Bikes";"Baldwin";"NY";"Haro Shredder 20 - 2017";"Haro";"Children Bicycles";1;209.99;0.2;20.0;209.99;41.998;167.992
1228;1041;"2017-11-04";2017;11;"2017-11";"Baldwin Bikes";"Baldwin";"NY";"Haro Shredder 20 - 2017";"Haro";"Children Bicycles";1;209.99;0.2;20.0;209.99;41.998;167.992
1248;1367;"2017-11-16";2017;11;"2017-11";"Santa Cruz Bikes";"Santa Cruz";"CA";"Haro Shredder 20 - 2017";"Haro";"Children Bicycles";1;209.99;0.1;10.0;209.99;20.999;188.991
1290;967;"2017-12-08";2017;12;"2017-12";"Baldwin Bikes";"Baldwin";"NY";"Haro Shredder 20 - 2017";"Haro";"Children Bicycles";2;209.99;0.1;10.0;419.98;41.998;377.982
1318;75;"2017-12-27";2017;12;"2017-12";"Baldwin Bikes";"Baldwin";"NY";"Haro Shredder 20 - 2017";"Haro";"Children Bicycles";1;209.99;0.07;7.0;209.99;14.6993;195.2907
1340;1066;"2018-01-12";2018;1;"2018-01";"Santa Cruz Bikes";"Santa Cruz";"CA";"Haro Shredder 20 - 2017";"Haro";"Children Bicycles";2;209.99;0.2;20.0;419.98;83.996;335.984
1393;547;"2018-02-14";2018;2;"2018-02";"Baldwin Bikes";"Baldwin";"NY";"Haro Shredder 20 - 2017";"Haro";"Children Bicycles";1;209.99;0.07;7.0;209.99;14.6993;195.2907
1416;566;"2018-03-03";2018;3;"2018-03";"Rowlett Bikes";"Rowlett";"TX";"Haro Shredder 20 - 2017";"Haro";"Children Bicycles";2;209.99;0.05;5.0;419.98;20.999;398.981
1480;27;"2018-04-01";2018;4;"2018-04";"Baldwin Bikes";"Baldwin";"NY";"Haro Shredder 20 - 2017";"Haro";"Children Bicycles";2;209.99;0.07;7.0;419.98;29.3986;390.5814
1535;19;"2018-04-14";2018;4;"2018-04";"Baldwin Bikes";"Baldwin";"NY";"Haro Shredder 20 - 2017";"Haro";"Children Bicycles";1;209.99;0.05;5.0;209.99;10.4995;199.4905
1565;60;"2018-04-21";2018;4;"2018-04";"Santa Cruz Bikes";"Santa Cruz";"CA";"Haro Shredder 20 - 2017";"Haro";"Children Bicycles";1;209.99;0.1;10.0;209.99;20.999;188.991
1575;224;"2018-04-23";2018;4;"2018-04";"Santa Cruz Bikes";"Santa Cruz";"CA";"Haro Shredder 20 - 2017";"Haro";"Children Bicycles";2;209.99;0.2;20.0;419.98;83.996;335.984
713;207;"2017-02-13";2017;2;"2017-02";"Rowlett Bikes";"Rowlett";"TX";"Haro Shredder 20 Girls - 2017";"Haro";"Children Bicycles";2;209.99;0.2;20.0;419.98;83.996;335.984
716;672;"2017-02-15";2017;2;"2017-02";"Baldwin Bikes";"Baldwin";"NY";"Haro Shredder 20 Girls - 2017";"Haro";"Children Bicycles";2;209.99;0.07;7.0;419.98;29.3986;390.5814
717;1312;"2017-02-15";2017;2;"2017-02";"Baldwin Bikes";"Baldwin";"NY";"Haro Shredder 20 Girls - 2017";"Haro";"Children Bicycles";1;209.99;0.2;20.0;209.99;41.998;167.992
759;284;"2017-03-07";2017;3;"2017-03";"Baldwin Bikes";"Baldwin";"NY";"Haro Shredder 20 Girls - 2017";"Haro";"Children Bicycles";2;209.99;0.05;5.0;419.98;20.999;398.981
789;772;"2017-03-19";2017;3;"2017-03";"Baldwin Bikes";"Baldwin";"NY";"Haro Shredder 20 Girls - 2017";"Haro";"Children Bicycles";2;209.99;0.07;7.0;419.98;29.3986;390.5814
806;234;"2017-03-30";2017;3;"2017-03";"Baldwin Bikes";"Baldwin";"NY";"Haro Shredder 20 Girls - 2017";"Haro";"Children Bicycles";2;209.99;0.1;10.0;419.98;41.998;377.982
848;597;"2017-04-18";2017;4;"2017-04";"Baldwin Bikes";"Baldwin";"NY";"Haro Shredder 20 Girls - 2017";"Haro";"Children Bicycles";1;209.99;0.07;7.0;209.99;14.6993;195.2907
851;1139;"2017-04-20";2017;4;"2017-04";"Baldwin Bikes";"Baldwin";"NY";"Haro Shredder 20 Girls - 2017";"Haro";"Children Bicycles";1;209.99;0.05;5.0;209.99;10.4995;199.4905
855;775;"2017-04-22";2017;4;"2017-04";"Baldwin Bikes";"Baldwin";"NY";"Haro Shredder 20 Girls - 2017";"Haro";"Children Bicycles";2;209.99;0.2;20.0;419.98;83.996;335.984
863;446;"2017-04-28";2017;4;"2017-04";"Baldwin Bikes";"Baldwin";"NY";"Haro Shredder 20 Girls - 2017";"Haro";"Children Bicycles";2;209.99;0.1;10.0;419.98;41.998;377.982
1019;408;"2017-07-22";2017;7;"2017-07";"Baldwin Bikes";"Baldwin";"NY";"Haro Shredder 20 Girls - 2017";"Haro";"Children Bicycles";2;209.99;0.2;20.0;419.98;83.996;335.984
1069;493;"2017-08-17";2017;8;"2017-08";"Baldwin Bikes";"Baldwin";"NY";"Haro Shredder 20 Girls - 2017";"Haro";"Children Bicycles";1;209.99;0.1;10.0;209.99;20.999;188.991
1119;749;"2017-09-10";2017;9;"2017-09";"Santa Cruz Bikes";"Santa Cruz";"CA";"Haro Shredder 20 Girls - 2017";"Haro";"Children Bicycles";2;209.99;0.1;10.0;419.98;41.998;377.982
1120;1269;"2017-09-10";2017;9;"2017-09";"Baldwin Bikes";"Baldwin";"NY";"Haro Shredder 20 Girls - 2017";"Haro";"Children Bicycles";1;209.99;0.07;7.0;209.99;14.6993;195.2907
1138;254;"2017-09-21";2017;9;"2017-09";"Santa Cruz Bikes";"Santa Cruz";"CA";"Haro Shredder 20 Girls - 2017";"Haro";"Children Bicycles";1;209.99;0.1;10.0;209.99;20.999;188.991
1179;1150;"2017-10-12";2017;10;"2017-10";"Rowlett Bikes";"Rowlett";"TX";"Haro Shredder 20 Girls - 2017";"Haro";"Children Bicycles";2;209.99;0.05;5.0;419.98;20.999;398.981
1211;19;"2017-10-27";2017;10;"2017-10";"Baldwin Bikes";"Baldwin";"NY";"Haro Shredder 20 Girls - 2017";"Haro";"Children Bicycles";1;209.99;0.1;10.0;209.99;20.999;188.991
1277;227;"2017-12-01";2017;12;"2017-12";"Baldwin Bikes";"Baldwin";"NY";"Haro Shredder 20 Girls - 2017";"Haro";"Children Bicycles";2;209.99;0.05;5.0;419.98;20.999;398.981
1285;262;"2017-12-04";2017;12;"2017-12";"Baldwin Bikes";"Baldwin";"NY";"Haro Shredder 20 Girls - 2017";"Haro";"Children Bicycles";1;209.99;0.1;10.0;209.99;20.999;188.991
1320;244;"2017-12-28";2017;12;"2017-12";"Santa Cruz Bikes";"Santa Cruz";"CA";"Haro Shredder 20 Girls - 2017";"Haro";"Children Bicycles";1;209.99;0.05;5.0;209.99;10.4995;199.4905
1332;256;"2018-01-06";2018;1;"2018-01";"Baldwin Bikes";"Baldwin";"NY";"Haro Shredder 20 Girls - 2017";"Haro";"Children Bicycles";2;209.99;0.05;5.0;419.98;20.999;398.981
1403;452;"2018-02-21";2018;2;"2018-02";"Baldwin Bikes";"Baldwin";"NY";"Haro Shredder 20 Girls - 2017";"Haro";"Children Bicycles";2;209.99;0.1;10.0;419.98;41.998;377.982
1425;126;"2018-03-07";2018;3;"2018-03";"Baldwin Bikes";"Baldwin";"NY";"Haro Shredder 20 Girls - 2017";"Haro";"Children Bicycles";1;209.99;0.07;7.0;209.99;14.6993;195.2907
1543;76;"2018-04-16";2018;4;"2018-04";"Baldwin Bikes";"Baldwin";"NY";"Haro Shredder 20 Girls - 2017";"Haro";"Children Bicycles";1;209.99;0.2;20.0;209.99;41.998;167.992
1588;11;"2018-04-26";2018;4;"2018-04";"Baldwin Bikes";"Baldwin";"NY";"Haro Shredder 20 Girls - 2017";"Haro";"Children Bicycles";2;209.99;0.07;7.0;419.98;29.3986;390.5814
651;190;"2017-01-11";2017;1;"2017-01";"Baldwin Bikes";"Baldwin";"NY";"Haro Shredder Pro 20 - 2017";"Haro";"Children Bicycles";2;249.99;0.05;5.0;499.98;24.999;474.981
663;344;"2017-01-20";2017;1;"2017-01";"Santa Cruz Bikes";"Santa Cruz";"CA";"Haro Shredder Pro 20 - 2017";"Haro";"Children Bicycles";1;249.99;0.05;5.0;249.99;12.4995;237.4905
740;1113;"2017-02-28";2017;2;"2017-02";"Baldwin Bikes";"Baldwin";"NY";"Haro Shredder Pro 20 - 2017";"Haro";"Children Bicycles";2;249.99;0.2;20.0;499.98;99.996;399.984
783;1343;"2017-03-16";2017;3;"2017-03";"Santa Cruz Bikes";"Santa Cruz";"CA";"Haro Shredder Pro 20 - 2017";"Haro";"Children Bicycles";1;249.99;0.05;5.0;249.99;12.4995;237.4905
819;221;"2017-04-04";2017;4;"2017-04";"Rowlett Bikes";"Rowlett";"TX";"Haro Shredder Pro 20 - 2017";"Haro";"Children Bicycles";1;249.99;0.2;20.0;249.99;49.998;199.992
908;402;"2017-05-25";2017;5;"2017-05";"Baldwin Bikes";"Baldwin";"NY";"Haro Shredder Pro 20 - 2017";"Haro";"Children Bicycles";1;249.99;0.1;10.0;249.99;24.999;224.991
945;167;"2017-06-14";2017;6;"2017-06";"Baldwin Bikes";"Baldwin";"NY";"Haro Shredder Pro 20 - 2017";"Haro";"Children Bicycles";2;249.99;0.2;20.0;499.98;99.996;399.984
1041;70;"2017-08-04";2017;8;"2017-08";"Baldwin Bikes";"Baldwin";"NY";"Haro Shredder Pro 20 - 2017";"Haro";"Children Bicycles";2;249.99;0.1;10.0;499.98;49.998;449.982
1048;777;"2017-08-08";2017;8;"2017-08";"Baldwin Bikes";"Baldwin";"NY";"Haro Shredder Pro 20 - 2017";"Haro";"Children Bicycles";1;249.99;0.05;5.0;249.99;12.4995;237.4905
1070;596;"2017-08-17";2017;8;"2017-08";"Baldwin Bikes";"Baldwin";"NY";"Haro Shredder Pro 20 - 2017";"Haro";"Children Bicycles";1;249.99;0.05;5.0;249.99;12.4995;237.4905
1120;1269;"2017-09-10";2017;9;"2017-09";"Baldwin Bikes";"Baldwin";"NY";"Haro Shredder Pro 20 - 2017";"Haro";"Children Bicycles";1;249.99;0.2;20.0;249.99;49.998;199.992
1148;1379;"2017-09-25";2017;9;"2017-09";"Baldwin Bikes";"Baldwin";"NY";"Haro Shredder Pro 20 - 2017";"Haro";"Children Bicycles";2;249.99;0.1;10.0;499.98;49.998;449.982
1149;787;"2017-09-27";2017;9;"2017-09";"Baldwin Bikes";"Baldwin";"NY";"Haro Shredder Pro 20 - 2017";"Haro";"Children Bicycles";1;249.99;0.1;10.0;249.99;24.999;224.991
1171;826;"2017-10-05";2017;10;"2017-10";"Baldwin Bikes";"Baldwin";"NY";"Haro Shredder Pro 20 - 2017";"Haro";"Children Bicycles";2;249.99;0.2;20.0;499.98;99.996;399.984
1199;318;"2017-10-23";2017;10;"2017-10";"Santa Cruz Bikes";"Santa Cruz";"CA";"Haro Shredder Pro 20 - 2017";"Haro";"Children Bicycles";2;249.99;0.07;7.0;499.98;34.9986;464.9814
1242;303;"2017-11-11";2017;11;"2017-11";"Baldwin Bikes";"Baldwin";"NY";"Haro Shredder Pro 20 - 2017";"Haro";"Children Bicycles";1;249.99;0.05;5.0;249.99;12.4995;237.4905
1248;1367;"2017-11-16";2017;11;"2017-11";"Santa Cruz Bikes";"Santa Cruz";"CA";"Haro Shredder Pro 20 - 2017";"Haro";"Children Bicycles";2;249.99;0.05;5.0;499.98;24.999;474.981
1258;1099;"2017-11-20";2017;11;"2017-11";"Baldwin Bikes";"Baldwin";"NY";"Haro Shredder Pro 20 - 2017";"Haro";"Children Bicycles";2;249.99;0.1;10.0;499.98;49.998;449.982
1314;1027;"2017-12-25";2017;12;"2017-12";"Baldwin Bikes";"Baldwin";"NY";"Haro Shredder Pro 20 - 2017";"Haro";"Children Bicycles";1;249.99;0.1;10.0;249.99;24.999;224.991
17;1175;"2016-01-12";2016;1;"2016-01";"Santa Cruz Bikes";"Santa Cruz";"CA";"Heller Shagamaw Frame - 2016";"Heller";"Mountain Bikes";1;1320.99;0.1;10.0;1320.99;132.099;1188.891
27;57;"2016-01-19";2016;1;"2016-01";"Baldwin Bikes";"Baldwin";"NY";"Heller Shagamaw Frame - 2016";"Heller";"Mountain Bikes";1;1320.99;0.2;20.0;1320.99;264.198;1056.792
28;252;"2016-01-19";2016;1;"2016-01";"Baldwin Bikes";"Baldwin";"NY";"Heller Shagamaw Frame - 2016";"Heller";"Mountain Bikes";1;1320.99;0.05;5.0;1320.99;66.0495;1254.9405
35;813;"2016-01-22";2016;1;"2016-01";"Baldwin Bikes";"Baldwin";"NY";"Heller Shagamaw Frame - 2016";"Heller";"Mountain Bikes";1;1320.99;0.2;20.0;1320.99;264.198;1056.792
36;1321;"2016-01-23";2016;1;"2016-01";"Baldwin Bikes";"Baldwin";"NY";"Heller Shagamaw Frame - 2016";"Heller";"Mountain Bikes";1;1320.99;0.05;5.0;1320.99;66.0495;1254.9405
41;979;"2016-01-27";2016;1;"2016-01";"Baldwin Bikes";"Baldwin";"NY";"Heller Shagamaw Frame - 2016";"Heller";"Mountain Bikes";1;1320.99;0.1;10.0;1320.99;132.099;1188.891
48;1012;"2016-01-30";2016;1;"2016-01";"Baldwin Bikes";"Baldwin";"NY";"Heller Shagamaw Frame - 2016";"Heller";"Mountain Bikes";2;1320.99;0.1;10.0;2641.98;264.198;2377.782
61;277;"2016-02-06";2016;2;"2016-02";"Baldwin Bikes";"Baldwin";"NY";"Heller Shagamaw Frame - 2016";"Heller";"Mountain Bikes";2;1320.99;0.2;20.0;2641.98;528.396;2113.584
67;526;"2016-02-09";2016;2;"2016-02";"Rowlett Bikes";"Rowlett";"TX";"Heller Shagamaw Frame - 2016";"Heller";"Mountain Bikes";2;1320.99;0.1;10.0;2641.98;264.198;2377.782
69;1413;"2016-02-10";2016;2;"2016-02";"Baldwin Bikes";"Baldwin";"NY";"Heller Shagamaw Frame - 2016";"Heller";"Mountain Bikes";1;1320.99;0.2;20.0;1320.99;264.198;1056.792
76;9;"2016-02-16";2016;2;"2016-02";"Baldwin Bikes";"Baldwin";"NY";"Heller Shagamaw Frame - 2016";"Heller";"Mountain Bikes";1;1320.99;0.07;7.0;1320.99;92.4693;1228.5207
89;668;"2016-02-21";2016;2;"2016-02";"Rowlett Bikes";"Rowlett";"TX";"Heller Shagamaw Frame - 2016";"Heller";"Mountain Bikes";1;1320.99;0.05;5.0;1320.99;66.0495;1254.9405
112;469;"2016-03-08";2016;3;"2016-03";"Baldwin Bikes";"Baldwin";"NY";"Heller Shagamaw Frame - 2016";"Heller";"Mountain Bikes";1;1320.99;0.2;20.0;1320.99;264.198;1056.792
113;1078;"2016-03-08";2016;3;"2016-03";"Baldwin Bikes";"Baldwin";"NY";"Heller Shagamaw Frame - 2016";"Heller";"Mountain Bikes";2;1320.99;0.2;20.0;2641.98;528.396;2113.584
121;755;"2016-03-14";2016;3;"2016-03";"Baldwin Bikes";"Baldwin";"NY";"Heller Shagamaw Frame - 2016";"Heller";"Mountain Bikes";1;1320.99;0.2;20.0;1320.99;264.198;1056.792
130;1049;"2016-03-19";2016;3;"2016-03";"Baldwin Bikes";"Baldwin";"NY";"Heller Shagamaw Frame - 2016";"Heller";"Mountain Bikes";2;1320.99;0.07;7.0;2641.98;184.9386;2457.0414
135;1354;"2016-03-21";2016;3;"2016-03";"Baldwin Bikes";"Baldwin";"NY";"Heller Shagamaw Frame - 2016";"Heller";"Mountain Bikes";2;1320.99;0.05;5.0;2641.98;132.099;2509.881
169;99;"2016-04-10";2016;4;"2016-04";"Baldwin Bikes";"Baldwin";"NY";"Heller Shagamaw Frame - 2016";"Heller";"Mountain Bikes";1;1320.99;0.05;5.0;1320.99;66.0495;1254.9405
175;951;"2016-04-13";2016;4;"2016-04";"Baldwin Bikes";"Baldwin";"NY";"Heller Shagamaw Frame - 2016";"Heller";"Mountain Bikes";1;1320.99;0.1;10.0;1320.99;132.099;1188.891
184;134;"2016-04-19";2016;4;"2016-04";"Baldwin Bikes";"Baldwin";"NY";"Heller Shagamaw Frame - 2016";"Heller";"Mountain Bikes";1;1320.99;0.1;10.0;1320.99;132.099;1188.891
187;183;"2016-04-22";2016;4;"2016-04";"Baldwin Bikes";"Baldwin";"NY";"Heller Shagamaw Frame - 2016";"Heller";"Mountain Bikes";1;1320.99;0.05;5.0;1320.99;66.0495;1254.9405
195;727;"2016-04-28";2016;4;"2016-04";"Baldwin Bikes";"Baldwin";"NY";"Heller Shagamaw Frame - 2016";"Heller";"Mountain Bikes";2;1320.99;0.2;20.0;2641.98;528.396;2113.584
207;105;"2016-05-05";2016;5;"2016-05";"Baldwin Bikes";"Baldwin";"NY";"Heller Shagamaw Frame - 2016";"Heller";"Mountain Bikes";1;1320.99;0.05;5.0;1320.99;66.0495;1254.9405
219;1338;"2016-05-12";2016;5;"2016-05";"Baldwin Bikes";"Baldwin";"NY";"Heller Shagamaw Frame - 2016";"Heller";"Mountain Bikes";1;1320.99;0.2;20.0;1320.99;264.198;1056.792
223;1368;"2016-05-15";2016;5;"2016-05";"Baldwin Bikes";"Baldwin";"NY";"Heller Shagamaw Frame - 2016";"Heller";"Mountain Bikes";1;1320.99;0.2;20.0;1320.99;264.198;1056.792
229;742;"2016-05-19";2016;5;"2016-05";"Baldwin Bikes";"Baldwin";"NY";"Heller Shagamaw Frame - 2016";"Heller";"Mountain Bikes";2;1320.99;0.1;10.0;2641.98;264.198;2377.782
231;1257;"2016-05-19";2016;5;"2016-05";"Baldwin Bikes";"Baldwin";"NY";"Heller Shagamaw Frame - 2016";"Heller";"Mountain Bikes";2;1320.99;0.2;20.0;2641.98;528.396;2113.584
240;65;"2016-05-27";2016;5;"2016-05";"Baldwin Bikes";"Baldwin";"NY";"Heller Shagamaw Frame - 2016";"Heller";"Mountain Bikes";1;1320.99;0.07;7.0;1320.99;92.4693;1228.5207
255;801;"2016-06-03";2016;6;"2016-06";"Baldwin Bikes";"Baldwin";"NY";"Heller Shagamaw Frame - 2016";"Heller";"Mountain Bikes";2;1320.99;0.1;10.0;2641.98;264.198;2377.782
269;764;"2016-06-12";2016;6;"2016-06";"Baldwin Bikes";"Baldwin";"NY";"Heller Shagamaw Frame - 2016";"Heller";"Mountain Bikes";1;1320.99;0.07;7.0;1320.99;92.4693;1228.5207
287;133;"2016-06-25";2016;6;"2016-06";"Baldwin Bikes";"Baldwin";"NY";"Heller Shagamaw Frame - 2016";"Heller";"Mountain Bikes";1;1320.99;0.2;20.0;1320.99;264.198;1056.792
290;202;"2016-06-28";2016;6;"2016-06";"Baldwin Bikes";"Baldwin";"NY";"Heller Shagamaw Frame - 2016";"Heller";"Mountain Bikes";2;1320.99;0.07;7.0;2641.98;184.9386;2457.0414
310;627;"2016-07-12";2016;7;"2016-07";"Santa Cruz Bikes";"Santa Cruz";"CA";"Heller Shagamaw Frame - 2016";"Heller";"Mountain Bikes";2;1320.99;0.2;20.0;2641.98;528.396;2113.584
311;1400;"2016-07-12";2016;7;"2016-07";"Baldwin Bikes";"Baldwin";"NY";"Heller Shagamaw Frame - 2016";"Heller";"Mountain Bikes";2;1320.99;0.2;20.0;2641.98;528.396;2113.584
314;1019;"2016-07-15";2016;7;"2016-07";"Baldwin Bikes";"Baldwin";"NY";"Heller Shagamaw Frame - 2016";"Heller";"Mountain Bikes";1;1320.99;0.07;7.0;1320.99;92.4693;1228.5207
343;961;"2016-07-31";2016;7;"2016-07";"Baldwin Bikes";"Baldwin";"NY";"Heller Shagamaw Frame - 2016";"Heller";"Mountain Bikes";2;1320.99;0.05;5.0;2641.98;132.099;2509.881
348;907;"2016-08-02";2016;8;"2016-08";"Rowlett Bikes";"Rowlett";"TX";"Heller Shagamaw Frame - 2016";"Heller";"Mountain Bikes";2;1320.99;0.05;5.0;2641.98;132.099;2509.881
368;995;"2016-08-14";2016;8;"2016-08";"Baldwin Bikes";"Baldwin";"NY";"Heller Shagamaw Frame - 2016";"Heller";"Mountain Bikes";1;1320.99;0.2;20.0;1320.99;264.198;1056.792
372;132;"2016-08-16";2016;8;"2016-08";"Baldwin Bikes";"Baldwin";"NY";"Heller Shagamaw Frame - 2016";"Heller";"Mountain Bikes";1;1320.99;0.1;10.0;1320.99;132.099;1188.891
389;53;"2016-08-22";2016;8;"2016-08";"Santa Cruz Bikes";"Santa Cruz";"CA";"Heller Shagamaw Frame - 2016";"Heller";"Mountain Bikes";1;1320.99;0.05;5.0;1320.99;66.0495;1254.9405
391;61;"2016-08-23";2016;8;"2016-08";"Rowlett Bikes";"Rowlett";"TX";"Heller Shagamaw Frame - 2016";"Heller";"Mountain Bikes";2;1320.99;0.2;20.0;2641.98;528.396;2113.584
396;542;"2016-08-27";2016;8;"2016-08";"Baldwin Bikes";"Baldwin";"NY";"Heller Shagamaw Frame - 2016";"Heller";"Mountain Bikes";1;1320.99;0.2;20.0;1320.99;264.198;1056.792
402;1335;"2016-08-30";2016;8;"2016-08";"Baldwin Bikes";"Baldwin";"NY";"Heller Shagamaw Frame - 2016";"Heller";"Mountain Bikes";1;1320.99;0.07;7.0;1320.99;92.4693;1228.5207
407;77;"2016-09-01";2016;9;"2016-09";"Rowlett Bikes";"Rowlett";"TX";"Heller Shagamaw Frame - 2016";"Heller";"Mountain Bikes";1;1320.99;0.05;5.0;1320.99;66.0495;1254.9405
415;1265;"2016-09-03";2016;9;"2016-09";"Baldwin Bikes";"Baldwin";"NY";"Heller Shagamaw Frame - 2016";"Heller";"Mountain Bikes";1;1320.99;0.2;20.0;1320.99;264.198;1056.792
428;1039;"2016-09-09";2016;9;"2016-09";"Baldwin Bikes";"Baldwin";"NY";"Heller Shagamaw Frame - 2016";"Heller";"Mountain Bikes";2;1320.99;0.2;20.0;2641.98;528.396;2113.584
429;153;"2016-09-10";2016;9;"2016-09";"Rowlett Bikes";"Rowlett";"TX";"Heller Shagamaw Frame - 2016";"Heller";"Mountain Bikes";2;1320.99;0.05;5.0;2641.98;132.099;2509.881
443;1371;"2016-09-18";2016;9;"2016-09";"Baldwin Bikes";"Baldwin";"NY";"Heller Shagamaw Frame - 2016";"Heller";"Mountain Bikes";1;1320.99;0.05;5.0;1320.99;66.0495;1254.9405
450;575;"2016-09-21";2016;9;"2016-09";"Baldwin Bikes";"Baldwin";"NY";"Heller Shagamaw Frame - 2016";"Heller";"Mountain Bikes";1;1320.99;0.1;10.0;1320.99;132.099;1188.891
466;1440;"2016-09-28";2016;9;"2016-09";"Baldwin Bikes";"Baldwin";"NY";"Heller Shagamaw Frame - 2016";"Heller";"Mountain Bikes";1;1320.99;0.1;10.0;1320.99;132.099;1188.891
515;986;"2016-10-19";2016;10;"2016-10";"Baldwin Bikes";"Baldwin";"NY";"Heller Shagamaw Frame - 2016";"Heller";"Mountain Bikes";1;1320.99;0.1;10.0;1320.99;132.099;1188.891
516;111;"2016-10-21";2016;10;"2016-10";"Baldwin Bikes";"Baldwin";"NY";"Heller Shagamaw Frame - 2016";"Heller";"Mountain Bikes";2;1320.99;0.1;10.0;2641.98;264.198;2377.782
518;1374;"2016-10-22";2016;10;"2016-10";"Santa Cruz Bikes";"Santa Cruz";"CA";"Heller Shagamaw Frame - 2016";"Heller";"Mountain Bikes";2;1320.99;0.05;5.0;2641.98;132.099;2509.881
521;664;"2016-10-23";2016;10;"2016-10";"Baldwin Bikes";"Baldwin";"NY";"Heller Shagamaw Frame - 2016";"Heller";"Mountain Bikes";1;1320.99;0.2;20.0;1320.99;264.198;1056.792
523;1056;"2016-10-24";2016;10;"2016-10";"Baldwin Bikes";"Baldwin";"NY";"Heller Shagamaw Frame - 2016";"Heller";"Mountain Bikes";2;1320.99;0.1;10.0;2641.98;264.198;2377.782
547;20;"2016-11-09";2016;11;"2016-11";"Rowlett Bikes";"Rowlett";"TX";"Heller Shagamaw Frame - 2016";"Heller";"Mountain Bikes";1;1320.99;0.1;10.0;1320.99;132.099;1188.891
561;90;"2016-11-19";2016;11;"2016-11";"Baldwin Bikes";"Baldwin";"NY";"Heller Shagamaw Frame - 2016";"Heller";"Mountain Bikes";1;1320.99;0.05;5.0;1320.99;66.0495;1254.9405
567;1430;"2016-11-22";2016;11;"2016-11";"Santa Cruz Bikes";"Santa Cruz";"CA";"Heller Shagamaw Frame - 2016";"Heller";"Mountain Bikes";1;1320.99;0.07;7.0;1320.99;92.4693;1228.5207
568;1275;"2016-11-23";2016;11;"2016-11";"Santa Cruz Bikes";"Santa Cruz";"CA";"Heller Shagamaw Frame - 2016";"Heller";"Mountain Bikes";1;1320.99;0.05;5.0;1320.99;66.0495;1254.9405
590;990;"2016-12-06";2016;12;"2016-12";"Baldwin Bikes";"Baldwin";"NY";"Heller Shagamaw Frame - 2016";"Heller";"Mountain Bikes";2;1320.99;0.1;10.0;2641.98;264.198;2377.782
596;952;"2016-12-08";2016;12;"2016-12";"Santa Cruz Bikes";"Santa Cruz";"CA";"Heller Shagamaw Frame - 2016";"Heller";"Mountain Bikes";1;1320.99;0.05;5.0;1320.99;66.0495;1254.9405
602;823;"2016-12-09";2016;12;"2016-12";"Baldwin Bikes";"Baldwin";"NY";"Heller Shagamaw Frame - 2016";"Heller";"Mountain Bikes";2;1320.99;0.07;7.0;2641.98;184.9386;2457.0414
609;896;"2016-12-12";2016;12;"2016-12";"Baldwin Bikes";"Baldwin";"NY";"Heller Shagamaw Frame - 2016";"Heller";"Mountain Bikes";1;1320.99;0.1;10.0;1320.99;132.099;1188.891
620;466;"2016-12-22";2016;12;"2016-12";"Baldwin Bikes";"Baldwin";"NY";"Heller Shagamaw Frame - 2016";"Heller";"Mountain Bikes";2;1320.99;0.2;20.0;2641.98;528.396;2113.584
629;973;"2016-12-26";2016;12;"2016-12";"Santa Cruz Bikes";"Santa Cruz";"CA";"Heller Shagamaw Frame - 2016";"Heller";"Mountain Bikes";2;1320.99;0.05;5.0;2641.98;132.099;2509.881
630;1404;"2016-12-26";2016;12;"2016-12";"Baldwin Bikes";"Baldwin";"NY";"Heller Shagamaw Frame - 2016";"Heller";"Mountain Bikes";1;1320.99;0.05;5.0;1320.99;66.0495;1254.9405
633;1040;"2016-12-28";2016;12;"2016-12";"Rowlett Bikes";"Rowlett";"TX";"Heller Shagamaw Frame - 2016";"Heller";"Mountain Bikes";2;1320.99;0.2;20.0;2641.98;528.396;2113.584
664;681;"2017-01-20";2017;1;"2017-01";"Baldwin Bikes";"Baldwin";"NY";"Heller Shagamaw Frame - 2016";"Heller";"Mountain Bikes";1;1320.99;0.07;7.0;1320.99;92.4693;1228.5207
673;64;"2017-01-26";2017;1;"2017-01";"Rowlett Bikes";"Rowlett";"TX";"Heller Shagamaw Frame - 2016";"Heller";"Mountain Bikes";1;1320.99;0.07;7.0;1320.99;92.4693;1228.5207
687;530;"2017-02-02";2017;2;"2017-02";"Santa Cruz Bikes";"Santa Cruz";"CA";"Heller Shagamaw Frame - 2016";"Heller";"Mountain Bikes";2;1320.99;0.2;20.0;2641.98;528.396;2113.584
691;1081;"2017-02-04";2017;2;"2017-02";"Baldwin Bikes";"Baldwin";"NY";"Heller Shagamaw Frame - 2016";"Heller";"Mountain Bikes";2;1320.99;0.1;10.0;2641.98;264.198;2377.782
693;1233;"2017-02-05";2017;2;"2017-02";"Santa Cruz Bikes";"Santa Cruz";"CA";"Heller Shagamaw Frame - 2016";"Heller";"Mountain Bikes";2;1320.99;0.05;5.0;2641.98;132.099;2509.881
697;562;"2017-02-06";2017;2;"2017-02";"Santa Cruz Bikes";"Santa Cruz";"CA";"Heller Shagamaw Frame - 2016";"Heller";"Mountain Bikes";2;1320.99;0.05;5.0;2641.98;132.099;2509.881
711;1246;"2017-02-13";2017;2;"2017-02";"Baldwin Bikes";"Baldwin";"NY";"Heller Shagamaw Frame - 2016";"Heller";"Mountain Bikes";2;1320.99;0.05;5.0;2641.98;132.099;2509.881
777;496;"2017-03-13";2017;3;"2017-03";"Baldwin Bikes";"Baldwin";"NY";"Heller Shagamaw Frame - 2016";"Heller";"Mountain Bikes";1;1320.99;0.2;20.0;1320.99;264.198;1056.792
799;607;"2017-03-27";2017;3;"2017-03";"Santa Cruz Bikes";"Santa Cruz";"CA";"Heller Shagamaw Frame - 2016";"Heller";"Mountain Bikes";2;1320.99;0.1;10.0;2641.98;264.198;2377.782
850;1346;"2017-04-19";2017;4;"2017-04";"Santa Cruz Bikes";"Santa Cruz";"CA";"Heller Shagamaw Frame - 2016";"Heller";"Mountain Bikes";2;1320.99;0.07;7.0;2641.98;184.9386;2457.0414
858;162;"2017-04-25";2017;4;"2017-04";"Baldwin Bikes";"Baldwin";"NY";"Heller Shagamaw Frame - 2016";"Heller";"Mountain Bikes";1;1320.99;0.2;20.0;1320.99;264.198;1056.792
875;386;"2017-05-05";2017;5;"2017-05";"Santa Cruz Bikes";"Santa Cruz";"CA";"Heller Shagamaw Frame - 2016";"Heller";"Mountain Bikes";2;1320.99;0.1;10.0;2641.98;264.198;2377.782
880;1206;"2017-05-08";2017;5;"2017-05";"Baldwin Bikes";"Baldwin";"NY";"Heller Shagamaw Frame - 2016";"Heller";"Mountain Bikes";1;1320.99;0.07;7.0;1320.99;92.4693;1228.5207
883;507;"2017-05-11";2017;5;"2017-05";"Baldwin Bikes";"Baldwin";"NY";"Heller Shagamaw Frame - 2016";"Heller";"Mountain Bikes";2;1320.99;0.05;5.0;2641.98;132.099;2509.881
909;188;"2017-05-26";2017;5;"2017-05";"Santa Cruz Bikes";"Santa Cruz";"CA";"Heller Shagamaw Frame - 2016";"Heller";"Mountain Bikes";1;1320.99;0.2;20.0;1320.99;264.198;1056.792
939;1407;"2017-06-11";2017;6;"2017-06";"Baldwin Bikes";"Baldwin";"NY";"Heller Shagamaw Frame - 2016";"Heller";"Mountain Bikes";1;1320.99;0.1;10.0;1320.99;132.099;1188.891
985;461;"2017-06-30";2017;6;"2017-06";"Baldwin Bikes";"Baldwin";"NY";"Heller Shagamaw Frame - 2016";"Heller";"Mountain Bikes";2;1320.99;0.07;7.0;2641.98;184.9386;2457.0414
989;1145;"2017-07-02";2017;7;"2017-07";"Baldwin Bikes";"Baldwin";"NY";"Heller Shagamaw Frame - 2016";"Heller";"Mountain Bikes";1;1320.99;0.1;10.0;1320.99;132.099;1188.891
1022;353;"2017-07-23";2017;7;"2017-07";"Baldwin Bikes";"Baldwin";"NY";"Heller Shagamaw Frame - 2016";"Heller";"Mountain Bikes";1;1320.99;0.07;7.0;1320.99;92.4693;1228.5207
1062;1210;"2017-08-15";2017;8;"2017-08";"Baldwin Bikes";"Baldwin";"NY";"Heller Shagamaw Frame - 2016";"Heller";"Mountain Bikes";1;1320.99;0.05;5.0;1320.99;66.0495;1254.9405
1086;220;"2017-08-21";2017;8;"2017-08";"Baldwin Bikes";"Baldwin";"NY";"Heller Shagamaw Frame - 2016";"Heller";"Mountain Bikes";1;1320.99;0.2;20.0;1320.99;264.198;1056.792
1112;798;"2017-09-05";2017;9;"2017-09";"Baldwin Bikes";"Baldwin";"NY";"Heller Shagamaw Frame - 2016";"Heller";"Mountain Bikes";2;1320.99;0.1;10.0;2641.98;264.198;2377.782
1295;37;"2017-12-11";2017;12;"2017-12";"Baldwin Bikes";"Baldwin";"NY";"Heller Shagamaw Frame - 2016";"Heller";"Mountain Bikes";2;1320.99;0.2;20.0;2641.98;528.396;2113.584
1376;1186;"2018-02-01";2018;2;"2018-02";"Santa Cruz Bikes";"Santa Cruz";"CA";"Heller Shagamaw Frame - 2016";"Heller";"Mountain Bikes";1;1320.99;0.07;7.0;1320.99;92.4693;1228.5207
1367;1118;"2018-01-27";2018;1;"2018-01";"Santa Cruz Bikes";"Santa Cruz";"CA";"Heller Bloodhound Trail - 2018";"Heller";"Mountain Bikes";2;2599.0;0.2;20.0;5198.0;1039.6;4158.4
1577;48;"2018-04-23";2018;4;"2018-04";"Baldwin Bikes";"Baldwin";"NY";"Heller Bloodhound Trail - 2018";"Heller";"Mountain Bikes";2;2599.0;0.07;7.0;5198.0;363.86;4834.14
1408;1172;"2018-02-26";2018;2;"2018-02";"Baldwin Bikes";"Baldwin";"NY";"Heller Shagamaw GX1 - 2018";"Heller";"Mountain Bikes";2;2599.0;0.2;20.0;5198.0;1039.6;4158.4
1438;263;"2018-03-15";2018;3;"2018-03";"Baldwin Bikes";"Baldwin";"NY";"Heller Shagamaw GX1 - 2018";"Heller";"Mountain Bikes";1;2599.0;0.1;10.0;2599.0;259.9;2339.1
1495;86;"2018-04-05";2018;4;"2018-04";"Baldwin Bikes";"Baldwin";"NY";"Heller Shagamaw GX1 - 2018";"Heller";"Mountain Bikes";1;2599.0;0.1;10.0;2599.0;259.9;2339.1
1510;16;"2018-04-09";2018;4;"2018-04";"Baldwin Bikes";"Baldwin";"NY";"Heller Shagamaw GX1 - 2018";"Heller";"Mountain Bikes";1;2599.0;0.05;5.0;2599.0;129.95;2469.05
5;1324;"2016-01-03";2016;1;"2016-01";"Baldwin Bikes";"Baldwin";"NY";"Pure Cycles Vine 8-Speed - 2016";"Pure Cycles";"Cruisers Bicycles";1;429.0;0.07;7.0;429.0;30.03;398.97
7;324;"2016-01-04";2016;1;"2016-01";"Baldwin Bikes";"Baldwin";"NY";"Pure Cycles Vine 8-Speed - 2016";"Pure Cycles";"Cruisers Bicycles";2;429.0;0.1;10.0;858.0;85.8;772.2
13;873;"2016-01-08";2016;1;"2016-01";"Baldwin Bikes";"Baldwin";"NY";"Pure Cycles Vine 8-Speed - 2016";"Pure Cycles";"Cruisers Bicycles";2;429.0;0.05;5.0;858.0;42.9;815.1
21;1250;"2016-01-15";2016;1;"2016-01";"Baldwin Bikes";"Baldwin";"NY";"Pure Cycles Vine 8-Speed - 2016";"Pure Cycles";"Cruisers Bicycles";1;429.0;0.1;10.0;429.0;42.9;386.1
30;1348;"2016-01-20";2016;1;"2016-01";"Baldwin Bikes";"Baldwin";"NY";"Pure Cycles Vine 8-Speed - 2016";"Pure Cycles";"Cruisers Bicycles";1;429.0;0.07;7.0;429.0;30.03;398.97
34;80;"2016-01-22";2016;1;"2016-01";"Baldwin Bikes";"Baldwin";"NY";"Pure Cycles Vine 8-Speed - 2016";"Pure Cycles";"Cruisers Bicycles";2;429.0;0.2;20.0;858.0;171.6;686.4
40;348;"2016-01-27";2016;1;"2016-01";"Santa Cruz Bikes";"Santa Cruz";"CA";"Pure Cycles Vine 8-Speed - 2016";"Pure Cycles";"Cruisers Bicycles";1;429.0;0.2;20.0;429.0;85.8;343.2
46;746;"2016-01-29";2016;1;"2016-01";"Baldwin Bikes";"Baldwin";"NY";"Pure Cycles Vine 8-Speed - 2016";"Pure Cycles";"Cruisers Bicycles";1;429.0;0.1;10.0;429.0;42.9;386.1
59;563;"2016-02-05";2016;2;"2016-02";"Baldwin Bikes";"Baldwin";"NY";"Pure Cycles Vine 8-Speed - 2016";"Pure Cycles";"Cruisers Bicycles";2;429.0;0.1;10.0;858.0;85.8;772.2
68;381;"2016-02-10";2016;2;"2016-02";"Baldwin Bikes";"Baldwin";"NY";"Pure Cycles Vine 8-Speed - 2016";"Pure Cycles";"Cruisers Bicycles";1;429.0;0.1;10.0;429.0;42.9;386.1
72;1386;"2016-02-12";2016;2;"2016-02";"Santa Cruz Bikes";"Santa Cruz";"CA";"Pure Cycles Vine 8-Speed - 2016";"Pure Cycles";"Cruisers Bicycles";2;429.0;0.07;7.0;858.0;60.06;797.94
78;1182;"2016-02-16";2016;2;"2016-02";"Baldwin Bikes";"Baldwin";"NY";"Pure Cycles Vine 8-Speed - 2016";"Pure Cycles";"Cruisers Bicycles";1;429.0;0.07;7.0;429.0;30.03;398.97
79;529;"2016-02-17";2016;2;"2016-02";"Santa Cruz Bikes";"Santa Cruz";"CA";"Pure Cycles Vine 8-Speed - 2016";"Pure Cycles";"Cruisers Bicycles";2;429.0;0.05;5.0;858.0;42.9;815.1
80;397;"2016-02-17";2016;2;"2016-02";"Baldwin Bikes";"Baldwin";"NY";"Pure Cycles Vine 8-Speed - 2016";"Pure Cycles";"Cruisers Bicycles";1;429.0;0.2;20.0;429.0;85.8;343.2
93;1328;"2016-02-26";2016;2;"2016-02";"Santa Cruz Bikes";"Santa Cruz";"CA";"Pure Cycles Vine 8-Speed - 2016";"Pure Cycles";"Cruisers Bicycles";1;429.0;0.05;5.0;429.0;21.45;407.55
103;991;"2016-03-03";2016;3;"2016-03";"Santa Cruz Bikes";"Santa Cruz";"CA";"Pure Cycles Vine 8-Speed - 2016";"Pure Cycles";"Cruisers Bicycles";1;429.0;0.07;7.0;429.0;30.03;398.97
106;422;"2016-03-04";2016;3;"2016-03";"Rowlett Bikes";"Rowlett";"TX";"Pure Cycles Vine 8-Speed - 2016";"Pure Cycles";"Cruisers Bicycles";1;429.0;0.1;10.0;429.0;42.9;386.1
120;327;"2016-03-14";2016;3;"2016-03";"Baldwin Bikes";"Baldwin";"NY";"Pure Cycles Vine 8-Speed - 2016";"Pure Cycles";"Cruisers Bicycles";1;429.0;0.05;5.0;429.0;21.45;407.55
125;685;"2016-03-16";2016;3;"2016-03";"Baldwin Bikes";"Baldwin";"NY";"Pure Cycles Vine 8-Speed - 2016";"Pure Cycles";"Cruisers Bicycles";1;429.0;0.1;10.0;429.0;42.9;386.1
127;484;"2016-03-17";2016;3;"2016-03";"Rowlett Bikes";"Rowlett";"TX";"Pure Cycles Vine 8-Speed - 2016";"Pure Cycles";"Cruisers Bicycles";1;429.0;0.07;7.0;429.0;30.03;398.97
150;332;"2016-03-29";2016;3;"2016-03";"Santa Cruz Bikes";"Santa Cruz";"CA";"Pure Cycles Vine 8-Speed - 2016";"Pure Cycles";"Cruisers Bicycles";1;429.0;0.07;7.0;429.0;30.03;398.97
151;926;"2016-03-29";2016;3;"2016-03";"Santa Cruz Bikes";"Santa Cruz";"CA";"Pure Cycles Vine 8-Speed - 2016";"Pure Cycles";"Cruisers Bicycles";1;429.0;0.1;10.0;429.0;42.9;386.1
156;357;"2016-04-03";2016;4;"2016-04";"Santa Cruz Bikes";"Santa Cruz";"CA";"Pure Cycles Vine 8-Speed - 2016";"Pure Cycles";"Cruisers Bicycles";2;429.0;0.05;5.0;858.0;42.9;815.1
183;22;"2016-04-19";2016;4;"2016-04";"Baldwin Bikes";"Baldwin";"NY";"Pure Cycles Vine 8-Speed - 2016";"Pure Cycles";"Cruisers Bicycles";1;429.0;0.07;7.0;429.0;30.03;398.97
198;640;"2016-05-01";2016;5;"2016-05";"Baldwin Bikes";"Baldwin";"NY";"Pure Cycles Vine 8-Speed - 2016";"Pure Cycles";"Cruisers Bicycles";1;429.0;0.05;5.0;429.0;21.45;407.55
201;280;"2016-05-01";2016;5;"2016-05";"Rowlett Bikes";"Rowlett";"TX";"Pure Cycles Vine 8-Speed - 2016";"Pure Cycles";"Cruisers Bicycles";1;429.0;0.05;5.0;429.0;21.45;407.55
202;600;"2016-05-03";2016;5;"2016-05";"Santa Cruz Bikes";"Santa Cruz";"CA";"Pure Cycles Vine 8-Speed - 2016";"Pure Cycles";"Cruisers Bicycles";1;429.0;0.05;5.0;429.0;21.45;407.55
203;1102;"2016-05-03";2016;5;"2016-05";"Rowlett Bikes";"Rowlett";"TX";"Pure Cycles Vine 8-Speed - 2016";"Pure Cycles";"Cruisers Bicycles";2;429.0;0.2;20.0;858.0;171.6;686.4
204;591;"2016-05-04";2016;5;"2016-05";"Baldwin Bikes";"Baldwin";"NY";"Pure Cycles Vine 8-Speed - 2016";"Pure Cycles";"Cruisers Bicycles";2;429.0;0.1;10.0;858.0;85.8;772.2
217;716;"2016-05-11";2016;5;"2016-05";"Baldwin Bikes";"Baldwin";"NY";"Pure Cycles Vine 8-Speed - 2016";"Pure Cycles";"Cruisers Bicycles";1;429.0;0.07;7.0;429.0;30.03;398.97
234;1435;"2016-05-22";2016;5;"2016-05";"Baldwin Bikes";"Baldwin";"NY";"Pure Cycles Vine 8-Speed - 2016";"Pure Cycles";"Cruisers Bicycles";2;429.0;0.05;5.0;858.0;42.9;815.1
246;17;"2016-05-30";2016;5;"2016-05";"Baldwin Bikes";"Baldwin";"NY";"Pure Cycles Vine 8-Speed - 2016";"Pure Cycles";"Cruisers Bicycles";2;429.0;0.2;20.0;858.0;171.6;686.4
248;1376;"2016-05-30";2016;5;"2016-05";"Baldwin Bikes";"Baldwin";"NY";"Pure Cycles Vine 8-Speed - 2016";"Pure Cycles";"Cruisers Bicycles";1;429.0;0.1;10.0;429.0;42.9;386.1
250;150;"2016-06-01";2016;6;"2016-06";"Baldwin Bikes";"Baldwin";"NY";"Pure Cycles Vine 8-Speed - 2016";"Pure Cycles";"Cruisers Bicycles";2;429.0;0.05;5.0;858.0;42.9;815.1
261;1045;"2016-06-08";2016;6;"2016-06";"Santa Cruz Bikes";"Santa Cruz";"CA";"Pure Cycles Vine 8-Speed - 2016";"Pure Cycles";"Cruisers Bicycles";2;429.0;0.1;10.0;858.0;85.8;772.2
276;1227;"2016-06-18";2016;6;"2016-06";"Baldwin Bikes";"Baldwin";"NY";"Pure Cycles Vine 8-Speed - 2016";"Pure Cycles";"Cruisers Bicycles";1;429.0;0.05;5.0;429.0;21.45;407.55
289;849;"2016-06-27";2016;6;"2016-06";"Baldwin Bikes";"Baldwin";"NY";"Pure Cycles Vine 8-Speed - 2016";"Pure Cycles";"Cruisers Bicycles";1;429.0;0.2;20.0;429.0;85.8;343.2
311;1400;"2016-07-12";2016;7;"2016-07";"Baldwin Bikes";"Baldwin";"NY";"Pure Cycles Vine 8-Speed - 2016";"Pure Cycles";"Cruisers Bicycles";2;429.0;0.05;5.0;858.0;42.9;815.1
316;670;"2016-07-17";2016;7;"2016-07";"Baldwin Bikes";"Baldwin";"NY";"Pure Cycles Vine 8-Speed - 2016";"Pure Cycles";"Cruisers Bicycles";1;429.0;0.05;5.0;429.0;21.45;407.55
324;480;"2016-07-20";2016;7;"2016-07";"Baldwin Bikes";"Baldwin";"NY";"Pure Cycles Vine 8-Speed - 2016";"Pure Cycles";"Cruisers Bicycles";1;429.0;0.2;20.0;429.0;85.8;343.2
329;274;"2016-07-24";2016;7;"2016-07";"Baldwin Bikes";"Baldwin";"NY";"Pure Cycles Vine 8-Speed - 2016";"Pure Cycles";"Cruisers Bicycles";1;429.0;0.07;7.0;429.0;30.03;398.97
331;642;"2016-07-24";2016;7;"2016-07";"Baldwin Bikes";"Baldwin";"NY";"Pure Cycles Vine 8-Speed - 2016";"Pure Cycles";"Cruisers Bicycles";2;429.0;0.1;10.0;858.0;85.8;772.2
357;14;"2016-08-05";2016;8;"2016-08";"Rowlett Bikes";"Rowlett";"TX";"Pure Cycles Vine 8-Speed - 2016";"Pure Cycles";"Cruisers Bicycles";2;429.0;0.05;5.0;858.0;42.9;815.1
398;447;"2016-08-29";2016;8;"2016-08";"Santa Cruz Bikes";"Santa Cruz";"CA";"Pure Cycles Vine 8-Speed - 2016";"Pure Cycles";"Cruisers Bicycles";1;429.0;0.05;5.0;429.0;21.45;407.55
408;1071;"2016-09-01";2016;9;"2016-09";"Santa Cruz Bikes";"Santa Cruz";"CA";"Pure Cycles Vine 8-Speed - 2016";"Pure Cycles";"Cruisers Bicycles";2;429.0;0.2;20.0;858.0;171.6;686.4
412;1202;"2016-09-02";2016;9;"2016-09";"Santa Cruz Bikes";"Santa Cruz";"CA";"Pure Cycles Vine 8-Speed - 2016";"Pure Cycles";"Cruisers Bicycles";1;429.0;0.1;10.0;429.0;42.9;386.1
420;72;"2016-09-05";2016;9;"2016-09";"Santa Cruz Bikes";"Santa Cruz";"CA";"Pure Cycles Vine 8-Speed - 2016";"Pure Cycles";"Cruisers Bicycles";2;429.0;0.2;20.0;858.0;171.6;686.4
423;1397;"2016-09-06";2016;9;"2016-09";"Baldwin Bikes";"Baldwin";"NY";"Pure Cycles Vine 8-Speed - 2016";"Pure Cycles";"Cruisers Bicycles";1;429.0;0.2;20.0;429.0;85.8;343.2
449;492;"2016-09-21";2016;9;"2016-09";"Baldwin Bikes";"Baldwin";"NY";"Pure Cycles Vine 8-Speed - 2016";"Pure Cycles";"Cruisers Bicycles";2;429.0;0.05;5.0;858.0;42.9;815.1
456;1061;"2016-09-23";2016;9;"2016-09";"Rowlett Bikes";"Rowlett";"TX";"Pure Cycles Vine 8-Speed - 2016";"Pure Cycles";"Cruisers Bicycles";2;429.0;0.07;7.0;858.0;60.06;797.94
457;1349;"2016-09-24";2016;9;"2016-09";"Santa Cruz Bikes";"Santa Cruz";"CA";"Pure Cycles Vine 8-Speed - 2016";"Pure Cycles";"Cruisers Bicycles";1;429.0;0.2;20.0;429.0;85.8;343.2
467;555;"2016-09-28";2016;9;"2016-09";"Rowlett Bikes";"Rowlett";"TX";"Pure Cycles Vine 8-Speed - 2016";"Pure Cycles";"Cruisers Bicycles";2;429.0;0.07;7.0;858.0;60.06;797.94
475;241;"2016-10-01";2016;10;"2016-10";"Baldwin Bikes";"Baldwin";"NY";"Pure Cycles Vine 8-Speed - 2016";"Pure Cycles";"Cruisers Bicycles";2;429.0;0.07;7.0;858.0;60.06;797.94
483;703;"2016-10-06";2016;10;"2016-10";"Santa Cruz Bikes";"Santa Cruz";"CA";"Pure Cycles Vine 8-Speed - 2016";"Pure Cycles";"Cruisers Bicycles";1;429.0;0.07;7.0;429.0;30.03;398.97
510;586;"2016-10-17";2016;10;"2016-10";"Baldwin Bikes";"Baldwin";"NY";"Pure Cycles Vine 8-Speed - 2016";"Pure Cycles";"Cruisers Bicycles";1;429.0;0.1;10.0;429.0;42.9;386.1
514;927;"2016-10-19";2016;10;"2016-10";"Baldwin Bikes";"Baldwin";"NY";"Pure Cycles Vine 8-Speed - 2016";"Pure Cycles";"Cruisers Bicycles";2;429.0;0.07;7.0;858.0;60.06;797.94
532;817;"2016-10-29";2016;10;"2016-10";"Baldwin Bikes";"Baldwin";"NY";"Pure Cycles Vine 8-Speed - 2016";"Pure Cycles";"Cruisers Bicycles";2;429.0;0.07;7.0;858.0;60.06;797.94
537;1353;"2016-10-31";2016;10;"2016-10";"Santa Cruz Bikes";"Santa Cruz";"CA";"Pure Cycles Vine 8-Speed - 2016";"Pure Cycles";"Cruisers Bicycles";2;429.0;0.1;10.0;858.0;85.8;772.2
544;321;"2016-11-06";2016;11;"2016-11";"Baldwin Bikes";"Baldwin";"NY";"Pure Cycles Vine 8-Speed - 2016";"Pure Cycles";"Cruisers Bicycles";1;429.0;0.1;10.0;429.0;42.9;386.1
546;470;"2016-11-09";2016;11;"2016-11";"Baldwin Bikes";"Baldwin";"NY";"Pure Cycles Vine 8-Speed - 2016";"Pure Cycles";"Cruisers Bicycles";2;429.0;0.05;5.0;858.0;42.9;815.1
561;90;"2016-11-19";2016;11;"2016-11";"Baldwin Bikes";"Baldwin";"NY";"Pure Cycles Vine 8-Speed - 2016";"Pure Cycles";"Cruisers Bicycles";2;429.0;0.07;7.0;858.0;60.06;797.94
565;894;"2016-11-21";2016;11;"2016-11";"Baldwin Bikes";"Baldwin";"NY";"Pure Cycles Vine 8-Speed - 2016";"Pure Cycles";"Cruisers Bicycles";1;429.0;0.1;10.0;429.0;42.9;386.1
582;32;"2016-12-04";2016;12;"2016-12";"Santa Cruz Bikes";"Santa Cruz";"CA";"Pure Cycles Vine 8-Speed - 2016";"Pure Cycles";"Cruisers Bicycles";2;429.0;0.07;7.0;858.0;60.06;797.94
597;1121;"2016-12-08";2016;12;"2016-12";"Baldwin Bikes";"Baldwin";"NY";"Pure Cycles Vine 8-Speed - 2016";"Pure Cycles";"Cruisers Bicycles";2;429.0;0.2;20.0;858.0;171.6;686.4
612;634;"2016-12-16";2016;12;"2016-12";"Baldwin Bikes";"Baldwin";"NY";"Pure Cycles Vine 8-Speed - 2016";"Pure Cycles";"Cruisers Bicycles";1;429.0;0.07;7.0;429.0;30.03;398.97
618;131;"2016-12-21";2016;12;"2016-12";"Baldwin Bikes";"Baldwin";"NY";"Pure Cycles Vine 8-Speed - 2016";"Pure Cycles";"Cruisers Bicycles";2;429.0;0.1;10.0;858.0;85.8;772.2
621;1157;"2016-12-23";2016;12;"2016-12";"Baldwin Bikes";"Baldwin";"NY";"Pure Cycles Vine 8-Speed - 2016";"Pure Cycles";"Cruisers Bicycles";2;429.0;0.07;7.0;858.0;60.06;797.94
625;1163;"2016-12-25";2016;12;"2016-12";"Santa Cruz Bikes";"Santa Cruz";"CA";"Pure Cycles Vine 8-Speed - 2016";"Pure Cycles";"Cruisers Bicycles";1;429.0;0.07;7.0;429.0;30.03;398.97
663;344;"2017-01-20";2017;1;"2017-01";"Santa Cruz Bikes";"Santa Cruz";"CA";"Pure Cycles Vine 8-Speed - 2016";"Pure Cycles";"Cruisers Bicycles";2;429.0;0.2;20.0;858.0;171.6;686.4
675;291;"2017-01-28";2017;1;"2017-01";"Baldwin Bikes";"Baldwin";"NY";"Pure Cycles Vine 8-Speed - 2016";"Pure Cycles";"Cruisers Bicycles";1;429.0;0.05;5.0;429.0;21.45;407.55
736;184;"2017-02-27";2017;2;"2017-02";"Baldwin Bikes";"Baldwin";"NY";"Pure Cycles Vine 8-Speed - 2016";"Pure Cycles";"Cruisers Bicycles";1;429.0;0.1;10.0;429.0;42.9;386.1
756;1143;"2017-03-06";2017;3;"2017-03";"Baldwin Bikes";"Baldwin";"NY";"Pure Cycles Vine 8-Speed - 2016";"Pure Cycles";"Cruisers Bicycles";2;429.0;0.05;5.0;858.0;42.9;815.1
773;1385;"2017-03-11";2017;3;"2017-03";"Baldwin Bikes";"Baldwin";"NY";"Pure Cycles Vine 8-Speed - 2016";"Pure Cycles";"Cruisers Bicycles";2;429.0;0.2;20.0;858.0;171.6;686.4
794;863;"2017-03-23";2017;3;"2017-03";"Baldwin Bikes";"Baldwin";"NY";"Pure Cycles Vine 8-Speed - 2016";"Pure Cycles";"Cruisers Bicycles";1;429.0;0.07;7.0;429.0;30.03;398.97
876;1046;"2017-05-05";2017;5;"2017-05";"Baldwin Bikes";"Baldwin";"NY";"Pure Cycles Vine 8-Speed - 2016";"Pure Cycles";"Cruisers Bicycles";2;429.0;0.2;20.0;858.0;171.6;686.4
899;605;"2017-05-20";2017;5;"2017-05";"Baldwin Bikes";"Baldwin";"NY";"Pure Cycles Vine 8-Speed - 2016";"Pure Cycles";"Cruisers Bicycles";1;429.0;0.1;10.0;429.0;42.9;386.1
1032;429;"2017-07-30";2017;7;"2017-07";"Baldwin Bikes";"Baldwin";"NY";"Pure Cycles Vine 8-Speed - 2016";"Pure Cycles";"Cruisers Bicycles";1;429.0;0.1;10.0;429.0;42.9;386.1
1046;1134;"2017-08-07";2017;8;"2017-08";"Rowlett Bikes";"Rowlett";"TX";"Pure Cycles Vine 8-Speed - 2016";"Pure Cycles";"Cruisers Bicycles";2;429.0;0.05;5.0;858.0;42.9;815.1
1093;326;"2017-08-25";2017;8;"2017-08";"Santa Cruz Bikes";"Santa Cruz";"CA";"Pure Cycles Vine 8-Speed - 2016";"Pure Cycles";"Cruisers Bicycles";2;429.0;0.1;10.0;858.0;85.8;772.2
1104;268;"2017-09-01";2017;9;"2017-09";"Baldwin Bikes";"Baldwin";"NY";"Pure Cycles Vine 8-Speed - 2016";"Pure Cycles";"Cruisers Bicycles";1;429.0;0.1;10.0;429.0;42.9;386.1
1133;517;"2017-09-19";2017;9;"2017-09";"Baldwin Bikes";"Baldwin";"NY";"Pure Cycles Vine 8-Speed - 2016";"Pure Cycles";"Cruisers Bicycles";1;429.0;0.07;7.0;429.0;30.03;398.97
1154;789;"2017-09-30";2017;9;"2017-09";"Baldwin Bikes";"Baldwin";"NY";"Pure Cycles Vine 8-Speed - 2016";"Pure Cycles";"Cruisers Bicycles";1;429.0;0.2;20.0;429.0;85.8;343.2
1173;548;"2017-10-08";2017;10;"2017-10";"Baldwin Bikes";"Baldwin";"NY";"Pure Cycles Vine 8-Speed - 2016";"Pure Cycles";"Cruisers Bicycles";1;429.0;0.07;7.0;429.0;30.03;398.97
1201;201;"2017-10-23";2017;10;"2017-10";"Baldwin Bikes";"Baldwin";"NY";"Pure Cycles Vine 8-Speed - 2016";"Pure Cycles";"Cruisers Bicycles";2;429.0;0.05;5.0;858.0;42.9;815.1
1219;840;"2017-10-30";2017;10;"2017-10";"Baldwin Bikes";"Baldwin";"NY";"Pure Cycles Vine 8-Speed - 2016";"Pure Cycles";"Cruisers Bicycles";2;429.0;0.07;7.0;858.0;60.06;797.94
1257;1136;"2017-11-19";2017;11;"2017-11";"Baldwin Bikes";"Baldwin";"NY";"Pure Cycles Vine 8-Speed - 2016";"Pure Cycles";"Cruisers Bicycles";2;429.0;0.1;10.0;858.0;85.8;772.2
1288;778;"2017-12-07";2017;12;"2017-12";"Rowlett Bikes";"Rowlett";"TX";"Pure Cycles Vine 8-Speed - 2016";"Pure Cycles";"Cruisers Bicycles";2;429.0;0.07;7.0;858.0;60.06;797.94
1304;1409;"2017-12-16";2017;12;"2017-12";"Baldwin Bikes";"Baldwin";"NY";"Pure Cycles Vine 8-Speed - 2016";"Pure Cycles";"Cruisers Bicycles";1;429.0;0.05;5.0;429.0;21.45;407.55
1415;839;"2018-03-03";2018;3;"2018-03";"Baldwin Bikes";"Baldwin";"NY";"Pure Cycles Vine 8-Speed - 2016";"Pure Cycles";"Cruisers Bicycles";1;429.0;0.05;5.0;429.0;21.45;407.55
1511;25;"2018-04-09";2018;4;"2018-04";"Baldwin Bikes";"Baldwin";"NY";"Pure Cycles Vine 8-Speed - 2016";"Pure Cycles";"Cruisers Bicycles";2;429.0;0.07;7.0;858.0;60.06;797.94
1541;10;"2018-04-16";2018;4;"2018-04";"Baldwin Bikes";"Baldwin";"NY";"Pure Cycles Vine 8-Speed - 2016";"Pure Cycles";"Cruisers Bicycles";1;429.0;0.1;10.0;429.0;42.9;386.1
6;94;"2016-01-04";2016;1;"2016-01";"Baldwin Bikes";"Baldwin";"NY";"Pure Cycles Western 3-Speed - Women's - 2015/2016";"Pure Cycles";"Cruisers Bicycles";1;449.0;0.07;7.0;449.0;31.43;417.57
15;450;"2016-01-09";2016;1;"2016-01";"Baldwin Bikes";"Baldwin";"NY";"Pure Cycles Western 3-Speed - Women's - 2015/2016";"Pure Cycles";"Cruisers Bicycles";2;449.0;0.05;5.0;898.0;44.9;853.1
24;636;"2016-01-18";2016;1;"2016-01";"Baldwin Bikes";"Baldwin";"NY";"Pure Cycles Western 3-Speed - Women's - 2015/2016";"Pure Cycles";"Cruisers Bicycles";2;449.0;0.07;7.0;898.0;62.86;835.14
35;813;"2016-01-22";2016;1;"2016-01";"Baldwin Bikes";"Baldwin";"NY";"Pure Cycles Western 3-Speed - Women's - 2015/2016";"Pure Cycles";"Cruisers Bicycles";1;449.0;0.05;5.0;449.0;22.45;426.55
58;504;"2016-02-05";2016;2;"2016-02";"Baldwin Bikes";"Baldwin";"NY";"Pure Cycles Western 3-Speed - Women's - 2015/2016";"Pure Cycles";"Cruisers Bicycles";1;449.0;0.07;7.0;449.0;31.43;417.57
70;50;"2016-02-11";2016;2;"2016-02";"Rowlett Bikes";"Rowlett";"TX";"Pure Cycles Western 3-Speed - Women's - 2015/2016";"Pure Cycles";"Cruisers Bicycles";1;449.0;0.2;20.0;449.0;89.8;359.2
71;797;"2016-02-11";2016;2;"2016-02";"Baldwin Bikes";"Baldwin";"NY";"Pure Cycles Western 3-Speed - Women's - 2015/2016";"Pure Cycles";"Cruisers Bicycles";1;449.0;0.1;10.0;449.0;44.9;404.1
78;1182;"2016-02-16";2016;2;"2016-02";"Baldwin Bikes";"Baldwin";"NY";"Pure Cycles Western 3-Speed - Women's - 2015/2016";"Pure Cycles";"Cruisers Bicycles";2;449.0;0.1;10.0;898.0;89.8;808.2
85;1174;"2016-02-20";2016;2;"2016-02";"Baldwin Bikes";"Baldwin";"NY";"Pure Cycles Western 3-Speed - Women's - 2015/2016";"Pure Cycles";"Cruisers Bicycles";1;449.0;0.07;7.0;449.0;31.43;417.57
103;991;"2016-03-03";2016;3;"2016-03";"Santa Cruz Bikes";"Santa Cruz";"CA";"Pure Cycles Western 3-Speed - Women's - 2015/2016";"Pure Cycles";"Cruisers Bicycles";1;449.0;0.2;20.0;449.0;89.8;359.2
118;577;"2016-03-12";2016;3;"2016-03";"Santa Cruz Bikes";"Santa Cruz";"CA";"Pure Cycles Western 3-Speed - Women's - 2015/2016";"Pure Cycles";"Cruisers Bicycles";1;449.0;0.07;7.0;449.0;31.43;417.57
129;84;"2016-03-19";2016;3;"2016-03";"Baldwin Bikes";"Baldwin";"NY";"Pure Cycles Western 3-Speed - Women's - 2015/2016";"Pure Cycles";"Cruisers Bicycles";1;449.0;0.1;10.0;449.0;44.9;404.1
134;679;"2016-03-20";2016;3;"2016-03";"Baldwin Bikes";"Baldwin";"NY";"Pure Cycles Western 3-Speed - Women's - 2015/2016";"Pure Cycles";"Cruisers Bicycles";2;449.0;0.07;7.0;898.0;62.86;835.14
135;1354;"2016-03-21";2016;3;"2016-03";"Baldwin Bikes";"Baldwin";"NY";"Pure Cycles Western 3-Speed - Women's - 2015/2016";"Pure Cycles";"Cruisers Bicycles";2;449.0;0.05;5.0;898.0;44.9;853.1
141;557;"2016-03-25";2016;3;"2016-03";"Baldwin Bikes";"Baldwin";"NY";"Pure Cycles Western 3-Speed - Women's - 2015/2016";"Pure Cycles";"Cruisers Bicycles";1;449.0;0.2;20.0;449.0;89.8;359.2
156;357;"2016-04-03";2016;4;"2016-04";"Santa Cruz Bikes";"Santa Cruz";"CA";"Pure Cycles Western 3-Speed - Women's - 2015/2016";"Pure Cycles";"Cruisers Bicycles";2;449.0;0.2;20.0;898.0;179.6;718.4
160;205;"2016-04-04";2016;4;"2016-04";"Baldwin Bikes";"Baldwin";"NY";"Pure Cycles Western 3-Speed - Women's - 2015/2016";"Pure Cycles";"Cruisers Bicycles";2;449.0;0.1;10.0;898.0;89.8;808.2
162;31;"2016-04-06";2016;4;"2016-04";"Santa Cruz Bikes";"Santa Cruz";"CA";"Pure Cycles Western 3-Speed - Women's - 2015/2016";"Pure Cycles";"Cruisers Bicycles";1;449.0;0.07;7.0;449.0;31.43;417.57
163;1325;"2016-04-06";2016;4;"2016-04";"Baldwin Bikes";"Baldwin";"NY";"Pure Cycles Western 3-Speed - Women's - 2015/2016";"Pure Cycles";"Cruisers Bicycles";1;449.0;0.2;20.0;449.0;89.8;359.2
170;1200;"2016-04-10";2016;4;"2016-04";"Baldwin Bikes";"Baldwin";"NY";"Pure Cycles Western 3-Speed - Women's - 2015/2016";"Pure Cycles";"Cruisers Bicycles";2;449.0;0.05;5.0;898.0;44.9;853.1
178;756;"2016-04-16";2016;4;"2016-04";"Baldwin Bikes";"Baldwin";"NY";"Pure Cycles Western 3-Speed - Women's - 2015/2016";"Pure Cycles";"Cruisers Bicycles";1;449.0;0.07;7.0;449.0;31.43;417.57
179;616;"2016-04-17";2016;4;"2016-04";"Baldwin Bikes";"Baldwin";"NY";"Pure Cycles Western 3-Speed - Women's - 2015/2016";"Pure Cycles";"Cruisers Bicycles";1;449.0;0.2;20.0;449.0;89.8;359.2
195;727;"2016-04-28";2016;4;"2016-04";"Baldwin Bikes";"Baldwin";"NY";"Pure Cycles Western 3-Speed - Women's - 2015/2016";"Pure Cycles";"Cruisers Bicycles";1;449.0;0.2;20.0;449.0;89.8;359.2
199;760;"2016-05-01";2016;5;"2016-05";"Baldwin Bikes";"Baldwin";"NY";"Pure Cycles Western 3-Speed - Women's - 2015/2016";"Pure Cycles";"Cruisers Bicycles";2;449.0;0.07;7.0;898.0;62.86;835.14
217;716;"2016-05-11";2016;5;"2016-05";"Baldwin Bikes";"Baldwin";"NY";"Pure Cycles Western 3-Speed - Women's - 2015/2016";"Pure Cycles";"Cruisers Bicycles";1;449.0;0.1;10.0;449.0;44.9;404.1
232;1360;"2016-05-20";2016;5;"2016-05";"Santa Cruz Bikes";"Santa Cruz";"CA";"Pure Cycles Western 3-Speed - Women's - 2015/2016";"Pure Cycles";"Cruisers Bicycles";1;449.0;0.07;7.0;449.0;31.43;417.57
239;13;"2016-05-27";2016;5;"2016-05";"Rowlett Bikes";"Rowlett";"TX";"Pure Cycles Western 3-Speed - Women's - 2015/2016";"Pure Cycles";"Cruisers Bicycles";1;449.0;0.07;7.0;449.0;31.43;417.57
240;65;"2016-05-27";2016;5;"2016-05";"Baldwin Bikes";"Baldwin";"NY";"Pure Cycles Western 3-Speed - Women's - 2015/2016";"Pure Cycles";"Cruisers Bicycles";2;449.0;0.07;7.0;898.0;62.86;835.14
249;145;"2016-06-01";2016;6;"2016-06";"Baldwin Bikes";"Baldwin";"NY";"Pure Cycles Western 3-Speed - Women's - 2015/2016";"Pure Cycles";"Cruisers Bicycles";2;449.0;0.05;5.0;898.0;44.9;853.1
258;107;"2016-06-06";2016;6;"2016-06";"Baldwin Bikes";"Baldwin";"NY";"Pure Cycles Western 3-Speed - Women's - 2015/2016";"Pure Cycles";"Cruisers Bicycles";1;449.0;0.05;5.0;449.0;22.45;426.55
269;764;"2016-06-12";2016;6;"2016-06";"Baldwin Bikes";"Baldwin";"NY";"Pure Cycles Western 3-Speed - Women's - 2015/2016";"Pure Cycles";"Cruisers Bicycles";1;449.0;0.05;5.0;449.0;22.45;426.55
275;1341;"2016-06-17";2016;6;"2016-06";"Baldwin Bikes";"Baldwin";"NY";"Pure Cycles Western 3-Speed - Women's - 2015/2016";"Pure Cycles";"Cruisers Bicycles";1;449.0;0.05;5.0;449.0;22.45;426.55
292;360;"2016-06-29";2016;6;"2016-06";"Rowlett Bikes";"Rowlett";"TX";"Pure Cycles Western 3-Speed - Women's - 2015/2016";"Pure Cycles";"Cruisers Bicycles";2;449.0;0.1;10.0;898.0;89.8;808.2
294;732;"2016-07-01";2016;7;"2016-07";"Baldwin Bikes";"Baldwin";"NY";"Pure Cycles Western 3-Speed - Women's - 2015/2016";"Pure Cycles";"Cruisers Bicycles";1;449.0;0.2;20.0;449.0;89.8;359.2
302;1375;"2016-07-06";2016;7;"2016-07";"Baldwin Bikes";"Baldwin";"NY";"Pure Cycles Western 3-Speed - Women's - 2015/2016";"Pure Cycles";"Cruisers Bicycles";2;449.0;0.07;7.0;898.0;62.86;835.14
308;156;"2016-07-11";2016;7;"2016-07";"Baldwin Bikes";"Baldwin";"NY";"Pure Cycles Western 3-Speed - Women's - 2015/2016";"Pure Cycles";"Cruisers Bicycles";2;449.0;0.2;20.0;898.0;179.6;718.4
332;659;"2016-07-24";2016;7;"2016-07";"Baldwin Bikes";"Baldwin";"NY";"Pure Cycles Western 3-Speed - Women's - 2015/2016";"Pure Cycles";"Cruisers Bicycles";2;449.0;0.05;5.0;898.0;44.9;853.1
333;779;"2016-07-25";2016;7;"2016-07";"Baldwin Bikes";"Baldwin";"NY";"Pure Cycles Western 3-Speed - Women's - 2015/2016";"Pure Cycles";"Cruisers Bicycles";2;449.0;0.07;7.0;898.0;62.86;835.14
337;1252;"2016-07-26";2016;7;"2016-07";"Baldwin Bikes";"Baldwin";"NY";"Pure Cycles Western 3-Speed - Women's - 2015/2016";"Pure Cycles";"Cruisers Bicycles";1;449.0;0.05;5.0;449.0;22.45;426.55
344;750;"2016-08-01";2016;8;"2016-08";"Baldwin Bikes";"Baldwin";"NY";"Pure Cycles Western 3-Speed - Women's - 2015/2016";"Pure Cycles";"Cruisers Bicycles";2;449.0;0.07;7.0;898.0;62.86;835.14
345;1299;"2016-08-01";2016;8;"2016-08";"Baldwin Bikes";"Baldwin";"NY";"Pure Cycles Western 3-Speed - Women's - 2015/2016";"Pure Cycles";"Cruisers Bicycles";2;449.0;0.1;10.0;898.0;89.8;808.2
346;584;"2016-08-01";2016;8;"2016-08";"Rowlett Bikes";"Rowlett";"TX";"Pure Cycles Western 3-Speed - Women's - 2015/2016";"Pure Cycles";"Cruisers Bicycles";2;449.0;0.05;5.0;898.0;44.9;853.1
358;1042;"2016-08-05";2016;8;"2016-08";"Baldwin Bikes";"Baldwin";"NY";"Pure Cycles Western 3-Speed - Women's - 2015/2016";"Pure Cycles";"Cruisers Bicycles";2;449.0;0.1;10.0;898.0;89.8;808.2
387;451;"2016-08-20";2016;8;"2016-08";"Rowlett Bikes";"Rowlett";"TX";"Pure Cycles Western 3-Speed - Women's - 2015/2016";"Pure Cycles";"Cruisers Bicycles";1;449.0;0.2;20.0;449.0;89.8;359.2
398;447;"2016-08-29";2016;8;"2016-08";"Santa Cruz Bikes";"Santa Cruz";"CA";"Pure Cycles Western 3-Speed - Women's - 2015/2016";"Pure Cycles";"Cruisers Bicycles";2;449.0;0.05;5.0;898.0;44.9;853.1
408;1071;"2016-09-01";2016;9;"2016-09";"Santa Cruz Bikes";"Santa Cruz";"CA";"Pure Cycles Western 3-Speed - Women's - 2015/2016";"Pure Cycles";"Cruisers Bicycles";1;449.0;0.2;20.0;449.0;89.8;359.2
431;1217;"2016-09-11";2016;9;"2016-09";"Baldwin Bikes";"Baldwin";"NY";"Pure Cycles Western 3-Speed - Women's - 2015/2016";"Pure Cycles";"Cruisers Bicycles";1;449.0;0.2;20.0;449.0;89.8;359.2
434;726;"2016-09-13";2016;9;"2016-09";"Baldwin Bikes";"Baldwin";"NY";"Pure Cycles Western 3-Speed - Women's - 2015/2016";"Pure Cycles";"Cruisers Bicycles";2;449.0;0.05;5.0;898.0;44.9;853.1
435;77;"2016-09-14";2016;9;"2016-09";"Rowlett Bikes";"Rowlett";"TX";"Pure Cycles Western 3-Speed - Women's - 2015/2016";"Pure Cycles";"Cruisers Bicycles";1;449.0;0.05;5.0;449.0;22.45;426.55
460;691;"2016-09-25";2016;9;"2016-09";"Rowlett Bikes";"Rowlett";"TX";"Pure Cycles Western 3-Speed - Women's - 2015/2016";"Pure Cycles";"Cruisers Bicycles";2;449.0;0.07;7.0;898.0;62.86;835.14
461;853;"2016-09-26";2016;9;"2016-09";"Baldwin Bikes";"Baldwin";"NY";"Pure Cycles Western 3-Speed - Women's - 2015/2016";"Pure Cycles";"Cruisers Bicycles";2;449.0;0.1;10.0;898.0;89.8;808.2
470;641;"2016-09-30";2016;9;"2016-09";"Santa Cruz Bikes";"Santa Cruz";"CA";"Pure Cycles Western 3-Speed - Women's - 2015/2016";"Pure Cycles";"Cruisers Bicycles";1;449.0;0.05;5.0;449.0;22.45;426.55
493;796;"2016-10-09";2016;10;"2016-10";"Santa Cruz Bikes";"Santa Cruz";"CA";"Pure Cycles Western 3-Speed - Women's - 2015/2016";"Pure Cycles";"Cruisers Bicycles";2;449.0;0.05;5.0;898.0;44.9;853.1
514;927;"2016-10-19";2016;10;"2016-10";"Baldwin Bikes";"Baldwin";"NY";"Pure Cycles Western 3-Speed - Women's - 2015/2016";"Pure Cycles";"Cruisers Bicycles";2;449.0;0.2;20.0;898.0;179.6;718.4
519;54;"2016-10-22";2016;10;"2016-10";"Baldwin Bikes";"Baldwin";"NY";"Pure Cycles Western 3-Speed - Women's - 2015/2016";"Pure Cycles";"Cruisers Bicycles";2;449.0;0.2;20.0;898.0;179.6;718.4
527;506;"2016-10-27";2016;10;"2016-10";"Santa Cruz Bikes";"Santa Cruz";"CA";"Pure Cycles Western 3-Speed - Women's - 2015/2016";"Pure Cycles";"Cruisers Bicycles";2;449.0;0.07;7.0;898.0;62.86;835.14
543;62;"2016-11-06";2016;11;"2016-11";"Baldwin Bikes";"Baldwin";"NY";"Pure Cycles Western 3-Speed - Women's - 2015/2016";"Pure Cycles";"Cruisers Bicycles";1;449.0;0.2;20.0;449.0;89.8;359.2
546;470;"2016-11-09";2016;11;"2016-11";"Baldwin Bikes";"Baldwin";"NY";"Pure Cycles Western 3-Speed - Women's - 2015/2016";"Pure Cycles";"Cruisers Bicycles";2;449.0;0.07;7.0;898.0;62.86;835.14
552;1282;"2016-11-12";2016;11;"2016-11";"Baldwin Bikes";"Baldwin";"NY";"Pure Cycles Western 3-Speed - Women's - 2015/2016";"Pure Cycles";"Cruisers Bicycles";1;449.0;0.1;10.0;449.0;44.9;404.1
553;913;"2016-11-12";2016;11;"2016-11";"Rowlett Bikes";"Rowlett";"TX";"Pure Cycles Western 3-Speed - Women's - 2015/2016";"Pure Cycles";"Cruisers Bicycles";2;449.0;0.07;7.0;898.0;62.86;835.14
561;90;"2016-11-19";2016;11;"2016-11";"Baldwin Bikes";"Baldwin";"NY";"Pure Cycles Western 3-Speed - Women's - 2015/2016";"Pure Cycles";"Cruisers Bicycles";1;449.0;0.05;5.0;449.0;22.45;426.55
565;894;"2016-11-21";2016;11;"2016-11";"Baldwin Bikes";"Baldwin";"NY";"Pure Cycles Western 3-Speed - Women's - 2015/2016";"Pure Cycles";"Cruisers Bicycles";1;449.0;0.2;20.0;449.0;89.8;359.2
570;989;"2016-11-23";2016;11;"2016-11";"Baldwin Bikes";"Baldwin";"NY";"Pure Cycles Western 3-Speed - Women's - 2015/2016";"Pure Cycles";"Cruisers Bicycles";1;449.0;0.07;7.0;449.0;31.43;417.57
578;819;"2016-11-27";2016;11;"2016-11";"Baldwin Bikes";"Baldwin";"NY";"Pure Cycles Western 3-Speed - Women's - 2015/2016";"Pure Cycles";"Cruisers Bicycles";2;449.0;0.05;5.0;898.0;44.9;853.1
585;1219;"2016-12-04";2016;12;"2016-12";"Baldwin Bikes";"Baldwin";"NY";"Pure Cycles Western 3-Speed - Women's - 2015/2016";"Pure Cycles";"Cruisers Bicycles";2;449.0;0.2;20.0;898.0;179.6;718.4
587;487;"2016-12-06";2016;12;"2016-12";"Santa Cruz Bikes";"Santa Cruz";"CA";"Pure Cycles Western 3-Speed - Women's - 2015/2016";"Pure Cycles";"Cruisers Bicycles";1;449.0;0.05;5.0;449.0;22.45;426.55
592;1232;"2016-12-06";2016;12;"2016-12";"Baldwin Bikes";"Baldwin";"NY";"Pure Cycles Western 3-Speed - Women's - 2015/2016";"Pure Cycles";"Cruisers Bicycles";2;449.0;0.07;7.0;898.0;62.86;835.14
600;624;"2016-12-09";2016;12;"2016-12";"Baldwin Bikes";"Baldwin";"NY";"Pure Cycles Western 3-Speed - Women's - 2015/2016";"Pure Cycles";"Cruisers Bicycles";2;449.0;0.07;7.0;898.0;62.86;835.14
606;18;"2016-12-11";2016;12;"2016-12";"Baldwin Bikes";"Baldwin";"NY";"Pure Cycles Western 3-Speed - Women's - 2015/2016";"Pure Cycles";"Cruisers Bicycles";2;449.0;0.05;5.0;898.0;44.9;853.1
610;711;"2016-12-13";2016;12;"2016-12";"Baldwin Bikes";"Baldwin";"NY";"Pure Cycles Western 3-Speed - Women's - 2015/2016";"Pure Cycles";"Cruisers Bicycles";2;449.0;0.07;7.0;898.0;62.86;835.14
613;1159;"2016-12-17";2016;12;"2016-12";"Baldwin Bikes";"Baldwin";"NY";"Pure Cycles Western 3-Speed - Women's - 2015/2016";"Pure Cycles";"Cruisers Bicycles";2;449.0;0.05;5.0;898.0;44.9;853.1
614;654;"2016-12-18";2016;12;"2016-12";"Santa Cruz Bikes";"Santa Cruz";"CA";"Pure Cycles Western 3-Speed - Women's - 2015/2016";"Pure Cycles";"Cruisers Bicycles";1;449.0;0.1;10.0;449.0;44.9;404.1
622;1398;"2016-12-23";2016;12;"2016-12";"Baldwin Bikes";"Baldwin";"NY";"Pure Cycles Western 3-Speed - Women's - 2015/2016";"Pure Cycles";"Cruisers Bicycles";1;449.0;0.1;10.0;449.0;44.9;404.1
630;1404;"2016-12-26";2016;12;"2016-12";"Baldwin Bikes";"Baldwin";"NY";"Pure Cycles Western 3-Speed - Women's - 2015/2016";"Pure Cycles";"Cruisers Bicycles";2;449.0;0.1;10.0;898.0;89.8;808.2
808;315;"2017-03-31";2017;3;"2017-03";"Baldwin Bikes";"Baldwin";"NY";"Pure Cycles Western 3-Speed - Women's - 2015/2016";"Pure Cycles";"Cruisers Bicycles";1;449.0;0.05;5.0;449.0;22.45;426.55
855;775;"2017-04-22";2017;4;"2017-04";"Baldwin Bikes";"Baldwin";"NY";"Pure Cycles Western 3-Speed - Women's - 2015/2016";"Pure Cycles";"Cruisers Bicycles";1;449.0;0.1;10.0;449.0;44.9;404.1
878;224;"2017-05-07";2017;5;"2017-05";"Santa Cruz Bikes";"Santa Cruz";"CA";"Pure Cycles Western 3-Speed - Women's - 2015/2016";"Pure Cycles";"Cruisers Bicycles";2;449.0;0.05;5.0;898.0;44.9;853.1
934;93;"2017-06-09";2017;6;"2017-06";"Baldwin Bikes";"Baldwin";"NY";"Pure Cycles Western 3-Speed - Women's - 2015/2016";"Pure Cycles";"Cruisers Bicycles";1;449.0;0.1;10.0;449.0;44.9;404.1
1017;168;"2017-07-20";2017;7;"2017-07";"Baldwin Bikes";"Baldwin";"NY";"Pure Cycles Western 3-Speed - Women's - 2015/2016";"Pure Cycles";"Cruisers Bicycles";2;449.0;0.2;20.0;898.0;179.6;718.4
1036;1442;"2017-07-30";2017;7;"2017-07";"Baldwin Bikes";"Baldwin";"NY";"Pure Cycles Western 3-Speed - Women's - 2015/2016";"Pure Cycles";"Cruisers Bicycles";2;449.0;0.05;5.0;898.0;44.9;853.1
1039;1077;"2017-08-02";2017;8;"2017-08";"Baldwin Bikes";"Baldwin";"NY";"Pure Cycles Western 3-Speed - Women's - 2015/2016";"Pure Cycles";"Cruisers Bicycles";2;449.0;0.2;20.0;898.0;179.6;718.4
1064;898;"2017-08-16";2017;8;"2017-08";"Rowlett Bikes";"Rowlett";"TX";"Pure Cycles Western 3-Speed - Women's - 2015/2016";"Pure Cycles";"Cruisers Bicycles";1;449.0;0.07;7.0;449.0;31.43;417.57
1070;596;"2017-08-17";2017;8;"2017-08";"Baldwin Bikes";"Baldwin";"NY";"Pure Cycles Western 3-Speed - Women's - 2015/2016";"Pure Cycles";"Cruisers Bicycles";2;449.0;0.1;10.0;898.0;89.8;808.2
1092;40;"2017-08-25";2017;8;"2017-08";"Santa Cruz Bikes";"Santa Cruz";"CA";"Pure Cycles Western 3-Speed - Women's - 2015/2016";"Pure Cycles";"Cruisers Bicycles";1;449.0;0.2;20.0;449.0;89.8;359.2
1276;893;"2017-11-30";2017;11;"2017-11";"Baldwin Bikes";"Baldwin";"NY";"Pure Cycles Western 3-Speed - Women's - 2015/2016";"Pure Cycles";"Cruisers Bicycles";2;449.0;0.2;20.0;898.0;179.6;718.4
1346;136;"2018-01-14";2018;1;"2018-01";"Rowlett Bikes";"Rowlett";"TX";"Pure Cycles Western 3-Speed - Women's - 2015/2016";"Pure Cycles";"Cruisers Bicycles";2;449.0;0.05;5.0;898.0;44.9;853.1
1467;152;"2018-03-26";2018;3;"2018-03";"Baldwin Bikes";"Baldwin";"NY";"Pure Cycles Western 3-Speed - Women's - 2015/2016";"Pure Cycles";"Cruisers Bicycles";1;449.0;0.07;7.0;449.0;31.43;417.57
1559;42;"2018-04-20";2018;4;"2018-04";"Baldwin Bikes";"Baldwin";"NY";"Pure Cycles Western 3-Speed - Women's - 2015/2016";"Pure Cycles";"Cruisers Bicycles";1;449.0;0.1;10.0;449.0;44.9;404.1
1596;21;"2018-04-28";2018;4;"2018-04";"Rowlett Bikes";"Rowlett";"TX";"Pure Cycles Western 3-Speed - Women's - 2015/2016";"Pure Cycles";"Cruisers Bicycles";1;449.0;0.1;10.0;449.0;44.9;404.1
27;57;"2016-01-19";2016;1;"2016-01";"Baldwin Bikes";"Baldwin";"NY";"Pure Cycles William 3-Speed - 2016";"Pure Cycles";"Cruisers Bicycles";1;449.0;0.2;20.0;449.0;89.8;359.2
30;1348;"2016-01-20";2016;1;"2016-01";"Baldwin Bikes";"Baldwin";"NY";"Pure Cycles William 3-Speed - 2016";"Pure Cycles";"Cruisers Bicycles";1;449.0;0.1;10.0;449.0;44.9;404.1
41;979;"2016-01-27";2016;1;"2016-01";"Baldwin Bikes";"Baldwin";"NY";"Pure Cycles William 3-Speed - 2016";"Pure Cycles";"Cruisers Bicycles";2;449.0;0.2;20.0;898.0;179.6;718.4
42;1095;"2016-01-27";2016;1;"2016-01";"Baldwin Bikes";"Baldwin";"NY";"Pure Cycles William 3-Speed - 2016";"Pure Cycles";"Cruisers Bicycles";1;449.0;0.05;5.0;449.0;22.45;426.55
57;1305;"2016-02-04";2016;2;"2016-02";"Baldwin Bikes";"Baldwin";"NY";"Pure Cycles William 3-Speed - 2016";"Pure Cycles";"Cruisers Bicycles";2;449.0;0.2;20.0;898.0;179.6;718.4
63;1075;"2016-02-07";2016;2;"2016-02";"Baldwin Bikes";"Baldwin";"NY";"Pure Cycles William 3-Speed - 2016";"Pure Cycles";"Cruisers Bicycles";2;449.0;0.05;5.0;898.0;44.9;853.1
67;526;"2016-02-09";2016;2;"2016-02";"Rowlett Bikes";"Rowlett";"TX";"Pure Cycles William 3-Speed - 2016";"Pure Cycles";"Cruisers Bicycles";1;449.0;0.2;20.0;449.0;89.8;359.2
78;1182;"2016-02-16";2016;2;"2016-02";"Baldwin Bikes";"Baldwin";"NY";"Pure Cycles William 3-Speed - 2016";"Pure Cycles";"Cruisers Bicycles";1;449.0;0.2;20.0;449.0;89.8;359.2
95;218;"2016-02-27";2016;2;"2016-02";"Baldwin Bikes";"Baldwin";"NY";"Pure Cycles William 3-Speed - 2016";"Pure Cycles";"Cruisers Bicycles";1;449.0;0.1;10.0;449.0;44.9;404.1
97;204;"2016-02-28";2016;2;"2016-02";"Baldwin Bikes";"Baldwin";"NY";"Pure Cycles William 3-Speed - 2016";"Pure Cycles";"Cruisers Bicycles";1;449.0;0.1;10.0;449.0;44.9;404.1
98;1194;"2016-02-28";2016;2;"2016-02";"Baldwin Bikes";"Baldwin";"NY";"Pure Cycles William 3-Speed - 2016";"Pure Cycles";"Cruisers Bicycles";1;449.0;0.07;7.0;449.0;31.43;417.57
104;7;"2016-03-03";2016;3;"2016-03";"Baldwin Bikes";"Baldwin";"NY";"Pure Cycles William 3-Speed - 2016";"Pure Cycles";"Cruisers Bicycles";2;449.0;0.1;10.0;898.0;89.8;808.2
107;633;"2016-03-06";2016;3;"2016-03";"Santa Cruz Bikes";"Santa Cruz";"CA";"Pure Cycles William 3-Speed - 2016";"Pure Cycles";"Cruisers Bicycles";1;449.0;0.2;20.0;449.0;89.8;359.2
115;1369;"2016-03-09";2016;3;"2016-03";"Baldwin Bikes";"Baldwin";"NY";"Pure Cycles William 3-Speed - 2016";"Pure Cycles";"Cruisers Bicycles";1;449.0;0.1;10.0;449.0;44.9;404.1
117;740;"2016-03-10";2016;3;"2016-03";"Baldwin Bikes";"Baldwin";"NY";"Pure Cycles William 3-Speed - 2016";"Pure Cycles";"Cruisers Bicycles";1;449.0;0.05;5.0;449.0;22.45;426.55
134;679;"2016-03-20";2016;3;"2016-03";"Baldwin Bikes";"Baldwin";"NY";"Pure Cycles William 3-Speed - 2016";"Pure Cycles";"Cruisers Bicycles";2;449.0;0.1;10.0;898.0;89.8;808.2
139;710;"2016-03-23";2016;3;"2016-03";"Baldwin Bikes";"Baldwin";"NY";"Pure Cycles William 3-Speed - 2016";"Pure Cycles";"Cruisers Bicycles";2;449.0;0.07;7.0;898.0;62.86;835.14
142;170;"2016-03-26";2016;3;"2016-03";"Santa Cruz Bikes";"Santa Cruz";"CA";"Pure Cycles William 3-Speed - 2016";"Pure Cycles";"Cruisers Bicycles";1;449.0;0.07;7.0;449.0;31.43;417.57
174;1361;"2016-04-12";2016;4;"2016-04";"Baldwin Bikes";"Baldwin";"NY";"Pure Cycles William 3-Speed - 2016";"Pure Cycles";"Cruisers Bicycles";2;449.0;0.1;10.0;898.0;89.8;808.2
175;951;"2016-04-13";2016;4;"2016-04";"Baldwin Bikes";"Baldwin";"NY";"Pure Cycles William 3-Speed - 2016";"Pure Cycles";"Cruisers Bicycles";1;449.0;0.07;7.0;449.0;31.43;417.57
183;22;"2016-04-19";2016;4;"2016-04";"Baldwin Bikes";"Baldwin";"NY";"Pure Cycles William 3-Speed - 2016";"Pure Cycles";"Cruisers Bicycles";1;449.0;0.07;7.0;449.0;31.43;417.57
203;1102;"2016-05-03";2016;5;"2016-05";"Rowlett Bikes";"Rowlett";"TX";"Pure Cycles William 3-Speed - 2016";"Pure Cycles";"Cruisers Bicycles";2;449.0;0.07;7.0;898.0;62.86;835.14
212;1373;"2016-05-08";2016;5;"2016-05";"Baldwin Bikes";"Baldwin";"NY";"Pure Cycles William 3-Speed - 2016";"Pure Cycles";"Cruisers Bicycles";1;449.0;0.1;10.0;449.0;44.9;404.1
215;1420;"2016-05-10";2016;5;"2016-05";"Baldwin Bikes";"Baldwin";"NY";"Pure Cycles William 3-Speed - 2016";"Pure Cycles";"Cruisers Bicycles";1;449.0;0.07;7.0;449.0;31.43;417.57
243;802;"2016-05-27";2016;5;"2016-05";"Rowlett Bikes";"Rowlett";"TX";"Pure Cycles William 3-Speed - 2016";"Pure Cycles";"Cruisers Bicycles";2;449.0;0.07;7.0;898.0;62.86;835.14
244;956;"2016-05-28";2016;5;"2016-05";"Baldwin Bikes";"Baldwin";"NY";"Pure Cycles William 3-Speed - 2016";"Pure Cycles";"Cruisers Bicycles";1;449.0;0.07;7.0;449.0;31.43;417.57
252;66;"2016-06-01";2016;6;"2016-06";"Rowlett Bikes";"Rowlett";"TX";"Pure Cycles William 3-Speed - 2016";"Pure Cycles";"Cruisers Bicycles";1;449.0;0.1;10.0;449.0;44.9;404.1
258;107;"2016-06-06";2016;6;"2016-06";"Baldwin Bikes";"Baldwin";"NY";"Pure Cycles William 3-Speed - 2016";"Pure Cycles";"Cruisers Bicycles";1;449.0;0.07;7.0;449.0;31.43;417.57
266;933;"2016-06-10";2016;6;"2016-06";"Baldwin Bikes";"Baldwin";"NY";"Pure Cycles William 3-Speed - 2016";"Pure Cycles";"Cruisers Bicycles";1;449.0;0.2;20.0;449.0;89.8;359.2
278;1301;"2016-06-20";2016;6;"2016-06";"Santa Cruz Bikes";"Santa Cruz";"CA";"Pure Cycles William 3-Speed - 2016";"Pure Cycles";"Cruisers Bicycles";2;449.0;0.07;7.0;898.0;62.86;835.14
293;573;"2016-06-30";2016;6;"2016-06";"Baldwin Bikes";"Baldwin";"NY";"Pure Cycles William 3-Speed - 2016";"Pure Cycles";"Cruisers Bicycles";2;449.0;0.05;5.0;898.0;44.9;853.1
316;670;"2016-07-17";2016;7;"2016-07";"Baldwin Bikes";"Baldwin";"NY";"Pure Cycles William 3-Speed - 2016";"Pure Cycles";"Cruisers Bicycles";1;449.0;0.2;20.0;449.0;89.8;359.2
324;480;"2016-07-20";2016;7;"2016-07";"Baldwin Bikes";"Baldwin";"NY";"Pure Cycles William 3-Speed - 2016";"Pure Cycles";"Cruisers Bicycles";1;449.0;0.05;5.0;449.0;22.45;426.55
354;551;"2016-08-03";2016;8;"2016-08";"Rowlett Bikes";"Rowlett";"TX";"Pure Cycles William 3-Speed - 2016";"Pure Cycles";"Cruisers Bicycles";1;449.0;0.05;5.0;449.0;22.45;426.55
368;995;"2016-08-14";2016;8;"2016-08";"Baldwin Bikes";"Baldwin";"NY";"Pure Cycles William 3-Speed - 2016";"Pure Cycles";"Cruisers Bicycles";1;449.0;0.05;5.0;449.0;22.45;426.55
373;337;"2016-08-16";2016;8;"2016-08";"Baldwin Bikes";"Baldwin";"NY";"Pure Cycles William 3-Speed - 2016";"Pure Cycles";"Cruisers Bicycles";2;449.0;0.2;20.0;898.0;179.6;718.4
383;331;"2016-08-20";2016;8;"2016-08";"Baldwin Bikes";"Baldwin";"NY";"Pure Cycles William 3-Speed - 2016";"Pure Cycles";"Cruisers Bicycles";1;449.0;0.07;7.0;449.0;31.43;417.57
388;1080;"2016-08-21";2016;8;"2016-08";"Rowlett Bikes";"Rowlett";"TX";"Pure Cycles William 3-Speed - 2016";"Pure Cycles";"Cruisers Bicycles";2;449.0;0.2;20.0;898.0;179.6;718.4
425;843;"2016-09-08";2016;9;"2016-09";"Baldwin Bikes";"Baldwin";"NY";"Pure Cycles William 3-Speed - 2016";"Pure Cycles";"Cruisers Bicycles";1;449.0;0.05;5.0;449.0;22.45;426.55
431;1217;"2016-09-11";2016;9;"2016-09";"Baldwin Bikes";"Baldwin";"NY";"Pure Cycles William 3-Speed - 2016";"Pure Cycles";"Cruisers Bicycles";1;449.0;0.07;7.0;449.0;31.43;417.57
440;882;"2016-09-17";2016;9;"2016-09";"Baldwin Bikes";"Baldwin";"NY";"Pure Cycles William 3-Speed - 2016";"Pure Cycles";"Cruisers Bicycles";2;449.0;0.07;7.0;898.0;62.86;835.14
460;691;"2016-09-25";2016;9;"2016-09";"Rowlett Bikes";"Rowlett";"TX";"Pure Cycles William 3-Speed - 2016";"Pure Cycles";"Cruisers Bicycles";1;449.0;0.05;5.0;449.0;22.45;426.55
466;1440;"2016-09-28";2016;9;"2016-09";"Baldwin Bikes";"Baldwin";"NY";"Pure Cycles William 3-Speed - 2016";"Pure Cycles";"Cruisers Bicycles";2;449.0;0.2;20.0;898.0;179.6;718.4
467;555;"2016-09-28";2016;9;"2016-09";"Rowlett Bikes";"Rowlett";"TX";"Pure Cycles William 3-Speed - 2016";"Pure Cycles";"Cruisers Bicycles";1;449.0;0.07;7.0;449.0;31.43;417.57
468;1261;"2016-09-29";2016;9;"2016-09";"Santa Cruz Bikes";"Santa Cruz";"CA";"Pure Cycles William 3-Speed - 2016";"Pure Cycles";"Cruisers Bicycles";1;449.0;0.1;10.0;449.0;44.9;404.1
474;553;"2016-10-01";2016;10;"2016-10";"Santa Cruz Bikes";"Santa Cruz";"CA";"Pure Cycles William 3-Speed - 2016";"Pure Cycles";"Cruisers Bicycles";2;449.0;0.05;5.0;898.0;44.9;853.1
501;977;"2016-10-11";2016;10;"2016-10";"Baldwin Bikes";"Baldwin";"NY";"Pure Cycles William 3-Speed - 2016";"Pure Cycles";"Cruisers Bicycles";2;449.0;0.05;5.0;898.0;44.9;853.1
527;506;"2016-10-27";2016;10;"2016-10";"Santa Cruz Bikes";"Santa Cruz";"CA";"Pure Cycles William 3-Speed - 2016";"Pure Cycles";"Cruisers Bicycles";1;449.0;0.1;10.0;449.0;44.9;404.1
540;1429;"2016-11-03";2016;11;"2016-11";"Santa Cruz Bikes";"Santa Cruz";"CA";"Pure Cycles William 3-Speed - 2016";"Pure Cycles";"Cruisers Bicycles";1;449.0;0.1;10.0;449.0;44.9;404.1
542;313;"2016-11-04";2016;11;"2016-11";"Baldwin Bikes";"Baldwin";"NY";"Pure Cycles William 3-Speed - 2016";"Pure Cycles";"Cruisers Bicycles";2;449.0;0.2;20.0;898.0;179.6;718.4
552;1282;"2016-11-12";2016;11;"2016-11";"Baldwin Bikes";"Baldwin";"NY";"Pure Cycles William 3-Speed - 2016";"Pure Cycles";"Cruisers Bicycles";2;449.0;0.2;20.0;898.0;179.6;718.4
563;365;"2016-11-20";2016;11;"2016-11";"Baldwin Bikes";"Baldwin";"NY";"Pure Cycles William 3-Speed - 2016";"Pure Cycles";"Cruisers Bicycles";1;449.0;0.05;5.0;449.0;22.45;426.55
580;581;"2016-11-30";2016;11;"2016-11";"Santa Cruz Bikes";"Santa Cruz";"CA";"Pure Cycles William 3-Speed - 2016";"Pure Cycles";"Cruisers Bicycles";1;449.0;0.2;20.0;449.0;89.8;359.2
584;1209;"2016-12-04";2016;12;"2016-12";"Baldwin Bikes";"Baldwin";"NY";"Pure Cycles William 3-Speed - 2016";"Pure Cycles";"Cruisers Bicycles";1;449.0;0.07;7.0;449.0;31.43;417.57
595;538;"2016-12-08";2016;12;"2016-12";"Santa Cruz Bikes";"Santa Cruz";"CA";"Pure Cycles William 3-Speed - 2016";"Pure Cycles";"Cruisers Bicycles";2;449.0;0.07;7.0;898.0;62.86;835.14
605;1208;"2016-12-10";2016;12;"2016-12";"Baldwin Bikes";"Baldwin";"NY";"Pure Cycles William 3-Speed - 2016";"Pure Cycles";"Cruisers Bicycles";1;449.0;0.07;7.0;449.0;31.43;417.57
615;560;"2016-12-19";2016;12;"2016-12";"Rowlett Bikes";"Rowlett";"TX";"Pure Cycles William 3-Speed - 2016";"Pure Cycles";"Cruisers Bicycles";2;449.0;0.1;10.0;898.0;89.8;808.2
627;1119;"2016-12-25";2016;12;"2016-12";"Baldwin Bikes";"Baldwin";"NY";"Pure Cycles William 3-Speed - 2016";"Pure Cycles";"Cruisers Bicycles";1;449.0;0.07;7.0;449.0;31.43;417.57
629;973;"2016-12-26";2016;12;"2016-12";"Santa Cruz Bikes";"Santa Cruz";"CA";"Pure Cycles William 3-Speed - 2016";"Pure Cycles";"Cruisers Bicycles";1;449.0;0.05;5.0;449.0;22.45;426.55
668;297;"2017-01-22";2017;1;"2017-01";"Rowlett Bikes";"Rowlett";"TX";"Pure Cycles William 3-Speed - 2016";"Pure Cycles";"Cruisers Bicycles";2;449.0;0.1;10.0;898.0;89.8;808.2
675;291;"2017-01-28";2017;1;"2017-01";"Baldwin Bikes";"Baldwin";"NY";"Pure Cycles William 3-Speed - 2016";"Pure Cycles";"Cruisers Bicycles";1;449.0;0.07;7.0;449.0;31.43;417.57
686;380;"2017-02-01";2017;2;"2017-02";"Baldwin Bikes";"Baldwin";"NY";"Pure Cycles William 3-Speed - 2016";"Pure Cycles";"Cruisers Bicycles";2;449.0;0.2;20.0;898.0;179.6;718.4
737;694;"2017-02-27";2017;2;"2017-02";"Baldwin Bikes";"Baldwin";"NY";"Pure Cycles William 3-Speed - 2016";"Pure Cycles";"Cruisers Bicycles";2;449.0;0.07;7.0;898.0;62.86;835.14
740;1113;"2017-02-28";2017;2;"2017-02";"Baldwin Bikes";"Baldwin";"NY";"Pure Cycles William 3-Speed - 2016";"Pure Cycles";"Cruisers Bicycles";1;449.0;0.2;20.0;449.0;89.8;359.2
788;1363;"2017-03-18";2017;3;"2017-03";"Rowlett Bikes";"Rowlett";"TX";"Pure Cycles William 3-Speed - 2016";"Pure Cycles";"Cruisers Bicycles";1;449.0;0.1;10.0;449.0;44.9;404.1
808;315;"2017-03-31";2017;3;"2017-03";"Baldwin Bikes";"Baldwin";"NY";"Pure Cycles William 3-Speed - 2016";"Pure Cycles";"Cruisers Bicycles";2;449.0;0.05;5.0;898.0;44.9;853.1
818;1319;"2017-04-04";2017;4;"2017-04";"Baldwin Bikes";"Baldwin";"NY";"Pure Cycles William 3-Speed - 2016";"Pure Cycles";"Cruisers Bicycles";2;449.0;0.05;5.0;898.0;44.9;853.1
825;10;"2017-04-07";2017;4;"2017-04";"Baldwin Bikes";"Baldwin";"NY";"Pure Cycles William 3-Speed - 2016";"Pure Cycles";"Cruisers Bicycles";1;449.0;0.1;10.0;449.0;44.9;404.1
1000;645;"2017-07-12";2017;7;"2017-07";"Baldwin Bikes";"Baldwin";"NY";"Pure Cycles William 3-Speed - 2016";"Pure Cycles";"Cruisers Bicycles";2;449.0;0.07;7.0;898.0;62.86;835.14
1061;655;"2017-08-15";2017;8;"2017-08";"Baldwin Bikes";"Baldwin";"NY";"Pure Cycles William 3-Speed - 2016";"Pure Cycles";"Cruisers Bicycles";1;449.0;0.1;10.0;449.0;44.9;404.1
1091;1260;"2017-08-24";2017;8;"2017-08";"Baldwin Bikes";"Baldwin";"NY";"Pure Cycles William 3-Speed - 2016";"Pure Cycles";"Cruisers Bicycles";1;449.0;0.1;10.0;449.0;44.9;404.1
1097;1311;"2017-08-27";2017;8;"2017-08";"Baldwin Bikes";"Baldwin";"NY";"Pure Cycles William 3-Speed - 2016";"Pure Cycles";"Cruisers Bicycles";1;449.0;0.2;20.0;449.0;89.8;359.2
1185;960;"2017-10-14";2017;10;"2017-10";"Baldwin Bikes";"Baldwin";"NY";"Pure Cycles William 3-Speed - 2016";"Pure Cycles";"Cruisers Bicycles";2;449.0;0.07;7.0;898.0;62.86;835.14
1201;201;"2017-10-23";2017;10;"2017-10";"Baldwin Bikes";"Baldwin";"NY";"Pure Cycles William 3-Speed - 2016";"Pure Cycles";"Cruisers Bicycles";2;449.0;0.2;20.0;898.0;179.6;718.4
1216;886;"2017-10-28";2017;10;"2017-10";"Baldwin Bikes";"Baldwin";"NY";"Pure Cycles William 3-Speed - 2016";"Pure Cycles";"Cruisers Bicycles";1;449.0;0.2;20.0;449.0;89.8;359.2
1259;4;"2017-11-21";2017;11;"2017-11";"Baldwin Bikes";"Baldwin";"NY";"Pure Cycles William 3-Speed - 2016";"Pure Cycles";"Cruisers Bicycles";1;449.0;0.2;20.0;449.0;89.8;359.2
1263;1408;"2017-11-23";2017;11;"2017-11";"Baldwin Bikes";"Baldwin";"NY";"Pure Cycles William 3-Speed - 2016";"Pure Cycles";"Cruisers Bicycles";2;449.0;0.1;10.0;898.0;89.8;808.2
1502;83;"2018-04-06";2018;4;"2018-04";"Baldwin Bikes";"Baldwin";"NY";"Pure Cycles William 3-Speed - 2016";"Pure Cycles";"Cruisers Bicycles";2;449.0;0.07;7.0;898.0;62.86;835.14
4;175;"2016-01-03";2016;1;"2016-01";"Santa Cruz Bikes";"Santa Cruz";"CA";"Ritchey Timberwolf Frameset - 2016";"Ritchey";"Mountain Bikes";2;749.99;0.1;10.0;1499.98;149.998;1349.982
18;541;"2016-01-14";2016;1;"2016-01";"Santa Cruz Bikes";"Santa Cruz";"CA";"Ritchey Timberwolf Frameset - 2016";"Ritchey";"Mountain Bikes";2;749.99;0.2;20.0;1499.98;299.996;1199.984
26;1280;"2016-01-18";2016;1;"2016-01";"Baldwin Bikes";"Baldwin";"NY";"Ritchey Timberwolf Frameset - 2016";"Ritchey";"Mountain Bikes";1;749.99;0.2;20.0;749.99;149.998;599.992
59;563;"2016-02-05";2016;2;"2016-02";"Baldwin Bikes";"Baldwin";"NY";"Ritchey Timberwolf Frameset - 2016";"Ritchey";"Mountain Bikes";1;749.99;0.1;10.0;749.99;74.999;674.991
66;1253;"2016-02-09";2016;2;"2016-02";"Baldwin Bikes";"Baldwin";"NY";"Ritchey Timberwolf Frameset - 2016";"Ritchey";"Mountain Bikes";1;749.99;0.2;20.0;749.99;149.998;599.992
93;1328;"2016-02-26";2016;2;"2016-02";"Santa Cruz Bikes";"Santa Cruz";"CA";"Ritchey Timberwolf Frameset - 2016";"Ritchey";"Mountain Bikes";1;749.99;0.2;20.0;749.99;149.998;599.992
97;204;"2016-02-28";2016;2;"2016-02";"Baldwin Bikes";"Baldwin";"NY";"Ritchey Timberwolf Frameset - 2016";"Ritchey";"Mountain Bikes";1;749.99;0.07;7.0;749.99;52.4993;697.4907
98;1194;"2016-02-28";2016;2;"2016-02";"Baldwin Bikes";"Baldwin";"NY";"Ritchey Timberwolf Frameset - 2016";"Ritchey";"Mountain Bikes";1;749.99;0.2;20.0;749.99;149.998;599.992
114;1431;"2016-03-08";2016;3;"2016-03";"Baldwin Bikes";"Baldwin";"NY";"Ritchey Timberwolf Frameset - 2016";"Ritchey";"Mountain Bikes";1;749.99;0.07;7.0;749.99;52.4993;697.4907
121;755;"2016-03-14";2016;3;"2016-03";"Baldwin Bikes";"Baldwin";"NY";"Ritchey Timberwolf Frameset - 2016";"Ritchey";"Mountain Bikes";2;749.99;0.05;5.0;1499.98;74.999;1424.981
132;46;"2016-03-20";2016;3;"2016-03";"Santa Cruz Bikes";"Santa Cruz";"CA";"Ritchey Timberwolf Frameset - 2016";"Ritchey";"Mountain Bikes";2;749.99;0.05;5.0;1499.98;74.999;1424.981
134;679;"2016-03-20";2016;3;"2016-03";"Baldwin Bikes";"Baldwin";"NY";"Ritchey Timberwolf Frameset - 2016";"Ritchey";"Mountain Bikes";2;749.99;0.07;7.0;1499.98;104.9986;1394.9814
135;1354;"2016-03-21";2016;3;"2016-03";"Baldwin Bikes";"Baldwin";"NY";"Ritchey Timberwolf Frameset - 2016";"Ritchey";"Mountain Bikes";1;749.99;0.05;5.0;749.99;37.4995;712.4905
146;288;"2016-03-28";2016;3;"2016-03";"Santa Cruz Bikes";"Santa Cruz";"CA";"Ritchey Timberwolf Frameset - 2016";"Ritchey";"Mountain Bikes";1;749.99;0.07;7.0;749.99;52.4993;697.4907
165;574;"2016-04-08";2016;4;"2016-04";"Santa Cruz Bikes";"Santa Cruz";"CA";"Ritchey Timberwolf Frameset - 2016";"Ritchey";"Mountain Bikes";1;749.99;0.05;5.0;749.99;37.4995;712.4905
175;951;"2016-04-13";2016;4;"2016-04";"Baldwin Bikes";"Baldwin";"NY";"Ritchey Timberwolf Frameset - 2016";"Ritchey";"Mountain Bikes";2;749.99;0.2;20.0;1499.98;299.996;1199.984
176;643;"2016-04-15";2016;4;"2016-04";"Baldwin Bikes";"Baldwin";"NY";"Ritchey Timberwolf Frameset - 2016";"Ritchey";"Mountain Bikes";2;749.99;0.07;7.0;1499.98;104.9986;1394.9814
192;728;"2016-04-27";2016;4;"2016-04";"Baldwin Bikes";"Baldwin";"NY";"Ritchey Timberwolf Frameset - 2016";"Ritchey";"Mountain Bikes";1;749.99;0.05;5.0;749.99;37.4995;712.4905
197;127;"2016-04-30";2016;4;"2016-04";"Baldwin Bikes";"Baldwin";"NY";"Ritchey Timberwolf Frameset - 2016";"Ritchey";"Mountain Bikes";2;749.99;0.07;7.0;1499.98;104.9986;1394.9814
211;1140;"2016-05-07";2016;5;"2016-05";"Baldwin Bikes";"Baldwin";"NY";"Ritchey Timberwolf Frameset - 2016";"Ritchey";"Mountain Bikes";2;749.99;0.07;7.0;1499.98;104.9986;1394.9814
218;1179;"2016-05-12";2016;5;"2016-05";"Baldwin Bikes";"Baldwin";"NY";"Ritchey Timberwolf Frameset - 2016";"Ritchey";"Mountain Bikes";2;749.99;0.1;10.0;1499.98;149.998;1349.982
222;51;"2016-05-13";2016;5;"2016-05";"Baldwin Bikes";"Baldwin";"NY";"Ritchey Timberwolf Frameset - 2016";"Ritchey";"Mountain Bikes";2;749.99;0.1;10.0;1499.98;149.998;1349.982
226;501;"2016-05-17";2016;5;"2016-05";"Santa Cruz Bikes";"Santa Cruz";"CA";"Ritchey Timberwolf Frameset - 2016";"Ritchey";"Mountain Bikes";1;749.99;0.05;5.0;749.99;37.4995;712.4905
228;615;"2016-05-17";2016;5;"2016-05";"Baldwin Bikes";"Baldwin";"NY";"Ritchey Timberwolf Frameset - 2016";"Ritchey";"Mountain Bikes";2;749.99;0.07;7.0;1499.98;104.9986;1394.9814
236;206;"2016-05-25";2016;5;"2016-05";"Baldwin Bikes";"Baldwin";"NY";"Ritchey Timberwolf Frameset - 2016";"Ritchey";"Mountain Bikes";2;749.99;0.1;10.0;1499.98;149.998;1349.982
255;801;"2016-06-03";2016;6;"2016-06";"Baldwin Bikes";"Baldwin";"NY";"Ritchey Timberwolf Frameset - 2016";"Ritchey";"Mountain Bikes";2;749.99;0.2;20.0;1499.98;299.996;1199.984
259;413;"2016-06-06";2016;6;"2016-06";"Baldwin Bikes";"Baldwin";"NY";"Ritchey Timberwolf Frameset - 2016";"Ritchey";"Mountain Bikes";2;749.99;0.2;20.0;1499.98;299.996;1199.984
262;579;"2016-06-08";2016;6;"2016-06";"Rowlett Bikes";"Rowlett";"TX";"Ritchey Timberwolf Frameset - 2016";"Ritchey";"Mountain Bikes";1;749.99;0.07;7.0;749.99;52.4993;697.4907
263;1322;"2016-06-09";2016;6;"2016-06";"Baldwin Bikes";"Baldwin";"NY";"Ritchey Timberwolf Frameset - 2016";"Ritchey";"Mountain Bikes";2;749.99;0.05;5.0;1499.98;74.999;1424.981
272;497;"2016-06-15";2016;6;"2016-06";"Baldwin Bikes";"Baldwin";"NY";"Ritchey Timberwolf Frameset - 2016";"Ritchey";"Mountain Bikes";2;749.99;0.07;7.0;1499.98;104.9986;1394.9814
285;319;"2016-06-25";2016;6;"2016-06";"Santa Cruz Bikes";"Santa Cruz";"CA";"Ritchey Timberwolf Frameset - 2016";"Ritchey";"Mountain Bikes";1;749.99;0.1;10.0;749.99;74.999;674.991
287;133;"2016-06-25";2016;6;"2016-06";"Baldwin Bikes";"Baldwin";"NY";"Ritchey Timberwolf Frameset - 2016";"Ritchey";"Mountain Bikes";1;749.99;0.05;5.0;749.99;37.4995;712.4905
290;202;"2016-06-28";2016;6;"2016-06";"Baldwin Bikes";"Baldwin";"NY";"Ritchey Timberwolf Frameset - 2016";"Ritchey";"Mountain Bikes";2;749.99;0.07;7.0;1499.98;104.9986;1394.9814
302;1375;"2016-07-06";2016;7;"2016-07";"Baldwin Bikes";"Baldwin";"NY";"Ritchey Timberwolf Frameset - 2016";"Ritchey";"Mountain Bikes";2;749.99;0.2;20.0;1499.98;299.996;1199.984
316;670;"2016-07-17";2016;7;"2016-07";"Baldwin Bikes";"Baldwin";"NY";"Ritchey Timberwolf Frameset - 2016";"Ritchey";"Mountain Bikes";2;749.99;0.2;20.0;1499.98;299.996;1199.984
320;1428;"2016-07-19";2016;7;"2016-07";"Santa Cruz Bikes";"Santa Cruz";"CA";"Ritchey Timberwolf Frameset - 2016";"Ritchey";"Mountain Bikes";1;749.99;0.1;10.0;749.99;74.999;674.991
324;480;"2016-07-20";2016;7;"2016-07";"Baldwin Bikes";"Baldwin";"NY";"Ritchey Timberwolf Frameset - 2016";"Ritchey";"Mountain Bikes";2;749.99;0.1;10.0;1499.98;149.998;1349.982
335;1193;"2016-07-25";2016;7;"2016-07";"Baldwin Bikes";"Baldwin";"NY";"Ritchey Timberwolf Frameset - 2016";"Ritchey";"Mountain Bikes";2;749.99;0.1;10.0;1499.98;149.998;1349.982
353;1387;"2016-08-03";2016;8;"2016-08";"Baldwin Bikes";"Baldwin";"NY";"Ritchey Timberwolf Frameset - 2016";"Ritchey";"Mountain Bikes";2;749.99;0.2;20.0;1499.98;299.996;1199.984
362;187;"2016-08-09";2016;8;"2016-08";"Santa Cruz Bikes";"Santa Cruz";"CA";"Ritchey Timberwolf Frameset - 2016";"Ritchey";"Mountain Bikes";1;749.99;0.07;7.0;749.99;52.4993;697.4907
375;536;"2016-08-17";2016;8;"2016-08";"Baldwin Bikes";"Baldwin";"NY";"Ritchey Timberwolf Frameset - 2016";"Ritchey";"Mountain Bikes";2;749.99;0.05;5.0;1499.98;74.999;1424.981
376;825;"2016-08-17";2016;8;"2016-08";"Baldwin Bikes";"Baldwin";"NY";"Ritchey Timberwolf Frameset - 2016";"Ritchey";"Mountain Bikes";2;749.99;0.07;7.0;1499.98;104.9986;1394.9814
388;1080;"2016-08-21";2016;8;"2016-08";"Rowlett Bikes";"Rowlett";"TX";"Ritchey Timberwolf Frameset - 2016";"Ritchey";"Mountain Bikes";1;749.99;0.07;7.0;749.99;52.4993;697.4907
389;53;"2016-08-22";2016;8;"2016-08";"Santa Cruz Bikes";"Santa Cruz";"CA";"Ritchey Timberwolf Frameset - 2016";"Ritchey";"Mountain Bikes";1;749.99;0.07;7.0;749.99;52.4993;697.4907
408;1071;"2016-09-01";2016;9;"2016-09";"Santa Cruz Bikes";"Santa Cruz";"CA";"Ritchey Timberwolf Frameset - 2016";"Ritchey";"Mountain Bikes";2;749.99;0.07;7.0;1499.98;104.9986;1394.9814
411;261;"2016-09-02";2016;9;"2016-09";"Santa Cruz Bikes";"Santa Cruz";"CA";"Ritchey Timberwolf Frameset - 2016";"Ritchey";"Mountain Bikes";1;749.99;0.07;7.0;749.99;52.4993;697.4907
423;1397;"2016-09-06";2016;9;"2016-09";"Baldwin Bikes";"Baldwin";"NY";"Ritchey Timberwolf Frameset - 2016";"Ritchey";"Mountain Bikes";1;749.99;0.2;20.0;749.99;149.998;599.992
429;153;"2016-09-10";2016;9;"2016-09";"Rowlett Bikes";"Rowlett";"TX";"Ritchey Timberwolf Frameset - 2016";"Ritchey";"Mountain Bikes";1;749.99;0.1;10.0;749.99;74.999;674.991
449;492;"2016-09-21";2016;9;"2016-09";"Baldwin Bikes";"Baldwin";"NY";"Ritchey Timberwolf Frameset - 2016";"Ritchey";"Mountain Bikes";1;749.99;0.05;5.0;749.99;37.4995;712.4905
457;1349;"2016-09-24";2016;9;"2016-09";"Santa Cruz Bikes";"Santa Cruz";"CA";"Ritchey Timberwolf Frameset - 2016";"Ritchey";"Mountain Bikes";1;749.99;0.05;5.0;749.99;37.4995;712.4905
458;197;"2016-09-25";2016;9;"2016-09";"Baldwin Bikes";"Baldwin";"NY";"Ritchey Timberwolf Frameset - 2016";"Ritchey";"Mountain Bikes";1;749.99;0.2;20.0;749.99;149.998;599.992
504;1381;"2016-10-14";2016;10;"2016-10";"Santa Cruz Bikes";"Santa Cruz";"CA";"Ritchey Timberwolf Frameset - 2016";"Ritchey";"Mountain Bikes";2;749.99;0.05;5.0;1499.98;74.999;1424.981
508;1359;"2016-10-15";2016;10;"2016-10";"Baldwin Bikes";"Baldwin";"NY";"Ritchey Timberwolf Frameset - 2016";"Ritchey";"Mountain Bikes";2;749.99;0.05;5.0;1499.98;74.999;1424.981
524;569;"2016-10-25";2016;10;"2016-10";"Santa Cruz Bikes";"Santa Cruz";"CA";"Ritchey Timberwolf Frameset - 2016";"Ritchey";"Mountain Bikes";1;749.99;0.05;5.0;749.99;37.4995;712.4905
530;773;"2016-10-28";2016;10;"2016-10";"Baldwin Bikes";"Baldwin";"NY";"Ritchey Timberwolf Frameset - 2016";"Ritchey";"Mountain Bikes";2;749.99;0.05;5.0;1499.98;74.999;1424.981
534;1406;"2016-10-29";2016;10;"2016-10";"Baldwin Bikes";"Baldwin";"NY";"Ritchey Timberwolf Frameset - 2016";"Ritchey";"Mountain Bikes";1;749.99;0.07;7.0;749.99;52.4993;697.4907
536;759;"2016-10-31";2016;10;"2016-10";"Santa Cruz Bikes";"Santa Cruz";"CA";"Ritchey Timberwolf Frameset - 2016";"Ritchey";"Mountain Bikes";1;749.99;0.1;10.0;749.99;74.999;674.991
538;341;"2016-11-02";2016;11;"2016-11";"Baldwin Bikes";"Baldwin";"NY";"Ritchey Timberwolf Frameset - 2016";"Ritchey";"Mountain Bikes";2;749.99;0.2;20.0;1499.98;299.996;1199.984
552;1282;"2016-11-12";2016;11;"2016-11";"Baldwin Bikes";"Baldwin";"NY";"Ritchey Timberwolf Frameset - 2016";"Ritchey";"Mountain Bikes";1;749.99;0.2;20.0;749.99;149.998;599.992
573;423;"2016-11-24";2016;11;"2016-11";"Baldwin Bikes";"Baldwin";"NY";"Ritchey Timberwolf Frameset - 2016";"Ritchey";"Mountain Bikes";1;749.99;0.2;20.0;749.99;149.998;599.992
590;990;"2016-12-06";2016;12;"2016-12";"Baldwin Bikes";"Baldwin";"NY";"Ritchey Timberwolf Frameset - 2016";"Ritchey";"Mountain Bikes";2;749.99;0.1;10.0;1499.98;149.998;1349.982
591;1211;"2016-12-06";2016;12;"2016-12";"Baldwin Bikes";"Baldwin";"NY";"Ritchey Timberwolf Frameset - 2016";"Ritchey";"Mountain Bikes";2;749.99;0.1;10.0;1499.98;149.998;1349.982
653;1249;"2017-01-14";2017;1;"2017-01";"Santa Cruz Bikes";"Santa Cruz";"CA";"Ritchey Timberwolf Frameset - 2016";"Ritchey";"Mountain Bikes";2;749.99;0.1;10.0;1499.98;149.998;1349.982
683;741;"2017-01-29";2017;1;"2017-01";"Baldwin Bikes";"Baldwin";"NY";"Ritchey Timberwolf Frameset - 2016";"Ritchey";"Mountain Bikes";2;749.99;0.1;10.0;1499.98;149.998;1349.982
777;496;"2017-03-13";2017;3;"2017-03";"Baldwin Bikes";"Baldwin";"NY";"Ritchey Timberwolf Frameset - 2016";"Ritchey";"Mountain Bikes";1;749.99;0.2;20.0;749.99;149.998;599.992
792;479;"2017-03-22";2017;3;"2017-03";"Baldwin Bikes";"Baldwin";"NY";"Ritchey Timberwolf Frameset - 2016";"Ritchey";"Mountain Bikes";1;749.99;0.2;20.0;749.99;149.998;599.992
835;940;"2017-04-13";2017;4;"2017-04";"Santa Cruz Bikes";"Santa Cruz";"CA";"Ritchey Timberwolf Frameset - 2016";"Ritchey";"Mountain Bikes";1;749.99;0.05;5.0;749.99;37.4995;712.4905
879;214;"2017-05-08";2017;5;"2017-05";"Baldwin Bikes";"Baldwin";"NY";"Ritchey Timberwolf Frameset - 2016";"Ritchey";"Mountain Bikes";2;749.99;0.07;7.0;1499.98;104.9986;1394.9814
912;519;"2017-05-27";2017;5;"2017-05";"Santa Cruz Bikes";"Santa Cruz";"CA";"Ritchey Timberwolf Frameset - 2016";"Ritchey";"Mountain Bikes";2;749.99;0.2;20.0;1499.98;299.996;1199.984
915;215;"2017-05-28";2017;5;"2017-05";"Baldwin Bikes";"Baldwin";"NY";"Ritchey Timberwolf Frameset - 2016";"Ritchey";"Mountain Bikes";1;749.99;0.07;7.0;749.99;52.4993;697.4907
1008;1345;"2017-07-16";2017;7;"2017-07";"Baldwin Bikes";"Baldwin";"NY";"Ritchey Timberwolf Frameset - 2016";"Ritchey";"Mountain Bikes";1;749.99;0.1;10.0;749.99;74.999;674.991
1092;40;"2017-08-25";2017;8;"2017-08";"Santa Cruz Bikes";"Santa Cruz";"CA";"Ritchey Timberwolf Frameset - 2016";"Ritchey";"Mountain Bikes";2;749.99;0.1;10.0;1499.98;149.998;1349.982
1124;275;"2017-09-13";2017;9;"2017-09";"Rowlett Bikes";"Rowlett";"TX";"Ritchey Timberwolf Frameset - 2016";"Ritchey";"Mountain Bikes";2;749.99;0.05;5.0;1499.98;74.999;1424.981
1296;231;"2017-12-14";2017;12;"2017-12";"Santa Cruz Bikes";"Santa Cruz";"CA";"Ritchey Timberwolf Frameset - 2016";"Ritchey";"Mountain Bikes";2;749.99;0.1;10.0;1499.98;149.998;1349.982
1345;1037;"2018-01-14";2018;1;"2018-01";"Baldwin Bikes";"Baldwin";"NY";"Ritchey Timberwolf Frameset - 2016";"Ritchey";"Mountain Bikes";2;749.99;0.2;20.0;1499.98;299.996;1199.984
1378;983;"2018-02-02";2018;2;"2018-02";"Santa Cruz Bikes";"Santa Cruz";"CA";"Ritchey Timberwolf Frameset - 2016";"Ritchey";"Mountain Bikes";2;749.99;0.2;20.0;1499.98;299.996;1199.984
1499;120;"2018-04-06";2018;4;"2018-04";"Santa Cruz Bikes";"Santa Cruz";"CA";"Ritchey Timberwolf Frameset - 2016";"Ritchey";"Mountain Bikes";1;749.99;0.05;5.0;749.99;37.4995;712.4905
1346;136;"2018-01-14";2018;1;"2018-01";"Rowlett Bikes";"Rowlett";"TX";"Strider Classic 12 Balance Bike - 2018";"Strider";"Children Bicycles";2;89.99;0.2;20.0;179.98;35.996;143.984
1379;1256;"2018-02-02";2018;2;"2018-02";"Baldwin Bikes";"Baldwin";"NY";"Strider Classic 12 Balance Bike - 2018";"Strider";"Children Bicycles";2;89.99;0.1;10.0;179.98;17.998;161.982
1425;126;"2018-03-07";2018;3;"2018-03";"Baldwin Bikes";"Baldwin";"NY";"Strider Classic 12 Balance Bike - 2018";"Strider";"Children Bicycles";1;89.99;0.07;7.0;89.99;6.2993;83.6907
1439;463;"2018-03-15";2018;3;"2018-03";"Baldwin Bikes";"Baldwin";"NY";"Strider Classic 12 Balance Bike - 2018";"Strider";"Children Bicycles";1;89.99;0.2;20.0;89.99;17.998;71.992
1462;1101;"2018-03-22";2018;3;"2018-03";"Baldwin Bikes";"Baldwin";"NY";"Strider Classic 12 Balance Bike - 2018";"Strider";"Children Bicycles";1;89.99;0.2;20.0;89.99;17.998;71.992
1520;66;"2018-04-11";2018;4;"2018-04";"Rowlett Bikes";"Rowlett";"TX";"Strider Classic 12 Balance Bike - 2018";"Strider";"Children Bicycles";2;89.99;0.1;10.0;179.98;17.998;161.982
1573;24;"2018-04-23";2018;4;"2018-04";"Santa Cruz Bikes";"Santa Cruz";"CA";"Strider Classic 12 Balance Bike - 2018";"Strider";"Children Bicycles";2;89.99;0.1;10.0;179.98;17.998;161.982
1415;839;"2018-03-03";2018;3;"2018-03";"Baldwin Bikes";"Baldwin";"NY";"Strider Sport 16 - 2018";"Strider";"Children Bicycles";2;249.99;0.1;10.0;499.98;49.998;449.982
1433;1142;"2018-03-11";2018;3;"2018-03";"Baldwin Bikes";"Baldwin";"NY";"Strider Sport 16 - 2018";"Strider";"Children Bicycles";1;249.99;0.07;7.0;249.99;17.4993;232.4907
1494;69;"2018-04-05";2018;4;"2018-04";"Santa Cruz Bikes";"Santa Cruz";"CA";"Strider Sport 16 - 2018";"Strider";"Children Bicycles";2;249.99;0.05;5.0;499.98;24.999;474.981
1409;21;"2018-02-26";2018;2;"2018-02";"Rowlett Bikes";"Rowlett";"TX";"Strider Strider 20 Sport - 2018";"Strider";"Children Bicycles";1;289.99;0.05;5.0;289.99;14.4995;275.4905
1476;35;"2018-03-31";2018;3;"2018-03";"Baldwin Bikes";"Baldwin";"NY";"Strider Strider 20 Sport - 2018";"Strider";"Children Bicycles";2;289.99;0.1;10.0;579.98;57.998;521.982
1519;26;"2018-04-11";2018;4;"2018-04";"Baldwin Bikes";"Baldwin";"NY";"Strider Strider 20 Sport - 2018";"Strider";"Children Bicycles";2;289.99;0.05;5.0;579.98;28.999;550.981
1556;4;"2018-04-18";2018;4;"2018-04";"Baldwin Bikes";"Baldwin";"NY";"Strider Strider 20 Sport - 2018";"Strider";"Children Bicycles";1;289.99;0.1;10.0;289.99;28.999;260.991
1583;44;"2018-04-25";2018;4;"2018-04";"Baldwin Bikes";"Baldwin";"NY";"Strider Strider 20 Sport - 2018";"Strider";"Children Bicycles";2;289.99;0.2;20.0;579.98;115.996;463.984
1591;165;"2018-04-27";2018;4;"2018-04";"Santa Cruz Bikes";"Santa Cruz";"CA";"Strider Strider 20 Sport - 2018";"Strider";"Children Bicycles";1;289.99;0.2;20.0;289.99;57.998;231.992
712;173;"2017-02-13";2017;2;"2017-02";"Rowlett Bikes";"Rowlett";"TX";"Sun Bicycles Spider 3i - 2017";"Sun Bicycles";"Mountain Bikes";1;832.99;0.2;20.0;832.99;166.598;666.392
748;1072;"2017-03-03";2017;3;"2017-03";"Rowlett Bikes";"Rowlett";"TX";"Sun Bicycles Spider 3i - 2017";"Sun Bicycles";"Mountain Bikes";2;832.99;0.2;20.0;1665.98;333.196;1332.784
776;490;"2017-03-13";2017;3;"2017-03";"Baldwin Bikes";"Baldwin";"NY";"Sun Bicycles Spider 3i - 2017";"Sun Bicycles";"Mountain Bikes";1;832.99;0.1;10.0;832.99;83.299;749.691
891;384;"2017-05-15";2017;5;"2017-05";"Baldwin Bikes";"Baldwin";"NY";"Sun Bicycles Spider 3i - 2017";"Sun Bicycles";"Mountain Bikes";2;832.99;0.1;10.0;1665.98;166.598;1499.382
934;93;"2017-06-09";2017;6;"2017-06";"Baldwin Bikes";"Baldwin";"NY";"Sun Bicycles Spider 3i - 2017";"Sun Bicycles";"Mountain Bikes";2;832.99;0.05;5.0;1665.98;83.299;1582.681
942;537;"2017-06-13";2017;6;"2017-06";"Baldwin Bikes";"Baldwin";"NY";"Sun Bicycles Spider 3i - 2017";"Sun Bicycles";"Mountain Bikes";2;832.99;0.07;7.0;1665.98;116.6186;1549.3614
981;687;"2017-06-26";2017;6;"2017-06";"Rowlett Bikes";"Rowlett";"TX";"Sun Bicycles Spider 3i - 2017";"Sun Bicycles";"Mountain Bikes";1;832.99;0.1;10.0;832.99;83.299;749.691
988;436;"2017-07-02";2017;7;"2017-07";"Baldwin Bikes";"Baldwin";"NY";"Sun Bicycles Spider 3i - 2017";"Sun Bicycles";"Mountain Bikes";1;832.99;0.2;20.0;832.99;166.598;666.392
1028;1273;"2017-07-27";2017;7;"2017-07";"Baldwin Bikes";"Baldwin";"NY";"Sun Bicycles Spider 3i - 2017";"Sun Bicycles";"Mountain Bikes";2;832.99;0.1;10.0;1665.98;166.598;1499.382
1047;116;"2017-08-08";2017;8;"2017-08";"Rowlett Bikes";"Rowlett";"TX";"Sun Bicycles Spider 3i - 2017";"Sun Bicycles";"Mountain Bikes";1;832.99;0.05;5.0;832.99;41.6495;791.3405
1097;1311;"2017-08-27";2017;8;"2017-08";"Baldwin Bikes";"Baldwin";"NY";"Sun Bicycles Spider 3i - 2017";"Sun Bicycles";"Mountain Bikes";2;832.99;0.05;5.0;1665.98;83.299;1582.681
1105;747;"2017-09-01";2017;9;"2017-09";"Rowlett Bikes";"Rowlett";"TX";"Sun Bicycles Spider 3i - 2017";"Sun Bicycles";"Mountain Bikes";2;832.99;0.07;7.0;1665.98;116.6186;1549.3614
1155;865;"2017-09-30";2017;9;"2017-09";"Baldwin Bikes";"Baldwin";"NY";"Sun Bicycles Spider 3i - 2017";"Sun Bicycles";"Mountain Bikes";1;832.99;0.07;7.0;832.99;58.3093;774.6807
1182;1422;"2017-10-13";2017;10;"2017-10";"Baldwin Bikes";"Baldwin";"NY";"Sun Bicycles Spider 3i - 2017";"Sun Bicycles";"Mountain Bikes";1;832.99;0.1;10.0;832.99;83.299;749.691
1210;730;"2017-10-26";2017;10;"2017-10";"Rowlett Bikes";"Rowlett";"TX";"Sun Bicycles Spider 3i - 2017";"Sun Bicycles";"Mountain Bikes";2;832.99;0.05;5.0;1665.98;83.299;1582.681
1407;18;"2018-02-26";2018;2;"2018-02";"Baldwin Bikes";"Baldwin";"NY";"Sun Bicycles Spider 3i - 2017";"Sun Bicycles";"Mountain Bikes";1;832.99;0.2;20.0;832.99;166.598;666.392
1454;395;"2018-03-20";2018;3;"2018-03";"Baldwin Bikes";"Baldwin";"NY";"Sun Bicycles Spider 3i - 2017";"Sun Bicycles";"Mountain Bikes";2;832.99;0.1;10.0;1665.98;166.598;1499.382
682;614;"2017-01-29";2017;1;"2017-01";"Baldwin Bikes";"Baldwin";"NY";"Sun Bicycles ElectroLite - 2017";"Sun Bicycles";"Electric Bikes";2;1559.99;0.2;20.0;3119.98;623.996;2495.984
706;1271;"2017-02-09";2017;2;"2017-02";"Santa Cruz Bikes";"Santa Cruz";"CA";"Sun Bicycles ElectroLite - 2017";"Sun Bicycles";"Electric Bikes";1;1559.99;0.2;20.0;1559.99;311.998;1247.992
710;295;"2017-02-13";2017;2;"2017-02";"Baldwin Bikes";"Baldwin";"NY";"Sun Bicycles ElectroLite - 2017";"Sun Bicycles";"Electric Bikes";2;1559.99;0.2;20.0;3119.98;623.996;2495.984
793;653;"2017-03-23";2017;3;"2017-03";"Baldwin Bikes";"Baldwin";"NY";"Sun Bicycles ElectroLite - 2017";"Sun Bicycles";"Electric Bikes";1;1559.99;0.05;5.0;1559.99;77.9995;1481.9905
930;1224;"2017-06-05";2017;6;"2017-06";"Rowlett Bikes";"Rowlett";"TX";"Sun Bicycles ElectroLite - 2017";"Sun Bicycles";"Electric Bikes";1;1559.99;0.1;10.0;1559.99;155.999;1403.991
987;172;"2017-07-02";2017;7;"2017-07";"Santa Cruz Bikes";"Santa Cruz";"CA";"Sun Bicycles ElectroLite - 2017";"Sun Bicycles";"Electric Bikes";2;1559.99;0.2;20.0;3119.98;623.996;2495.984
1013;174;"2017-07-19";2017;7;"2017-07";"Baldwin Bikes";"Baldwin";"NY";"Sun Bicycles ElectroLite - 2017";"Sun Bicycles";"Electric Bikes";2;1559.99;0.05;5.0;3119.98;155.999;2963.981
1032;429;"2017-07-30";2017;7;"2017-07";"Baldwin Bikes";"Baldwin";"NY";"Sun Bicycles ElectroLite - 2017";"Sun Bicycles";"Electric Bikes";2;1559.99;0.1;10.0;3119.98;311.998;2807.982
1046;1134;"2017-08-07";2017;8;"2017-08";"Rowlett Bikes";"Rowlett";"TX";"Sun Bicycles ElectroLite - 2017";"Sun Bicycles";"Electric Bikes";1;1559.99;0.07;7.0;1559.99;109.1993;1450.7907
1055;140;"2017-08-12";2017;8;"2017-08";"Baldwin Bikes";"Baldwin";"NY";"Sun Bicycles ElectroLite - 2017";"Sun Bicycles";"Electric Bikes";1;1559.99;0.2;20.0;1559.99;311.998;1247.992
1077;412;"2017-08-19";2017;8;"2017-08";"Baldwin Bikes";"Baldwin";"NY";"Sun Bicycles ElectroLite - 2017";"Sun Bicycles";"Electric Bikes";2;1559.99;0.05;5.0;3119.98;155.999;2963.981
1078;793;"2017-08-19";2017;8;"2017-08";"Baldwin Bikes";"Baldwin";"NY";"Sun Bicycles ElectroLite - 2017";"Sun Bicycles";"Electric Bikes";2;1559.99;0.2;20.0;3119.98;623.996;2495.984
1084;2;"2017-08-21";2017;8;"2017-08";"Santa Cruz Bikes";"Santa Cruz";"CA";"Sun Bicycles ElectroLite - 2017";"Sun Bicycles";"Electric Bikes";1;1559.99;0.1;10.0;1559.99;155.999;1403.991
1105;747;"2017-09-01";2017;9;"2017-09";"Rowlett Bikes";"Rowlett";"TX";"Sun Bicycles ElectroLite - 2017";"Sun Bicycles";"Electric Bikes";1;1559.99;0.05;5.0;1559.99;77.9995;1481.9905
1131;1178;"2017-09-18";2017;9;"2017-09";"Santa Cruz Bikes";"Santa Cruz";"CA";"Sun Bicycles ElectroLite - 2017";"Sun Bicycles";"Electric Bikes";2;1559.99;0.07;7.0;3119.98;218.3986;2901.5814
1154;789;"2017-09-30";2017;9;"2017-09";"Baldwin Bikes";"Baldwin";"NY";"Sun Bicycles ElectroLite - 2017";"Sun Bicycles";"Electric Bikes";1;1559.99;0.07;7.0;1559.99;109.1993;1450.7907
1236;243;"2017-11-08";2017;11;"2017-11";"Baldwin Bikes";"Baldwin";"NY";"Sun Bicycles ElectroLite - 2017";"Sun Bicycles";"Electric Bikes";1;1559.99;0.07;7.0;1559.99;109.1993;1450.7907
1259;4;"2017-11-21";2017;11;"2017-11";"Baldwin Bikes";"Baldwin";"NY";"Sun Bicycles ElectroLite - 2017";"Sun Bicycles";"Electric Bikes";1;1559.99;0.1;10.0;1559.99;155.999;1403.991
1342;1393;"2018-01-12";2018;1;"2018-01";"Baldwin Bikes";"Baldwin";"NY";"Sun Bicycles ElectroLite - 2017";"Sun Bicycles";"Electric Bikes";1;1559.99;0.05;5.0;1559.99;77.9995;1481.9905
1357;440;"2018-01-20";2018;1;"2018-01";"Baldwin Bikes";"Baldwin";"NY";"Sun Bicycles ElectroLite - 2017";"Sun Bicycles";"Electric Bikes";1;1559.99;0.2;20.0;1559.99;311.998;1247.992
1435;744;"2018-03-14";2018;3;"2018-03";"Baldwin Bikes";"Baldwin";"NY";"Sun Bicycles ElectroLite - 2017";"Sun Bicycles";"Electric Bikes";1;1559.99;0.1;10.0;1559.99;155.999;1403.991
1486;84;"2018-04-02";2018;4;"2018-04";"Baldwin Bikes";"Baldwin";"NY";"Sun Bicycles ElectroLite - 2017";"Sun Bicycles";"Electric Bikes";2;1559.99;0.05;5.0;3119.98;155.999;2963.981
1491;82;"2018-04-04";2018;4;"2018-04";"Santa Cruz Bikes";"Santa Cruz";"CA";"Sun Bicycles ElectroLite - 2017";"Sun Bicycles";"Electric Bikes";2;1559.99;0.07;7.0;3119.98;218.3986;2901.5814
1612;3;"2018-10-21";2018;10;"2018-10";"Santa Cruz Bikes";"Santa Cruz";"CA";"Sun Bicycles ElectroLite - 2017";"Sun Bicycles";"Electric Bikes";1;1559.99;0.1;10.0;1559.99;155.999;1403.991
734;939;"2017-02-26";2017;2;"2017-02";"Rowlett Bikes";"Rowlett";"TX";"Sun Bicycles Lil Bolt Type-R - 2017";"Sun Bicycles";"Cruisers Bicycles";2;346.99;0.1;10.0;693.98;69.398;624.582
758;953;"2017-03-06";2017;3;"2017-03";"Rowlett Bikes";"Rowlett";"TX";"Sun Bicycles Lil Bolt Type-R - 2017";"Sun Bicycles";"Cruisers Bicycles";2;346.99;0.07;7.0;693.98;48.5786;645.4014
765;1152;"2017-03-09";2017;3;"2017-03";"Santa Cruz Bikes";"Santa Cruz";"CA";"Sun Bicycles Lil Bolt Type-R - 2017";"Sun Bicycles";"Cruisers Bicycles";1;346.99;0.05;5.0;346.99;17.3495;329.6405
774;690;"2017-03-12";2017;3;"2017-03";"Baldwin Bikes";"Baldwin";"NY";"Sun Bicycles Lil Bolt Type-R - 2017";"Sun Bicycles";"Cruisers Bicycles";1;346.99;0.05;5.0;346.99;17.3495;329.6405
800;1057;"2017-03-27";2017;3;"2017-03";"Baldwin Bikes";"Baldwin";"NY";"Sun Bicycles Lil Bolt Type-R - 2017";"Sun Bicycles";"Cruisers Bicycles";2;346.99;0.1;10.0;693.98;69.398;624.582
814;629;"2017-04-02";2017;4;"2017-04";"Baldwin Bikes";"Baldwin";"NY";"Sun Bicycles Lil Bolt Type-R - 2017";"Sun Bicycles";"Cruisers Bicycles";1;346.99;0.2;20.0;346.99;69.398;277.592
835;940;"2017-04-13";2017;4;"2017-04";"Santa Cruz Bikes";"Santa Cruz";"CA";"Sun Bicycles Lil Bolt Type-R - 2017";"Sun Bicycles";"Cruisers Bicycles";2;346.99;0.07;7.0;693.98;48.5786;645.4014
838;1395;"2017-04-14";2017;4;"2017-04";"Baldwin Bikes";"Baldwin";"NY";"Sun Bicycles Lil Bolt Type-R - 2017";"Sun Bicycles";"Cruisers Bicycles";2;346.99;0.07;7.0;693.98;48.5786;645.4014
864;902;"2017-04-28";2017;4;"2017-04";"Baldwin Bikes";"Baldwin";"NY";"Sun Bicycles Lil Bolt Type-R - 2017";"Sun Bicycles";"Cruisers Bicycles";2;346.99;0.05;5.0;693.98;34.699;659.281
869;844;"2017-05-01";2017;5;"2017-05";"Baldwin Bikes";"Baldwin";"NY";"Sun Bicycles Lil Bolt Type-R - 2017";"Sun Bicycles";"Cruisers Bicycles";2;346.99;0.2;20.0;693.98;138.796;555.184
890;171;"2017-05-15";2017;5;"2017-05";"Baldwin Bikes";"Baldwin";"NY";"Sun Bicycles Lil Bolt Type-R - 2017";"Sun Bicycles";"Cruisers Bicycles";2;346.99;0.1;10.0;693.98;69.398;624.582
907;120;"2017-05-24";2017;5;"2017-05";"Santa Cruz Bikes";"Santa Cruz";"CA";"Sun Bicycles Lil Bolt Type-R - 2017";"Sun Bicycles";"Cruisers Bicycles";1;346.99;0.07;7.0;346.99;24.2893;322.7007
930;1224;"2017-06-05";2017;6;"2017-06";"Rowlett Bikes";"Rowlett";"TX";"Sun Bicycles Lil Bolt Type-R - 2017";"Sun Bicycles";"Cruisers Bicycles";2;346.99;0.05;5.0;693.98;34.699;659.281
935;43;"2017-06-10";2017;6;"2017-06";"Rowlett Bikes";"Rowlett";"TX";"Sun Bicycles Lil Bolt Type-R - 2017";"Sun Bicycles";"Cruisers Bicycles";2;346.99;0.2;20.0;693.98;138.796;555.184
959;650;"2017-06-18";2017;6;"2017-06";"Baldwin Bikes";"Baldwin";"NY";"Sun Bicycles Lil Bolt Type-R - 2017";"Sun Bicycles";"Cruisers Bicycles";1;346.99;0.07;7.0;346.99;24.2893;322.7007
961;82;"2017-06-19";2017;6;"2017-06";"Santa Cruz Bikes";"Santa Cruz";"CA";"Sun Bicycles Lil Bolt Type-R - 2017";"Sun Bicycles";"Cruisers Bicycles";2;346.99;0.07;7.0;693.98;48.5786;645.4014
962;570;"2017-06-19";2017;6;"2017-06";"Baldwin Bikes";"Baldwin";"NY";"Sun Bicycles Lil Bolt Type-R - 2017";"Sun Bicycles";"Cruisers Bicycles";2;346.99;0.07;7.0;693.98;48.5786;645.4014
971;1426;"2017-06-22";2017;6;"2017-06";"Rowlett Bikes";"Rowlett";"TX";"Sun Bicycles Lil Bolt Type-R - 2017";"Sun Bicycles";"Cruisers Bicycles";2;346.99;0.07;7.0;693.98;48.5786;645.4014
1000;645;"2017-07-12";2017;7;"2017-07";"Baldwin Bikes";"Baldwin";"NY";"Sun Bicycles Lil Bolt Type-R - 2017";"Sun Bicycles";"Cruisers Bicycles";2;346.99;0.05;5.0;693.98;34.699;659.281
1006;1070;"2017-07-15";2017;7;"2017-07";"Baldwin Bikes";"Baldwin";"NY";"Sun Bicycles Lil Bolt Type-R - 2017";"Sun Bicycles";"Cruisers Bicycles";1;346.99;0.1;10.0;346.99;34.699;312.291
1022;353;"2017-07-23";2017;7;"2017-07";"Baldwin Bikes";"Baldwin";"NY";"Sun Bicycles Lil Bolt Type-R - 2017";"Sun Bicycles";"Cruisers Bicycles";1;346.99;0.07;7.0;346.99;24.2893;322.7007
1036;1442;"2017-07-30";2017;7;"2017-07";"Baldwin Bikes";"Baldwin";"NY";"Sun Bicycles Lil Bolt Type-R - 2017";"Sun Bicycles";"Cruisers Bicycles";2;346.99;0.2;20.0;693.98;138.796;555.184
1037;1229;"2017-07-31";2017;7;"2017-07";"Baldwin Bikes";"Baldwin";"NY";"Sun Bicycles Lil Bolt Type-R - 2017";"Sun Bicycles";"Cruisers Bicycles";2;346.99;0.2;20.0;693.98;138.796;555.184
1083;1372;"2017-08-20";2017;8;"2017-08";"Baldwin Bikes";"Baldwin";"NY";"Sun Bicycles Lil Bolt Type-R - 2017";"Sun Bicycles";"Cruisers Bicycles";2;346.99;0.2;20.0;693.98;138.796;555.184
1084;2;"2017-08-21";2017;8;"2017-08";"Santa Cruz Bikes";"Santa Cruz";"CA";"Sun Bicycles Lil Bolt Type-R - 2017";"Sun Bicycles";"Cruisers Bicycles";2;346.99;0.07;7.0;693.98;48.5786;645.4014
1123;598;"2017-09-13";2017;9;"2017-09";"Baldwin Bikes";"Baldwin";"NY";"Sun Bicycles Lil Bolt Type-R - 2017";"Sun Bicycles";"Cruisers Bicycles";2;346.99;0.07;7.0;693.98;48.5786;645.4014
1128;936;"2017-09-15";2017;9;"2017-09";"Baldwin Bikes";"Baldwin";"NY";"Sun Bicycles Lil Bolt Type-R - 2017";"Sun Bicycles";"Cruisers Bicycles";2;346.99;0.05;5.0;693.98;34.699;659.281
1165;652;"2017-10-02";2017;10;"2017-10";"Baldwin Bikes";"Baldwin";"NY";"Sun Bicycles Lil Bolt Type-R - 2017";"Sun Bicycles";"Cruisers Bicycles";2;346.99;0.07;7.0;693.98;48.5786;645.4014
1175;292;"2017-10-09";2017;10;"2017-10";"Baldwin Bikes";"Baldwin";"NY";"Sun Bicycles Lil Bolt Type-R - 2017";"Sun Bicycles";"Cruisers Bicycles";1;346.99;0.2;20.0;346.99;69.398;277.592
1208;1226;"2017-10-26";2017;10;"2017-10";"Baldwin Bikes";"Baldwin";"NY";"Sun Bicycles Lil Bolt Type-R - 2017";"Sun Bicycles";"Cruisers Bicycles";2;346.99;0.07;7.0;693.98;48.5786;645.4014
1309;821;"2017-12-22";2017;12;"2017-12";"Baldwin Bikes";"Baldwin";"NY";"Sun Bicycles Lil Bolt Type-R - 2017";"Sun Bicycles";"Cruisers Bicycles";1;346.99;0.05;5.0;346.99;17.3495;329.6405
1343;594;"2018-01-13";2018;1;"2018-01";"Baldwin Bikes";"Baldwin";"NY";"Sun Bicycles Lil Bolt Type-R - 2017";"Sun Bicycles";"Cruisers Bicycles";2;346.99;0.2;20.0;693.98;138.796;555.184
1383;488;"2018-02-07";2018;2;"2018-02";"Santa Cruz Bikes";"Santa Cruz";"CA";"Sun Bicycles Lil Bolt Type-R - 2017";"Sun Bicycles";"Cruisers Bicycles";2;346.99;0.05;5.0;693.98;34.699;659.281
1519;26;"2018-04-11";2018;4;"2018-04";"Baldwin Bikes";"Baldwin";"NY";"Sun Bicycles Lil Bolt Type-R - 2017";"Sun Bicycles";"Cruisers Bicycles";1;346.99;0.2;20.0;346.99;69.398;277.592
1579;104;"2018-04-24";2018;4;"2018-04";"Santa Cruz Bikes";"Santa Cruz";"CA";"Sun Bicycles Lil Bolt Type-R - 2017";"Sun Bicycles";"Cruisers Bicycles";2;346.99;0.1;10.0;693.98;69.398;624.582
673;64;"2017-01-26";2017;1;"2017-01";"Rowlett Bikes";"Rowlett";"TX";"Sun Bicycles Revolutions 24 - 2017";"Sun Bicycles";"Cruisers Bicycles";1;250.99;0.2;20.0;250.99;50.198;200.792
703;417;"2017-02-08";2017;2;"2017-02";"Baldwin Bikes";"Baldwin";"NY";"Sun Bicycles Revolutions 24 - 2017";"Sun Bicycles";"Cruisers Bicycles";2;250.99;0.05;5.0;501.98;25.099;476.881
753;1201;"2017-03-05";2017;3;"2017-03";"Baldwin Bikes";"Baldwin";"NY";"Sun Bicycles Revolutions 24 - 2017";"Sun Bicycles";"Cruisers Bicycles";1;250.99;0.2;20.0;250.99;50.198;200.792
787;700;"2017-03-18";2017;3;"2017-03";"Rowlett Bikes";"Rowlett";"TX";"Sun Bicycles Revolutions 24 - 2017";"Sun Bicycles";"Cruisers Bicycles";2;250.99;0.1;10.0;501.98;50.198;451.782
811;524;"2017-04-01";2017;4;"2017-04";"Baldwin Bikes";"Baldwin";"NY";"Sun Bicycles Revolutions 24 - 2017";"Sun Bicycles";"Cruisers Bicycles";1;250.99;0.1;10.0;250.99;25.099;225.891
876;1046;"2017-05-05";2017;5;"2017-05";"Baldwin Bikes";"Baldwin";"NY";"Sun Bicycles Revolutions 24 - 2017";"Sun Bicycles";"Cruisers Bicycles";2;250.99;0.2;20.0;501.98;100.396;401.584
880;1206;"2017-05-08";2017;5;"2017-05";"Baldwin Bikes";"Baldwin";"NY";"Sun Bicycles Revolutions 24 - 2017";"Sun Bicycles";"Cruisers Bicycles";1;250.99;0.2;20.0;250.99;50.198;200.792
911;887;"2017-05-26";2017;5;"2017-05";"Baldwin Bikes";"Baldwin";"NY";"Sun Bicycles Revolutions 24 - 2017";"Sun Bicycles";"Cruisers Bicycles";2;250.99;0.05;5.0;501.98;25.099;476.881
937;73;"2017-06-11";2017;6;"2017-06";"Baldwin Bikes";"Baldwin";"NY";"Sun Bicycles Revolutions 24 - 2017";"Sun Bicycles";"Cruisers Bicycles";1;250.99;0.2;20.0;250.99;50.198;200.792
957;722;"2017-06-17";2017;6;"2017-06";"Rowlett Bikes";"Rowlett";"TX";"Sun Bicycles Revolutions 24 - 2017";"Sun Bicycles";"Cruisers Bicycles";1;250.99;0.07;7.0;250.99;17.5693;233.4207
967;1323;"2017-06-21";2017;6;"2017-06";"Baldwin Bikes";"Baldwin";"NY";"Sun Bicycles Revolutions 24 - 2017";"Sun Bicycles";"Cruisers Bicycles";1;250.99;0.2;20.0;250.99;50.198;200.792
994;419;"2017-07-09";2017;7;"2017-07";"Baldwin Bikes";"Baldwin";"NY";"Sun Bicycles Revolutions 24 - 2017";"Sun Bicycles";"Cruisers Bicycles";1;250.99;0.07;7.0;250.99;17.5693;233.4207
1025;1304;"2017-07-23";2017;7;"2017-07";"Baldwin Bikes";"Baldwin";"NY";"Sun Bicycles Revolutions 24 - 2017";"Sun Bicycles";"Cruisers Bicycles";2;250.99;0.05;5.0;501.98;25.099;476.881
1085;305;"2017-08-21";2017;8;"2017-08";"Santa Cruz Bikes";"Santa Cruz";"CA";"Sun Bicycles Revolutions 24 - 2017";"Sun Bicycles";"Cruisers Bicycles";2;250.99;0.2;20.0;501.98;100.396;401.584
1111;930;"2017-09-04";2017;9;"2017-09";"Baldwin Bikes";"Baldwin";"NY";"Sun Bicycles Revolutions 24 - 2017";"Sun Bicycles";"Cruisers Bicycles";2;250.99;0.1;10.0;501.98;50.198;451.782
1180;1065;"2017-10-13";2017;10;"2017-10";"Santa Cruz Bikes";"Santa Cruz";"CA";"Sun Bicycles Revolutions 24 - 2017";"Sun Bicycles";"Cruisers Bicycles";2;250.99;0.07;7.0;501.98;35.1386;466.8414
1188;647;"2017-10-15";2017;10;"2017-10";"Baldwin Bikes";"Baldwin";"NY";"Sun Bicycles Revolutions 24 - 2017";"Sun Bicycles";"Cruisers Bicycles";2;250.99;0.1;10.0;501.98;50.198;451.782
1250;1188;"2017-11-17";2017;11;"2017-11";"Baldwin Bikes";"Baldwin";"NY";"Sun Bicycles Revolutions 24 - 2017";"Sun Bicycles";"Cruisers Bicycles";2;250.99;0.1;10.0;501.98;50.198;451.782
1260;1117;"2017-11-22";2017;11;"2017-11";"Baldwin Bikes";"Baldwin";"NY";"Sun Bicycles Revolutions 24 - 2017";"Sun Bicycles";"Cruisers Bicycles";1;250.99;0.1;10.0;250.99;25.099;225.891
1324;862;"2018-01-01";2018;1;"2018-01";"Baldwin Bikes";"Baldwin";"NY";"Sun Bicycles Revolutions 24 - 2017";"Sun Bicycles";"Cruisers Bicycles";1;250.99;0.1;10.0;250.99;25.099;225.891
1341;1258;"2018-01-12";2018;1;"2018-01";"Baldwin Bikes";"Baldwin";"NY";"Sun Bicycles Revolutions 24 - 2017";"Sun Bicycles";"Cruisers Bicycles";2;250.99;0.05;5.0;501.98;25.099;476.881
1363;860;"2018-01-24";2018;1;"2018-01";"Baldwin Bikes";"Baldwin";"NY";"Sun Bicycles Revolutions 24 - 2017";"Sun Bicycles";"Cruisers Bicycles";2;250.99;0.1;10.0;501.98;50.198;451.782
1368;765;"2018-01-27";2018;1;"2018-01";"Baldwin Bikes";"Baldwin";"NY";"Sun Bicycles Revolutions 24 - 2017";"Sun Bicycles";"Cruisers Bicycles";1;250.99;0.1;10.0;250.99;25.099;225.891
1562;88;"2018-04-20";2018;4;"2018-04";"Baldwin Bikes";"Baldwin";"NY";"Sun Bicycles Revolutions 24 - 2017";"Sun Bicycles";"Cruisers Bicycles";1;250.99;0.2;20.0;250.99;50.198;200.792
652;985;"2017-01-12";2017;1;"2017-01";"Rowlett Bikes";"Rowlett";"TX";"Sun Bicycles Revolutions 24 - Girl's - 2017";"Sun Bicycles";"Cruisers Bicycles";2;250.99;0.2;20.0;501.98;100.396;401.584
655;347;"2017-01-16";2017;1;"2017-01";"Santa Cruz Bikes";"Santa Cruz";"CA";"Sun Bicycles Revolutions 24 - Girl's - 2017";"Sun Bicycles";"Cruisers Bicycles";1;250.99;0.1;10.0;250.99;25.099;225.891
731;910;"2017-02-25";2017;2;"2017-02";"Rowlett Bikes";"Rowlett";"TX";"Sun Bicycles Revolutions 24 - Girl's - 2017";"Sun Bicycles";"Cruisers Bicycles";2;250.99;0.2;20.0;501.98;100.396;401.584
754;646;"2017-03-06";2017;3;"2017-03";"Santa Cruz Bikes";"Santa Cruz";"CA";"Sun Bicycles Revolutions 24 - Girl's - 2017";"Sun Bicycles";"Cruisers Bicycles";2;250.99;0.05;5.0;501.98;25.099;476.881
831;1000;"2017-04-11";2017;4;"2017-04";"Baldwin Bikes";"Baldwin";"NY";"Sun Bicycles Revolutions 24 - Girl's - 2017";"Sun Bicycles";"Cruisers Bicycles";1;250.99;0.2;20.0;250.99;50.198;200.792
866;1410;"2017-04-29";2017;4;"2017-04";"Baldwin Bikes";"Baldwin";"NY";"Sun Bicycles Revolutions 24 - Girl's - 2017";"Sun Bicycles";"Cruisers Bicycles";2;250.99;0.07;7.0;501.98;35.1386;466.8414
881;1024;"2017-05-08";2017;5;"2017-05";"Rowlett Bikes";"Rowlett";"TX";"Sun Bicycles Revolutions 24 - Girl's - 2017";"Sun Bicycles";"Cruisers Bicycles";1;250.99;0.1;10.0;250.99;25.099;225.891
890;171;"2017-05-15";2017;5;"2017-05";"Baldwin Bikes";"Baldwin";"NY";"Sun Bicycles Revolutions 24 - Girl's - 2017";"Sun Bicycles";"Cruisers Bicycles";1;250.99;0.1;10.0;250.99;25.099;225.891
893;1293;"2017-05-16";2017;5;"2017-05";"Baldwin Bikes";"Baldwin";"NY";"Sun Bicycles Revolutions 24 - Girl's - 2017";"Sun Bicycles";"Cruisers Bicycles";2;250.99;0.05;5.0;501.98;25.099;476.881
905;609;"2017-05-23";2017;5;"2017-05";"Baldwin Bikes";"Baldwin";"NY";"Sun Bicycles Revolutions 24 - Girl's - 2017";"Sun Bicycles";"Cruisers Bicycles";1;250.99;0.1;10.0;250.99;25.099;225.891
1086;220;"2017-08-21";2017;8;"2017-08";"Baldwin Bikes";"Baldwin";"NY";"Sun Bicycles Revolutions 24 - Girl's - 2017";"Sun Bicycles";"Cruisers Bicycles";1;250.99;0.1;10.0;250.99;25.099;225.891
1154;789;"2017-09-30";2017;9;"2017-09";"Baldwin Bikes";"Baldwin";"NY";"Sun Bicycles Revolutions 24 - Girl's - 2017";"Sun Bicycles";"Cruisers Bicycles";2;250.99;0.2;20.0;501.98;100.396;401.584
1214;783;"2017-10-28";2017;10;"2017-10";"Baldwin Bikes";"Baldwin";"NY";"Sun Bicycles Revolutions 24 - Girl's - 2017";"Sun Bicycles";"Cruisers Bicycles";2;250.99;0.2;20.0;501.98;100.396;401.584
1312;311;"2017-12-25";2017;12;"2017-12";"Santa Cruz Bikes";"Santa Cruz";"CA";"Sun Bicycles Revolutions 24 - Girl's - 2017";"Sun Bicycles";"Cruisers Bicycles";2;250.99;0.05;5.0;501.98;25.099;476.881
1440;859;"2018-03-15";2018;3;"2018-03";"Rowlett Bikes";"Rowlett";"TX";"Sun Bicycles Revolutions 24 - Girl's - 2017";"Sun Bicycles";"Cruisers Bicycles";2;250.99;0.2;20.0;501.98;100.396;401.584
1501;52;"2018-04-06";2018;4;"2018-04";"Baldwin Bikes";"Baldwin";"NY";"Sun Bicycles Revolutions 24 - Girl's - 2017";"Sun Bicycles";"Cruisers Bicycles";1;250.99;0.2;20.0;250.99;50.198;200.792
642;847;"2017-01-07";2017;1;"2017-01";"Baldwin Bikes";"Baldwin";"NY";"Sun Bicycles Cruz 3 - 2017";"Sun Bicycles";"Cruisers Bicycles";2;449.99;0.07;7.0;899.98;62.9986;836.9814
794;863;"2017-03-23";2017;3;"2017-03";"Baldwin Bikes";"Baldwin";"NY";"Sun Bicycles Cruz 3 - 2017";"Sun Bicycles";"Cruisers Bicycles";1;449.99;0.2;20.0;449.99;89.998;359.992
831;1000;"2017-04-11";2017;4;"2017-04";"Baldwin Bikes";"Baldwin";"NY";"Sun Bicycles Cruz 3 - 2017";"Sun Bicycles";"Cruisers Bicycles";1;449.99;0.1;10.0;449.99;44.999;404.991
922;656;"2017-05-31";2017;5;"2017-05";"Baldwin Bikes";"Baldwin";"NY";"Sun Bicycles Cruz 3 - 2017";"Sun Bicycles";"Cruisers Bicycles";1;449.99;0.2;20.0;449.99;89.998;359.992
970;836;"2017-06-22";2017;6;"2017-06";"Baldwin Bikes";"Baldwin";"NY";"Sun Bicycles Cruz 3 - 2017";"Sun Bicycles";"Cruisers Bicycles";1;449.99;0.1;10.0;449.99;44.999;404.991
983;1158;"2017-06-27";2017;6;"2017-06";"Baldwin Bikes";"Baldwin";"NY";"Sun Bicycles Cruz 3 - 2017";"Sun Bicycles";"Cruisers Bicycles";1;449.99;0.07;7.0;449.99;31.4993;418.4907
984;1287;"2017-06-27";2017;6;"2017-06";"Baldwin Bikes";"Baldwin";"NY";"Sun Bicycles Cruz 3 - 2017";"Sun Bicycles";"Cruisers Bicycles";1;449.99;0.2;20.0;449.99;89.998;359.992
996;915;"2017-07-11";2017;7;"2017-07";"Santa Cruz Bikes";"Santa Cruz";"CA";"Sun Bicycles Cruz 3 - 2017";"Sun Bicycles";"Cruisers Bicycles";2;449.99;0.05;5.0;899.98;44.999;854.981
1006;1070;"2017-07-15";2017;7;"2017-07";"Baldwin Bikes";"Baldwin";"NY";"Sun Bicycles Cruz 3 - 2017";"Sun Bicycles";"Cruisers Bicycles";1;449.99;0.1;10.0;449.99;44.999;404.991
1011;495;"2017-07-18";2017;7;"2017-07";"Santa Cruz Bikes";"Santa Cruz";"CA";"Sun Bicycles Cruz 3 - 2017";"Sun Bicycles";"Cruisers Bicycles";2;449.99;0.05;5.0;899.98;44.999;854.981
1029;407;"2017-07-29";2017;7;"2017-07";"Santa Cruz Bikes";"Santa Cruz";"CA";"Sun Bicycles Cruz 3 - 2017";"Sun Bicycles";"Cruisers Bicycles";2;449.99;0.1;10.0;899.98;89.998;809.982
1053;1439;"2017-08-10";2017;8;"2017-08";"Baldwin Bikes";"Baldwin";"NY";"Sun Bicycles Cruz 3 - 2017";"Sun Bicycles";"Cruisers Bicycles";1;449.99;0.1;10.0;449.99;44.999;404.991
1155;865;"2017-09-30";2017;9;"2017-09";"Baldwin Bikes";"Baldwin";"NY";"Sun Bicycles Cruz 3 - 2017";"Sun Bicycles";"Cruisers Bicycles";2;449.99;0.05;5.0;899.98;44.999;854.981
1165;652;"2017-10-02";2017;10;"2017-10";"Baldwin Bikes";"Baldwin";"NY";"Sun Bicycles Cruz 3 - 2017";"Sun Bicycles";"Cruisers Bicycles";1;449.99;0.07;7.0;449.99;31.4993;418.4907
1167;900;"2017-10-04";2017;10;"2017-10";"Santa Cruz Bikes";"Santa Cruz";"CA";"Sun Bicycles Cruz 3 - 2017";"Sun Bicycles";"Cruisers Bicycles";1;449.99;0.07;7.0;449.99;31.4993;418.4907
1173;548;"2017-10-08";2017;10;"2017-10";"Baldwin Bikes";"Baldwin";"NY";"Sun Bicycles Cruz 3 - 2017";"Sun Bicycles";"Cruisers Bicycles";1;449.99;0.05;5.0;449.99;22.4995;427.4905
1212;213;"2017-10-27";2017;10;"2017-10";"Baldwin Bikes";"Baldwin";"NY";"Sun Bicycles Cruz 3 - 2017";"Sun Bicycles";"Cruisers Bicycles";2;449.99;0.07;7.0;899.98;62.9986;836.9814
1268;774;"2017-11-26";2017;11;"2017-11";"Santa Cruz Bikes";"Santa Cruz";"CA";"Sun Bicycles Cruz 3 - 2017";"Sun Bicycles";"Cruisers Bicycles";2;449.99;0.07;7.0;899.98;62.9986;836.9814
1510;16;"2018-04-09";2018;4;"2018-04";"Baldwin Bikes";"Baldwin";"NY";"Sun Bicycles Cruz 3 - 2017";"Sun Bicycles";"Cruisers Bicycles";1;449.99;0.1;10.0;449.99;44.999;404.991
671;922;"2017-01-25";2017;1;"2017-01";"Baldwin Bikes";"Baldwin";"NY";"Sun Bicycles Cruz 7 - 2017";"Sun Bicycles";"Cruisers Bicycles";1;416.99;0.05;5.0;416.99;20.8495;396.1405
797;374;"2017-03-24";2017;3;"2017-03";"Baldwin Bikes";"Baldwin";"NY";"Sun Bicycles Cruz 7 - 2017";"Sun Bicycles";"Cruisers Bicycles";1;416.99;0.05;5.0;416.99;20.8495;396.1405
814;629;"2017-04-02";2017;4;"2017-04";"Baldwin Bikes";"Baldwin";"NY";"Sun Bicycles Cruz 7 - 2017";"Sun Bicycles";"Cruisers Bicycles";2;416.99;0.1;10.0;833.98;83.398;750.582
884;871;"2017-05-11";2017;5;"2017-05";"Baldwin Bikes";"Baldwin";"NY";"Sun Bicycles Cruz 7 - 2017";"Sun Bicycles";"Cruisers Bicycles";2;416.99;0.07;7.0;833.98;58.3786;775.6014
898;352;"2017-05-20";2017;5;"2017-05";"Baldwin Bikes";"Baldwin";"NY";"Sun Bicycles Cruz 7 - 2017";"Sun Bicycles";"Cruisers Bicycles";2;416.99;0.07;7.0;833.98;58.3786;775.6014
944;138;"2017-06-14";2017;6;"2017-06";"Santa Cruz Bikes";"Santa Cruz";"CA";"Sun Bicycles Cruz 7 - 2017";"Sun Bicycles";"Cruisers Bicycles";2;416.99;0.07;7.0;833.98;58.3786;775.6014
977;400;"2017-06-26";2017;6;"2017-06";"Baldwin Bikes";"Baldwin";"NY";"Sun Bicycles Cruz 7 - 2017";"Sun Bicycles";"Cruisers Bicycles";2;416.99;0.05;5.0;833.98;41.699;792.281
1020;16;"2017-07-23";2017;7;"2017-07";"Baldwin Bikes";"Baldwin";"NY";"Sun Bicycles Cruz 7 - 2017";"Sun Bicycles";"Cruisers Bicycles";2;416.99;0.05;5.0;833.98;41.699;792.281
1137;810;"2017-09-20";2017;9;"2017-09";"Rowlett Bikes";"Rowlett";"TX";"Sun Bicycles Cruz 7 - 2017";"Sun Bicycles";"Cruisers Bicycles";2;416.99;0.07;7.0;833.98;58.3786;775.6014
1139;1006;"2017-09-21";2017;9;"2017-09";"Santa Cruz Bikes";"Santa Cruz";"CA";"Sun Bicycles Cruz 7 - 2017";"Sun Bicycles";"Cruisers Bicycles";1;416.99;0.05;5.0;416.99;20.8495;396.1405
1143;1087;"2017-09-24";2017;9;"2017-09";"Santa Cruz Bikes";"Santa Cruz";"CA";"Sun Bicycles Cruz 7 - 2017";"Sun Bicycles";"Cruisers Bicycles";2;416.99;0.1;10.0;833.98;83.398;750.582
1285;262;"2017-12-04";2017;12;"2017-12";"Baldwin Bikes";"Baldwin";"NY";"Sun Bicycles Cruz 7 - 2017";"Sun Bicycles";"Cruisers Bicycles";2;416.99;0.2;20.0;833.98;166.796;667.184
1307;1384;"2017-12-22";2017;12;"2017-12";"Santa Cruz Bikes";"Santa Cruz";"CA";"Sun Bicycles Cruz 7 - 2017";"Sun Bicycles";"Cruisers Bicycles";2;416.99;0.2;20.0;833.98;166.796;667.184
1308;713;"2017-12-22";2017;12;"2017-12";"Baldwin Bikes";"Baldwin";"NY";"Sun Bicycles Cruz 7 - 2017";"Sun Bicycles";"Cruisers Bicycles";1;416.99;0.2;20.0;416.99;83.398;333.592
1311;1021;"2017-12-24";2017;12;"2017-12";"Baldwin Bikes";"Baldwin";"NY";"Sun Bicycles Cruz 7 - 2017";"Sun Bicycles";"Cruisers Bicycles";1;416.99;0.1;10.0;416.99;41.699;375.291
1313;1294;"2017-12-25";2017;12;"2017-12";"Santa Cruz Bikes";"Santa Cruz";"CA";"Sun Bicycles Cruz 7 - 2017";"Sun Bicycles";"Cruisers Bicycles";1;416.99;0.07;7.0;416.99;29.1893;387.8007
1398;1383;"2018-02-16";2018;2;"2018-02";"Santa Cruz Bikes";"Santa Cruz";"CA";"Sun Bicycles Cruz 7 - 2017";"Sun Bicycles";"Cruisers Bicycles";2;416.99;0.05;5.0;833.98;41.699;792.281
1576;12;"2018-04-23";2018;4;"2018-04";"Baldwin Bikes";"Baldwin";"NY";"Sun Bicycles Cruz 7 - 2017";"Sun Bicycles";"Cruisers Bicycles";1;416.99;0.05;5.0;416.99;20.8495;396.1405
663;344;"2017-01-20";2017;1;"2017-01";"Santa Cruz Bikes";"Santa Cruz";"CA";"Sun Bicycles Atlas X-Type - 2017";"Sun Bicycles";"Cruisers Bicycles";1;416.99;0.07;7.0;416.99;29.1893;387.8007
735;20;"2017-02-27";2017;2;"2017-02";"Rowlett Bikes";"Rowlett";"TX";"Sun Bicycles Atlas X-Type - 2017";"Sun Bicycles";"Cruisers Bicycles";2;416.99;0.1;10.0;833.98;83.398;750.582
776;490;"2017-03-13";2017;3;"2017-03";"Baldwin Bikes";"Baldwin";"NY";"Sun Bicycles Atlas X-Type - 2017";"Sun Bicycles";"Cruisers Bicycles";1;416.99;0.1;10.0;416.99;41.699;375.291
813;1203;"2017-04-01";2017;4;"2017-04";"Rowlett Bikes";"Rowlett";"TX";"Sun Bicycles Atlas X-Type - 2017";"Sun Bicycles";"Cruisers Bicycles";2;416.99;0.05;5.0;833.98;41.699;792.281
846;715;"2017-04-17";2017;4;"2017-04";"Baldwin Bikes";"Baldwin";"NY";"Sun Bicycles Atlas X-Type - 2017";"Sun Bicycles";"Cruisers Bicycles";1;416.99;0.1;10.0;416.99;41.699;375.291
859;644;"2017-04-25";2017;4;"2017-04";"Baldwin Bikes";"Baldwin";"NY";"Sun Bicycles Atlas X-Type - 2017";"Sun Bicycles";"Cruisers Bicycles";2;416.99;0.1;10.0;833.98;83.398;750.582
912;519;"2017-05-27";2017;5;"2017-05";"Santa Cruz Bikes";"Santa Cruz";"CA";"Sun Bicycles Atlas X-Type - 2017";"Sun Bicycles";"Cruisers Bicycles";2;416.99;0.05;5.0;833.98;41.699;792.281
928;957;"2017-06-05";2017;6;"2017-06";"Santa Cruz Bikes";"Santa Cruz";"CA";"Sun Bicycles Atlas X-Type - 2017";"Sun Bicycles";"Cruisers Bicycles";2;416.99;0.05;5.0;833.98;41.699;792.281
973;238;"2017-06-24";2017;6;"2017-06";"Baldwin Bikes";"Baldwin";"NY";"Sun Bicycles Atlas X-Type - 2017";"Sun Bicycles";"Cruisers Bicycles";1;416.99;0.07;7.0;416.99;29.1893;387.8007
979;1190;"2017-06-26";2017;6;"2017-06";"Baldwin Bikes";"Baldwin";"NY";"Sun Bicycles Atlas X-Type - 2017";"Sun Bicycles";"Cruisers Bicycles";2;416.99;0.2;20.0;833.98;166.796;667.184
1008;1345;"2017-07-16";2017;7;"2017-07";"Baldwin Bikes";"Baldwin";"NY";"Sun Bicycles Atlas X-Type - 2017";"Sun Bicycles";"Cruisers Bicycles";1;416.99;0.2;20.0;416.99;83.398;333.592
1094;828;"2017-08-25";2017;8;"2017-08";"Baldwin Bikes";"Baldwin";"NY";"Sun Bicycles Atlas X-Type - 2017";"Sun Bicycles";"Cruisers Bicycles";1;416.99;0.1;10.0;416.99;41.699;375.291
1112;798;"2017-09-05";2017;9;"2017-09";"Baldwin Bikes";"Baldwin";"NY";"Sun Bicycles Atlas X-Type - 2017";"Sun Bicycles";"Cruisers Bicycles";2;416.99;0.05;5.0;833.98;41.699;792.281
1129;663;"2017-09-17";2017;9;"2017-09";"Baldwin Bikes";"Baldwin";"NY";"Sun Bicycles Atlas X-Type - 2017";"Sun Bicycles";"Cruisers Bicycles";2;416.99;0.2;20.0;833.98;166.796;667.184
1140;1063;"2017-09-21";2017;9;"2017-09";"Rowlett Bikes";"Rowlett";"TX";"Sun Bicycles Atlas X-Type - 2017";"Sun Bicycles";"Cruisers Bicycles";2;416.99;0.07;7.0;833.98;58.3786;775.6014
1161;41;"2017-10-01";2017;10;"2017-10";"Baldwin Bikes";"Baldwin";"NY";"Sun Bicycles Atlas X-Type - 2017";"Sun Bicycles";"Cruisers Bicycles";2;416.99;0.1;10.0;833.98;83.398;750.582
1184;369;"2017-10-14";2017;10;"2017-10";"Baldwin Bikes";"Baldwin";"NY";"Sun Bicycles Atlas X-Type - 2017";"Sun Bicycles";"Cruisers Bicycles";1;416.99;0.05;5.0;416.99;20.8495;396.1405
1190;34;"2017-10-16";2017;10;"2017-10";"Baldwin Bikes";"Baldwin";"NY";"Sun Bicycles Atlas X-Type - 2017";"Sun Bicycles";"Cruisers Bicycles";1;416.99;0.07;7.0;416.99;29.1893;387.8007
1194;192;"2017-10-19";2017;10;"2017-10";"Santa Cruz Bikes";"Santa Cruz";"CA";"Sun Bicycles Atlas X-Type - 2017";"Sun Bicycles";"Cruisers Bicycles";1;416.99;0.05;5.0;416.99;20.8495;396.1405
1205;1091;"2017-10-26";2017;10;"2017-10";"Santa Cruz Bikes";"Santa Cruz";"CA";"Sun Bicycles Atlas X-Type - 2017";"Sun Bicycles";"Cruisers Bicycles";1;416.99;0.05;5.0;416.99;20.8495;396.1405
1234;19;"2017-11-07";2017;11;"2017-11";"Baldwin Bikes";"Baldwin";"NY";"Sun Bicycles Atlas X-Type - 2017";"Sun Bicycles";"Cruisers Bicycles";2;416.99;0.07;7.0;833.98;58.3786;775.6014
1241;1170;"2017-11-10";2017;11;"2017-11";"Baldwin Bikes";"Baldwin";"NY";"Sun Bicycles Atlas X-Type - 2017";"Sun Bicycles";"Cruisers Bicycles";2;416.99;0.05;5.0;833.98;41.699;792.281
1272;935;"2017-11-27";2017;11;"2017-11";"Baldwin Bikes";"Baldwin";"NY";"Sun Bicycles Atlas X-Type - 2017";"Sun Bicycles";"Cruisers Bicycles";2;416.99;0.1;10.0;833.98;83.398;750.582
1423;1231;"2018-03-06";2018;3;"2018-03";"Santa Cruz Bikes";"Santa Cruz";"CA";"Sun Bicycles Atlas X-Type - 2017";"Sun Bicycles";"Cruisers Bicycles";1;416.99;0.1;10.0;416.99;41.699;375.291
1540;187;"2018-04-16";2018;4;"2018-04";"Santa Cruz Bikes";"Santa Cruz";"CA";"Sun Bicycles Atlas X-Type - 2017";"Sun Bicycles";"Cruisers Bicycles";2;416.99;0.05;5.0;833.98;41.699;792.281
1602;55;"2018-04-30";2018;4;"2018-04";"Baldwin Bikes";"Baldwin";"NY";"Sun Bicycles Atlas X-Type - 2017";"Sun Bicycles";"Cruisers Bicycles";2;416.99;0.05;5.0;833.98;41.699;792.281
639;550;"2017-01-06";2017;1;"2017-01";"Baldwin Bikes";"Baldwin";"NY";"Sun Bicycles Biscayne Tandem 7 - 2017";"Sun Bicycles";"Cruisers Bicycles";1;619.99;0.05;5.0;619.99;30.9995;588.9905
669;745;"2017-01-23";2017;1;"2017-01";"Baldwin Bikes";"Baldwin";"NY";"Sun Bicycles Biscayne Tandem 7 - 2017";"Sun Bicycles";"Cruisers Bicycles";1;619.99;0.07;7.0;619.99;43.3993;576.5907
703;417;"2017-02-08";2017;2;"2017-02";"Baldwin Bikes";"Baldwin";"NY";"Sun Bicycles Biscayne Tandem 7 - 2017";"Sun Bicycles";"Cruisers Bicycles";1;619.99;0.2;20.0;619.99;123.998;495.992
711;1246;"2017-02-13";2017;2;"2017-02";"Baldwin Bikes";"Baldwin";"NY";"Sun Bicycles Biscayne Tandem 7 - 2017";"Sun Bicycles";"Cruisers Bicycles";2;619.99;0.05;5.0;1239.98;61.999;1177.981
750;232;"2017-03-04";2017;3;"2017-03";"Rowlett Bikes";"Rowlett";"TX";"Sun Bicycles Biscayne Tandem 7 - 2017";"Sun Bicycles";"Cruisers Bicycles";1;619.99;0.05;5.0;619.99;30.9995;588.9905
784;430;"2017-03-16";2017;3;"2017-03";"Baldwin Bikes";"Baldwin";"NY";"Sun Bicycles Biscayne Tandem 7 - 2017";"Sun Bicycles";"Cruisers Bicycles";2;619.99;0.1;10.0;1239.98;123.998;1115.982
822;294;"2017-04-06";2017;4;"2017-04";"Baldwin Bikes";"Baldwin";"NY";"Sun Bicycles Biscayne Tandem 7 - 2017";"Sun Bicycles";"Cruisers Bicycles";1;619.99;0.2;20.0;619.99;123.998;495.992
843;1059;"2017-04-16";2017;4;"2017-04";"Baldwin Bikes";"Baldwin";"NY";"Sun Bicycles Biscayne Tandem 7 - 2017";"Sun Bicycles";"Cruisers Bicycles";1;619.99;0.1;10.0;619.99;61.999;557.991
846;715;"2017-04-17";2017;4;"2017-04";"Baldwin Bikes";"Baldwin";"NY";"Sun Bicycles Biscayne Tandem 7 - 2017";"Sun Bicycles";"Cruisers Bicycles";2;619.99;0.05;5.0;1239.98;61.999;1177.981
948;618;"2017-06-15";2017;6;"2017-06";"Baldwin Bikes";"Baldwin";"NY";"Sun Bicycles Biscayne Tandem 7 - 2017";"Sun Bicycles";"Cruisers Bicycles";2;619.99;0.2;20.0;1239.98;247.996;991.984
959;650;"2017-06-18";2017;6;"2017-06";"Baldwin Bikes";"Baldwin";"NY";"Sun Bicycles Biscayne Tandem 7 - 2017";"Sun Bicycles";"Cruisers Bicycles";1;619.99;0.1;10.0;619.99;61.999;557.991
1001;354;"2017-07-13";2017;7;"2017-07";"Baldwin Bikes";"Baldwin";"NY";"Sun Bicycles Biscayne Tandem 7 - 2017";"Sun Bicycles";"Cruisers Bicycles";1;619.99;0.05;5.0;619.99;30.9995;588.9905
1030;161;"2017-07-29";2017;7;"2017-07";"Baldwin Bikes";"Baldwin";"NY";"Sun Bicycles Biscayne Tandem 7 - 2017";"Sun Bicycles";"Cruisers Bicycles";1;619.99;0.1;10.0;619.99;61.999;557.991
1063;198;"2017-08-16";2017;8;"2017-08";"Rowlett Bikes";"Rowlett";"TX";"Sun Bicycles Biscayne Tandem 7 - 2017";"Sun Bicycles";"Cruisers Bicycles";2;619.99;0.2;20.0;1239.98;247.996;991.984
1067;225;"2017-08-17";2017;8;"2017-08";"Baldwin Bikes";"Baldwin";"NY";"Sun Bicycles Biscayne Tandem 7 - 2017";"Sun Bicycles";"Cruisers Bicycles";2;619.99;0.1;10.0;1239.98;123.998;1115.982
1078;793;"2017-08-19";2017;8;"2017-08";"Baldwin Bikes";"Baldwin";"NY";"Sun Bicycles Biscayne Tandem 7 - 2017";"Sun Bicycles";"Cruisers Bicycles";2;619.99;0.2;20.0;1239.98;247.996;991.984
1109;23;"2017-09-03";2017;9;"2017-09";"Baldwin Bikes";"Baldwin";"NY";"Sun Bicycles Biscayne Tandem 7 - 2017";"Sun Bicycles";"Cruisers Bicycles";2;619.99;0.1;10.0;1239.98;123.998;1115.982
1122;1132;"2017-09-12";2017;9;"2017-09";"Baldwin Bikes";"Baldwin";"NY";"Sun Bicycles Biscayne Tandem 7 - 2017";"Sun Bicycles";"Cruisers Bicycles";1;619.99;0.1;10.0;619.99;61.999;557.991
1265;950;"2017-11-24";2017;11;"2017-11";"Baldwin Bikes";"Baldwin";"NY";"Sun Bicycles Biscayne Tandem 7 - 2017";"Sun Bicycles";"Cruisers Bicycles";2;619.99;0.07;7.0;1239.98;86.7986;1153.1814
1280;123;"2017-12-01";2017;12;"2017-12";"Rowlett Bikes";"Rowlett";"TX";"Sun Bicycles Biscayne Tandem 7 - 2017";"Sun Bicycles";"Cruisers Bicycles";2;619.99;0.07;7.0;1239.98;86.7986;1153.1814
1314;1027;"2017-12-25";2017;12;"2017-12";"Baldwin Bikes";"Baldwin";"NY";"Sun Bicycles Biscayne Tandem 7 - 2017";"Sun Bicycles";"Cruisers Bicycles";2;619.99;0.05;5.0;1239.98;61.999;1177.981
1605;123;"2018-07-01";2018;7;"2018-07";"Rowlett Bikes";"Rowlett";"TX";"Sun Bicycles Biscayne Tandem 7 - 2017";"Sun Bicycles";"Cruisers Bicycles";1;619.99;0.1;10.0;619.99;61.999;557.991
639;550;"2017-01-06";2017;1;"2017-01";"Baldwin Bikes";"Baldwin";"NY";"Sun Bicycles Brickell Tandem 7 - 2017";"Sun Bicycles";"Cruisers Bicycles";1;749.99;0.05;5.0;749.99;37.4995;712.4905
721;625;"2017-02-16";2017;2;"2017-02";"Baldwin Bikes";"Baldwin";"NY";"Sun Bicycles Brickell Tandem 7 - 2017";"Sun Bicycles";"Cruisers Bicycles";2;749.99;0.05;5.0;1499.98;74.999;1424.981
774;690;"2017-03-12";2017;3;"2017-03";"Baldwin Bikes";"Baldwin";"NY";"Sun Bicycles Brickell Tandem 7 - 2017";"Sun Bicycles";"Cruisers Bicycles";1;749.99;0.05;5.0;749.99;37.4995;712.4905
845;662;"2017-04-17";2017;4;"2017-04";"Baldwin Bikes";"Baldwin";"NY";"Sun Bicycles Brickell Tandem 7 - 2017";"Sun Bicycles";"Cruisers Bicycles";2;749.99;0.2;20.0;1499.98;299.996;1199.984
858;162;"2017-04-25";2017;4;"2017-04";"Baldwin Bikes";"Baldwin";"NY";"Sun Bicycles Brickell Tandem 7 - 2017";"Sun Bicycles";"Cruisers Bicycles";2;749.99;0.07;7.0;1499.98;104.9986;1394.9814
874;661;"2017-05-04";2017;5;"2017-05";"Baldwin Bikes";"Baldwin";"NY";"Sun Bicycles Brickell Tandem 7 - 2017";"Sun Bicycles";"Cruisers Bicycles";1;749.99;0.1;10.0;749.99;74.999;674.991
877;784;"2017-05-06";2017;5;"2017-05";"Baldwin Bikes";"Baldwin";"NY";"Sun Bicycles Brickell Tandem 7 - 2017";"Sun Bicycles";"Cruisers Bicycles";1;749.99;0.07;7.0;749.99;52.4993;697.4907
922;656;"2017-05-31";2017;5;"2017-05";"Baldwin Bikes";"Baldwin";"NY";"Sun Bicycles Brickell Tandem 7 - 2017";"Sun Bicycles";"Cruisers Bicycles";1;749.99;0.2;20.0;749.99;149.998;599.992
956;1184;"2017-06-17";2017;6;"2017-06";"Baldwin Bikes";"Baldwin";"NY";"Sun Bicycles Brickell Tandem 7 - 2017";"Sun Bicycles";"Cruisers Bicycles";2;749.99;0.1;10.0;1499.98;149.998;1349.982
960;1390;"2017-06-18";2017;6;"2017-06";"Baldwin Bikes";"Baldwin";"NY";"Sun Bicycles Brickell Tandem 7 - 2017";"Sun Bicycles";"Cruisers Bicycles";2;749.99;0.05;5.0;1499.98;74.999;1424.981
966;389;"2017-06-20";2017;6;"2017-06";"Rowlett Bikes";"Rowlett";"TX";"Sun Bicycles Brickell Tandem 7 - 2017";"Sun Bicycles";"Cruisers Bicycles";1;749.99;0.07;7.0;749.99;52.4993;697.4907
1015;799;"2017-07-19";2017;7;"2017-07";"Baldwin Bikes";"Baldwin";"NY";"Sun Bicycles Brickell Tandem 7 - 2017";"Sun Bicycles";"Cruisers Bicycles";2;749.99;0.2;20.0;1499.98;299.996;1199.984
1053;1439;"2017-08-10";2017;8;"2017-08";"Baldwin Bikes";"Baldwin";"NY";"Sun Bicycles Brickell Tandem 7 - 2017";"Sun Bicycles";"Cruisers Bicycles";2;749.99;0.05;5.0;1499.98;74.999;1424.981
1076;42;"2017-08-19";2017;8;"2017-08";"Baldwin Bikes";"Baldwin";"NY";"Sun Bicycles Brickell Tandem 7 - 2017";"Sun Bicycles";"Cruisers Bicycles";2;749.99;0.07;7.0;1499.98;104.9986;1394.9814
1206;222;"2017-10-26";2017;10;"2017-10";"Baldwin Bikes";"Baldwin";"NY";"Sun Bicycles Brickell Tandem 7 - 2017";"Sun Bicycles";"Cruisers Bicycles";1;749.99;0.07;7.0;749.99;52.4993;697.4907
1215;807;"2017-10-28";2017;10;"2017-10";"Baldwin Bikes";"Baldwin";"NY";"Sun Bicycles Brickell Tandem 7 - 2017";"Sun Bicycles";"Cruisers Bicycles";2;749.99;0.1;10.0;1499.98;149.998;1349.982
1217;1155;"2017-10-28";2017;10;"2017-10";"Baldwin Bikes";"Baldwin";"NY";"Sun Bicycles Brickell Tandem 7 - 2017";"Sun Bicycles";"Cruisers Bicycles";1;749.99;0.05;5.0;749.99;37.4995;712.4905
1261;435;"2017-11-23";2017;11;"2017-11";"Baldwin Bikes";"Baldwin";"NY";"Sun Bicycles Brickell Tandem 7 - 2017";"Sun Bicycles";"Cruisers Bicycles";1;749.99;0.2;20.0;749.99;149.998;599.992
1288;778;"2017-12-07";2017;12;"2017-12";"Rowlett Bikes";"Rowlett";"TX";"Sun Bicycles Brickell Tandem 7 - 2017";"Sun Bicycles";"Cruisers Bicycles";1;749.99;0.2;20.0;749.99;149.998;599.992
1303;878;"2017-12-16";2017;12;"2017-12";"Baldwin Bikes";"Baldwin";"NY";"Sun Bicycles Brickell Tandem 7 - 2017";"Sun Bicycles";"Cruisers Bicycles";1;749.99;0.1;10.0;749.99;74.999;674.991
649;1153;"2017-01-10";2017;1;"2017-01";"Santa Cruz Bikes";"Santa Cruz";"CA";"Sun Bicycles Biscayne Tandem CB - 2017";"Sun Bicycles";"Cruisers Bicycles";1;647.99;0.05;5.0;647.99;32.3995;615.5905
727;962;"2017-02-19";2017;2;"2017-02";"Rowlett Bikes";"Rowlett";"TX";"Sun Bicycles Biscayne Tandem CB - 2017";"Sun Bicycles";"Cruisers Bicycles";1;647.99;0.07;7.0;647.99;45.3593;602.6307
745;698;"2017-03-01";2017;3;"2017-03";"Baldwin Bikes";"Baldwin";"NY";"Sun Bicycles Biscayne Tandem CB - 2017";"Sun Bicycles";"Cruisers Bicycles";1;647.99;0.1;10.0;647.99;64.799;583.191
750;232;"2017-03-04";2017;3;"2017-03";"Rowlett Bikes";"Rowlett";"TX";"Sun Bicycles Biscayne Tandem CB - 2017";"Sun Bicycles";"Cruisers Bicycles";2;647.99;0.1;10.0;1295.98;129.598;1166.382
759;284;"2017-03-07";2017;3;"2017-03";"Baldwin Bikes";"Baldwin";"NY";"Sun Bicycles Biscayne Tandem CB - 2017";"Sun Bicycles";"Cruisers Bicycles";1;647.99;0.07;7.0;647.99;45.3593;602.6307
809;1222;"2017-03-31";2017;3;"2017-03";"Baldwin Bikes";"Baldwin";"NY";"Sun Bicycles Biscayne Tandem CB - 2017";"Sun Bicycles";"Cruisers Bicycles";1;647.99;0.1;10.0;647.99;64.799;583.191
834;890;"2017-04-12";2017;4;"2017-04";"Baldwin Bikes";"Baldwin";"NY";"Sun Bicycles Biscayne Tandem CB - 2017";"Sun Bicycles";"Cruisers Bicycles";1;647.99;0.2;20.0;647.99;129.598;518.392
920;966;"2017-05-30";2017;5;"2017-05";"Baldwin Bikes";"Baldwin";"NY";"Sun Bicycles Biscayne Tandem CB - 2017";"Sun Bicycles";"Cruisers Bicycles";1;647.99;0.05;5.0;647.99;32.3995;615.5905
985;461;"2017-06-30";2017;6;"2017-06";"Baldwin Bikes";"Baldwin";"NY";"Sun Bicycles Biscayne Tandem CB - 2017";"Sun Bicycles";"Cruisers Bicycles";2;647.99;0.05;5.0;1295.98;64.799;1231.181
986;556;"2017-06-30";2017;6;"2017-06";"Baldwin Bikes";"Baldwin";"NY";"Sun Bicycles Biscayne Tandem CB - 2017";"Sun Bicycles";"Cruisers Bicycles";1;647.99;0.05;5.0;647.99;32.3995;615.5905
1047;116;"2017-08-08";2017;8;"2017-08";"Rowlett Bikes";"Rowlett";"TX";"Sun Bicycles Biscayne Tandem CB - 2017";"Sun Bicycles";"Cruisers Bicycles";1;647.99;0.2;20.0;647.99;129.598;518.392
1095;1382;"2017-08-26";2017;8;"2017-08";"Rowlett Bikes";"Rowlett";"TX";"Sun Bicycles Biscayne Tandem CB - 2017";"Sun Bicycles";"Cruisers Bicycles";2;647.99;0.05;5.0;1295.98;64.799;1231.181
1164;1067;"2017-10-01";2017;10;"2017-10";"Baldwin Bikes";"Baldwin";"NY";"Sun Bicycles Biscayne Tandem CB - 2017";"Sun Bicycles";"Cruisers Bicycles";1;647.99;0.05;5.0;647.99;32.3995;615.5905
1172;1339;"2017-10-07";2017;10;"2017-10";"Baldwin Bikes";"Baldwin";"NY";"Sun Bicycles Biscayne Tandem CB - 2017";"Sun Bicycles";"Cruisers Bicycles";2;647.99;0.07;7.0;1295.98;90.7186;1205.2614
1210;730;"2017-10-26";2017;10;"2017-10";"Rowlett Bikes";"Rowlett";"TX";"Sun Bicycles Biscayne Tandem CB - 2017";"Sun Bicycles";"Cruisers Bicycles";2;647.99;0.05;5.0;1295.98;64.799;1231.181
1213;669;"2017-10-27";2017;10;"2017-10";"Rowlett Bikes";"Rowlett";"TX";"Sun Bicycles Biscayne Tandem CB - 2017";"Sun Bicycles";"Cruisers Bicycles";1;647.99;0.07;7.0;647.99;45.3593;602.6307
1246;1329;"2017-11-13";2017;11;"2017-11";"Baldwin Bikes";"Baldwin";"NY";"Sun Bicycles Biscayne Tandem CB - 2017";"Sun Bicycles";"Cruisers Bicycles";2;647.99;0.2;20.0;1295.98;259.196;1036.784
1250;1188;"2017-11-17";2017;11;"2017-11";"Baldwin Bikes";"Baldwin";"NY";"Sun Bicycles Biscayne Tandem CB - 2017";"Sun Bicycles";"Cruisers Bicycles";2;647.99;0.05;5.0;1295.98;64.799;1231.181
1276;893;"2017-11-30";2017;11;"2017-11";"Baldwin Bikes";"Baldwin";"NY";"Sun Bicycles Biscayne Tandem CB - 2017";"Sun Bicycles";"Cruisers Bicycles";2;647.99;0.2;20.0;1295.98;259.196;1036.784
1285;262;"2017-12-04";2017;12;"2017-12";"Baldwin Bikes";"Baldwin";"NY";"Sun Bicycles Biscayne Tandem CB - 2017";"Sun Bicycles";"Cruisers Bicycles";2;647.99;0.07;7.0;1295.98;90.7186;1205.2614
1333;203;"2018-01-06";2018;1;"2018-01";"Rowlett Bikes";"Rowlett";"TX";"Sun Bicycles Biscayne Tandem CB - 2017";"Sun Bicycles";"Cruisers Bicycles";1;647.99;0.1;10.0;647.99;64.799;583.191
1364;122;"2018-01-25";2018;1;"2018-01";"Baldwin Bikes";"Baldwin";"NY";"Sun Bicycles Biscayne Tandem CB - 2017";"Sun Bicycles";"Cruisers Bicycles";1;647.99;0.07;7.0;647.99;45.3593;602.6307
1397;920;"2018-02-15";2018;2;"2018-02";"Baldwin Bikes";"Baldwin";"NY";"Sun Bicycles Biscayne Tandem CB - 2017";"Sun Bicycles";"Cruisers Bicycles";2;647.99;0.1;10.0;1295.98;129.598;1166.382
1458;1029;"2018-03-20";2018;3;"2018-03";"Rowlett Bikes";"Rowlett";"TX";"Sun Bicycles Biscayne Tandem CB - 2017";"Sun Bicycles";"Cruisers Bicycles";2;647.99;0.1;10.0;1295.98;129.598;1166.382
1533;28;"2018-04-13";2018;4;"2018-04";"Baldwin Bikes";"Baldwin";"NY";"Sun Bicycles Biscayne Tandem CB - 2017";"Sun Bicycles";"Cruisers Bicycles";1;647.99;0.1;10.0;647.99;64.799;583.191
1540;187;"2018-04-16";2018;4;"2018-04";"Santa Cruz Bikes";"Santa Cruz";"CA";"Sun Bicycles Biscayne Tandem CB - 2017";"Sun Bicycles";"Cruisers Bicycles";1;647.99;0.2;20.0;647.99;129.598;518.392
1587;231;"2018-04-26";2018;4;"2018-04";"Santa Cruz Bikes";"Santa Cruz";"CA";"Sun Bicycles Biscayne Tandem CB - 2017";"Sun Bicycles";"Cruisers Bicycles";2;647.99;0.05;5.0;1295.98;64.799;1231.181
651;190;"2017-01-11";2017;1;"2017-01";"Baldwin Bikes";"Baldwin";"NY";"Sun Bicycles Boardwalk (24-inch Wheels) - 2017";"Sun Bicycles";"Cruisers Bicycles";1;402.99;0.1;10.0;402.99;40.299;362.691
667;858;"2017-01-22";2017;1;"2017-01";"Baldwin Bikes";"Baldwin";"NY";"Sun Bicycles Boardwalk (24-inch Wheels) - 2017";"Sun Bicycles";"Cruisers Bicycles";1;402.99;0.2;20.0;402.99;80.598;322.392
716;672;"2017-02-15";2017;2;"2017-02";"Baldwin Bikes";"Baldwin";"NY";"Sun Bicycles Boardwalk (24-inch Wheels) - 2017";"Sun Bicycles";"Cruisers Bicycles";1;402.99;0.1;10.0;402.99;40.299;362.691
730;500;"2017-02-21";2017;2;"2017-02";"Baldwin Bikes";"Baldwin";"NY";"Sun Bicycles Boardwalk (24-inch Wheels) - 2017";"Sun Bicycles";"Cruisers Bicycles";1;402.99;0.1;10.0;402.99;40.299;362.691
749;255;"2017-03-04";2017;3;"2017-03";"Baldwin Bikes";"Baldwin";"NY";"Sun Bicycles Boardwalk (24-inch Wheels) - 2017";"Sun Bicycles";"Cruisers Bicycles";1;402.99;0.2;20.0;402.99;80.598;322.392
844;1436;"2017-04-16";2017;4;"2017-04";"Baldwin Bikes";"Baldwin";"NY";"Sun Bicycles Boardwalk (24-inch Wheels) - 2017";"Sun Bicycles";"Cruisers Bicycles";2;402.99;0.07;7.0;805.98;56.4186;749.5614
956;1184;"2017-06-17";2017;6;"2017-06";"Baldwin Bikes";"Baldwin";"NY";"Sun Bicycles Boardwalk (24-inch Wheels) - 2017";"Sun Bicycles";"Cruisers Bicycles";2;402.99;0.1;10.0;805.98;80.598;725.382
991;751;"2017-07-06";2017;7;"2017-07";"Santa Cruz Bikes";"Santa Cruz";"CA";"Sun Bicycles Boardwalk (24-inch Wheels) - 2017";"Sun Bicycles";"Cruisers Bicycles";1;402.99;0.2;20.0;402.99;80.598;322.392
993;1415;"2017-07-09";2017;7;"2017-07";"Santa Cruz Bikes";"Santa Cruz";"CA";"Sun Bicycles Boardwalk (24-inch Wheels) - 2017";"Sun Bicycles";"Cruisers Bicycles";2;402.99;0.1;10.0;805.98;80.598;725.382
1002;1418;"2017-07-14";2017;7;"2017-07";"Santa Cruz Bikes";"Santa Cruz";"CA";"Sun Bicycles Boardwalk (24-inch Wheels) - 2017";"Sun Bicycles";"Cruisers Bicycles";1;402.99;0.2;20.0;402.99;80.598;322.392
1046;1134;"2017-08-07";2017;8;"2017-08";"Rowlett Bikes";"Rowlett";"TX";"Sun Bicycles Boardwalk (24-inch Wheels) - 2017";"Sun Bicycles";"Cruisers Bicycles";1;402.99;0.07;7.0;402.99;28.2093;374.7807
1187;486;"2017-10-15";2017;10;"2017-10";"Baldwin Bikes";"Baldwin";"NY";"Sun Bicycles Boardwalk (24-inch Wheels) - 2017";"Sun Bicycles";"Cruisers Bicycles";1;402.99;0.07;7.0;402.99;28.2093;374.7807
1205;1091;"2017-10-26";2017;10;"2017-10";"Santa Cruz Bikes";"Santa Cruz";"CA";"Sun Bicycles Boardwalk (24-inch Wheels) - 2017";"Sun Bicycles";"Cruisers Bicycles";2;402.99;0.07;7.0;805.98;56.4186;749.5614
1252;110;"2017-11-18";2017;11;"2017-11";"Santa Cruz Bikes";"Santa Cruz";"CA";"Sun Bicycles Boardwalk (24-inch Wheels) - 2017";"Sun Bicycles";"Cruisers Bicycles";1;402.99;0.2;20.0;402.99;80.598;322.392
1542;58;"2018-04-16";2018;4;"2018-04";"Baldwin Bikes";"Baldwin";"NY";"Sun Bicycles Boardwalk (24-inch Wheels) - 2017";"Sun Bicycles";"Cruisers Bicycles";1;402.99;0.2;20.0;402.99;80.598;322.392
1594;45;"2018-04-28";2018;4;"2018-04";"Baldwin Bikes";"Baldwin";"NY";"Sun Bicycles Boardwalk (24-inch Wheels) - 2017";"Sun Bicycles";"Cruisers Bicycles";2;402.99;0.1;10.0;805.98;80.598;725.382
653;1249;"2017-01-14";2017;1;"2017-01";"Santa Cruz Bikes";"Santa Cruz";"CA";"Sun Bicycles Brickell Tandem CB - 2017";"Sun Bicycles";"Cruisers Bicycles";1;761.99;0.2;20.0;761.99;152.398;609.592
743;137;"2017-03-01";2017;3;"2017-03";"Baldwin Bikes";"Baldwin";"NY";"Sun Bicycles Brickell Tandem CB - 2017";"Sun Bicycles";"Cruisers Bicycles";1;761.99;0.05;5.0;761.99;38.0995;723.8905
755;531;"2017-03-06";2017;3;"2017-03";"Baldwin Bikes";"Baldwin";"NY";"Sun Bicycles Brickell Tandem CB - 2017";"Sun Bicycles";"Cruisers Bicycles";2;761.99;0.07;7.0;1523.98;106.6786;1417.3014
786;249;"2017-03-18";2017;3;"2017-03";"Baldwin Bikes";"Baldwin";"NY";"Sun Bicycles Brickell Tandem CB - 2017";"Sun Bicycles";"Cruisers Bicycles";1;761.99;0.05;5.0;761.99;38.0995;723.8905
866;1410;"2017-04-29";2017;4;"2017-04";"Baldwin Bikes";"Baldwin";"NY";"Sun Bicycles Brickell Tandem CB - 2017";"Sun Bicycles";"Cruisers Bicycles";1;761.99;0.07;7.0;761.99;53.3393;708.6507
920;966;"2017-05-30";2017;5;"2017-05";"Baldwin Bikes";"Baldwin";"NY";"Sun Bicycles Brickell Tandem CB - 2017";"Sun Bicycles";"Cruisers Bicycles";2;761.99;0.07;7.0;1523.98;106.6786;1417.3014
977;400;"2017-06-26";2017;6;"2017-06";"Baldwin Bikes";"Baldwin";"NY";"Sun Bicycles Brickell Tandem CB - 2017";"Sun Bicycles";"Cruisers Bicycles";2;761.99;0.05;5.0;1523.98;76.199;1447.781
987;172;"2017-07-02";2017;7;"2017-07";"Santa Cruz Bikes";"Santa Cruz";"CA";"Sun Bicycles Brickell Tandem CB - 2017";"Sun Bicycles";"Cruisers Bicycles";1;761.99;0.07;7.0;761.99;53.3393;708.6507
1104;268;"2017-09-01";2017;9;"2017-09";"Baldwin Bikes";"Baldwin";"NY";"Sun Bicycles Brickell Tandem CB - 2017";"Sun Bicycles";"Cruisers Bicycles";1;761.99;0.07;7.0;761.99;53.3393;708.6507
1183;216;"2017-10-14";2017;10;"2017-10";"Baldwin Bikes";"Baldwin";"NY";"Sun Bicycles Brickell Tandem CB - 2017";"Sun Bicycles";"Cruisers Bicycles";2;761.99;0.2;20.0;1523.98;304.796;1219.184
1185;960;"2017-10-14";2017;10;"2017-10";"Baldwin Bikes";"Baldwin";"NY";"Sun Bicycles Brickell Tandem CB - 2017";"Sun Bicycles";"Cruisers Bicycles";1;761.99;0.2;20.0;761.99;152.398;609.592
1254;1098;"2017-11-18";2017;11;"2017-11";"Baldwin Bikes";"Baldwin";"NY";"Sun Bicycles Brickell Tandem CB - 2017";"Sun Bicycles";"Cruisers Bicycles";1;761.99;0.2;20.0;761.99;152.398;609.592
1304;1409;"2017-12-16";2017;12;"2017-12";"Baldwin Bikes";"Baldwin";"NY";"Sun Bicycles Brickell Tandem CB - 2017";"Sun Bicycles";"Cruisers Bicycles";1;761.99;0.05;5.0;761.99;38.0995;723.8905
1422;599;"2018-03-05";2018;3;"2018-03";"Rowlett Bikes";"Rowlett";"TX";"Sun Bicycles Brickell Tandem CB - 2017";"Sun Bicycles";"Cruisers Bicycles";2;761.99;0.07;7.0;1523.98;106.6786;1417.3014
638;1302;"2017-01-04";2017;1;"2017-01";"Baldwin Bikes";"Baldwin";"NY";"Sun Bicycles Streamway 3 - 2017";"Sun Bicycles";"Comfort Bicycles";1;551.99;0.05;5.0;551.99;27.5995;524.3905
694;58;"2017-02-05";2017;2;"2017-02";"Baldwin Bikes";"Baldwin";"NY";"Sun Bicycles Streamway 3 - 2017";"Sun Bicycles";"Comfort Bicycles";2;551.99;0.2;20.0;1103.98;220.796;883.184
763;842;"2017-03-08";2017;3;"2017-03";"Rowlett Bikes";"Rowlett";"TX";"Sun Bicycles Streamway 3 - 2017";"Sun Bicycles";"Comfort Bicycles";1;551.99;0.1;10.0;551.99;55.199;496.791
770;135;"2017-03-09";2017;3;"2017-03";"Rowlett Bikes";"Rowlett";"TX";"Sun Bicycles Streamway 3 - 2017";"Sun Bicycles";"Comfort Bicycles";1;551.99;0.2;20.0;551.99;110.398;441.592
772;448;"2017-03-11";2017;3;"2017-03";"Baldwin Bikes";"Baldwin";"NY";"Sun Bicycles Streamway 3 - 2017";"Sun Bicycles";"Comfort Bicycles";1;551.99;0.07;7.0;551.99;38.6393;513.3507
810;153;"2017-04-01";2017;4;"2017-04";"Rowlett Bikes";"Rowlett";"TX";"Sun Bicycles Streamway 3 - 2017";"Sun Bicycles";"Comfort Bicycles";2;551.99;0.05;5.0;1103.98;55.199;1048.781
818;1319;"2017-04-04";2017;4;"2017-04";"Baldwin Bikes";"Baldwin";"NY";"Sun Bicycles Streamway 3 - 2017";"Sun Bicycles";"Comfort Bicycles";1;551.99;0.05;5.0;551.99;27.5995;524.3905
829;674;"2017-04-09";2017;4;"2017-04";"Baldwin Bikes";"Baldwin";"NY";"Sun Bicycles Streamway 3 - 2017";"Sun Bicycles";"Comfort Bicycles";1;551.99;0.2;20.0;551.99;110.398;441.592
846;715;"2017-04-17";2017;4;"2017-04";"Baldwin Bikes";"Baldwin";"NY";"Sun Bicycles Streamway 3 - 2017";"Sun Bicycles";"Comfort Bicycles";2;551.99;0.07;7.0;1103.98;77.2786;1026.7014
877;784;"2017-05-06";2017;5;"2017-05";"Baldwin Bikes";"Baldwin";"NY";"Sun Bicycles Streamway 3 - 2017";"Sun Bicycles";"Comfort Bicycles";1;551.99;0.1;10.0;551.99;55.199;496.791
878;224;"2017-05-07";2017;5;"2017-05";"Santa Cruz Bikes";"Santa Cruz";"CA";"Sun Bicycles Streamway 3 - 2017";"Sun Bicycles";"Comfort Bicycles";1;551.99;0.2;20.0;551.99;110.398;441.592
942;537;"2017-06-13";2017;6;"2017-06";"Baldwin Bikes";"Baldwin";"NY";"Sun Bicycles Streamway 3 - 2017";"Sun Bicycles";"Comfort Bicycles";1;551.99;0.05;5.0;551.99;27.5995;524.3905
967;1323;"2017-06-21";2017;6;"2017-06";"Baldwin Bikes";"Baldwin";"NY";"Sun Bicycles Streamway 3 - 2017";"Sun Bicycles";"Comfort Bicycles";1;551.99;0.2;20.0;551.99;110.398;441.592
1052;460;"2017-08-10";2017;8;"2017-08";"Baldwin Bikes";"Baldwin";"NY";"Sun Bicycles Streamway 3 - 2017";"Sun Bicycles";"Comfort Bicycles";1;551.99;0.05;5.0;551.99;27.5995;524.3905
1058;782;"2017-08-13";2017;8;"2017-08";"Baldwin Bikes";"Baldwin";"NY";"Sun Bicycles Streamway 3 - 2017";"Sun Bicycles";"Comfort Bicycles";1;551.99;0.07;7.0;551.99;38.6393;513.3507
1065;25;"2017-08-17";2017;8;"2017-08";"Baldwin Bikes";"Baldwin";"NY";"Sun Bicycles Streamway 3 - 2017";"Sun Bicycles";"Comfort Bicycles";2;551.99;0.05;5.0;1103.98;55.199;1048.781
1131;1178;"2017-09-18";2017;9;"2017-09";"Santa Cruz Bikes";"Santa Cruz";"CA";"Sun Bicycles Streamway 3 - 2017";"Sun Bicycles";"Comfort Bicycles";2;551.99;0.05;5.0;1103.98;55.199;1048.781
1153;720;"2017-09-30";2017;9;"2017-09";"Baldwin Bikes";"Baldwin";"NY";"Sun Bicycles Streamway 3 - 2017";"Sun Bicycles";"Comfort Bicycles";1;551.99;0.1;10.0;551.99;55.199;496.791
1164;1067;"2017-10-01";2017;10;"2017-10";"Baldwin Bikes";"Baldwin";"NY";"Sun Bicycles Streamway 3 - 2017";"Sun Bicycles";"Comfort Bicycles";2;551.99;0.05;5.0;1103.98;55.199;1048.781
1166;286;"2017-10-03";2017;10;"2017-10";"Baldwin Bikes";"Baldwin";"NY";"Sun Bicycles Streamway 3 - 2017";"Sun Bicycles";"Comfort Bicycles";2;551.99;0.07;7.0;1103.98;77.2786;1026.7014
1173;548;"2017-10-08";2017;10;"2017-10";"Baldwin Bikes";"Baldwin";"NY";"Sun Bicycles Streamway 3 - 2017";"Sun Bicycles";"Comfort Bicycles";2;551.99;0.2;20.0;1103.98;220.796;883.184
1207;1002;"2017-10-26";2017;10;"2017-10";"Baldwin Bikes";"Baldwin";"NY";"Sun Bicycles Streamway 3 - 2017";"Sun Bicycles";"Comfort Bicycles";1;551.99;0.1;10.0;551.99;55.199;496.791
1223;1207;"2017-11-02";2017;11;"2017-11";"Baldwin Bikes";"Baldwin";"NY";"Sun Bicycles Streamway 3 - 2017";"Sun Bicycles";"Comfort Bicycles";1;551.99;0.05;5.0;551.99;27.5995;524.3905
1278;980;"2017-12-01";2017;12;"2017-12";"Baldwin Bikes";"Baldwin";"NY";"Sun Bicycles Streamway 3 - 2017";"Sun Bicycles";"Comfort Bicycles";2;551.99;0.1;10.0;1103.98;110.398;993.582
1287;279;"2017-12-07";2017;12;"2017-12";"Santa Cruz Bikes";"Santa Cruz";"CA";"Sun Bicycles Streamway 3 - 2017";"Sun Bicycles";"Comfort Bicycles";1;551.99;0.1;10.0;551.99;55.199;496.791
1306;28;"2017-12-20";2017;12;"2017-12";"Baldwin Bikes";"Baldwin";"NY";"Sun Bicycles Streamway 3 - 2017";"Sun Bicycles";"Comfort Bicycles";2;551.99;0.05;5.0;1103.98;55.199;1048.781
1344;916;"2018-01-13";2018;1;"2018-01";"Baldwin Bikes";"Baldwin";"NY";"Sun Bicycles Streamway 3 - 2017";"Sun Bicycles";"Comfort Bicycles";2;551.99;0.2;20.0;1103.98;220.796;883.184
1527;13;"2018-04-12";2018;4;"2018-04";"Rowlett Bikes";"Rowlett";"TX";"Sun Bicycles Streamway 3 - 2017";"Sun Bicycles";"Comfort Bicycles";1;551.99;0.05;5.0;551.99;27.5995;524.3905
670;361;"2017-01-24";2017;1;"2017-01";"Baldwin Bikes";"Baldwin";"NY";"Sun Bicycles Streamway - 2017";"Sun Bicycles";"Comfort Bicycles";2;481.99;0.2;20.0;963.98;192.796;771.184
676;790;"2017-01-28";2017;1;"2017-01";"Baldwin Bikes";"Baldwin";"NY";"Sun Bicycles Streamway - 2017";"Sun Bicycles";"Comfort Bicycles";2;481.99;0.07;7.0;963.98;67.4786;896.5014
686;380;"2017-02-01";2017;2;"2017-02";"Baldwin Bikes";"Baldwin";"NY";"Sun Bicycles Streamway - 2017";"Sun Bicycles";"Comfort Bicycles";1;481.99;0.2;20.0;481.99;96.398;385.592
693;1233;"2017-02-05";2017;2;"2017-02";"Santa Cruz Bikes";"Santa Cruz";"CA";"Sun Bicycles Streamway - 2017";"Sun Bicycles";"Comfort Bicycles";2;481.99;0.2;20.0;963.98;192.796;771.184
702;1352;"2017-02-08";2017;2;"2017-02";"Santa Cruz Bikes";"Santa Cruz";"CA";"Sun Bicycles Streamway - 2017";"Sun Bicycles";"Comfort Bicycles";1;481.99;0.1;10.0;481.99;48.199;433.791
722;1399;"2017-02-18";2017;2;"2017-02";"Baldwin Bikes";"Baldwin";"NY";"Sun Bicycles Streamway - 2017";"Sun Bicycles";"Comfort Bicycles";2;481.99;0.1;10.0;963.98;96.398;867.582
1024;837;"2017-07-23";2017;7;"2017-07";"Baldwin Bikes";"Baldwin";"NY";"Sun Bicycles Streamway - 2017";"Sun Bicycles";"Comfort Bicycles";1;481.99;0.2;20.0;481.99;96.398;385.592
1045;185;"2017-08-07";2017;8;"2017-08";"Rowlett Bikes";"Rowlett";"TX";"Sun Bicycles Streamway - 2017";"Sun Bicycles";"Comfort Bicycles";2;481.99;0.05;5.0;963.98;48.199;915.781
1119;749;"2017-09-10";2017;9;"2017-09";"Santa Cruz Bikes";"Santa Cruz";"CA";"Sun Bicycles Streamway - 2017";"Sun Bicycles";"Comfort Bicycles";1;481.99;0.2;20.0;481.99;96.398;385.592
1150;1183;"2017-09-28";2017;9;"2017-09";"Baldwin Bikes";"Baldwin";"NY";"Sun Bicycles Streamway - 2017";"Sun Bicycles";"Comfort Bicycles";2;481.99;0.07;7.0;963.98;67.4786;896.5014
1172;1339;"2017-10-07";2017;10;"2017-10";"Baldwin Bikes";"Baldwin";"NY";"Sun Bicycles Streamway - 2017";"Sun Bicycles";"Comfort Bicycles";1;481.99;0.2;20.0;481.99;96.398;385.592
1207;1002;"2017-10-26";2017;10;"2017-10";"Baldwin Bikes";"Baldwin";"NY";"Sun Bicycles Streamway - 2017";"Sun Bicycles";"Comfort Bicycles";1;481.99;0.05;5.0;481.99;24.0995;457.8905
1249;545;"2017-11-17";2017;11;"2017-11";"Baldwin Bikes";"Baldwin";"NY";"Sun Bicycles Streamway - 2017";"Sun Bicycles";"Comfort Bicycles";1;481.99;0.05;5.0;481.99;24.0995;457.8905
1297;108;"2017-12-14";2017;12;"2017-12";"Baldwin Bikes";"Baldwin";"NY";"Sun Bicycles Streamway - 2017";"Sun Bicycles";"Comfort Bicycles";2;481.99;0.07;7.0;963.98;67.4786;896.5014
1315;931;"2017-12-25";2017;12;"2017-12";"Rowlett Bikes";"Rowlett";"TX";"Sun Bicycles Streamway - 2017";"Sun Bicycles";"Comfort Bicycles";2;481.99;0.07;7.0;963.98;67.4786;896.5014
1320;244;"2017-12-28";2017;12;"2017-12";"Santa Cruz Bikes";"Santa Cruz";"CA";"Sun Bicycles Streamway - 2017";"Sun Bicycles";"Comfort Bicycles";1;481.99;0.1;10.0;481.99;48.199;433.791
1322;39;"2017-12-31";2017;12;"2017-12";"Baldwin Bikes";"Baldwin";"NY";"Sun Bicycles Streamway - 2017";"Sun Bicycles";"Comfort Bicycles";2;481.99;0.05;5.0;963.98;48.199;915.781
1390;63;"2018-02-12";2018;2;"2018-02";"Baldwin Bikes";"Baldwin";"NY";"Sun Bicycles Streamway - 2017";"Sun Bicycles";"Comfort Bicycles";1;481.99;0.05;5.0;481.99;24.0995;457.8905
1587;231;"2018-04-26";2018;4;"2018-04";"Santa Cruz Bikes";"Santa Cruz";"CA";"Sun Bicycles Streamway - 2017";"Sun Bicycles";"Comfort Bicycles";1;481.99;0.1;10.0;481.99;48.199;433.791
1599;49;"2018-04-29";2018;4;"2018-04";"Baldwin Bikes";"Baldwin";"NY";"Sun Bicycles Streamway - 2017";"Sun Bicycles";"Comfort Bicycles";2;481.99;0.2;20.0;963.98;192.796;771.184
677;809;"2017-01-28";2017;1;"2017-01";"Baldwin Bikes";"Baldwin";"NY";"Sun Bicycles Streamway 7 - 2017";"Sun Bicycles";"Comfort Bicycles";2;533.99;0.07;7.0;1067.98;74.7586;993.2214
753;1201;"2017-03-05";2017;3;"2017-03";"Baldwin Bikes";"Baldwin";"NY";"Sun Bicycles Streamway 7 - 2017";"Sun Bicycles";"Comfort Bicycles";2;533.99;0.07;7.0;1067.98;74.7586;993.2214
815;1251;"2017-04-03";2017;4;"2017-04";"Santa Cruz Bikes";"Santa Cruz";"CA";"Sun Bicycles Streamway 7 - 2017";"Sun Bicycles";"Comfort Bicycles";2;533.99;0.2;20.0;1067.98;213.596;854.384
817;301;"2017-04-04";2017;4;"2017-04";"Baldwin Bikes";"Baldwin";"NY";"Sun Bicycles Streamway 7 - 2017";"Sun Bicycles";"Comfort Bicycles";2;533.99;0.07;7.0;1067.98;74.7586;993.2214
829;674;"2017-04-09";2017;4;"2017-04";"Baldwin Bikes";"Baldwin";"NY";"Sun Bicycles Streamway 7 - 2017";"Sun Bicycles";"Comfort Bicycles";2;533.99;0.1;10.0;1067.98;106.798;961.182
890;171;"2017-05-15";2017;5;"2017-05";"Baldwin Bikes";"Baldwin";"NY";"Sun Bicycles Streamway 7 - 2017";"Sun Bicycles";"Comfort Bicycles";2;533.99;0.1;10.0;1067.98;106.798;961.182
897;47;"2017-05-20";2017;5;"2017-05";"Santa Cruz Bikes";"Santa Cruz";"CA";"Sun Bicycles Streamway 7 - 2017";"Sun Bicycles";"Comfort Bicycles";1;533.99;0.05;5.0;533.99;26.6995;507.2905
945;167;"2017-06-14";2017;6;"2017-06";"Baldwin Bikes";"Baldwin";"NY";"Sun Bicycles Streamway 7 - 2017";"Sun Bicycles";"Comfort Bicycles";1;533.99;0.05;5.0;533.99;26.6995;507.2905
961;82;"2017-06-19";2017;6;"2017-06";"Santa Cruz Bikes";"Santa Cruz";"CA";"Sun Bicycles Streamway 7 - 2017";"Sun Bicycles";"Comfort Bicycles";1;533.99;0.1;10.0;533.99;53.399;480.591
997;485;"2017-07-11";2017;7;"2017-07";"Baldwin Bikes";"Baldwin";"NY";"Sun Bicycles Streamway 7 - 2017";"Sun Bicycles";"Comfort Bicycles";2;533.99;0.2;20.0;1067.98;213.596;854.384
998;219;"2017-07-12";2017;7;"2017-07";"Baldwin Bikes";"Baldwin";"NY";"Sun Bicycles Streamway 7 - 2017";"Sun Bicycles";"Comfort Bicycles";1;533.99;0.2;20.0;533.99;106.798;427.192
1057;456;"2017-08-12";2017;8;"2017-08";"Baldwin Bikes";"Baldwin";"NY";"Sun Bicycles Streamway 7 - 2017";"Sun Bicycles";"Comfort Bicycles";1;533.99;0.2;20.0;533.99;106.798;427.192
1101;379;"2017-08-29";2017;8;"2017-08";"Baldwin Bikes";"Baldwin";"NY";"Sun Bicycles Streamway 7 - 2017";"Sun Bicycles";"Comfort Bicycles";1;533.99;0.07;7.0;533.99;37.3793;496.6107
1108;735;"2017-09-03";2017;9;"2017-09";"Santa Cruz Bikes";"Santa Cruz";"CA";"Sun Bicycles Streamway 7 - 2017";"Sun Bicycles";"Comfort Bicycles";1;533.99;0.07;7.0;533.99;37.3793;496.6107
1136;1050;"2017-09-20";2017;9;"2017-09";"Baldwin Bikes";"Baldwin";"NY";"Sun Bicycles Streamway 7 - 2017";"Sun Bicycles";"Comfort Bicycles";1;533.99;0.1;10.0;533.99;53.399;480.591
1138;254;"2017-09-21";2017;9;"2017-09";"Santa Cruz Bikes";"Santa Cruz";"CA";"Sun Bicycles Streamway 7 - 2017";"Sun Bicycles";"Comfort Bicycles";2;533.99;0.05;5.0;1067.98;53.399;1014.581
1145;617;"2017-09-25";2017;9;"2017-09";"Baldwin Bikes";"Baldwin";"NY";"Sun Bicycles Streamway 7 - 2017";"Sun Bicycles";"Comfort Bicycles";2;533.99;0.07;7.0;1067.98;74.7586;993.2214
1194;192;"2017-10-19";2017;10;"2017-10";"Santa Cruz Bikes";"Santa Cruz";"CA";"Sun Bicycles Streamway 7 - 2017";"Sun Bicycles";"Comfort Bicycles";2;533.99;0.1;10.0;1067.98;106.798;961.182
1198;1289;"2017-10-22";2017;10;"2017-10";"Baldwin Bikes";"Baldwin";"NY";"Sun Bicycles Streamway 7 - 2017";"Sun Bicycles";"Comfort Bicycles";1;533.99;0.05;5.0;533.99;26.6995;507.2905
1205;1091;"2017-10-26";2017;10;"2017-10";"Santa Cruz Bikes";"Santa Cruz";"CA";"Sun Bicycles Streamway 7 - 2017";"Sun Bicycles";"Comfort Bicycles";2;533.99;0.2;20.0;1067.98;213.596;854.384
1301;1088;"2017-12-16";2017;12;"2017-12";"Santa Cruz Bikes";"Santa Cruz";"CA";"Sun Bicycles Streamway 7 - 2017";"Sun Bicycles";"Comfort Bicycles";2;533.99;0.1;10.0;1067.98;106.798;961.182
1458;1029;"2018-03-20";2018;3;"2018-03";"Rowlett Bikes";"Rowlett";"TX";"Sun Bicycles Streamway 7 - 2017";"Sun Bicycles";"Comfort Bicycles";1;533.99;0.05;5.0;533.99;26.6995;507.2905
1568;192;"2018-04-21";2018;4;"2018-04";"Santa Cruz Bikes";"Santa Cruz";"CA";"Sun Bicycles Streamway 7 - 2017";"Sun Bicycles";"Comfort Bicycles";1;533.99;0.07;7.0;533.99;37.3793;496.6107
1594;45;"2018-04-28";2018;4;"2018-04";"Baldwin Bikes";"Baldwin";"NY";"Sun Bicycles Streamway 7 - 2017";"Sun Bicycles";"Comfort Bicycles";1;533.99;0.1;10.0;533.99;53.399;480.591
1609;10;"2018-08-23";2018;8;"2018-08";"Baldwin Bikes";"Baldwin";"NY";"Sun Bicycles Streamway 7 - 2017";"Sun Bicycles";"Comfort Bicycles";1;533.99;0.2;20.0;533.99;106.798;427.192
637;512;"2017-01-03";2017;1;"2017-01";"Baldwin Bikes";"Baldwin";"NY";"Sun Bicycles Cruz 3 - 2017";"Sun Bicycles";"Comfort Bicycles";2;449.99;0.1;10.0;899.98;89.998;809.982
640;1093;"2017-01-06";2017;1;"2017-01";"Baldwin Bikes";"Baldwin";"NY";"Sun Bicycles Cruz 3 - 2017";"Sun Bicycles";"Comfort Bicycles";2;449.99;0.05;5.0;899.98;44.999;854.981
662;1125;"2017-01-19";2017;1;"2017-01";"Santa Cruz Bikes";"Santa Cruz";"CA";"Sun Bicycles Cruz 3 - 2017";"Sun Bicycles";"Comfort Bicycles";2;449.99;0.07;7.0;899.98;62.9986;836.9814
663;344;"2017-01-20";2017;1;"2017-01";"Santa Cruz Bikes";"Santa Cruz";"CA";"Sun Bicycles Cruz 3 - 2017";"Sun Bicycles";"Comfort Bicycles";1;449.99;0.2;20.0;449.99;89.998;359.992
699;958;"2017-02-06";2017;2;"2017-02";"Rowlett Bikes";"Rowlett";"TX";"Sun Bicycles Cruz 3 - 2017";"Sun Bicycles";"Comfort Bicycles";2;449.99;0.1;10.0;899.98;89.998;809.982
707;79;"2017-02-09";2017;2;"2017-02";"Baldwin Bikes";"Baldwin";"NY";"Sun Bicycles Cruz 3 - 2017";"Sun Bicycles";"Comfort Bicycles";2;449.99;0.05;5.0;899.98;44.999;854.981
840;372;"2017-04-15";2017;4;"2017-04";"Baldwin Bikes";"Baldwin";"NY";"Sun Bicycles Cruz 3 - 2017";"Sun Bicycles";"Comfort Bicycles";2;449.99;0.2;20.0;899.98;179.996;719.984
869;844;"2017-05-01";2017;5;"2017-05";"Baldwin Bikes";"Baldwin";"NY";"Sun Bicycles Cruz 3 - 2017";"Sun Bicycles";"Comfort Bicycles";2;449.99;0.05;5.0;899.98;44.999;854.981
871;358;"2017-05-02";2017;5;"2017-05";"Baldwin Bikes";"Baldwin";"NY";"Sun Bicycles Cruz 3 - 2017";"Sun Bicycles";"Comfort Bicycles";1;449.99;0.2;20.0;449.99;89.998;359.992
885;66;"2017-05-13";2017;5;"2017-05";"Rowlett Bikes";"Rowlett";"TX";"Sun Bicycles Cruz 3 - 2017";"Sun Bicycles";"Comfort Bicycles";1;449.99;0.07;7.0;449.99;31.4993;418.4907
895;857;"2017-05-18";2017;5;"2017-05";"Baldwin Bikes";"Baldwin";"NY";"Sun Bicycles Cruz 3 - 2017";"Sun Bicycles";"Comfort Bicycles";1;449.99;0.07;7.0;449.99;31.4993;418.4907
911;887;"2017-05-26";2017;5;"2017-05";"Baldwin Bikes";"Baldwin";"NY";"Sun Bicycles Cruz 3 - 2017";"Sun Bicycles";"Comfort Bicycles";1;449.99;0.05;5.0;449.99;22.4995;427.4905
914;1068;"2017-05-28";2017;5;"2017-05";"Santa Cruz Bikes";"Santa Cruz";"CA";"Sun Bicycles Cruz 3 - 2017";"Sun Bicycles";"Comfort Bicycles";1;449.99;0.05;5.0;449.99;22.4995;427.4905
978;1123;"2017-06-26";2017;6;"2017-06";"Baldwin Bikes";"Baldwin";"NY";"Sun Bicycles Cruz 3 - 2017";"Sun Bicycles";"Comfort Bicycles";2;449.99;0.05;5.0;899.98;44.999;854.981
999;590;"2017-07-12";2017;7;"2017-07";"Baldwin Bikes";"Baldwin";"NY";"Sun Bicycles Cruz 3 - 2017";"Sun Bicycles";"Comfort Bicycles";1;449.99;0.05;5.0;449.99;22.4995;427.4905
1007;1115;"2017-07-16";2017;7;"2017-07";"Baldwin Bikes";"Baldwin";"NY";"Sun Bicycles Cruz 3 - 2017";"Sun Bicycles";"Comfort Bicycles";2;449.99;0.1;10.0;899.98;89.998;809.982
1097;1311;"2017-08-27";2017;8;"2017-08";"Baldwin Bikes";"Baldwin";"NY";"Sun Bicycles Cruz 3 - 2017";"Sun Bicycles";"Comfort Bicycles";2;449.99;0.07;7.0;899.98;62.9986;836.9814
1103;1394;"2017-08-31";2017;8;"2017-08";"Baldwin Bikes";"Baldwin";"NY";"Sun Bicycles Cruz 3 - 2017";"Sun Bicycles";"Comfort Bicycles";1;449.99;0.2;20.0;449.99;89.998;359.992
1113;388;"2017-09-06";2017;9;"2017-09";"Baldwin Bikes";"Baldwin";"NY";"Sun Bicycles Cruz 3 - 2017";"Sun Bicycles";"Comfort Bicycles";1;449.99;0.07;7.0;449.99;31.4993;418.4907
1139;1006;"2017-09-21";2017;9;"2017-09";"Santa Cruz Bikes";"Santa Cruz";"CA";"Sun Bicycles Cruz 3 - 2017";"Sun Bicycles";"Comfort Bicycles";2;449.99;0.05;5.0;899.98;44.999;854.981
1174;1109;"2017-10-08";2017;10;"2017-10";"Baldwin Bikes";"Baldwin";"NY";"Sun Bicycles Cruz 3 - 2017";"Sun Bicycles";"Comfort Bicycles";1;449.99;0.1;10.0;449.99;44.999;404.991
1186;1120;"2017-10-14";2017;10;"2017-10";"Baldwin Bikes";"Baldwin";"NY";"Sun Bicycles Cruz 3 - 2017";"Sun Bicycles";"Comfort Bicycles";1;449.99;0.1;10.0;449.99;44.999;404.991
1197;269;"2017-10-21";2017;10;"2017-10";"Baldwin Bikes";"Baldwin";"NY";"Sun Bicycles Cruz 3 - 2017";"Sun Bicycles";"Comfort Bicycles";2;449.99;0.2;20.0;899.98;179.996;719.984
1217;1155;"2017-10-28";2017;10;"2017-10";"Baldwin Bikes";"Baldwin";"NY";"Sun Bicycles Cruz 3 - 2017";"Sun Bicycles";"Comfort Bicycles";2;449.99;0.05;5.0;899.98;44.999;854.981
1387;11;"2018-02-09";2018;2;"2018-02";"Baldwin Bikes";"Baldwin";"NY";"Sun Bicycles Cruz 3 - 2017";"Sun Bicycles";"Comfort Bicycles";1;449.99;0.1;10.0;449.99;44.999;404.991
1547;169;"2018-04-17";2018;4;"2018-04";"Santa Cruz Bikes";"Santa Cruz";"CA";"Sun Bicycles Cruz 3 - 2017";"Sun Bicycles";"Comfort Bicycles";2;449.99;0.2;20.0;899.98;179.996;719.984
1585;157;"2018-04-26";2018;4;"2018-04";"Santa Cruz Bikes";"Santa Cruz";"CA";"Sun Bicycles Cruz 3 - 2017";"Sun Bicycles";"Comfort Bicycles";2;449.99;0.1;10.0;899.98;89.998;809.982
685;976;"2017-01-31";2017;1;"2017-01";"Baldwin Bikes";"Baldwin";"NY";"Sun Bicycles Cruz 7 - 2017";"Sun Bicycles";"Comfort Bicycles";1;416.99;0.05;5.0;416.99;20.8495;396.1405
742;433;"2017-02-28";2017;2;"2017-02";"Rowlett Bikes";"Rowlett";"TX";"Sun Bicycles Cruz 7 - 2017";"Sun Bicycles";"Comfort Bicycles";2;416.99;0.05;5.0;833.98;41.699;792.281
820;725;"2017-04-05";2017;4;"2017-04";"Baldwin Bikes";"Baldwin";"NY";"Sun Bicycles Cruz 7 - 2017";"Sun Bicycles";"Comfort Bicycles";1;416.99;0.05;5.0;416.99;20.8495;396.1405
821;1181;"2017-04-05";2017;4;"2017-04";"Baldwin Bikes";"Baldwin";"NY";"Sun Bicycles Cruz 7 - 2017";"Sun Bicycles";"Comfort Bicycles";1;416.99;0.05;5.0;416.99;20.8495;396.1405
871;358;"2017-05-02";2017;5;"2017-05";"Baldwin Bikes";"Baldwin";"NY";"Sun Bicycles Cruz 7 - 2017";"Sun Bicycles";"Comfort Bicycles";2;416.99;0.05;5.0;833.98;41.699;792.281
876;1046;"2017-05-05";2017;5;"2017-05";"Baldwin Bikes";"Baldwin";"NY";"Sun Bicycles Cruz 7 - 2017";"Sun Bicycles";"Comfort Bicycles";2;416.99;0.05;5.0;833.98;41.699;792.281
891;384;"2017-05-15";2017;5;"2017-05";"Baldwin Bikes";"Baldwin";"NY";"Sun Bicycles Cruz 7 - 2017";"Sun Bicycles";"Comfort Bicycles";2;416.99;0.1;10.0;833.98;83.398;750.582
939;1407;"2017-06-11";2017;6;"2017-06";"Baldwin Bikes";"Baldwin";"NY";"Sun Bicycles Cruz 7 - 2017";"Sun Bicycles";"Comfort Bicycles";2;416.99;0.2;20.0;833.98;166.796;667.184
1094;828;"2017-08-25";2017;8;"2017-08";"Baldwin Bikes";"Baldwin";"NY";"Sun Bicycles Cruz 7 - 2017";"Sun Bicycles";"Comfort Bicycles";1;416.99;0.2;20.0;416.99;83.398;333.592
1168;1031;"2017-10-04";2017;10;"2017-10";"Baldwin Bikes";"Baldwin";"NY";"Sun Bicycles Cruz 7 - 2017";"Sun Bicycles";"Comfort Bicycles";2;416.99;0.2;20.0;833.98;166.796;667.184
1240;903;"2017-11-10";2017;11;"2017-11";"Baldwin Bikes";"Baldwin";"NY";"Sun Bicycles Cruz 7 - 2017";"Sun Bicycles";"Comfort Bicycles";2;416.99;0.1;10.0;833.98;83.398;750.582
1321;217;"2017-12-30";2017;12;"2017-12";"Santa Cruz Bikes";"Santa Cruz";"CA";"Sun Bicycles Cruz 7 - 2017";"Sun Bicycles";"Comfort Bicycles";1;416.99;0.1;10.0;416.99;41.699;375.291
1329;443;"2018-01-04";2018;1;"2018-01";"Santa Cruz Bikes";"Santa Cruz";"CA";"Sun Bicycles Cruz 7 - 2017";"Sun Bicycles";"Comfort Bicycles";1;416.99;0.05;5.0;416.99;20.8495;396.1405
1353;502;"2018-01-17";2018;1;"2018-01";"Baldwin Bikes";"Baldwin";"NY";"Sun Bicycles Cruz 7 - 2017";"Sun Bicycles";"Comfort Bicycles";2;416.99;0.05;5.0;833.98;41.699;792.281
1544;5;"2018-04-17";2018;4;"2018-04";"Santa Cruz Bikes";"Santa Cruz";"CA";"Sun Bicycles Cruz 7 - 2017";"Sun Bicycles";"Comfort Bicycles";2;416.99;0.2;20.0;833.98;166.796;667.184
1593;9;"2018-04-27";2018;4;"2018-04";"Baldwin Bikes";"Baldwin";"NY";"Sun Bicycles Cruz 7 - 2017";"Sun Bicycles";"Comfort Bicycles";1;416.99;0.05;5.0;416.99;20.8495;396.1405
670;361;"2017-01-24";2017;1;"2017-01";"Baldwin Bikes";"Baldwin";"NY";"Sun Bicycles Cruz 3 - Women's - 2017";"Sun Bicycles";"Comfort Bicycles";1;449.99;0.1;10.0;449.99;44.999;404.991
713;207;"2017-02-13";2017;2;"2017-02";"Rowlett Bikes";"Rowlett";"TX";"Sun Bicycles Cruz 3 - Women's - 2017";"Sun Bicycles";"Comfort Bicycles";2;449.99;0.07;7.0;899.98;62.9986;836.9814
723;845;"2017-02-19";2017;2;"2017-02";"Baldwin Bikes";"Baldwin";"NY";"Sun Bicycles Cruz 3 - Women's - 2017";"Sun Bicycles";"Comfort Bicycles";1;449.99;0.07;7.0;449.99;31.4993;418.4907
827;666;"2017-04-07";2017;4;"2017-04";"Baldwin Bikes";"Baldwin";"NY";"Sun Bicycles Cruz 3 - Women's - 2017";"Sun Bicycles";"Comfort Bicycles";1;449.99;0.2;20.0;449.99;89.998;359.992
836;455;"2017-04-13";2017;4;"2017-04";"Baldwin Bikes";"Baldwin";"NY";"Sun Bicycles Cruz 3 - Women's - 2017";"Sun Bicycles";"Comfort Bicycles";2;449.99;0.2;20.0;899.98;179.996;719.984
882;196;"2017-05-09";2017;5;"2017-05";"Baldwin Bikes";"Baldwin";"NY";"Sun Bicycles Cruz 3 - Women's - 2017";"Sun Bicycles";"Comfort Bicycles";2;449.99;0.2;20.0;899.98;179.996;719.984
900;971;"2017-05-20";2017;5;"2017-05";"Baldwin Bikes";"Baldwin";"NY";"Sun Bicycles Cruz 3 - Women's - 2017";"Sun Bicycles";"Comfort Bicycles";1;449.99;0.07;7.0;449.99;31.4993;418.4907
937;73;"2017-06-11";2017;6;"2017-06";"Baldwin Bikes";"Baldwin";"NY";"Sun Bicycles Cruz 3 - Women's - 2017";"Sun Bicycles";"Comfort Bicycles";2;449.99;0.1;10.0;899.98;89.998;809.982
957;722;"2017-06-17";2017;6;"2017-06";"Rowlett Bikes";"Rowlett";"TX";"Sun Bicycles Cruz 3 - Women's - 2017";"Sun Bicycles";"Comfort Bicycles";2;449.99;0.05;5.0;899.98;44.999;854.981
978;1123;"2017-06-26";2017;6;"2017-06";"Baldwin Bikes";"Baldwin";"NY";"Sun Bicycles Cruz 3 - Women's - 2017";"Sun Bicycles";"Comfort Bicycles";2;449.99;0.05;5.0;899.98;44.999;854.981
1028;1273;"2017-07-27";2017;7;"2017-07";"Baldwin Bikes";"Baldwin";"NY";"Sun Bicycles Cruz 3 - Women's - 2017";"Sun Bicycles";"Comfort Bicycles";1;449.99;0.2;20.0;449.99;89.998;359.992
1031;1308;"2017-07-30";2017;7;"2017-07";"Santa Cruz Bikes";"Santa Cruz";"CA";"Sun Bicycles Cruz 3 - Women's - 2017";"Sun Bicycles";"Comfort Bicycles";2;449.99;0.2;20.0;899.98;179.996;719.984
1086;220;"2017-08-21";2017;8;"2017-08";"Baldwin Bikes";"Baldwin";"NY";"Sun Bicycles Cruz 3 - Women's - 2017";"Sun Bicycles";"Comfort Bicycles";1;449.99;0.07;7.0;449.99;31.4993;418.4907
1142;554;"2017-09-23";2017;9;"2017-09";"Santa Cruz Bikes";"Santa Cruz";"CA";"Sun Bicycles Cruz 3 - Women's - 2017";"Sun Bicycles";"Comfort Bicycles";2;449.99;0.2;20.0;899.98;179.996;719.984
1178;771;"2017-10-12";2017;10;"2017-10";"Baldwin Bikes";"Baldwin";"NY";"Sun Bicycles Cruz 3 - Women's - 2017";"Sun Bicycles";"Comfort Bicycles";1;449.99;0.05;5.0;449.99;22.4995;427.4905
1197;269;"2017-10-21";2017;10;"2017-10";"Baldwin Bikes";"Baldwin";"NY";"Sun Bicycles Cruz 3 - Women's - 2017";"Sun Bicycles";"Comfort Bicycles";2;449.99;0.05;5.0;899.98;44.999;854.981
1211;19;"2017-10-27";2017;10;"2017-10";"Baldwin Bikes";"Baldwin";"NY";"Sun Bicycles Cruz 3 - Women's - 2017";"Sun Bicycles";"Comfort Bicycles";2;449.99;0.2;20.0;899.98;179.996;719.984
1224;544;"2017-11-03";2017;11;"2017-11";"Baldwin Bikes";"Baldwin";"NY";"Sun Bicycles Cruz 3 - Women's - 2017";"Sun Bicycles";"Comfort Bicycles";1;449.99;0.05;5.0;449.99;22.4995;427.4905
1267;467;"2017-11-25";2017;11;"2017-11";"Baldwin Bikes";"Baldwin";"NY";"Sun Bicycles Cruz 3 - Women's - 2017";"Sun Bicycles";"Comfort Bicycles";1;449.99;0.2;20.0;449.99;89.998;359.992
1303;878;"2017-12-16";2017;12;"2017-12";"Baldwin Bikes";"Baldwin";"NY";"Sun Bicycles Cruz 3 - Women's - 2017";"Sun Bicycles";"Comfort Bicycles";1;449.99;0.1;10.0;449.99;44.999;404.991
1543;76;"2018-04-16";2018;4;"2018-04";"Baldwin Bikes";"Baldwin";"NY";"Sun Bicycles Cruz 3 - Women's - 2017";"Sun Bicycles";"Comfort Bicycles";2;449.99;0.1;10.0;899.98;89.998;809.982
640;1093;"2017-01-06";2017;1;"2017-01";"Baldwin Bikes";"Baldwin";"NY";"Sun Bicycles Cruz 7 - Women's - 2017";"Sun Bicycles";"Comfort Bicycles";2;416.99;0.2;20.0;833.98;166.796;667.184
671;922;"2017-01-25";2017;1;"2017-01";"Baldwin Bikes";"Baldwin";"NY";"Sun Bicycles Cruz 7 - Women's - 2017";"Sun Bicycles";"Comfort Bicycles";2;416.99;0.07;7.0;833.98;58.3786;775.6014
690;1097;"2017-02-03";2017;2;"2017-02";"Santa Cruz Bikes";"Santa Cruz";"CA";"Sun Bicycles Cruz 7 - Women's - 2017";"Sun Bicycles";"Comfort Bicycles";2;416.99;0.2;20.0;833.98;166.796;667.184
758;953;"2017-03-06";2017;3;"2017-03";"Rowlett Bikes";"Rowlett";"TX";"Sun Bicycles Cruz 7 - Women's - 2017";"Sun Bicycles";"Comfort Bicycles";1;416.99;0.2;20.0;416.99;83.398;333.592
781;1018;"2017-03-15";2017;3;"2017-03";"Baldwin Bikes";"Baldwin";"NY";"Sun Bicycles Cruz 7 - Women's - 2017";"Sun Bicycles";"Comfort Bicycles";2;416.99;0.05;5.0;833.98;41.699;792.281
849;776;"2017-04-19";2017;4;"2017-04";"Santa Cruz Bikes";"Santa Cruz";"CA";"Sun Bicycles Cruz 7 - Women's - 2017";"Sun Bicycles";"Comfort Bicycles";1;416.99;0.2;20.0;416.99;83.398;333.592
865;974;"2017-04-29";2017;4;"2017-04";"Baldwin Bikes";"Baldwin";"NY";"Sun Bicycles Cruz 7 - Women's - 2017";"Sun Bicycles";"Comfort Bicycles";2;416.99;0.1;10.0;833.98;83.398;750.582
1010;8;"2017-07-18";2017;7;"2017-07";"Baldwin Bikes";"Baldwin";"NY";"Sun Bicycles Cruz 7 - Women's - 2017";"Sun Bicycles";"Comfort Bicycles";2;416.99;0.1;10.0;833.98;83.398;750.582
1033;582;"2017-07-30";2017;7;"2017-07";"Baldwin Bikes";"Baldwin";"NY";"Sun Bicycles Cruz 7 - Women's - 2017";"Sun Bicycles";"Comfort Bicycles";2;416.99;0.1;10.0;833.98;83.398;750.582
1069;493;"2017-08-17";2017;8;"2017-08";"Baldwin Bikes";"Baldwin";"NY";"Sun Bicycles Cruz 7 - Women's - 2017";"Sun Bicycles";"Comfort Bicycles";1;416.99;0.07;7.0;416.99;29.1893;387.8007
1087;675;"2017-08-22";2017;8;"2017-08";"Rowlett Bikes";"Rowlett";"TX";"Sun Bicycles Cruz 7 - Women's - 2017";"Sun Bicycles";"Comfort Bicycles";2;416.99;0.2;20.0;833.98;166.796;667.184
1124;275;"2017-09-13";2017;9;"2017-09";"Rowlett Bikes";"Rowlett";"TX";"Sun Bicycles Cruz 7 - Women's - 2017";"Sun Bicycles";"Comfort Bicycles";2;416.99;0.07;7.0;833.98;58.3786;775.6014
1142;554;"2017-09-23";2017;9;"2017-09";"Santa Cruz Bikes";"Santa Cruz";"CA";"Sun Bicycles Cruz 7 - Women's - 2017";"Sun Bicycles";"Comfort Bicycles";2;416.99;0.05;5.0;833.98;41.699;792.281
1199;318;"2017-10-23";2017;10;"2017-10";"Santa Cruz Bikes";"Santa Cruz";"CA";"Sun Bicycles Cruz 7 - Women's - 2017";"Sun Bicycles";"Comfort Bicycles";2;416.99;0.1;10.0;833.98;83.398;750.582
1286;1033;"2017-12-04";2017;12;"2017-12";"Baldwin Bikes";"Baldwin";"NY";"Sun Bicycles Cruz 7 - Women's - 2017";"Sun Bicycles";"Comfort Bicycles";2;416.99;0.2;20.0;833.98;166.796;667.184
1412;1043;"2018-03-01";2018;3;"2018-03";"Baldwin Bikes";"Baldwin";"NY";"Sun Bicycles Cruz 7 - Women's - 2017";"Sun Bicycles";"Comfort Bicycles";2;416.99;0.07;7.0;833.98;58.3786;775.6014
1440;859;"2018-03-15";2018;3;"2018-03";"Rowlett Bikes";"Rowlett";"TX";"Sun Bicycles Cruz 7 - Women's - 2017";"Sun Bicycles";"Comfort Bicycles";1;416.99;0.07;7.0;416.99;29.1893;387.8007
1452;287;"2018-03-20";2018;3;"2018-03";"Santa Cruz Bikes";"Santa Cruz";"CA";"Sun Bicycles Cruz 7 - Women's - 2017";"Sun Bicycles";"Comfort Bicycles";2;416.99;0.07;7.0;833.98;58.3786;775.6014
1464;1279;"2018-03-24";2018;3;"2018-03";"Baldwin Bikes";"Baldwin";"NY";"Sun Bicycles Cruz 7 - Women's - 2017";"Sun Bicycles";"Comfort Bicycles";2;416.99;0.05;5.0;833.98;41.699;792.281
1508;92;"2018-04-08";2018;4;"2018-04";"Baldwin Bikes";"Baldwin";"NY";"Sun Bicycles Cruz 7 - Women's - 2017";"Sun Bicycles";"Comfort Bicycles";1;416.99;0.1;10.0;416.99;41.699;375.291
654;1129;"2017-01-14";2017;1;"2017-01";"Baldwin Bikes";"Baldwin";"NY";"Sun Bicycles Drifter 7 - 2017";"Sun Bicycles";"Comfort Bicycles";2;470.99;0.07;7.0;941.98;65.9386;876.0414
747;87;"2017-03-03";2017;3;"2017-03";"Santa Cruz Bikes";"Santa Cruz";"CA";"Sun Bicycles Drifter 7 - 2017";"Sun Bicycles";"Comfort Bicycles";1;470.99;0.07;7.0;470.99;32.9693;438.0207
770;135;"2017-03-09";2017;3;"2017-03";"Rowlett Bikes";"Rowlett";"TX";"Sun Bicycles Drifter 7 - 2017";"Sun Bicycles";"Comfort Bicycles";1;470.99;0.05;5.0;470.99;23.5495;447.4405
942;537;"2017-06-13";2017;6;"2017-06";"Baldwin Bikes";"Baldwin";"NY";"Sun Bicycles Drifter 7 - 2017";"Sun Bicycles";"Comfort Bicycles";2;470.99;0.1;10.0;941.98;94.198;847.782
975;1092;"2017-06-25";2017;6;"2017-06";"Baldwin Bikes";"Baldwin";"NY";"Sun Bicycles Drifter 7 - 2017";"Sun Bicycles";"Comfort Bicycles";2;470.99;0.2;20.0;941.98;188.396;753.584
982;1423;"2017-06-26";2017;6;"2017-06";"Rowlett Bikes";"Rowlett";"TX";"Sun Bicycles Drifter 7 - 2017";"Sun Bicycles";"Comfort Bicycles";1;470.99;0.07;7.0;470.99;32.9693;438.0207
1070;596;"2017-08-17";2017;8;"2017-08";"Baldwin Bikes";"Baldwin";"NY";"Sun Bicycles Drifter 7 - 2017";"Sun Bicycles";"Comfort Bicycles";1;470.99;0.2;20.0;470.99;94.198;376.792
1121;143;"2017-09-11";2017;9;"2017-09";"Baldwin Bikes";"Baldwin";"NY";"Sun Bicycles Drifter 7 - 2017";"Sun Bicycles";"Comfort Bicycles";2;470.99;0.05;5.0;941.98;47.099;894.881
1174;1109;"2017-10-08";2017;10;"2017-10";"Baldwin Bikes";"Baldwin";"NY";"Sun Bicycles Drifter 7 - 2017";"Sun Bicycles";"Comfort Bicycles";2;470.99;0.2;20.0;941.98;188.396;753.584
1216;886;"2017-10-28";2017;10;"2017-10";"Baldwin Bikes";"Baldwin";"NY";"Sun Bicycles Drifter 7 - 2017";"Sun Bicycles";"Comfort Bicycles";2;470.99;0.07;7.0;941.98;65.9386;876.0414
1232;665;"2017-11-06";2017;11;"2017-11";"Santa Cruz Bikes";"Santa Cruz";"CA";"Sun Bicycles Drifter 7 - 2017";"Sun Bicycles";"Comfort Bicycles";2;470.99;0.05;5.0;941.98;47.099;894.881
1298;533;"2017-12-14";2017;12;"2017-12";"Rowlett Bikes";"Rowlett";"TX";"Sun Bicycles Drifter 7 - 2017";"Sun Bicycles";"Comfort Bicycles";2;470.99;0.07;7.0;941.98;65.9386;876.0414
1364;122;"2018-01-25";2018;1;"2018-01";"Baldwin Bikes";"Baldwin";"NY";"Sun Bicycles Drifter 7 - 2017";"Sun Bicycles";"Comfort Bicycles";1;470.99;0.07;7.0;470.99;32.9693;438.0207
1378;983;"2018-02-02";2018;2;"2018-02";"Santa Cruz Bikes";"Santa Cruz";"CA";"Sun Bicycles Drifter 7 - 2017";"Sun Bicycles";"Comfort Bicycles";1;470.99;0.07;7.0;470.99;32.9693;438.0207
1470;505;"2018-03-28";2018;3;"2018-03";"Baldwin Bikes";"Baldwin";"NY";"Sun Bicycles Drifter 7 - 2017";"Sun Bicycles";"Comfort Bicycles";2;470.99;0.1;10.0;941.98;94.198;847.782
1499;120;"2018-04-06";2018;4;"2018-04";"Santa Cruz Bikes";"Santa Cruz";"CA";"Sun Bicycles Drifter 7 - 2017";"Sun Bicycles";"Comfort Bicycles";1;470.99;0.05;5.0;470.99;23.5495;447.4405
716;672;"2017-02-15";2017;2;"2017-02";"Baldwin Bikes";"Baldwin";"NY";"Sun Bicycles Drifter 7 - Women's - 2017";"Sun Bicycles";"Comfort Bicycles";2;470.99;0.1;10.0;941.98;94.198;847.782
720;382;"2017-02-16";2017;2;"2017-02";"Baldwin Bikes";"Baldwin";"NY";"Sun Bicycles Drifter 7 - Women's - 2017";"Sun Bicycles";"Comfort Bicycles";1;470.99;0.07;7.0;470.99;32.9693;438.0207
766;141;"2017-03-09";2017;3;"2017-03";"Baldwin Bikes";"Baldwin";"NY";"Sun Bicycles Drifter 7 - Women's - 2017";"Sun Bicycles";"Comfort Bicycles";1;470.99;0.2;20.0;470.99;94.198;376.792
803;1105;"2017-03-28";2017;3;"2017-03";"Rowlett Bikes";"Rowlett";"TX";"Sun Bicycles Drifter 7 - Women's - 2017";"Sun Bicycles";"Comfort Bicycles";1;470.99;0.07;7.0;470.99;32.9693;438.0207
875;386;"2017-05-05";2017;5;"2017-05";"Santa Cruz Bikes";"Santa Cruz";"CA";"Sun Bicycles Drifter 7 - Women's - 2017";"Sun Bicycles";"Comfort Bicycles";1;470.99;0.2;20.0;470.99;94.198;376.792
957;722;"2017-06-17";2017;6;"2017-06";"Rowlett Bikes";"Rowlett";"TX";"Sun Bicycles Drifter 7 - Women's - 2017";"Sun Bicycles";"Comfort Bicycles";1;470.99;0.05;5.0;470.99;23.5495;447.4405
984;1287;"2017-06-27";2017;6;"2017-06";"Baldwin Bikes";"Baldwin";"NY";"Sun Bicycles Drifter 7 - Women's - 2017";"Sun Bicycles";"Comfort Bicycles";1;470.99;0.2;20.0;470.99;94.198;376.792
1000;645;"2017-07-12";2017;7;"2017-07";"Baldwin Bikes";"Baldwin";"NY";"Sun Bicycles Drifter 7 - Women's - 2017";"Sun Bicycles";"Comfort Bicycles";1;470.99;0.1;10.0;470.99;47.099;423.891
1001;354;"2017-07-13";2017;7;"2017-07";"Baldwin Bikes";"Baldwin";"NY";"Sun Bicycles Drifter 7 - Women's - 2017";"Sun Bicycles";"Comfort Bicycles";1;470.99;0.07;7.0;470.99;32.9693;438.0207
1028;1273;"2017-07-27";2017;7;"2017-07";"Baldwin Bikes";"Baldwin";"NY";"Sun Bicycles Drifter 7 - Women's - 2017";"Sun Bicycles";"Comfort Bicycles";2;470.99;0.1;10.0;941.98;94.198;847.782
1062;1210;"2017-08-15";2017;8;"2017-08";"Baldwin Bikes";"Baldwin";"NY";"Sun Bicycles Drifter 7 - Women's - 2017";"Sun Bicycles";"Comfort Bicycles";2;470.99;0.2;20.0;941.98;188.396;753.584
1075;1003;"2017-08-19";2017;8;"2017-08";"Santa Cruz Bikes";"Santa Cruz";"CA";"Sun Bicycles Drifter 7 - Women's - 2017";"Sun Bicycles";"Comfort Bicycles";2;470.99;0.05;5.0;941.98;47.099;894.881
1156;869;"2017-09-30";2017;9;"2017-09";"Baldwin Bikes";"Baldwin";"NY";"Sun Bicycles Drifter 7 - Women's - 2017";"Sun Bicycles";"Comfort Bicycles";2;470.99;0.05;5.0;941.98;47.099;894.881
1269;1236;"2017-11-26";2017;11;"2017-11";"Baldwin Bikes";"Baldwin";"NY";"Sun Bicycles Drifter 7 - Women's - 2017";"Sun Bicycles";"Comfort Bicycles";1;470.99;0.1;10.0;470.99;47.099;423.891
1282;320;"2017-12-03";2017;12;"2017-12";"Baldwin Bikes";"Baldwin";"NY";"Sun Bicycles Drifter 7 - Women's - 2017";"Sun Bicycles";"Comfort Bicycles";1;470.99;0.05;5.0;470.99;23.5495;447.4405
1318;75;"2017-12-27";2017;12;"2017-12";"Baldwin Bikes";"Baldwin";"NY";"Sun Bicycles Drifter 7 - Women's - 2017";"Sun Bicycles";"Comfort Bicycles";1;470.99;0.2;20.0;470.99;94.198;376.792
1457;1411;"2018-03-20";2018;3;"2018-03";"Baldwin Bikes";"Baldwin";"NY";"Sun Bicycles Drifter 7 - Women's - 2017";"Sun Bicycles";"Comfort Bicycles";1;470.99;0.2;20.0;470.99;94.198;376.792
1577;48;"2018-04-23";2018;4;"2018-04";"Baldwin Bikes";"Baldwin";"NY";"Sun Bicycles Drifter 7 - Women's - 2017";"Sun Bicycles";"Comfort Bicycles";2;470.99;0.1;10.0;941.98;94.198;847.782
667;858;"2017-01-22";2017;1;"2017-01";"Baldwin Bikes";"Baldwin";"NY";"Sun Bicycles Lil Kitt'n - 2017";"Sun Bicycles";"Children Bicycles";1;109.99;0.1;10.0;109.99;10.999;98.991
690;1097;"2017-02-03";2017;2;"2017-02";"Santa Cruz Bikes";"Santa Cruz";"CA";"Sun Bicycles Lil Kitt'n - 2017";"Sun Bicycles";"Children Bicycles";1;109.99;0.2;20.0;109.99;21.998;87.992
701;850;"2017-02-07";2017;2;"2017-02";"Rowlett Bikes";"Rowlett";"TX";"Sun Bicycles Lil Kitt'n - 2017";"Sun Bicycles";"Children Bicycles";1;109.99;0.05;5.0;109.99;5.4995;104.4905
733;832;"2017-02-26";2017;2;"2017-02";"Baldwin Bikes";"Baldwin";"NY";"Sun Bicycles Lil Kitt'n - 2017";"Sun Bicycles";"Children Bicycles";1;109.99;0.05;5.0;109.99;5.4995;104.4905
734;939;"2017-02-26";2017;2;"2017-02";"Rowlett Bikes";"Rowlett";"TX";"Sun Bicycles Lil Kitt'n - 2017";"Sun Bicycles";"Children Bicycles";2;109.99;0.2;20.0;219.98;43.996;175.984
907;120;"2017-05-24";2017;5;"2017-05";"Santa Cruz Bikes";"Santa Cruz";"CA";"Sun Bicycles Lil Kitt'n - 2017";"Sun Bicycles";"Children Bicycles";2;109.99;0.07;7.0;219.98;15.3986;204.5814
989;1145;"2017-07-02";2017;7;"2017-07";"Baldwin Bikes";"Baldwin";"NY";"Sun Bicycles Lil Kitt'n - 2017";"Sun Bicycles";"Children Bicycles";2;109.99;0.07;7.0;219.98;15.3986;204.5814
1037;1229;"2017-07-31";2017;7;"2017-07";"Baldwin Bikes";"Baldwin";"NY";"Sun Bicycles Lil Kitt'n - 2017";"Sun Bicycles";"Children Bicycles";2;109.99;0.05;5.0;219.98;10.999;208.981
1137;810;"2017-09-20";2017;9;"2017-09";"Rowlett Bikes";"Rowlett";"TX";"Sun Bicycles Lil Kitt'n - 2017";"Sun Bicycles";"Children Bicycles";2;109.99;0.2;20.0;219.98;43.996;175.984
1194;192;"2017-10-19";2017;10;"2017-10";"Santa Cruz Bikes";"Santa Cruz";"CA";"Sun Bicycles Lil Kitt'n - 2017";"Sun Bicycles";"Children Bicycles";1;109.99;0.05;5.0;109.99;5.4995;104.4905
1202;593;"2017-10-24";2017;10;"2017-10";"Baldwin Bikes";"Baldwin";"NY";"Sun Bicycles Lil Kitt'n - 2017";"Sun Bicycles";"Children Bicycles";2;109.99;0.05;5.0;219.98;10.999;208.981
1210;730;"2017-10-26";2017;10;"2017-10";"Rowlett Bikes";"Rowlett";"TX";"Sun Bicycles Lil Kitt'n - 2017";"Sun Bicycles";"Children Bicycles";1;109.99;0.1;10.0;109.99;10.999;98.991
1252;110;"2017-11-18";2017;11;"2017-11";"Santa Cruz Bikes";"Santa Cruz";"CA";"Sun Bicycles Lil Kitt'n - 2017";"Sun Bicycles";"Children Bicycles";1;109.99;0.2;20.0;109.99;21.998;87.992
1334;425;"2018-01-07";2018;1;"2018-01";"Baldwin Bikes";"Baldwin";"NY";"Sun Bicycles Lil Kitt'n - 2017";"Sun Bicycles";"Children Bicycles";2;109.99;0.1;10.0;219.98;21.998;197.982
1472;114;"2018-03-29";2018;3;"2018-03";"Baldwin Bikes";"Baldwin";"NY";"Sun Bicycles Lil Kitt'n - 2017";"Sun Bicycles";"Children Bicycles";1;109.99;0.2;20.0;109.99;21.998;87.992
1473;302;"2018-03-30";2018;3;"2018-03";"Santa Cruz Bikes";"Santa Cruz";"CA";"Sun Bicycles Lil Kitt'n - 2017";"Sun Bicycles";"Children Bicycles";2;109.99;0.2;20.0;219.98;43.996;175.984
657;349;"2017-01-17";2017;1;"2017-01";"Santa Cruz Bikes";"Santa Cruz";"CA";"Surly Steamroller - 2017";"Surly";"Road Bikes";1;875.99;0.05;5.0;875.99;43.7995;832.1905
664;681;"2017-01-20";2017;1;"2017-01";"Baldwin Bikes";"Baldwin";"NY";"Surly Steamroller - 2017";"Surly";"Road Bikes";2;875.99;0.07;7.0;1751.98;122.6386;1629.3414
678;250;"2017-01-28";2017;1;"2017-01";"Rowlett Bikes";"Rowlett";"TX";"Surly Steamroller - 2017";"Surly";"Road Bikes";2;875.99;0.05;5.0;1751.98;87.599;1664.381
737;694;"2017-02-27";2017;2;"2017-02";"Baldwin Bikes";"Baldwin";"NY";"Surly Steamroller - 2017";"Surly";"Road Bikes";1;875.99;0.05;5.0;875.99;43.7995;832.1905
761;1291;"2017-03-07";2017;3;"2017-03";"Baldwin Bikes";"Baldwin";"NY";"Surly Steamroller - 2017";"Surly";"Road Bikes";2;875.99;0.2;20.0;1751.98;350.396;1401.584
800;1057;"2017-03-27";2017;3;"2017-03";"Baldwin Bikes";"Baldwin";"NY";"Surly Steamroller - 2017";"Surly";"Road Bikes";1;875.99;0.1;10.0;875.99;87.599;788.391
803;1105;"2017-03-28";2017;3;"2017-03";"Rowlett Bikes";"Rowlett";"TX";"Surly Steamroller - 2017";"Surly";"Road Bikes";2;875.99;0.05;5.0;1751.98;87.599;1664.381
890;171;"2017-05-15";2017;5;"2017-05";"Baldwin Bikes";"Baldwin";"NY";"Surly Steamroller - 2017";"Surly";"Road Bikes";1;875.99;0.05;5.0;875.99;43.7995;832.1905
960;1390;"2017-06-18";2017;6;"2017-06";"Baldwin Bikes";"Baldwin";"NY";"Surly Steamroller - 2017";"Surly";"Road Bikes";1;875.99;0.1;10.0;875.99;87.599;788.391
977;400;"2017-06-26";2017;6;"2017-06";"Baldwin Bikes";"Baldwin";"NY";"Surly Steamroller - 2017";"Surly";"Road Bikes";2;875.99;0.1;10.0;1751.98;175.198;1576.782
979;1190;"2017-06-26";2017;6;"2017-06";"Baldwin Bikes";"Baldwin";"NY";"Surly Steamroller - 2017";"Surly";"Road Bikes";1;875.99;0.2;20.0;875.99;175.198;700.792
982;1423;"2017-06-26";2017;6;"2017-06";"Rowlett Bikes";"Rowlett";"TX";"Surly Steamroller - 2017";"Surly";"Road Bikes";1;875.99;0.07;7.0;875.99;61.3193;814.6707
1019;408;"2017-07-22";2017;7;"2017-07";"Baldwin Bikes";"Baldwin";"NY";"Surly Steamroller - 2017";"Surly";"Road Bikes";1;875.99;0.2;20.0;875.99;175.198;700.792
1081;1106;"2017-08-19";2017;8;"2017-08";"Baldwin Bikes";"Baldwin";"NY";"Surly Steamroller - 2017";"Surly";"Road Bikes";2;875.99;0.1;10.0;1751.98;175.198;1576.782
1114;1036;"2017-09-06";2017;9;"2017-09";"Baldwin Bikes";"Baldwin";"NY";"Surly Steamroller - 2017";"Surly";"Road Bikes";1;875.99;0.2;20.0;875.99;175.198;700.792
1195;229;"2017-10-19";2017;10;"2017-10";"Baldwin Bikes";"Baldwin";"NY";"Surly Steamroller - 2017";"Surly";"Road Bikes";1;875.99;0.07;7.0;875.99;61.3193;814.6707
1262;509;"2017-11-23";2017;11;"2017-11";"Baldwin Bikes";"Baldwin";"NY";"Surly Steamroller - 2017";"Surly";"Road Bikes";1;875.99;0.05;5.0;875.99;43.7995;832.1905
1264;113;"2017-11-24";2017;11;"2017-11";"Baldwin Bikes";"Baldwin";"NY";"Surly Steamroller - 2017";"Surly";"Road Bikes";1;875.99;0.05;5.0;875.99;43.7995;832.1905
1280;123;"2017-12-01";2017;12;"2017-12";"Rowlett Bikes";"Rowlett";"TX";"Surly Steamroller - 2017";"Surly";"Road Bikes";1;875.99;0.07;7.0;875.99;61.3193;814.6707
1295;37;"2017-12-11";2017;12;"2017-12";"Baldwin Bikes";"Baldwin";"NY";"Surly Steamroller - 2017";"Surly";"Road Bikes";1;875.99;0.05;5.0;875.99;43.7995;832.1905
1299;1216;"2017-12-15";2017;12;"2017-12";"Santa Cruz Bikes";"Santa Cruz";"CA";"Surly Steamroller - 2017";"Surly";"Road Bikes";2;875.99;0.2;20.0;1751.98;350.396;1401.584
1314;1027;"2017-12-25";2017;12;"2017-12";"Baldwin Bikes";"Baldwin";"NY";"Surly Steamroller - 2017";"Surly";"Road Bikes";1;875.99;0.07;7.0;875.99;61.3193;814.6707
1352;1433;"2018-01-16";2018;1;"2018-01";"Baldwin Bikes";"Baldwin";"NY";"Surly Steamroller - 2017";"Surly";"Road Bikes";2;875.99;0.1;10.0;1751.98;175.198;1576.782
1445;515;"2018-03-17";2018;3;"2018-03";"Baldwin Bikes";"Baldwin";"NY";"Surly Steamroller - 2017";"Surly";"Road Bikes";1;875.99;0.07;7.0;875.99;61.3193;814.6707
1489;194;"2018-04-03";2018;4;"2018-04";"Santa Cruz Bikes";"Santa Cruz";"CA";"Surly Steamroller - 2017";"Surly";"Road Bikes";1;875.99;0.1;10.0;875.99;87.599;788.391
1508;92;"2018-04-08";2018;4;"2018-04";"Baldwin Bikes";"Baldwin";"NY";"Surly Steamroller - 2017";"Surly";"Road Bikes";2;875.99;0.05;5.0;1751.98;87.599;1664.381
638;1302;"2017-01-04";2017;1;"2017-01";"Baldwin Bikes";"Baldwin";"NY";"Surly Ogre Frameset - 2017";"Surly";"Road Bikes";2;749.99;0.05;5.0;1499.98;74.999;1424.981
643;901;"2017-01-08";2017;1;"2017-01";"Santa Cruz Bikes";"Santa Cruz";"CA";"Surly Ogre Frameset - 2017";"Surly";"Road Bikes";1;749.99;0.05;5.0;749.99;37.4995;712.4905
713;207;"2017-02-13";2017;2;"2017-02";"Rowlett Bikes";"Rowlett";"TX";"Surly Ogre Frameset - 2017";"Surly";"Road Bikes";1;749.99;0.07;7.0;749.99;52.4993;697.4907
765;1152;"2017-03-09";2017;3;"2017-03";"Santa Cruz Bikes";"Santa Cruz";"CA";"Surly Ogre Frameset - 2017";"Surly";"Road Bikes";1;749.99;0.2;20.0;749.99;149.998;599.992
804;95;"2017-03-29";2017;3;"2017-03";"Baldwin Bikes";"Baldwin";"NY";"Surly Ogre Frameset - 2017";"Surly";"Road Bikes";1;749.99;0.07;7.0;749.99;52.4993;697.4907
822;294;"2017-04-06";2017;4;"2017-04";"Baldwin Bikes";"Baldwin";"NY";"Surly Ogre Frameset - 2017";"Surly";"Road Bikes";1;749.99;0.05;5.0;749.99;37.4995;712.4905
872;394;"2017-05-03";2017;5;"2017-05";"Santa Cruz Bikes";"Santa Cruz";"CA";"Surly Ogre Frameset - 2017";"Surly";"Road Bikes";1;749.99;0.1;10.0;749.99;74.999;674.991
1122;1132;"2017-09-12";2017;9;"2017-09";"Baldwin Bikes";"Baldwin";"NY";"Surly Ogre Frameset - 2017";"Surly";"Road Bikes";1;749.99;0.1;10.0;749.99;74.999;674.991
1163;934;"2017-10-01";2017;10;"2017-10";"Baldwin Bikes";"Baldwin";"NY";"Surly Ogre Frameset - 2017";"Surly";"Road Bikes";2;749.99;0.1;10.0;1499.98;149.998;1349.982
1187;486;"2017-10-15";2017;10;"2017-10";"Baldwin Bikes";"Baldwin";"NY";"Surly Ogre Frameset - 2017";"Surly";"Road Bikes";2;749.99;0.1;10.0;1499.98;149.998;1349.982
1196;508;"2017-10-19";2017;10;"2017-10";"Baldwin Bikes";"Baldwin";"NY";"Surly Ogre Frameset - 2017";"Surly";"Road Bikes";1;749.99;0.07;7.0;749.99;52.4993;697.4907
1255;375;"2017-11-19";2017;11;"2017-11";"Baldwin Bikes";"Baldwin";"NY";"Surly Ogre Frameset - 2017";"Surly";"Road Bikes";1;749.99;0.05;5.0;749.99;37.4995;712.4905
1307;1384;"2017-12-22";2017;12;"2017-12";"Santa Cruz Bikes";"Santa Cruz";"CA";"Surly Ogre Frameset - 2017";"Surly";"Road Bikes";2;749.99;0.2;20.0;1499.98;299.996;1199.984
1347;247;"2018-01-15";2018;1;"2018-01";"Santa Cruz Bikes";"Santa Cruz";"CA";"Surly Ogre Frameset - 2017";"Surly";"Road Bikes";1;749.99;0.05;5.0;749.99;37.4995;712.4905
1398;1383;"2018-02-16";2018;2;"2018-02";"Santa Cruz Bikes";"Santa Cruz";"CA";"Surly Ogre Frameset - 2017";"Surly";"Road Bikes";1;749.99;0.2;20.0;749.99;149.998;599.992
1431;308;"2018-03-11";2018;3;"2018-03";"Baldwin Bikes";"Baldwin";"NY";"Surly Ogre Frameset - 2017";"Surly";"Road Bikes";1;749.99;0.07;7.0;749.99;52.4993;697.4907
1481;62;"2018-04-01";2018;4;"2018-04";"Baldwin Bikes";"Baldwin";"NY";"Surly Ogre Frameset - 2017";"Surly";"Road Bikes";2;749.99;0.07;7.0;1499.98;104.9986;1394.9814
1432;483;"2018-03-11";2018;3;"2018-03";"Baldwin Bikes";"Baldwin";"NY";"Surly ECR - 2018";"Surly";"Road Bikes";1;1899.0;0.2;20.0;1899.0;379.8;1519.2
1475;112;"2018-03-30";2018;3;"2018-03";"Baldwin Bikes";"Baldwin";"NY";"Surly ECR - 2018";"Surly";"Road Bikes";2;1899.0;0.05;5.0;3798.0;189.9;3608.1
1361;1084;"2018-01-22";2018;1;"2018-01";"Baldwin Bikes";"Baldwin";"NY";"Surly Pack Rat - 2018";"Surly";"Road Bikes";2;1349.0;0.2;20.0;2698.0;539.6;2158.4
1466;738;"2018-03-26";2018;3;"2018-03";"Santa Cruz Bikes";"Santa Cruz";"CA";"Surly Pack Rat - 2018";"Surly";"Road Bikes";2;1349.0;0.2;20.0;2698.0;539.6;2158.4
1525;38;"2018-04-12";2018;4;"2018-04";"Baldwin Bikes";"Baldwin";"NY";"Surly Pack Rat - 2018";"Surly";"Road Bikes";2;1349.0;0.07;7.0;2698.0;188.86;2509.14
1557;121;"2018-04-19";2018;4;"2018-04";"Santa Cruz Bikes";"Santa Cruz";"CA";"Surly Pack Rat - 2018";"Surly";"Road Bikes";2;1349.0;0.07;7.0;2698.0;188.86;2509.14
1345;1037;"2018-01-14";2018;1;"2018-01";"Baldwin Bikes";"Baldwin";"NY";"Surly Straggler 650b - 2018";"Surly";"Road Bikes";2;1549.0;0.2;20.0;3098.0;619.6;2478.4
1427;999;"2018-03-07";2018;3;"2018-03";"Baldwin Bikes";"Baldwin";"NY";"Surly Straggler 650b - 2018";"Surly";"Road Bikes";2;1549.0;0.07;7.0;3098.0;216.86;2881.14
1460;1131;"2018-03-21";2018;3;"2018-03";"Baldwin Bikes";"Baldwin";"NY";"Surly ECR Frameset - 2018";"Surly";"Road Bikes";1;749.99;0.05;5.0;749.99;37.4995;712.4905
1349;464;"2018-01-15";2018;1;"2018-01";"Baldwin Bikes";"Baldwin";"NY";"Surly Straggler - 2018";"Surly";"Road Bikes";2;1549.0;0.2;20.0;3098.0;619.6;2478.4
1463;692;"2018-03-23";2018;3;"2018-03";"Baldwin Bikes";"Baldwin";"NY";"Surly Straggler - 2018";"Surly";"Road Bikes";1;1549.0;0.05;5.0;1549.0;77.45;1471.55
1524;37;"2018-04-12";2018;4;"2018-04";"Baldwin Bikes";"Baldwin";"NY";"Surly Straggler - 2018";"Surly";"Road Bikes";1;1549.0;0.1;10.0;1549.0;154.9;1394.1
3;523;"2016-01-02";2016;1;"2016-01";"Baldwin Bikes";"Baldwin";"NY";"Surly Wednesday Frameset - 2016";"Surly";"Mountain Bikes";1;999.99;0.05;5.0;999.99;49.9995;949.9905
6;94;"2016-01-04";2016;1;"2016-01";"Baldwin Bikes";"Baldwin";"NY";"Surly Wednesday Frameset - 2016";"Surly";"Mountain Bikes";2;999.99;0.07;7.0;1999.98;139.9986;1859.9814
7;324;"2016-01-04";2016;1;"2016-01";"Baldwin Bikes";"Baldwin";"NY";"Surly Wednesday Frameset - 2016";"Surly";"Mountain Bikes";1;999.99;0.1;10.0;999.99;99.999;899.991
24;636;"2016-01-18";2016;1;"2016-01";"Baldwin Bikes";"Baldwin";"NY";"Surly Wednesday Frameset - 2016";"Surly";"Mountain Bikes";2;999.99;0.1;10.0;1999.98;199.998;1799.982
36;1321;"2016-01-23";2016;1;"2016-01";"Baldwin Bikes";"Baldwin";"NY";"Surly Wednesday Frameset - 2016";"Surly";"Mountain Bikes";2;999.99;0.2;20.0;1999.98;399.996;1599.984
39;1296;"2016-01-25";2016;1;"2016-01";"Baldwin Bikes";"Baldwin";"NY";"Surly Wednesday Frameset - 2016";"Surly";"Mountain Bikes";2;999.99;0.05;5.0;1999.98;99.999;1899.981
50;872;"2016-01-31";2016;1;"2016-01";"Rowlett Bikes";"Rowlett";"TX";"Surly Wednesday Frameset - 2016";"Surly";"Mountain Bikes";1;999.99;0.05;5.0;999.99;49.9995;949.9905
54;535;"2016-02-04";2016;2;"2016-02";"Baldwin Bikes";"Baldwin";"NY";"Surly Wednesday Frameset - 2016";"Surly";"Mountain Bikes";1;999.99;0.2;20.0;999.99;199.998;799.992
63;1075;"2016-02-07";2016;2;"2016-02";"Baldwin Bikes";"Baldwin";"NY";"Surly Wednesday Frameset - 2016";"Surly";"Mountain Bikes";1;999.99;0.1;10.0;999.99;99.999;899.991
70;50;"2016-02-11";2016;2;"2016-02";"Rowlett Bikes";"Rowlett";"TX";"Surly Wednesday Frameset - 2016";"Surly";"Mountain Bikes";2;999.99;0.05;5.0;1999.98;99.999;1899.981
73;612;"2016-02-12";2016;2;"2016-02";"Baldwin Bikes";"Baldwin";"NY";"Surly Wednesday Frameset - 2016";"Surly";"Mountain Bikes";2;999.99;0.07;7.0;1999.98;139.9986;1859.9814
75;587;"2016-02-14";2016;2;"2016-02";"Baldwin Bikes";"Baldwin";"NY";"Surly Wednesday Frameset - 2016";"Surly";"Mountain Bikes";1;999.99;0.1;10.0;999.99;99.999;899.991
83;393;"2016-02-19";2016;2;"2016-02";"Santa Cruz Bikes";"Santa Cruz";"CA";"Surly Wednesday Frameset - 2016";"Surly";"Mountain Bikes";2;999.99;0.05;5.0;1999.98;99.999;1899.981
90;414;"2016-02-23";2016;2;"2016-02";"Baldwin Bikes";"Baldwin";"NY";"Surly Wednesday Frameset - 2016";"Surly";"Mountain Bikes";1;999.99;0.1;10.0;999.99;99.999;899.991
103;991;"2016-03-03";2016;3;"2016-03";"Santa Cruz Bikes";"Santa Cruz";"CA";"Surly Wednesday Frameset - 2016";"Surly";"Mountain Bikes";1;999.99;0.05;5.0;999.99;49.9995;949.9905
105;306;"2016-03-03";2016;3;"2016-03";"Baldwin Bikes";"Baldwin";"NY";"Surly Wednesday Frameset - 2016";"Surly";"Mountain Bikes";1;999.99;0.05;5.0;999.99;49.9995;949.9905
118;577;"2016-03-12";2016;3;"2016-03";"Santa Cruz Bikes";"Santa Cruz";"CA";"Surly Wednesday Frameset - 2016";"Surly";"Mountain Bikes";2;999.99;0.1;10.0;1999.98;199.998;1799.982
128;86;"2016-03-18";2016;3;"2016-03";"Baldwin Bikes";"Baldwin";"NY";"Surly Wednesday Frameset - 2016";"Surly";"Mountain Bikes";2;999.99;0.2;20.0;1999.98;399.996;1599.984
136;1192;"2016-03-21";2016;3;"2016-03";"Rowlett Bikes";"Rowlett";"TX";"Surly Wednesday Frameset - 2016";"Surly";"Mountain Bikes";2;999.99;0.05;5.0;1999.98;99.999;1899.981
139;710;"2016-03-23";2016;3;"2016-03";"Baldwin Bikes";"Baldwin";"NY";"Surly Wednesday Frameset - 2016";"Surly";"Mountain Bikes";1;999.99;0.07;7.0;999.99;69.9993;929.9907
140;1264;"2016-03-23";2016;3;"2016-03";"Baldwin Bikes";"Baldwin";"NY";"Surly Wednesday Frameset - 2016";"Surly";"Mountain Bikes";1;999.99;0.05;5.0;999.99;49.9995;949.9905
146;288;"2016-03-28";2016;3;"2016-03";"Santa Cruz Bikes";"Santa Cruz";"CA";"Surly Wednesday Frameset - 2016";"Surly";"Mountain Bikes";2;999.99;0.2;20.0;1999.98;399.996;1599.984
150;332;"2016-03-29";2016;3;"2016-03";"Santa Cruz Bikes";"Santa Cruz";"CA";"Surly Wednesday Frameset - 2016";"Surly";"Mountain Bikes";1;999.99;0.2;20.0;999.99;199.998;799.992
162;31;"2016-04-06";2016;4;"2016-04";"Santa Cruz Bikes";"Santa Cruz";"CA";"Surly Wednesday Frameset - 2016";"Surly";"Mountain Bikes";2;999.99;0.1;10.0;1999.98;199.998;1799.982
178;756;"2016-04-16";2016;4;"2016-04";"Baldwin Bikes";"Baldwin";"NY";"Surly Wednesday Frameset - 2016";"Surly";"Mountain Bikes";1;999.99;0.1;10.0;999.99;99.999;899.991
190;98;"2016-04-23";2016;4;"2016-04";"Baldwin Bikes";"Baldwin";"NY";"Surly Wednesday Frameset - 2016";"Surly";"Mountain Bikes";2;999.99;0.2;20.0;1999.98;399.996;1599.984
191;919;"2016-04-27";2016;4;"2016-04";"Santa Cruz Bikes";"Santa Cruz";"CA";"Surly Wednesday Frameset - 2016";"Surly";"Mountain Bikes";1;999.99;0.07;7.0;999.99;69.9993;929.9907
196;1247;"2016-04-28";2016;4;"2016-04";"Baldwin Bikes";"Baldwin";"NY";"Surly Wednesday Frameset - 2016";"Surly";"Mountain Bikes";2;999.99;0.07;7.0;1999.98;139.9986;1859.9814
203;1102;"2016-05-03";2016;5;"2016-05";"Rowlett Bikes";"Rowlett";"TX";"Surly Wednesday Frameset - 2016";"Surly";"Mountain Bikes";2;999.99;0.1;10.0;1999.98;199.998;1799.982
208;815;"2016-05-06";2016;5;"2016-05";"Baldwin Bikes";"Baldwin";"NY";"Surly Wednesday Frameset - 2016";"Surly";"Mountain Bikes";1;999.99;0.05;5.0;999.99;49.9995;949.9905
220;1358;"2016-05-12";2016;5;"2016-05";"Baldwin Bikes";"Baldwin";"NY";"Surly Wednesday Frameset - 2016";"Surly";"Mountain Bikes";2;999.99;0.2;20.0;1999.98;399.996;1599.984
227;489;"2016-05-17";2016;5;"2016-05";"Baldwin Bikes";"Baldwin";"NY";"Surly Wednesday Frameset - 2016";"Surly";"Mountain Bikes";2;999.99;0.05;5.0;1999.98;99.999;1899.981
236;206;"2016-05-25";2016;5;"2016-05";"Baldwin Bikes";"Baldwin";"NY";"Surly Wednesday Frameset - 2016";"Surly";"Mountain Bikes";2;999.99;0.07;7.0;1999.98;139.9986;1859.9814
242;1168;"2016-05-27";2016;5;"2016-05";"Baldwin Bikes";"Baldwin";"NY";"Surly Wednesday Frameset - 2016";"Surly";"Mountain Bikes";1;999.99;0.2;20.0;999.99;199.998;799.992
247;928;"2016-05-30";2016;5;"2016-05";"Santa Cruz Bikes";"Santa Cruz";"CA";"Surly Wednesday Frameset - 2016";"Surly";"Mountain Bikes";1;999.99;0.2;20.0;999.99;199.998;799.992
254;510;"2016-06-03";2016;6;"2016-06";"Baldwin Bikes";"Baldwin";"NY";"Surly Wednesday Frameset - 2016";"Surly";"Mountain Bikes";1;999.99;0.05;5.0;999.99;49.9995;949.9905
263;1322;"2016-06-09";2016;6;"2016-06";"Baldwin Bikes";"Baldwin";"NY";"Surly Wednesday Frameset - 2016";"Surly";"Mountain Bikes";1;999.99;0.2;20.0;999.99;199.998;799.992
264;5;"2016-06-10";2016;6;"2016-06";"Santa Cruz Bikes";"Santa Cruz";"CA";"Surly Wednesday Frameset - 2016";"Surly";"Mountain Bikes";2;999.99;0.07;7.0;1999.98;139.9986;1859.9814
269;764;"2016-06-12";2016;6;"2016-06";"Baldwin Bikes";"Baldwin";"NY";"Surly Wednesday Frameset - 2016";"Surly";"Mountain Bikes";1;999.99;0.05;5.0;999.99;49.9995;949.9905
276;1227;"2016-06-18";2016;6;"2016-06";"Baldwin Bikes";"Baldwin";"NY";"Surly Wednesday Frameset - 2016";"Surly";"Mountain Bikes";2;999.99;0.2;20.0;1999.98;399.996;1599.984
282;159;"2016-06-22";2016;6;"2016-06";"Rowlett Bikes";"Rowlett";"TX";"Surly Wednesday Frameset - 2016";"Surly";"Mountain Bikes";2;999.99;0.05;5.0;1999.98;99.999;1899.981
305;705;"2016-07-07";2016;7;"2016-07";"Baldwin Bikes";"Baldwin";"NY";"Surly Wednesday Frameset - 2016";"Surly";"Mountain Bikes";2;999.99;0.2;20.0;1999.98;399.996;1599.984
309;211;"2016-07-11";2016;7;"2016-07";"Baldwin Bikes";"Baldwin";"NY";"Surly Wednesday Frameset - 2016";"Surly";"Mountain Bikes";1;999.99;0.05;5.0;999.99;49.9995;949.9905
333;779;"2016-07-25";2016;7;"2016-07";"Baldwin Bikes";"Baldwin";"NY";"Surly Wednesday Frameset - 2016";"Surly";"Mountain Bikes";1;999.99;0.2;20.0;999.99;199.998;799.992
334;1112;"2016-07-25";2016;7;"2016-07";"Baldwin Bikes";"Baldwin";"NY";"Surly Wednesday Frameset - 2016";"Surly";"Mountain Bikes";2;999.99;0.05;5.0;1999.98;99.999;1899.981
350;31;"2016-08-03";2016;8;"2016-08";"Santa Cruz Bikes";"Santa Cruz";"CA";"Surly Wednesday Frameset - 2016";"Surly";"Mountain Bikes";1;999.99;0.07;7.0;999.99;69.9993;929.9907
386;1362;"2016-08-20";2016;8;"2016-08";"Baldwin Bikes";"Baldwin";"NY";"Surly Wednesday Frameset - 2016";"Surly";"Mountain Bikes";2;999.99;0.05;5.0;1999.98;99.999;1899.981
392;176;"2016-08-23";2016;8;"2016-08";"Santa Cruz Bikes";"Santa Cruz";"CA";"Surly Wednesday Frameset - 2016";"Surly";"Mountain Bikes";2;999.99;0.05;5.0;1999.98;99.999;1899.981
400;1295;"2016-08-29";2016;8;"2016-08";"Baldwin Bikes";"Baldwin";"NY";"Surly Wednesday Frameset - 2016";"Surly";"Mountain Bikes";2;999.99;0.2;20.0;1999.98;399.996;1599.984
405;603;"2016-08-31";2016;8;"2016-08";"Baldwin Bikes";"Baldwin";"NY";"Surly Wednesday Frameset - 2016";"Surly";"Mountain Bikes";2;999.99;0.2;20.0;1999.98;399.996;1599.984
408;1071;"2016-09-01";2016;9;"2016-09";"Santa Cruz Bikes";"Santa Cruz";"CA";"Surly Wednesday Frameset - 2016";"Surly";"Mountain Bikes";1;999.99;0.07;7.0;999.99;69.9993;929.9907
415;1265;"2016-09-03";2016;9;"2016-09";"Baldwin Bikes";"Baldwin";"NY";"Surly Wednesday Frameset - 2016";"Surly";"Mountain Bikes";1;999.99;0.07;7.0;999.99;69.9993;929.9907
420;72;"2016-09-05";2016;9;"2016-09";"Santa Cruz Bikes";"Santa Cruz";"CA";"Surly Wednesday Frameset - 2016";"Surly";"Mountain Bikes";2;999.99;0.05;5.0;1999.98;99.999;1899.981
421;240;"2016-09-05";2016;9;"2016-09";"Santa Cruz Bikes";"Santa Cruz";"CA";"Surly Wednesday Frameset - 2016";"Surly";"Mountain Bikes";2;999.99;0.2;20.0;1999.98;399.996;1599.984
436;791;"2016-09-16";2016;9;"2016-09";"Baldwin Bikes";"Baldwin";"NY";"Surly Wednesday Frameset - 2016";"Surly";"Mountain Bikes";1;999.99;0.05;5.0;999.99;49.9995;949.9905
437;1085;"2016-09-16";2016;9;"2016-09";"Baldwin Bikes";"Baldwin";"NY";"Surly Wednesday Frameset - 2016";"Surly";"Mountain Bikes";1;999.99;0.05;5.0;999.99;49.9995;949.9905
447;808;"2016-09-20";2016;9;"2016-09";"Rowlett Bikes";"Rowlett";"TX";"Surly Wednesday Frameset - 2016";"Surly";"Mountain Bikes";1;999.99;0.1;10.0;999.99;99.999;899.991
458;197;"2016-09-25";2016;9;"2016-09";"Baldwin Bikes";"Baldwin";"NY";"Surly Wednesday Frameset - 2016";"Surly";"Mountain Bikes";2;999.99;0.2;20.0;1999.98;399.996;1599.984
524;569;"2016-10-25";2016;10;"2016-10";"Santa Cruz Bikes";"Santa Cruz";"CA";"Surly Wednesday Frameset - 2016";"Surly";"Mountain Bikes";2;999.99;0.07;7.0;1999.98;139.9986;1859.9814
526;1096;"2016-10-26";2016;10;"2016-10";"Baldwin Bikes";"Baldwin";"NY";"Surly Wednesday Frameset - 2016";"Surly";"Mountain Bikes";2;999.99;0.1;10.0;1999.98;199.998;1799.982
549;64;"2016-11-12";2016;11;"2016-11";"Rowlett Bikes";"Rowlett";"TX";"Surly Wednesday Frameset - 2016";"Surly";"Mountain Bikes";1;999.99;0.07;7.0;999.99;69.9993;929.9907
554;104;"2016-11-13";2016;11;"2016-11";"Santa Cruz Bikes";"Santa Cruz";"CA";"Surly Wednesday Frameset - 2016";"Surly";"Mountain Bikes";2;999.99;0.07;7.0;1999.98;139.9986;1859.9814
570;989;"2016-11-23";2016;11;"2016-11";"Baldwin Bikes";"Baldwin";"NY";"Surly Wednesday Frameset - 2016";"Surly";"Mountain Bikes";2;999.99;0.2;20.0;1999.98;399.996;1599.984
572;178;"2016-11-24";2016;11;"2016-11";"Baldwin Bikes";"Baldwin";"NY";"Surly Wednesday Frameset - 2016";"Surly";"Mountain Bikes";1;999.99;0.05;5.0;999.99;49.9995;949.9905
577;445;"2016-11-27";2016;11;"2016-11";"Baldwin Bikes";"Baldwin";"NY";"Surly Wednesday Frameset - 2016";"Surly";"Mountain Bikes";2;999.99;0.2;20.0;1999.98;399.996;1599.984
593;50;"2016-12-07";2016;12;"2016-12";"Rowlett Bikes";"Rowlett";"TX";"Surly Wednesday Frameset - 2016";"Surly";"Mountain Bikes";2;999.99;0.1;10.0;1999.98;199.998;1799.982
595;538;"2016-12-08";2016;12;"2016-12";"Santa Cruz Bikes";"Santa Cruz";"CA";"Surly Wednesday Frameset - 2016";"Surly";"Mountain Bikes";1;999.99;0.07;7.0;999.99;69.9993;929.9907
610;711;"2016-12-13";2016;12;"2016-12";"Baldwin Bikes";"Baldwin";"NY";"Surly Wednesday Frameset - 2016";"Surly";"Mountain Bikes";1;999.99;0.07;7.0;999.99;69.9993;929.9907
650;729;"2017-01-11";2017;1;"2017-01";"Santa Cruz Bikes";"Santa Cruz";"CA";"Surly Wednesday Frameset - 2016";"Surly";"Mountain Bikes";1;999.99;0.2;20.0;999.99;199.998;799.992
667;858;"2017-01-22";2017;1;"2017-01";"Baldwin Bikes";"Baldwin";"NY";"Surly Wednesday Frameset - 2016";"Surly";"Mountain Bikes";1;999.99;0.2;20.0;999.99;199.998;799.992
702;1352;"2017-02-08";2017;2;"2017-02";"Santa Cruz Bikes";"Santa Cruz";"CA";"Surly Wednesday Frameset - 2016";"Surly";"Mountain Bikes";2;999.99;0.07;7.0;1999.98;139.9986;1859.9814
722;1399;"2017-02-18";2017;2;"2017-02";"Baldwin Bikes";"Baldwin";"NY";"Surly Wednesday Frameset - 2016";"Surly";"Mountain Bikes";1;999.99;0.05;5.0;999.99;49.9995;949.9905
734;939;"2017-02-26";2017;2;"2017-02";"Rowlett Bikes";"Rowlett";"TX";"Surly Wednesday Frameset - 2016";"Surly";"Mountain Bikes";1;999.99;0.05;5.0;999.99;49.9995;949.9905
739;49;"2017-02-28";2017;2;"2017-02";"Baldwin Bikes";"Baldwin";"NY";"Surly Wednesday Frameset - 2016";"Surly";"Mountain Bikes";1;999.99;0.2;20.0;999.99;199.998;799.992
754;646;"2017-03-06";2017;3;"2017-03";"Santa Cruz Bikes";"Santa Cruz";"CA";"Surly Wednesday Frameset - 2016";"Surly";"Mountain Bikes";1;999.99;0.05;5.0;999.99;49.9995;949.9905
807;1148;"2017-03-30";2017;3;"2017-03";"Baldwin Bikes";"Baldwin";"NY";"Surly Wednesday Frameset - 2016";"Surly";"Mountain Bikes";2;999.99;0.07;7.0;1999.98;139.9986;1859.9814
927;1438;"2017-06-03";2017;6;"2017-06";"Santa Cruz Bikes";"Santa Cruz";"CA";"Surly Wednesday Frameset - 2016";"Surly";"Mountain Bikes";1;999.99;0.1;10.0;999.99;99.999;899.991
1037;1229;"2017-07-31";2017;7;"2017-07";"Baldwin Bikes";"Baldwin";"NY";"Surly Wednesday Frameset - 2016";"Surly";"Mountain Bikes";1;999.99;0.07;7.0;999.99;69.9993;929.9907
1048;777;"2017-08-08";2017;8;"2017-08";"Baldwin Bikes";"Baldwin";"NY";"Surly Wednesday Frameset - 2016";"Surly";"Mountain Bikes";2;999.99;0.1;10.0;1999.98;199.998;1799.982
1049;194;"2017-08-09";2017;8;"2017-08";"Santa Cruz Bikes";"Santa Cruz";"CA";"Surly Wednesday Frameset - 2016";"Surly";"Mountain Bikes";1;999.99;0.1;10.0;999.99;99.999;899.991
1056;325;"2017-08-12";2017;8;"2017-08";"Baldwin Bikes";"Baldwin";"NY";"Surly Wednesday Frameset - 2016";"Surly";"Mountain Bikes";1;999.99;0.05;5.0;999.99;49.9995;949.9905
1095;1382;"2017-08-26";2017;8;"2017-08";"Rowlett Bikes";"Rowlett";"TX";"Surly Wednesday Frameset - 2016";"Surly";"Mountain Bikes";2;999.99;0.2;20.0;1999.98;399.996;1599.984
1175;292;"2017-10-09";2017;10;"2017-10";"Baldwin Bikes";"Baldwin";"NY";"Surly Wednesday Frameset - 2016";"Surly";"Mountain Bikes";1;999.99;0.05;5.0;999.99;49.9995;949.9905
1289;1292;"2017-12-08";2017;12;"2017-12";"Santa Cruz Bikes";"Santa Cruz";"CA";"Surly Wednesday Frameset - 2016";"Surly";"Mountain Bikes";1;999.99;0.1;10.0;999.99;99.999;899.991
1324;862;"2018-01-01";2018;1;"2018-01";"Baldwin Bikes";"Baldwin";"NY";"Surly Wednesday Frameset - 2016";"Surly";"Mountain Bikes";1;999.99;0.2;20.0;999.99;199.998;799.992
1344;916;"2018-01-13";2018;1;"2018-01";"Baldwin Bikes";"Baldwin";"NY";"Surly Wednesday Frameset - 2016";"Surly";"Mountain Bikes";1;999.99;0.07;7.0;999.99;69.9993;929.9907
14;258;"2016-01-09";2016;1;"2016-01";"Santa Cruz Bikes";"Santa Cruz";"CA";"Surly Ice Cream Truck Frameset - 2016";"Surly";"Mountain Bikes";1;469.99;0.07;7.0;469.99;32.8993;437.0907
28;252;"2016-01-19";2016;1;"2016-01";"Baldwin Bikes";"Baldwin";"NY";"Surly Ice Cream Truck Frameset - 2016";"Surly";"Mountain Bikes";1;469.99;0.05;5.0;469.99;23.4995;446.4905
29;437;"2016-01-20";2016;1;"2016-01";"Baldwin Bikes";"Baldwin";"NY";"Surly Ice Cream Truck Frameset - 2016";"Surly";"Mountain Bikes";1;469.99;0.2;20.0;469.99;93.998;375.992
47;1234;"2016-01-29";2016;1;"2016-01";"Baldwin Bikes";"Baldwin";"NY";"Surly Ice Cream Truck Frameset - 2016";"Surly";"Mountain Bikes";1;469.99;0.05;5.0;469.99;23.4995;446.4905
74;264;"2016-02-13";2016;2;"2016-02";"Baldwin Bikes";"Baldwin";"NY";"Surly Ice Cream Truck Frameset - 2016";"Surly";"Mountain Bikes";1;469.99;0.07;7.0;469.99;32.8993;437.0907
79;529;"2016-02-17";2016;2;"2016-02";"Santa Cruz Bikes";"Santa Cruz";"CA";"Surly Ice Cream Truck Frameset - 2016";"Surly";"Mountain Bikes";1;469.99;0.1;10.0;469.99;46.999;422.991
89;668;"2016-02-21";2016;2;"2016-02";"Rowlett Bikes";"Rowlett";"TX";"Surly Ice Cream Truck Frameset - 2016";"Surly";"Mountain Bikes";2;469.99;0.1;10.0;939.98;93.998;845.982
90;414;"2016-02-23";2016;2;"2016-02";"Baldwin Bikes";"Baldwin";"NY";"Surly Ice Cream Truck Frameset - 2016";"Surly";"Mountain Bikes";1;469.99;0.07;7.0;469.99;32.8993;437.0907
97;204;"2016-02-28";2016;2;"2016-02";"Baldwin Bikes";"Baldwin";"NY";"Surly Ice Cream Truck Frameset - 2016";"Surly";"Mountain Bikes";2;469.99;0.2;20.0;939.98;187.996;751.984
109;1255;"2016-03-06";2016;3;"2016-03";"Baldwin Bikes";"Baldwin";"NY";"Surly Ice Cream Truck Frameset - 2016";"Surly";"Mountain Bikes";1;469.99;0.07;7.0;469.99;32.8993;437.0907
113;1078;"2016-03-08";2016;3;"2016-03";"Baldwin Bikes";"Baldwin";"NY";"Surly Ice Cream Truck Frameset - 2016";"Surly";"Mountain Bikes";1;469.99;0.07;7.0;469.99;32.8993;437.0907
118;577;"2016-03-12";2016;3;"2016-03";"Santa Cruz Bikes";"Santa Cruz";"CA";"Surly Ice Cream Truck Frameset - 2016";"Surly";"Mountain Bikes";1;469.99;0.07;7.0;469.99;32.8993;437.0907
120;327;"2016-03-14";2016;3;"2016-03";"Baldwin Bikes";"Baldwin";"NY";"Surly Ice Cream Truck Frameset - 2016";"Surly";"Mountain Bikes";2;469.99;0.05;5.0;939.98;46.999;892.981
138;438;"2016-03-23";2016;3;"2016-03";"Baldwin Bikes";"Baldwin";"NY";"Surly Ice Cream Truck Frameset - 2016";"Surly";"Mountain Bikes";1;469.99;0.2;20.0;469.99;93.998;375.992
143;693;"2016-03-26";2016;3;"2016-03";"Baldwin Bikes";"Baldwin";"NY";"Surly Ice Cream Truck Frameset - 2016";"Surly";"Mountain Bikes";1;469.99;0.2;20.0;469.99;93.998;375.992
146;288;"2016-03-28";2016;3;"2016-03";"Santa Cruz Bikes";"Santa Cruz";"CA";"Surly Ice Cream Truck Frameset - 2016";"Surly";"Mountain Bikes";2;469.99;0.05;5.0;939.98;46.999;892.981
152;76;"2016-03-29";2016;3;"2016-03";"Baldwin Bikes";"Baldwin";"NY";"Surly Ice Cream Truck Frameset - 2016";"Surly";"Mountain Bikes";2;469.99;0.2;20.0;939.98;187.996;751.984
156;357;"2016-04-03";2016;4;"2016-04";"Santa Cruz Bikes";"Santa Cruz";"CA";"Surly Ice Cream Truck Frameset - 2016";"Surly";"Mountain Bikes";1;469.99;0.07;7.0;469.99;32.8993;437.0907
168;1147;"2016-04-09";2016;4;"2016-04";"Santa Cruz Bikes";"Santa Cruz";"CA";"Surly Ice Cream Truck Frameset - 2016";"Surly";"Mountain Bikes";1;469.99;0.1;10.0;469.99;46.999;422.991
186;1127;"2016-04-21";2016;4;"2016-04";"Baldwin Bikes";"Baldwin";"NY";"Surly Ice Cream Truck Frameset - 2016";"Surly";"Mountain Bikes";1;469.99;0.1;10.0;469.99;46.999;422.991
196;1247;"2016-04-28";2016;4;"2016-04";"Baldwin Bikes";"Baldwin";"NY";"Surly Ice Cream Truck Frameset - 2016";"Surly";"Mountain Bikes";1;469.99;0.05;5.0;469.99;23.4995;446.4905
198;640;"2016-05-01";2016;5;"2016-05";"Baldwin Bikes";"Baldwin";"NY";"Surly Ice Cream Truck Frameset - 2016";"Surly";"Mountain Bikes";2;469.99;0.05;5.0;939.98;46.999;892.981
204;591;"2016-05-04";2016;5;"2016-05";"Baldwin Bikes";"Baldwin";"NY";"Surly Ice Cream Truck Frameset - 2016";"Surly";"Mountain Bikes";2;469.99;0.07;7.0;939.98;65.7986;874.1814
208;815;"2016-05-06";2016;5;"2016-05";"Baldwin Bikes";"Baldwin";"NY";"Surly Ice Cream Truck Frameset - 2016";"Surly";"Mountain Bikes";2;469.99;0.05;5.0;939.98;46.999;892.981
220;1358;"2016-05-12";2016;5;"2016-05";"Baldwin Bikes";"Baldwin";"NY";"Surly Ice Cream Truck Frameset - 2016";"Surly";"Mountain Bikes";2;469.99;0.05;5.0;939.98;46.999;892.981
224;157;"2016-05-17";2016;5;"2016-05";"Santa Cruz Bikes";"Santa Cruz";"CA";"Surly Ice Cream Truck Frameset - 2016";"Surly";"Mountain Bikes";1;469.99;0.07;7.0;469.99;32.8993;437.0907
235;649;"2016-05-24";2016;5;"2016-05";"Baldwin Bikes";"Baldwin";"NY";"Surly Ice Cream Truck Frameset - 2016";"Surly";"Mountain Bikes";1;469.99;0.07;7.0;469.99;32.8993;437.0907
254;510;"2016-06-03";2016;6;"2016-06";"Baldwin Bikes";"Baldwin";"NY";"Surly Ice Cream Truck Frameset - 2016";"Surly";"Mountain Bikes";2;469.99;0.07;7.0;939.98;65.7986;874.1814
259;413;"2016-06-06";2016;6;"2016-06";"Baldwin Bikes";"Baldwin";"NY";"Surly Ice Cream Truck Frameset - 2016";"Surly";"Mountain Bikes";2;469.99;0.1;10.0;939.98;93.998;845.982
266;933;"2016-06-10";2016;6;"2016-06";"Baldwin Bikes";"Baldwin";"NY";"Surly Ice Cream Truck Frameset - 2016";"Surly";"Mountain Bikes";2;469.99;0.07;7.0;939.98;65.7986;874.1814
268;540;"2016-06-11";2016;6;"2016-06";"Santa Cruz Bikes";"Santa Cruz";"CA";"Surly Ice Cream Truck Frameset - 2016";"Surly";"Mountain Bikes";2;469.99;0.2;20.0;939.98;187.996;751.984
271;350;"2016-06-13";2016;6;"2016-06";"Baldwin Bikes";"Baldwin";"NY";"Surly Ice Cream Truck Frameset - 2016";"Surly";"Mountain Bikes";2;469.99;0.05;5.0;939.98;46.999;892.981
277;546;"2016-06-19";2016;6;"2016-06";"Baldwin Bikes";"Baldwin";"NY";"Surly Ice Cream Truck Frameset - 2016";"Surly";"Mountain Bikes";2;469.99;0.2;20.0;939.98;187.996;751.984
291;158;"2016-06-29";2016;6;"2016-06";"Baldwin Bikes";"Baldwin";"NY";"Surly Ice Cream Truck Frameset - 2016";"Surly";"Mountain Bikes";2;469.99;0.05;5.0;939.98;46.999;892.981
293;573;"2016-06-30";2016;6;"2016-06";"Baldwin Bikes";"Baldwin";"NY";"Surly Ice Cream Truck Frameset - 2016";"Surly";"Mountain Bikes";1;469.99;0.2;20.0;469.99;93.998;375.992
298;885;"2016-07-04";2016;7;"2016-07";"Rowlett Bikes";"Rowlett";"TX";"Surly Ice Cream Truck Frameset - 2016";"Surly";"Mountain Bikes";2;469.99;0.05;5.0;939.98;46.999;892.981
301;17;"2016-07-06";2016;7;"2016-07";"Baldwin Bikes";"Baldwin";"NY";"Surly Ice Cream Truck Frameset - 2016";"Surly";"Mountain Bikes";1;469.99;0.05;5.0;469.99;23.4995;446.4905
305;705;"2016-07-07";2016;7;"2016-07";"Baldwin Bikes";"Baldwin";"NY";"Surly Ice Cream Truck Frameset - 2016";"Surly";"Mountain Bikes";1;469.99;0.1;10.0;469.99;46.999;422.991
325;848;"2016-07-20";2016;7;"2016-07";"Baldwin Bikes";"Baldwin";"NY";"Surly Ice Cream Truck Frameset - 2016";"Surly";"Mountain Bikes";2;469.99;0.2;20.0;939.98;187.996;751.984
328;528;"2016-07-23";2016;7;"2016-07";"Baldwin Bikes";"Baldwin";"NY";"Surly Ice Cream Truck Frameset - 2016";"Surly";"Mountain Bikes";2;469.99;0.1;10.0;939.98;93.998;845.982
335;1193;"2016-07-25";2016;7;"2016-07";"Baldwin Bikes";"Baldwin";"NY";"Surly Ice Cream Truck Frameset - 2016";"Surly";"Mountain Bikes";1;469.99;0.1;10.0;469.99;46.999;422.991
338;1333;"2016-07-28";2016;7;"2016-07";"Santa Cruz Bikes";"Santa Cruz";"CA";"Surly Ice Cream Truck Frameset - 2016";"Surly";"Mountain Bikes";2;469.99;0.07;7.0;939.98;65.7986;874.1814
350;31;"2016-08-03";2016;8;"2016-08";"Santa Cruz Bikes";"Santa Cruz";"CA";"Surly Ice Cream Truck Frameset - 2016";"Surly";"Mountain Bikes";2;469.99;0.05;5.0;939.98;46.999;892.981
358;1042;"2016-08-05";2016;8;"2016-08";"Baldwin Bikes";"Baldwin";"NY";"Surly Ice Cream Truck Frameset - 2016";"Surly";"Mountain Bikes";2;469.99;0.07;7.0;939.98;65.7986;874.1814
361;994;"2016-08-08";2016;8;"2016-08";"Baldwin Bikes";"Baldwin";"NY";"Surly Ice Cream Truck Frameset - 2016";"Surly";"Mountain Bikes";2;469.99;0.1;10.0;939.98;93.998;845.982
393;368;"2016-08-25";2016;8;"2016-08";"Baldwin Bikes";"Baldwin";"NY";"Surly Ice Cream Truck Frameset - 2016";"Surly";"Mountain Bikes";2;469.99;0.2;20.0;939.98;187.996;751.984
402;1335;"2016-08-30";2016;8;"2016-08";"Baldwin Bikes";"Baldwin";"NY";"Surly Ice Cream Truck Frameset - 2016";"Surly";"Mountain Bikes";2;469.99;0.07;7.0;939.98;65.7986;874.1814
415;1265;"2016-09-03";2016;9;"2016-09";"Baldwin Bikes";"Baldwin";"NY";"Surly Ice Cream Truck Frameset - 2016";"Surly";"Mountain Bikes";2;469.99;0.05;5.0;939.98;46.999;892.981
417;359;"2016-09-04";2016;9;"2016-09";"Santa Cruz Bikes";"Santa Cruz";"CA";"Surly Ice Cream Truck Frameset - 2016";"Surly";"Mountain Bikes";2;469.99;0.07;7.0;939.98;65.7986;874.1814
421;240;"2016-09-05";2016;9;"2016-09";"Santa Cruz Bikes";"Santa Cruz";"CA";"Surly Ice Cream Truck Frameset - 2016";"Surly";"Mountain Bikes";2;469.99;0.07;7.0;939.98;65.7986;874.1814
424;67;"2016-09-08";2016;9;"2016-09";"Santa Cruz Bikes";"Santa Cruz";"CA";"Surly Ice Cream Truck Frameset - 2016";"Surly";"Mountain Bikes";1;469.99;0.05;5.0;469.99;23.4995;446.4905
425;843;"2016-09-08";2016;9;"2016-09";"Baldwin Bikes";"Baldwin";"NY";"Surly Ice Cream Truck Frameset - 2016";"Surly";"Mountain Bikes";1;469.99;0.1;10.0;469.99;46.999;422.991
429;153;"2016-09-10";2016;9;"2016-09";"Rowlett Bikes";"Rowlett";"TX";"Surly Ice Cream Truck Frameset - 2016";"Surly";"Mountain Bikes";1;469.99;0.07;7.0;469.99;32.8993;437.0907
431;1217;"2016-09-11";2016;9;"2016-09";"Baldwin Bikes";"Baldwin";"NY";"Surly Ice Cream Truck Frameset - 2016";"Surly";"Mountain Bikes";1;469.99;0.1;10.0;469.99;46.999;422.991
433;1062;"2016-09-12";2016;9;"2016-09";"Baldwin Bikes";"Baldwin";"NY";"Surly Ice Cream Truck Frameset - 2016";"Surly";"Mountain Bikes";1;469.99;0.1;10.0;469.99;46.999;422.991
439;149;"2016-09-17";2016;9;"2016-09";"Baldwin Bikes";"Baldwin";"NY";"Surly Ice Cream Truck Frameset - 2016";"Surly";"Mountain Bikes";2;469.99;0.07;7.0;939.98;65.7986;874.1814
442;667;"2016-09-18";2016;9;"2016-09";"Baldwin Bikes";"Baldwin";"NY";"Surly Ice Cream Truck Frameset - 2016";"Surly";"Mountain Bikes";2;469.99;0.2;20.0;939.98;187.996;751.984
448;101;"2016-09-21";2016;9;"2016-09";"Baldwin Bikes";"Baldwin";"NY";"Surly Ice Cream Truck Frameset - 2016";"Surly";"Mountain Bikes";2;469.99;0.05;5.0;939.98;46.999;892.981
465;1198;"2016-09-28";2016;9;"2016-09";"Baldwin Bikes";"Baldwin";"NY";"Surly Ice Cream Truck Frameset - 2016";"Surly";"Mountain Bikes";2;469.99;0.1;10.0;939.98;93.998;845.982
466;1440;"2016-09-28";2016;9;"2016-09";"Baldwin Bikes";"Baldwin";"NY";"Surly Ice Cream Truck Frameset - 2016";"Surly";"Mountain Bikes";1;469.99;0.2;20.0;469.99;93.998;375.992
477;449;"2016-10-02";2016;10;"2016-10";"Santa Cruz Bikes";"Santa Cruz";"CA";"Surly Ice Cream Truck Frameset - 2016";"Surly";"Mountain Bikes";1;469.99;0.1;10.0;469.99;46.999;422.991
484;421;"2016-10-06";2016;10;"2016-10";"Baldwin Bikes";"Baldwin";"NY";"Surly Ice Cream Truck Frameset - 2016";"Surly";"Mountain Bikes";1;469.99;0.2;20.0;469.99;93.998;375.992
487;827;"2016-10-06";2016;10;"2016-10";"Baldwin Bikes";"Baldwin";"NY";"Surly Ice Cream Truck Frameset - 2016";"Surly";"Mountain Bikes";1;469.99;0.2;20.0;469.99;93.998;375.992
492;191;"2016-10-09";2016;10;"2016-10";"Santa Cruz Bikes";"Santa Cruz";"CA";"Surly Ice Cream Truck Frameset - 2016";"Surly";"Mountain Bikes";1;469.99;0.1;10.0;469.99;46.999;422.991
515;986;"2016-10-19";2016;10;"2016-10";"Baldwin Bikes";"Baldwin";"NY";"Surly Ice Cream Truck Frameset - 2016";"Surly";"Mountain Bikes";2;469.99;0.2;20.0;939.98;187.996;751.984
519;54;"2016-10-22";2016;10;"2016-10";"Baldwin Bikes";"Baldwin";"NY";"Surly Ice Cream Truck Frameset - 2016";"Surly";"Mountain Bikes";1;469.99;0.07;7.0;469.99;32.8993;437.0907
525;1315;"2016-10-26";2016;10;"2016-10";"Santa Cruz Bikes";"Santa Cruz";"CA";"Surly Ice Cream Truck Frameset - 2016";"Surly";"Mountain Bikes";2;469.99;0.07;7.0;939.98;65.7986;874.1814
530;773;"2016-10-28";2016;10;"2016-10";"Baldwin Bikes";"Baldwin";"NY";"Surly Ice Cream Truck Frameset - 2016";"Surly";"Mountain Bikes";2;469.99;0.2;20.0;939.98;187.996;751.984
531;116;"2016-10-28";2016;10;"2016-10";"Rowlett Bikes";"Rowlett";"TX";"Surly Ice Cream Truck Frameset - 2016";"Surly";"Mountain Bikes";1;469.99;0.2;20.0;469.99;93.998;375.992
545;1108;"2016-11-08";2016;11;"2016-11";"Rowlett Bikes";"Rowlett";"TX";"Surly Ice Cream Truck Frameset - 2016";"Surly";"Mountain Bikes";1;469.99;0.07;7.0;469.99;32.8993;437.0907
559;959;"2016-11-16";2016;11;"2016-11";"Santa Cruz Bikes";"Santa Cruz";"CA";"Surly Ice Cream Truck Frameset - 2016";"Surly";"Mountain Bikes";1;469.99;0.1;10.0;469.99;46.999;422.991
563;365;"2016-11-20";2016;11;"2016-11";"Baldwin Bikes";"Baldwin";"NY";"Surly Ice Cream Truck Frameset - 2016";"Surly";"Mountain Bikes";2;469.99;0.1;10.0;939.98;93.998;845.982
579;160;"2016-11-27";2016;11;"2016-11";"Rowlett Bikes";"Rowlett";"TX";"Surly Ice Cream Truck Frameset - 2016";"Surly";"Mountain Bikes";1;469.99;0.2;20.0;469.99;93.998;375.992
606;18;"2016-12-11";2016;12;"2016-12";"Baldwin Bikes";"Baldwin";"NY";"Surly Ice Cream Truck Frameset - 2016";"Surly";"Mountain Bikes";2;469.99;0.2;20.0;939.98;187.996;751.984
615;560;"2016-12-19";2016;12;"2016-12";"Rowlett Bikes";"Rowlett";"TX";"Surly Ice Cream Truck Frameset - 2016";"Surly";"Mountain Bikes";2;469.99;0.1;10.0;939.98;93.998;845.982
629;973;"2016-12-26";2016;12;"2016-12";"Santa Cruz Bikes";"Santa Cruz";"CA";"Surly Ice Cream Truck Frameset - 2016";"Surly";"Mountain Bikes";2;469.99;0.1;10.0;939.98;93.998;845.982
632;163;"2016-12-27";2016;12;"2016-12";"Baldwin Bikes";"Baldwin";"NY";"Surly Ice Cream Truck Frameset - 2016";"Surly";"Mountain Bikes";1;469.99;0.05;5.0;469.99;23.4995;446.4905
645;1199;"2017-01-08";2017;1;"2017-01";"Baldwin Bikes";"Baldwin";"NY";"Surly Ice Cream Truck Frameset - 2016";"Surly";"Mountain Bikes";1;469.99;0.05;5.0;469.99;23.4995;446.4905
653;1249;"2017-01-14";2017;1;"2017-01";"Santa Cruz Bikes";"Santa Cruz";"CA";"Surly Ice Cream Truck Frameset - 2016";"Surly";"Mountain Bikes";1;469.99;0.07;7.0;469.99;32.8993;437.0907
681;499;"2017-01-29";2017;1;"2017-01";"Baldwin Bikes";"Baldwin";"NY";"Surly Ice Cream Truck Frameset - 2016";"Surly";"Mountain Bikes";2;469.99;0.05;5.0;939.98;46.999;892.981
708;660;"2017-02-10";2017;2;"2017-02";"Santa Cruz Bikes";"Santa Cruz";"CA";"Surly Ice Cream Truck Frameset - 2016";"Surly";"Mountain Bikes";1;469.99;0.07;7.0;469.99;32.8993;437.0907
720;382;"2017-02-16";2017;2;"2017-02";"Baldwin Bikes";"Baldwin";"NY";"Surly Ice Cream Truck Frameset - 2016";"Surly";"Mountain Bikes";1;469.99;0.1;10.0;469.99;46.999;422.991
769;946;"2017-03-09";2017;3;"2017-03";"Baldwin Bikes";"Baldwin";"NY";"Surly Ice Cream Truck Frameset - 2016";"Surly";"Mountain Bikes";2;469.99;0.05;5.0;939.98;46.999;892.981
796;154;"2017-03-23";2017;3;"2017-03";"Rowlett Bikes";"Rowlett";"TX";"Surly Ice Cream Truck Frameset - 2016";"Surly";"Mountain Bikes";2;469.99;0.2;20.0;939.98;187.996;751.984
800;1057;"2017-03-27";2017;3;"2017-03";"Baldwin Bikes";"Baldwin";"NY";"Surly Ice Cream Truck Frameset - 2016";"Surly";"Mountain Bikes";2;469.99;0.05;5.0;939.98;46.999;892.981
805;420;"2017-03-29";2017;3;"2017-03";"Baldwin Bikes";"Baldwin";"NY";"Surly Ice Cream Truck Frameset - 2016";"Surly";"Mountain Bikes";2;469.99;0.05;5.0;939.98;46.999;892.981
807;1148;"2017-03-30";2017;3;"2017-03";"Baldwin Bikes";"Baldwin";"NY";"Surly Ice Cream Truck Frameset - 2016";"Surly";"Mountain Bikes";1;469.99;0.07;7.0;469.99;32.8993;437.0907
821;1181;"2017-04-05";2017;4;"2017-04";"Baldwin Bikes";"Baldwin";"NY";"Surly Ice Cream Truck Frameset - 2016";"Surly";"Mountain Bikes";1;469.99;0.2;20.0;469.99;93.998;375.992
853;883;"2017-04-21";2017;4;"2017-04";"Rowlett Bikes";"Rowlett";"TX";"Surly Ice Cream Truck Frameset - 2016";"Surly";"Mountain Bikes";1;469.99;0.05;5.0;469.99;23.4995;446.4905
860;473;"2017-04-27";2017;4;"2017-04";"Baldwin Bikes";"Baldwin";"NY";"Surly Ice Cream Truck Frameset - 2016";"Surly";"Mountain Bikes";1;469.99;0.05;5.0;469.99;23.4995;446.4905
878;224;"2017-05-07";2017;5;"2017-05";"Santa Cruz Bikes";"Santa Cruz";"CA";"Surly Ice Cream Truck Frameset - 2016";"Surly";"Mountain Bikes";2;469.99;0.2;20.0;939.98;187.996;751.984
899;605;"2017-05-20";2017;5;"2017-05";"Baldwin Bikes";"Baldwin";"NY";"Surly Ice Cream Truck Frameset - 2016";"Surly";"Mountain Bikes";1;469.99;0.2;20.0;469.99;93.998;375.992
923;769;"2017-05-31";2017;5;"2017-05";"Baldwin Bikes";"Baldwin";"NY";"Surly Ice Cream Truck Frameset - 2016";"Surly";"Mountain Bikes";1;469.99;0.1;10.0;469.99;46.999;422.991
935;43;"2017-06-10";2017;6;"2017-06";"Rowlett Bikes";"Rowlett";"TX";"Surly Ice Cream Truck Frameset - 2016";"Surly";"Mountain Bikes";1;469.99;0.07;7.0;469.99;32.8993;437.0907
990;706;"2017-07-04";2017;7;"2017-07";"Baldwin Bikes";"Baldwin";"NY";"Surly Ice Cream Truck Frameset - 2016";"Surly";"Mountain Bikes";2;469.99;0.2;20.0;939.98;187.996;751.984
1015;799;"2017-07-19";2017;7;"2017-07";"Baldwin Bikes";"Baldwin";"NY";"Surly Ice Cream Truck Frameset - 2016";"Surly";"Mountain Bikes";2;469.99;0.1;10.0;939.98;93.998;845.982
1067;225;"2017-08-17";2017;8;"2017-08";"Baldwin Bikes";"Baldwin";"NY";"Surly Ice Cream Truck Frameset - 2016";"Surly";"Mountain Bikes";2;469.99;0.2;20.0;939.98;187.996;751.984
1124;275;"2017-09-13";2017;9;"2017-09";"Rowlett Bikes";"Rowlett";"TX";"Surly Ice Cream Truck Frameset - 2016";"Surly";"Mountain Bikes";1;469.99;0.1;10.0;469.99;46.999;422.991
1153;720;"2017-09-30";2017;9;"2017-09";"Baldwin Bikes";"Baldwin";"NY";"Surly Ice Cream Truck Frameset - 2016";"Surly";"Mountain Bikes";2;469.99;0.05;5.0;939.98;46.999;892.981
1155;865;"2017-09-30";2017;9;"2017-09";"Baldwin Bikes";"Baldwin";"NY";"Surly Ice Cream Truck Frameset - 2016";"Surly";"Mountain Bikes";2;469.99;0.1;10.0;939.98;93.998;845.982
1174;1109;"2017-10-08";2017;10;"2017-10";"Baldwin Bikes";"Baldwin";"NY";"Surly Ice Cream Truck Frameset - 2016";"Surly";"Mountain Bikes";1;469.99;0.07;7.0;469.99;32.8993;437.0907
1183;216;"2017-10-14";2017;10;"2017-10";"Baldwin Bikes";"Baldwin";"NY";"Surly Ice Cream Truck Frameset - 2016";"Surly";"Mountain Bikes";2;469.99;0.05;5.0;939.98;46.999;892.981
1203;1191;"2017-10-25";2017;10;"2017-10";"Baldwin Bikes";"Baldwin";"NY";"Surly Ice Cream Truck Frameset - 2016";"Surly";"Mountain Bikes";2;469.99;0.07;7.0;939.98;65.7986;874.1814
1210;730;"2017-10-26";2017;10;"2017-10";"Rowlett Bikes";"Rowlett";"TX";"Surly Ice Cream Truck Frameset - 2016";"Surly";"Mountain Bikes";2;469.99;0.07;7.0;939.98;65.7986;874.1814
1225;768;"2017-11-04";2017;11;"2017-11";"Santa Cruz Bikes";"Santa Cruz";"CA";"Surly Ice Cream Truck Frameset - 2016";"Surly";"Mountain Bikes";2;469.99;0.1;10.0;939.98;93.998;845.982
1232;665;"2017-11-06";2017;11;"2017-11";"Santa Cruz Bikes";"Santa Cruz";"CA";"Surly Ice Cream Truck Frameset - 2016";"Surly";"Mountain Bikes";2;469.99;0.2;20.0;939.98;187.996;751.984
1250;1188;"2017-11-17";2017;11;"2017-11";"Baldwin Bikes";"Baldwin";"NY";"Surly Ice Cream Truck Frameset - 2016";"Surly";"Mountain Bikes";2;469.99;0.1;10.0;939.98;93.998;845.982
1285;262;"2017-12-04";2017;12;"2017-12";"Baldwin Bikes";"Baldwin";"NY";"Surly Ice Cream Truck Frameset - 2016";"Surly";"Mountain Bikes";1;469.99;0.1;10.0;469.99;46.999;422.991
1441;982;"2018-03-15";2018;3;"2018-03";"Rowlett Bikes";"Rowlett";"TX";"Surly Ice Cream Truck Frameset - 2016";"Surly";"Mountain Bikes";1;469.99;0.05;5.0;469.99;23.4995;446.4905
1539;116;"2018-04-15";2018;4;"2018-04";"Rowlett Bikes";"Rowlett";"TX";"Surly Ice Cream Truck Frameset - 2016";"Surly";"Mountain Bikes";2;469.99;0.05;5.0;939.98;46.999;892.981
706;1271;"2017-02-09";2017;2;"2017-02";"Santa Cruz Bikes";"Santa Cruz";"CA";"Surly Big Dummy Frameset - 2017";"Surly";"Mountain Bikes";1;999.99;0.1;10.0;999.99;99.999;899.991
758;953;"2017-03-06";2017;3;"2017-03";"Rowlett Bikes";"Rowlett";"TX";"Surly Big Dummy Frameset - 2017";"Surly";"Mountain Bikes";1;999.99;0.07;7.0;999.99;69.9993;929.9907
832;1215;"2017-04-11";2017;4;"2017-04";"Baldwin Bikes";"Baldwin";"NY";"Surly Big Dummy Frameset - 2017";"Surly";"Mountain Bikes";1;999.99;0.07;7.0;999.99;69.9993;929.9907
840;372;"2017-04-15";2017;4;"2017-04";"Baldwin Bikes";"Baldwin";"NY";"Surly Big Dummy Frameset - 2017";"Surly";"Mountain Bikes";1;999.99;0.07;7.0;999.99;69.9993;929.9907
874;661;"2017-05-04";2017;5;"2017-05";"Baldwin Bikes";"Baldwin";"NY";"Surly Big Dummy Frameset - 2017";"Surly";"Mountain Bikes";2;999.99;0.05;5.0;1999.98;99.999;1899.981
977;400;"2017-06-26";2017;6;"2017-06";"Baldwin Bikes";"Baldwin";"NY";"Surly Big Dummy Frameset - 2017";"Surly";"Mountain Bikes";1;999.99;0.05;5.0;999.99;49.9995;949.9905
989;1145;"2017-07-02";2017;7;"2017-07";"Baldwin Bikes";"Baldwin";"NY";"Surly Big Dummy Frameset - 2017";"Surly";"Mountain Bikes";1;999.99;0.1;10.0;999.99;99.999;899.991
1030;161;"2017-07-29";2017;7;"2017-07";"Baldwin Bikes";"Baldwin";"NY";"Surly Big Dummy Frameset - 2017";"Surly";"Mountain Bikes";1;999.99;0.05;5.0;999.99;49.9995;949.9905
1031;1308;"2017-07-30";2017;7;"2017-07";"Santa Cruz Bikes";"Santa Cruz";"CA";"Surly Big Dummy Frameset - 2017";"Surly";"Mountain Bikes";2;999.99;0.2;20.0;1999.98;399.996;1599.984
1033;582;"2017-07-30";2017;7;"2017-07";"Baldwin Bikes";"Baldwin";"NY";"Surly Big Dummy Frameset - 2017";"Surly";"Mountain Bikes";2;999.99;0.07;7.0;1999.98;139.9986;1859.9814
1040;1225;"2017-08-04";2017;8;"2017-08";"Santa Cruz Bikes";"Santa Cruz";"CA";"Surly Big Dummy Frameset - 2017";"Surly";"Mountain Bikes";2;999.99;0.07;7.0;1999.98;139.9986;1859.9814
1186;1120;"2017-10-14";2017;10;"2017-10";"Baldwin Bikes";"Baldwin";"NY";"Surly Big Dummy Frameset - 2017";"Surly";"Mountain Bikes";1;999.99;0.2;20.0;999.99;199.998;799.992
1193;1412;"2017-10-17";2017;10;"2017-10";"Baldwin Bikes";"Baldwin";"NY";"Surly Big Dummy Frameset - 2017";"Surly";"Mountain Bikes";1;999.99;0.05;5.0;999.99;49.9995;949.9905
1242;303;"2017-11-11";2017;11;"2017-11";"Baldwin Bikes";"Baldwin";"NY";"Surly Big Dummy Frameset - 2017";"Surly";"Mountain Bikes";1;999.99;0.07;7.0;999.99;69.9993;929.9907
1267;467;"2017-11-25";2017;11;"2017-11";"Baldwin Bikes";"Baldwin";"NY";"Surly Big Dummy Frameset - 2017";"Surly";"Mountain Bikes";1;999.99;0.07;7.0;999.99;69.9993;929.9907
1287;279;"2017-12-07";2017;12;"2017-12";"Santa Cruz Bikes";"Santa Cruz";"CA";"Surly Big Dummy Frameset - 2017";"Surly";"Mountain Bikes";2;999.99;0.2;20.0;1999.98;399.996;1599.984
1311;1021;"2017-12-24";2017;12;"2017-12";"Baldwin Bikes";"Baldwin";"NY";"Surly Big Dummy Frameset - 2017";"Surly";"Mountain Bikes";2;999.99;0.1;10.0;1999.98;199.998;1799.982
1323;273;"2017-12-31";2017;12;"2017-12";"Baldwin Bikes";"Baldwin";"NY";"Surly Big Dummy Frameset - 2017";"Surly";"Mountain Bikes";2;999.99;0.07;7.0;1999.98;139.9986;1859.9814
1362;310;"2018-01-23";2018;1;"2018-01";"Baldwin Bikes";"Baldwin";"NY";"Surly Big Dummy Frameset - 2017";"Surly";"Mountain Bikes";2;999.99;0.2;20.0;1999.98;399.996;1599.984
1390;63;"2018-02-12";2018;2;"2018-02";"Baldwin Bikes";"Baldwin";"NY";"Surly Big Dummy Frameset - 2017";"Surly";"Mountain Bikes";2;999.99;0.05;5.0;1999.98;99.999;1899.981
1515;61;"2018-04-10";2018;4;"2018-04";"Rowlett Bikes";"Rowlett";"TX";"Surly Big Dummy Frameset - 2017";"Surly";"Mountain Bikes";2;999.99;0.2;20.0;1999.98;399.996;1599.984
670;361;"2017-01-24";2017;1;"2017-01";"Baldwin Bikes";"Baldwin";"NY";"Surly Karate Monkey 27.5+ Frameset - 2017";"Surly";"Mountain Bikes";1;2499.99;0.07;7.0;2499.99;174.9993;2324.9907
710;295;"2017-02-13";2017;2;"2017-02";"Baldwin Bikes";"Baldwin";"NY";"Surly Karate Monkey 27.5+ Frameset - 2017";"Surly";"Mountain Bikes";1;2499.99;0.05;5.0;2499.99;124.9995;2374.9905
749;255;"2017-03-04";2017;3;"2017-03";"Baldwin Bikes";"Baldwin";"NY";"Surly Karate Monkey 27.5+ Frameset - 2017";"Surly";"Mountain Bikes";1;2499.99;0.05;5.0;2499.99;124.9995;2374.9905
765;1152;"2017-03-09";2017;3;"2017-03";"Santa Cruz Bikes";"Santa Cruz";"CA";"Surly Karate Monkey 27.5+ Frameset - 2017";"Surly";"Mountain Bikes";2;2499.99;0.2;20.0;4999.98;999.996;3999.984
776;490;"2017-03-13";2017;3;"2017-03";"Baldwin Bikes";"Baldwin";"NY";"Surly Karate Monkey 27.5+ Frameset - 2017";"Surly";"Mountain Bikes";1;2499.99;0.2;20.0;2499.99;499.998;1999.992
794;863;"2017-03-23";2017;3;"2017-03";"Baldwin Bikes";"Baldwin";"NY";"Surly Karate Monkey 27.5+ Frameset - 2017";"Surly";"Mountain Bikes";1;2499.99;0.1;10.0;2499.99;249.999;2249.991
802;340;"2017-03-28";2017;3;"2017-03";"Baldwin Bikes";"Baldwin";"NY";"Surly Karate Monkey 27.5+ Frameset - 2017";"Surly";"Mountain Bikes";1;2499.99;0.05;5.0;2499.99;124.9995;2374.9905
827;666;"2017-04-07";2017;4;"2017-04";"Baldwin Bikes";"Baldwin";"NY";"Surly Karate Monkey 27.5+ Frameset - 2017";"Surly";"Mountain Bikes";1;2499.99;0.2;20.0;2499.99;499.998;1999.992
838;1395;"2017-04-14";2017;4;"2017-04";"Baldwin Bikes";"Baldwin";"NY";"Surly Karate Monkey 27.5+ Frameset - 2017";"Surly";"Mountain Bikes";1;2499.99;0.1;10.0;2499.99;249.999;2249.991
880;1206;"2017-05-08";2017;5;"2017-05";"Baldwin Bikes";"Baldwin";"NY";"Surly Karate Monkey 27.5+ Frameset - 2017";"Surly";"Mountain Bikes";2;2499.99;0.2;20.0;4999.98;999.996;3999.984
900;971;"2017-05-20";2017;5;"2017-05";"Baldwin Bikes";"Baldwin";"NY";"Surly Karate Monkey 27.5+ Frameset - 2017";"Surly";"Mountain Bikes";2;2499.99;0.07;7.0;4999.98;349.9986;4649.9814
906;877;"2017-05-23";2017;5;"2017-05";"Baldwin Bikes";"Baldwin";"NY";"Surly Karate Monkey 27.5+ Frameset - 2017";"Surly";"Mountain Bikes";2;2499.99;0.07;7.0;4999.98;349.9986;4649.9814
937;73;"2017-06-11";2017;6;"2017-06";"Baldwin Bikes";"Baldwin";"NY";"Surly Karate Monkey 27.5+ Frameset - 2017";"Surly";"Mountain Bikes";2;2499.99;0.07;7.0;4999.98;349.9986;4649.9814
973;238;"2017-06-24";2017;6;"2017-06";"Baldwin Bikes";"Baldwin";"NY";"Surly Karate Monkey 27.5+ Frameset - 2017";"Surly";"Mountain Bikes";2;2499.99;0.1;10.0;4999.98;499.998;4499.982
1024;837;"2017-07-23";2017;7;"2017-07";"Baldwin Bikes";"Baldwin";"NY";"Surly Karate Monkey 27.5+ Frameset - 2017";"Surly";"Mountain Bikes";2;2499.99;0.05;5.0;4999.98;249.999;4749.981
1040;1225;"2017-08-04";2017;8;"2017-08";"Santa Cruz Bikes";"Santa Cruz";"CA";"Surly Karate Monkey 27.5+ Frameset - 2017";"Surly";"Mountain Bikes";2;2499.99;0.2;20.0;4999.98;999.996;3999.984
1045;185;"2017-08-07";2017;8;"2017-08";"Rowlett Bikes";"Rowlett";"TX";"Surly Karate Monkey 27.5+ Frameset - 2017";"Surly";"Mountain Bikes";1;2499.99;0.05;5.0;2499.99;124.9995;2374.9905
1047;116;"2017-08-08";2017;8;"2017-08";"Rowlett Bikes";"Rowlett";"TX";"Surly Karate Monkey 27.5+ Frameset - 2017";"Surly";"Mountain Bikes";2;2499.99;0.1;10.0;4999.98;499.998;4499.982
1137;810;"2017-09-20";2017;9;"2017-09";"Rowlett Bikes";"Rowlett";"TX";"Surly Karate Monkey 27.5+ Frameset - 2017";"Surly";"Mountain Bikes";1;2499.99;0.2;20.0;2499.99;499.998;1999.992
1247;426;"2017-11-16";2017;11;"2017-11";"Santa Cruz Bikes";"Santa Cruz";"CA";"Surly Karate Monkey 27.5+ Frameset - 2017";"Surly";"Mountain Bikes";2;2499.99;0.1;10.0;4999.98;499.998;4499.982
1322;39;"2017-12-31";2017;12;"2017-12";"Baldwin Bikes";"Baldwin";"NY";"Surly Karate Monkey 27.5+ Frameset - 2017";"Surly";"Mountain Bikes";2;2499.99;0.05;5.0;4999.98;249.999;4749.981
1325;68;"2018-01-01";2018;1;"2018-01";"Rowlett Bikes";"Rowlett";"TX";"Surly Karate Monkey 27.5+ Frameset - 2017";"Surly";"Mountain Bikes";1;2499.99;0.07;7.0;2499.99;174.9993;2324.9907
1399;146;"2018-02-16";2018;2;"2018-02";"Baldwin Bikes";"Baldwin";"NY";"Surly Karate Monkey 27.5+ Frameset - 2017";"Surly";"Mountain Bikes";1;2499.99;0.05;5.0;2499.99;124.9995;2374.9905
1402;1171;"2018-02-19";2018;2;"2018-02";"Baldwin Bikes";"Baldwin";"NY";"Surly Karate Monkey 27.5+ Frameset - 2017";"Surly";"Mountain Bikes";2;2499.99;0.05;5.0;4999.98;249.999;4749.981
1428;195;"2018-03-08";2018;3;"2018-03";"Baldwin Bikes";"Baldwin";"NY";"Surly Karate Monkey 27.5+ Frameset - 2017";"Surly";"Mountain Bikes";1;2499.99;0.1;10.0;2499.99;249.999;2249.991
1589;40;"2018-04-27";2018;4;"2018-04";"Santa Cruz Bikes";"Santa Cruz";"CA";"Surly Karate Monkey 27.5+ Frameset - 2017";"Surly";"Mountain Bikes";2;2499.99;0.1;10.0;4999.98;499.998;4499.982
640;1093;"2017-01-06";2017;1;"2017-01";"Baldwin Bikes";"Baldwin";"NY";"Surly Ice Cream Truck Frameset - 2017";"Surly";"Mountain Bikes";1;999.99;0.07;7.0;999.99;69.9993;929.9907
660;383;"2017-01-18";2017;1;"2017-01";"Baldwin Bikes";"Baldwin";"NY";"Surly Ice Cream Truck Frameset - 2017";"Surly";"Mountain Bikes";1;999.99;0.2;20.0;999.99;199.998;799.992
671;922;"2017-01-25";2017;1;"2017-01";"Baldwin Bikes";"Baldwin";"NY";"Surly Ice Cream Truck Frameset - 2017";"Surly";"Mountain Bikes";1;999.99;0.05;5.0;999.99;49.9995;949.9905
681;499;"2017-01-29";2017;1;"2017-01";"Baldwin Bikes";"Baldwin";"NY";"Surly Ice Cream Truck Frameset - 2017";"Surly";"Mountain Bikes";1;999.99;0.07;7.0;999.99;69.9993;929.9907
686;380;"2017-02-01";2017;2;"2017-02";"Baldwin Bikes";"Baldwin";"NY";"Surly Ice Cream Truck Frameset - 2017";"Surly";"Mountain Bikes";1;999.99;0.1;10.0;999.99;99.999;899.991
792;479;"2017-03-22";2017;3;"2017-03";"Baldwin Bikes";"Baldwin";"NY";"Surly Ice Cream Truck Frameset - 2017";"Surly";"Mountain Bikes";1;999.99;0.05;5.0;999.99;49.9995;949.9905
802;340;"2017-03-28";2017;3;"2017-03";"Baldwin Bikes";"Baldwin";"NY";"Surly Ice Cream Truck Frameset - 2017";"Surly";"Mountain Bikes";1;999.99;0.05;5.0;999.99;49.9995;949.9905
825;10;"2017-04-07";2017;4;"2017-04";"Baldwin Bikes";"Baldwin";"NY";"Surly Ice Cream Truck Frameset - 2017";"Surly";"Mountain Bikes";2;999.99;0.2;20.0;1999.98;399.996;1599.984
851;1139;"2017-04-20";2017;4;"2017-04";"Baldwin Bikes";"Baldwin";"NY";"Surly Ice Cream Truck Frameset - 2017";"Surly";"Mountain Bikes";1;999.99;0.2;20.0;999.99;199.998;799.992
871;358;"2017-05-02";2017;5;"2017-05";"Baldwin Bikes";"Baldwin";"NY";"Surly Ice Cream Truck Frameset - 2017";"Surly";"Mountain Bikes";2;999.99;0.2;20.0;1999.98;399.996;1599.984
886;1396;"2017-05-13";2017;5;"2017-05";"Santa Cruz Bikes";"Santa Cruz";"CA";"Surly Ice Cream Truck Frameset - 2017";"Surly";"Mountain Bikes";1;999.99;0.05;5.0;999.99;49.9995;949.9905
1019;408;"2017-07-22";2017;7;"2017-07";"Baldwin Bikes";"Baldwin";"NY";"Surly Ice Cream Truck Frameset - 2017";"Surly";"Mountain Bikes";1;999.99;0.1;10.0;999.99;99.999;899.991
1060;182;"2017-08-15";2017;8;"2017-08";"Baldwin Bikes";"Baldwin";"NY";"Surly Ice Cream Truck Frameset - 2017";"Surly";"Mountain Bikes";2;999.99;0.05;5.0;1999.98;99.999;1899.981
1084;2;"2017-08-21";2017;8;"2017-08";"Santa Cruz Bikes";"Santa Cruz";"CA";"Surly Ice Cream Truck Frameset - 2017";"Surly";"Mountain Bikes";1;999.99;0.05;5.0;999.99;49.9995;949.9905
1088;1160;"2017-08-22";2017;8;"2017-08";"Rowlett Bikes";"Rowlett";"TX";"Surly Ice Cream Truck Frameset - 2017";"Surly";"Mountain Bikes";1;999.99;0.1;10.0;999.99;99.999;899.991
1089;46;"2017-08-23";2017;8;"2017-08";"Santa Cruz Bikes";"Santa Cruz";"CA";"Surly Ice Cream Truck Frameset - 2017";"Surly";"Mountain Bikes";2;999.99;0.05;5.0;1999.98;99.999;1899.981
1092;40;"2017-08-25";2017;8;"2017-08";"Santa Cruz Bikes";"Santa Cruz";"CA";"Surly Ice Cream Truck Frameset - 2017";"Surly";"Mountain Bikes";2;999.99;0.07;7.0;1999.98;139.9986;1859.9814
1120;1269;"2017-09-10";2017;9;"2017-09";"Baldwin Bikes";"Baldwin";"NY";"Surly Ice Cream Truck Frameset - 2017";"Surly";"Mountain Bikes";2;999.99;0.05;5.0;1999.98;99.999;1899.981
1142;554;"2017-09-23";2017;9;"2017-09";"Santa Cruz Bikes";"Santa Cruz";"CA";"Surly Ice Cream Truck Frameset - 2017";"Surly";"Mountain Bikes";1;999.99;0.1;10.0;999.99;99.999;899.991
1151;708;"2017-09-29";2017;9;"2017-09";"Santa Cruz Bikes";"Santa Cruz";"CA";"Surly Ice Cream Truck Frameset - 2017";"Surly";"Mountain Bikes";2;999.99;0.05;5.0;1999.98;99.999;1899.981
1257;1136;"2017-11-19";2017;11;"2017-11";"Baldwin Bikes";"Baldwin";"NY";"Surly Ice Cream Truck Frameset - 2017";"Surly";"Mountain Bikes";2;999.99;0.05;5.0;1999.98;99.999;1899.981
1275;165;"2017-11-29";2017;11;"2017-11";"Santa Cruz Bikes";"Santa Cruz";"CA";"Surly Ice Cream Truck Frameset - 2017";"Surly";"Mountain Bikes";1;999.99;0.1;10.0;999.99;99.999;899.991
693;1233;"2017-02-05";2017;2;"2017-02";"Santa Cruz Bikes";"Santa Cruz";"CA";"Surly Wednesday - 2017";"Surly";"Mountain Bikes";1;1632.99;0.07;7.0;1632.99;114.3093;1518.6807
699;958;"2017-02-06";2017;2;"2017-02";"Rowlett Bikes";"Rowlett";"TX";"Surly Wednesday - 2017";"Surly";"Mountain Bikes";1;1632.99;0.2;20.0;1632.99;326.598;1306.392
752;335;"2017-03-05";2017;3;"2017-03";"Baldwin Bikes";"Baldwin";"NY";"Surly Wednesday - 2017";"Surly";"Mountain Bikes";2;1632.99;0.05;5.0;3265.98;163.299;3102.681
768;841;"2017-03-09";2017;3;"2017-03";"Baldwin Bikes";"Baldwin";"NY";"Surly Wednesday - 2017";"Surly";"Mountain Bikes";1;1632.99;0.2;20.0;1632.99;326.598;1306.392
903;179;"2017-05-22";2017;5;"2017-05";"Baldwin Bikes";"Baldwin";"NY";"Surly Wednesday - 2017";"Surly";"Mountain Bikes";2;1632.99;0.07;7.0;3265.98;228.6186;3037.3614
918;242;"2017-05-30";2017;5;"2017-05";"Santa Cruz Bikes";"Santa Cruz";"CA";"Surly Wednesday - 2017";"Surly";"Mountain Bikes";1;1632.99;0.1;10.0;1632.99;163.299;1469.691
955;880;"2017-06-17";2017;6;"2017-06";"Baldwin Bikes";"Baldwin";"NY";"Surly Wednesday - 2017";"Surly";"Mountain Bikes";2;1632.99;0.07;7.0;3265.98;228.6186;3037.3614
1080;1086;"2017-08-19";2017;8;"2017-08";"Baldwin Bikes";"Baldwin";"NY";"Surly Wednesday - 2017";"Surly";"Mountain Bikes";1;1632.99;0.2;20.0;1632.99;326.598;1306.392
1095;1382;"2017-08-26";2017;8;"2017-08";"Rowlett Bikes";"Rowlett";"TX";"Surly Wednesday - 2017";"Surly";"Mountain Bikes";1;1632.99;0.2;20.0;1632.99;326.598;1306.392
1120;1269;"2017-09-10";2017;9;"2017-09";"Baldwin Bikes";"Baldwin";"NY";"Surly Wednesday - 2017";"Surly";"Mountain Bikes";1;1632.99;0.07;7.0;1632.99;114.3093;1518.6807
1157;24;"2017-10-01";2017;10;"2017-10";"Santa Cruz Bikes";"Santa Cruz";"CA";"Surly Wednesday - 2017";"Surly";"Mountain Bikes";2;1632.99;0.1;10.0;3265.98;326.598;2939.382
1360;71;"2018-01-22";2018;1;"2018-01";"Baldwin Bikes";"Baldwin";"NY";"Surly Wednesday - 2017";"Surly";"Mountain Bikes";1;1632.99;0.05;5.0;1632.99;81.6495;1551.3405
1415;839;"2018-03-03";2018;3;"2018-03";"Baldwin Bikes";"Baldwin";"NY";"Surly Wednesday - 2017";"Surly";"Mountain Bikes";2;1632.99;0.07;7.0;3265.98;228.6186;3037.3614
656;949;"2017-01-16";2017;1;"2017-01";"Baldwin Bikes";"Baldwin";"NY";"Surly Wednesday Frameset - 2017";"Surly";"Mountain Bikes";2;469.99;0.05;5.0;939.98;46.999;892.981
684;762;"2017-01-31";2017;1;"2017-01";"Baldwin Bikes";"Baldwin";"NY";"Surly Wednesday Frameset - 2017";"Surly";"Mountain Bikes";1;469.99;0.1;10.0;469.99;46.999;422.991
689;884;"2017-02-02";2017;2;"2017-02";"Baldwin Bikes";"Baldwin";"NY";"Surly Wednesday Frameset - 2017";"Surly";"Mountain Bikes";2;469.99;0.1;10.0;939.98;93.998;845.982
721;625;"2017-02-16";2017;2;"2017-02";"Baldwin Bikes";"Baldwin";"NY";"Surly Wednesday Frameset - 2017";"Surly";"Mountain Bikes";1;469.99;0.2;20.0;469.99;93.998;375.992
744;166;"2017-03-01";2017;3;"2017-03";"Baldwin Bikes";"Baldwin";"NY";"Surly Wednesday Frameset - 2017";"Surly";"Mountain Bikes";2;469.99;0.2;20.0;939.98;187.996;751.984
747;87;"2017-03-03";2017;3;"2017-03";"Santa Cruz Bikes";"Santa Cruz";"CA";"Surly Wednesday Frameset - 2017";"Surly";"Mountain Bikes";2;469.99;0.1;10.0;939.98;93.998;845.982
773;1385;"2017-03-11";2017;3;"2017-03";"Baldwin Bikes";"Baldwin";"NY";"Surly Wednesday Frameset - 2017";"Surly";"Mountain Bikes";2;469.99;0.07;7.0;939.98;65.7986;874.1814
805;420;"2017-03-29";2017;3;"2017-03";"Baldwin Bikes";"Baldwin";"NY";"Surly Wednesday Frameset - 2017";"Surly";"Mountain Bikes";2;469.99;0.2;20.0;939.98;187.996;751.984
813;1203;"2017-04-01";2017;4;"2017-04";"Rowlett Bikes";"Rowlett";"TX";"Surly Wednesday Frameset - 2017";"Surly";"Mountain Bikes";2;469.99;0.2;20.0;939.98;187.996;751.984
869;844;"2017-05-01";2017;5;"2017-05";"Baldwin Bikes";"Baldwin";"NY";"Surly Wednesday Frameset - 2017";"Surly";"Mountain Bikes";1;469.99;0.05;5.0;469.99;23.4995;446.4905
888;1038;"2017-05-14";2017;5;"2017-05";"Baldwin Bikes";"Baldwin";"NY";"Surly Wednesday Frameset - 2017";"Surly";"Mountain Bikes";2;469.99;0.1;10.0;939.98;93.998;845.982
974;511;"2017-06-24";2017;6;"2017-06";"Rowlett Bikes";"Rowlett";"TX";"Surly Wednesday Frameset - 2017";"Surly";"Mountain Bikes";2;469.99;0.1;10.0;939.98;93.998;845.982
1022;353;"2017-07-23";2017;7;"2017-07";"Baldwin Bikes";"Baldwin";"NY";"Surly Wednesday Frameset - 2017";"Surly";"Mountain Bikes";1;469.99;0.2;20.0;469.99;93.998;375.992
1063;198;"2017-08-16";2017;8;"2017-08";"Rowlett Bikes";"Rowlett";"TX";"Surly Wednesday Frameset - 2017";"Surly";"Mountain Bikes";2;469.99;0.1;10.0;939.98;93.998;845.982
1083;1372;"2017-08-20";2017;8;"2017-08";"Baldwin Bikes";"Baldwin";"NY";"Surly Wednesday Frameset - 2017";"Surly";"Mountain Bikes";1;469.99;0.2;20.0;469.99;93.998;375.992
1088;1160;"2017-08-22";2017;8;"2017-08";"Rowlett Bikes";"Rowlett";"TX";"Surly Wednesday Frameset - 2017";"Surly";"Mountain Bikes";1;469.99;0.07;7.0;469.99;32.8993;437.0907
1126;1213;"2017-09-14";2017;9;"2017-09";"Rowlett Bikes";"Rowlett";"TX";"Surly Wednesday Frameset - 2017";"Surly";"Mountain Bikes";2;469.99;0.1;10.0;939.98;93.998;845.982
1179;1150;"2017-10-12";2017;10;"2017-10";"Rowlett Bikes";"Rowlett";"TX";"Surly Wednesday Frameset - 2017";"Surly";"Mountain Bikes";2;469.99;0.2;20.0;939.98;187.996;751.984
1244;333;"2017-11-12";2017;11;"2017-11";"Baldwin Bikes";"Baldwin";"NY";"Surly Wednesday Frameset - 2017";"Surly";"Mountain Bikes";1;469.99;0.07;7.0;469.99;32.8993;437.0907
1248;1367;"2017-11-16";2017;11;"2017-11";"Santa Cruz Bikes";"Santa Cruz";"CA";"Surly Wednesday Frameset - 2017";"Surly";"Mountain Bikes";2;469.99;0.1;10.0;939.98;93.998;845.982
1313;1294;"2017-12-25";2017;12;"2017-12";"Santa Cruz Bikes";"Santa Cruz";"CA";"Surly Wednesday Frameset - 2017";"Surly";"Mountain Bikes";1;469.99;0.2;20.0;469.99;93.998;375.992
1527;13;"2018-04-12";2018;4;"2018-04";"Rowlett Bikes";"Rowlett";"TX";"Surly Wednesday Frameset - 2017";"Surly";"Mountain Bikes";1;469.99;0.1;10.0;469.99;46.999;422.991
753;1201;"2017-03-05";2017;3;"2017-03";"Baldwin Bikes";"Baldwin";"NY";"Surly Troll Frameset - 2017";"Surly";"Mountain Bikes";2;832.99;0.1;10.0;1665.98;166.598;1499.382
769;946;"2017-03-09";2017;3;"2017-03";"Baldwin Bikes";"Baldwin";"NY";"Surly Troll Frameset - 2017";"Surly";"Mountain Bikes";2;832.99;0.07;7.0;1665.98;116.6186;1549.3614
774;690;"2017-03-12";2017;3;"2017-03";"Baldwin Bikes";"Baldwin";"NY";"Surly Troll Frameset - 2017";"Surly";"Mountain Bikes";2;832.99;0.05;5.0;1665.98;83.299;1582.681
802;340;"2017-03-28";2017;3;"2017-03";"Baldwin Bikes";"Baldwin";"NY";"Surly Troll Frameset - 2017";"Surly";"Mountain Bikes";2;832.99;0.2;20.0;1665.98;333.196;1332.784
826;45;"2017-04-07";2017;4;"2017-04";"Baldwin Bikes";"Baldwin";"NY";"Surly Troll Frameset - 2017";"Surly";"Mountain Bikes";1;832.99;0.1;10.0;832.99;83.299;749.691
859;644;"2017-04-25";2017;4;"2017-04";"Baldwin Bikes";"Baldwin";"NY";"Surly Troll Frameset - 2017";"Surly";"Mountain Bikes";2;832.99;0.1;10.0;1665.98;166.598;1499.382
892;651;"2017-05-15";2017;5;"2017-05";"Baldwin Bikes";"Baldwin";"NY";"Surly Troll Frameset - 2017";"Surly";"Mountain Bikes";1;832.99;0.1;10.0;832.99;83.299;749.691
904;1020;"2017-05-23";2017;5;"2017-05";"Santa Cruz Bikes";"Santa Cruz";"CA";"Surly Troll Frameset - 2017";"Surly";"Mountain Bikes";2;832.99;0.1;10.0;1665.98;166.598;1499.382
924;68;"2017-06-02";2017;6;"2017-06";"Rowlett Bikes";"Rowlett";"TX";"Surly Troll Frameset - 2017";"Surly";"Mountain Bikes";1;832.99;0.2;20.0;832.99;166.598;666.392
969;248;"2017-06-21";2017;6;"2017-06";"Rowlett Bikes";"Rowlett";"TX";"Surly Troll Frameset - 2017";"Surly";"Mountain Bikes";1;832.99;0.1;10.0;832.99;83.299;749.691
981;687;"2017-06-26";2017;6;"2017-06";"Rowlett Bikes";"Rowlett";"TX";"Surly Troll Frameset - 2017";"Surly";"Mountain Bikes";2;832.99;0.1;10.0;1665.98;166.598;1499.382
993;1415;"2017-07-09";2017;7;"2017-07";"Santa Cruz Bikes";"Santa Cruz";"CA";"Surly Troll Frameset - 2017";"Surly";"Mountain Bikes";2;832.99;0.1;10.0;1665.98;166.598;1499.382
1004;1389;"2017-07-14";2017;7;"2017-07";"Baldwin Bikes";"Baldwin";"NY";"Surly Troll Frameset - 2017";"Surly";"Mountain Bikes";2;832.99;0.1;10.0;1665.98;166.598;1499.382
1049;194;"2017-08-09";2017;8;"2017-08";"Santa Cruz Bikes";"Santa Cruz";"CA";"Surly Troll Frameset - 2017";"Surly";"Mountain Bikes";2;832.99;0.05;5.0;1665.98;83.299;1582.681
1054;189;"2017-08-11";2017;8;"2017-08";"Baldwin Bikes";"Baldwin";"NY";"Surly Troll Frameset - 2017";"Surly";"Mountain Bikes";2;832.99;0.1;10.0;1665.98;166.598;1499.382
1072;47;"2017-08-18";2017;8;"2017-08";"Santa Cruz Bikes";"Santa Cruz";"CA";"Surly Troll Frameset - 2017";"Surly";"Mountain Bikes";2;832.99;0.07;7.0;1665.98;116.6186;1549.3614
1088;1160;"2017-08-22";2017;8;"2017-08";"Rowlett Bikes";"Rowlett";"TX";"Surly Troll Frameset - 2017";"Surly";"Mountain Bikes";2;832.99;0.2;20.0;1665.98;333.196;1332.784
1132;351;"2017-09-19";2017;9;"2017-09";"Baldwin Bikes";"Baldwin";"NY";"Surly Troll Frameset - 2017";"Surly";"Mountain Bikes";2;832.99;0.1;10.0;1665.98;166.598;1499.382
1134;978;"2017-09-19";2017;9;"2017-09";"Baldwin Bikes";"Baldwin";"NY";"Surly Troll Frameset - 2017";"Surly";"Mountain Bikes";1;832.99;0.1;10.0;832.99;83.299;749.691
1146;757;"2017-09-25";2017;9;"2017-09";"Baldwin Bikes";"Baldwin";"NY";"Surly Troll Frameset - 2017";"Surly";"Mountain Bikes";1;832.99;0.07;7.0;832.99;58.3093;774.6807
1187;486;"2017-10-15";2017;10;"2017-10";"Baldwin Bikes";"Baldwin";"NY";"Surly Troll Frameset - 2017";"Surly";"Mountain Bikes";2;832.99;0.1;10.0;1665.98;166.598;1499.382
1229;89;"2017-11-05";2017;11;"2017-11";"Santa Cruz Bikes";"Santa Cruz";"CA";"Surly Troll Frameset - 2017";"Surly";"Mountain Bikes";2;832.99;0.07;7.0;1665.98;116.6186;1549.3614
1239;1197;"2017-11-09";2017;11;"2017-11";"Baldwin Bikes";"Baldwin";"NY";"Surly Troll Frameset - 2017";"Surly";"Mountain Bikes";1;832.99;0.05;5.0;832.99;41.6495;791.3405
1281;1060;"2017-12-02";2017;12;"2017-12";"Baldwin Bikes";"Baldwin";"NY";"Surly Troll Frameset - 2017";"Surly";"Mountain Bikes";1;832.99;0.05;5.0;832.99;41.6495;791.3405
1290;967;"2017-12-08";2017;12;"2017-12";"Baldwin Bikes";"Baldwin";"NY";"Surly Troll Frameset - 2017";"Surly";"Mountain Bikes";1;832.99;0.05;5.0;832.99;41.6495;791.3405
1407;18;"2018-02-26";2018;2;"2018-02";"Baldwin Bikes";"Baldwin";"NY";"Surly Troll Frameset - 2017";"Surly";"Mountain Bikes";2;832.99;0.1;10.0;1665.98;166.598;1499.382
1586;176;"2018-04-26";2018;4;"2018-04";"Santa Cruz Bikes";"Santa Cruz";"CA";"Surly Troll Frameset - 2017";"Surly";"Mountain Bikes";1;832.99;0.1;10.0;832.99;83.299;749.691
1600;90;"2018-04-29";2018;4;"2018-04";"Baldwin Bikes";"Baldwin";"NY";"Surly Troll Frameset - 2017";"Surly";"Mountain Bikes";1;832.99;0.2;20.0;832.99;166.598;666.392
1610;15;"2018-08-25";2018;8;"2018-08";"Baldwin Bikes";"Baldwin";"NY";"Surly Troll Frameset - 2017";"Surly";"Mountain Bikes";1;832.99;0.07;7.0;832.99;58.3093;774.6807
1485;51;"2018-04-02";2018;4;"2018-04";"Baldwin Bikes";"Baldwin";"NY";"Surly Troll Frameset - 2018";"Surly";"Mountain Bikes";2;2499.99;0.2;20.0;4999.98;999.996;3999.984
1488;181;"2018-04-03";2018;4;"2018-04";"Santa Cruz Bikes";"Santa Cruz";"CA";"Surly Troll Frameset - 2018";"Surly";"Mountain Bikes";1;2499.99;0.07;7.0;2499.99;174.9993;2324.9907
1542;58;"2018-04-16";2018;4;"2018-04";"Baldwin Bikes";"Baldwin";"NY";"Surly Troll Frameset - 2018";"Surly";"Mountain Bikes";2;2499.99;0.05;5.0;4999.98;249.999;4749.981
1367;1118;"2018-01-27";2018;1;"2018-01";"Santa Cruz Bikes";"Santa Cruz";"CA";"Surly Krampus - 2018";"Surly";"Mountain Bikes";1;1499.0;0.07;7.0;1499.0;104.93;1394.07
1419;474;"2018-03-04";2018;3;"2018-03";"Baldwin Bikes";"Baldwin";"NY";"Surly Krampus - 2018";"Surly";"Mountain Bikes";1;1499.0;0.07;7.0;1499.0;104.93;1394.07
1454;395;"2018-03-20";2018;3;"2018-03";"Baldwin Bikes";"Baldwin";"NY";"Surly Krampus - 2018";"Surly";"Mountain Bikes";1;1499.0;0.2;20.0;1499.0;299.8;1199.2
1464;1279;"2018-03-24";2018;3;"2018-03";"Baldwin Bikes";"Baldwin";"NY";"Surly Krampus - 2018";"Surly";"Mountain Bikes";1;1499.0;0.2;20.0;1499.0;299.8;1199.2
1511;25;"2018-04-09";2018;4;"2018-04";"Baldwin Bikes";"Baldwin";"NY";"Surly Krampus - 2018";"Surly";"Mountain Bikes";2;1499.0;0.2;20.0;2998.0;599.6;2398.4
1519;26;"2018-04-11";2018;4;"2018-04";"Baldwin Bikes";"Baldwin";"NY";"Surly Krampus - 2018";"Surly";"Mountain Bikes";2;1499.0;0.07;7.0;2998.0;209.86;2788.14
1614;135;"2018-11-28";2018;11;"2018-11";"Rowlett Bikes";"Rowlett";"TX";"Surly Krampus - 2018";"Surly";"Mountain Bikes";1;1499.0;0.07;7.0;1499.0;104.93;1394.07
1428;195;"2018-03-08";2018;3;"2018-03";"Baldwin Bikes";"Baldwin";"NY";"Surly Big Fat Dummy Frameset - 2018";"Surly";"Mountain Bikes";1;469.99;0.07;7.0;469.99;32.8993;437.0907
1456;754;"2018-03-20";2018;3;"2018-03";"Baldwin Bikes";"Baldwin";"NY";"Surly Big Fat Dummy Frameset - 2018";"Surly";"Mountain Bikes";1;469.99;0.1;10.0;469.99;46.999;422.991
1555;1;"2018-04-18";2018;4;"2018-04";"Baldwin Bikes";"Baldwin";"NY";"Surly Big Fat Dummy Frameset - 2018";"Surly";"Mountain Bikes";1;469.99;0.1;10.0;469.99;46.999;422.991
1575;224;"2018-04-23";2018;4;"2018-04";"Santa Cruz Bikes";"Santa Cruz";"CA";"Surly Big Fat Dummy Frameset - 2018";"Surly";"Mountain Bikes";2;469.99;0.05;5.0;939.98;46.999;892.981
1591;165;"2018-04-27";2018;4;"2018-04";"Santa Cruz Bikes";"Santa Cruz";"CA";"Surly Big Fat Dummy Frameset - 2018";"Surly";"Mountain Bikes";2;469.99;0.2;20.0;939.98;187.996;751.984
1397;920;"2018-02-15";2018;2;"2018-02";"Baldwin Bikes";"Baldwin";"NY";"Surly Pack Rat Frameset - 2018";"Surly";"Mountain Bikes";2;469.99;0.1;10.0;939.98;93.998;845.982
1399;146;"2018-02-16";2018;2;"2018-02";"Baldwin Bikes";"Baldwin";"NY";"Surly Pack Rat Frameset - 2018";"Surly";"Mountain Bikes";2;469.99;0.07;7.0;939.98;65.7986;874.1814
1574;124;"2018-04-23";2018;4;"2018-04";"Santa Cruz Bikes";"Santa Cruz";"CA";"Surly Pack Rat Frameset - 2018";"Surly";"Mountain Bikes";1;469.99;0.1;10.0;469.99;46.999;422.991
1366;1441;"2018-01-26";2018;1;"2018-01";"Baldwin Bikes";"Baldwin";"NY";"Surly ECR 27.5 - 2018";"Surly";"Mountain Bikes";2;1899.0;0.2;20.0;3798.0;759.6;3038.4
1420;838;"2018-03-04";2018;3;"2018-03";"Baldwin Bikes";"Baldwin";"NY";"Surly ECR 27.5 - 2018";"Surly";"Mountain Bikes";1;1899.0;0.1;10.0;1899.0;189.9;1709.1
1444;1154;"2018-03-16";2018;3;"2018-03";"Baldwin Bikes";"Baldwin";"NY";"Surly ECR 27.5 - 2018";"Surly";"Mountain Bikes";2;1899.0;0.2;20.0;3798.0;759.6;3038.4
1531;233;"2018-04-13";2018;4;"2018-04";"Santa Cruz Bikes";"Santa Cruz";"CA";"Surly ECR 27.5 - 2018";"Surly";"Mountain Bikes";1;1899.0;0.1;10.0;1899.0;189.9;1709.1
1555;1;"2018-04-18";2018;4;"2018-04";"Baldwin Bikes";"Baldwin";"NY";"Surly ECR 27.5 - 2018";"Surly";"Mountain Bikes";2;1899.0;0.05;5.0;3798.0;189.9;3608.1
1;259;"2016-01-01";2016;1;"2016-01";"Santa Cruz Bikes";"Santa Cruz";"CA";"Surly Straggler - 2016";"Surly";"Cyclocross Bicycles";2;1549.0;0.05;5.0;3098.0;154.9;2943.1
5;1324;"2016-01-03";2016;1;"2016-01";"Baldwin Bikes";"Baldwin";"NY";"Surly Straggler - 2016";"Surly";"Cyclocross Bicycles";2;1549.0;0.05;5.0;3098.0;154.9;2943.1
19;696;"2016-01-14";2016;1;"2016-01";"Santa Cruz Bikes";"Santa Cruz";"CA";"Surly Straggler - 2016";"Surly";"Cyclocross Bicycles";1;1549.0;0.07;7.0;1549.0;108.43;1440.57
20;923;"2016-01-14";2016;1;"2016-01";"Santa Cruz Bikes";"Santa Cruz";"CA";"Surly Straggler - 2016";"Surly";"Cyclocross Bicycles";2;1549.0;0.07;7.0;3098.0;216.86;2881.14
21;1250;"2016-01-15";2016;1;"2016-01";"Baldwin Bikes";"Baldwin";"NY";"Surly Straggler - 2016";"Surly";"Cyclocross Bicycles";1;1549.0;0.07;7.0;1549.0;108.43;1440.57
25;657;"2016-01-18";2016;1;"2016-01";"Baldwin Bikes";"Baldwin";"NY";"Surly Straggler - 2016";"Surly";"Cyclocross Bicycles";2;1549.0;0.2;20.0;3098.0;619.6;2478.4
34;80;"2016-01-22";2016;1;"2016-01";"Baldwin Bikes";"Baldwin";"NY";"Surly Straggler - 2016";"Surly";"Cyclocross Bicycles";2;1549.0;0.1;10.0;3098.0;309.8;2788.2
38;583;"2016-01-25";2016;1;"2016-01";"Baldwin Bikes";"Baldwin";"NY";"Surly Straggler - 2016";"Surly";"Cyclocross Bicycles";2;1549.0;0.1;10.0;3098.0;309.8;2788.2
69;1413;"2016-02-10";2016;2;"2016-02";"Baldwin Bikes";"Baldwin";"NY";"Surly Straggler - 2016";"Surly";"Cyclocross Bicycles";1;1549.0;0.05;5.0;1549.0;77.45;1471.55
81;521;"2016-02-17";2016;2;"2016-02";"Baldwin Bikes";"Baldwin";"NY";"Surly Straggler - 2016";"Surly";"Cyclocross Bicycles";2;1549.0;0.2;20.0;3098.0;619.6;2478.4
88;1069;"2016-02-21";2016;2;"2016-02";"Baldwin Bikes";"Baldwin";"NY";"Surly Straggler - 2016";"Surly";"Cyclocross Bicycles";1;1549.0;0.07;7.0;1549.0;108.43;1440.57
93;1328;"2016-02-26";2016;2;"2016-02";"Santa Cruz Bikes";"Santa Cruz";"CA";"Surly Straggler - 2016";"Surly";"Cyclocross Bicycles";2;1549.0;0.07;7.0;3098.0;216.86;2881.14
95;218;"2016-02-27";2016;2;"2016-02";"Baldwin Bikes";"Baldwin";"NY";"Surly Straggler - 2016";"Surly";"Cyclocross Bicycles";2;1549.0;0.2;20.0;3098.0;619.6;2478.4
120;327;"2016-03-14";2016;3;"2016-03";"Baldwin Bikes";"Baldwin";"NY";"Surly Straggler - 2016";"Surly";"Cyclocross Bicycles";2;1549.0;0.05;5.0;3098.0;154.9;2943.1
164;610;"2016-04-07";2016;4;"2016-04";"Baldwin Bikes";"Baldwin";"NY";"Surly Straggler - 2016";"Surly";"Cyclocross Bicycles";2;1549.0;0.05;5.0;3098.0;154.9;2943.1
166;338;"2016-04-08";2016;4;"2016-04";"Baldwin Bikes";"Baldwin";"NY";"Surly Straggler - 2016";"Surly";"Cyclocross Bicycles";2;1549.0;0.1;10.0;3098.0;309.8;2788.2
167;1034;"2016-04-08";2016;4;"2016-04";"Baldwin Bikes";"Baldwin";"NY";"Surly Straggler - 2016";"Surly";"Cyclocross Bicycles";1;1549.0;0.2;20.0;1549.0;309.8;1239.2
169;99;"2016-04-10";2016;4;"2016-04";"Baldwin Bikes";"Baldwin";"NY";"Surly Straggler - 2016";"Surly";"Cyclocross Bicycles";1;1549.0;0.2;20.0;1549.0;309.8;1239.2
178;756;"2016-04-16";2016;4;"2016-04";"Baldwin Bikes";"Baldwin";"NY";"Surly Straggler - 2016";"Surly";"Cyclocross Bicycles";2;1549.0;0.2;20.0;3098.0;619.6;2478.4
181;459;"2016-04-18";2016;4;"2016-04";"Santa Cruz Bikes";"Santa Cruz";"CA";"Surly Straggler - 2016";"Surly";"Cyclocross Bicycles";1;1549.0;0.05;5.0;1549.0;77.45;1471.55
192;728;"2016-04-27";2016;4;"2016-04";"Baldwin Bikes";"Baldwin";"NY";"Surly Straggler - 2016";"Surly";"Cyclocross Bicycles";2;1549.0;0.2;20.0;3098.0;619.6;2478.4
196;1247;"2016-04-28";2016;4;"2016-04";"Baldwin Bikes";"Baldwin";"NY";"Surly Straggler - 2016";"Surly";"Cyclocross Bicycles";2;1549.0;0.07;7.0;3098.0;216.86;2881.14
208;815;"2016-05-06";2016;5;"2016-05";"Baldwin Bikes";"Baldwin";"NY";"Surly Straggler - 2016";"Surly";"Cyclocross Bicycles";2;1549.0;0.05;5.0;3098.0;154.9;2943.1
211;1140;"2016-05-07";2016;5;"2016-05";"Baldwin Bikes";"Baldwin";"NY";"Surly Straggler - 2016";"Surly";"Cyclocross Bicycles";1;1549.0;0.07;7.0;1549.0;108.43;1440.57
217;716;"2016-05-11";2016;5;"2016-05";"Baldwin Bikes";"Baldwin";"NY";"Surly Straggler - 2016";"Surly";"Cyclocross Bicycles";2;1549.0;0.1;10.0;3098.0;309.8;2788.2
222;51;"2016-05-13";2016;5;"2016-05";"Baldwin Bikes";"Baldwin";"NY";"Surly Straggler - 2016";"Surly";"Cyclocross Bicycles";1;1549.0;0.1;10.0;1549.0;154.9;1394.1
224;157;"2016-05-17";2016;5;"2016-05";"Santa Cruz Bikes";"Santa Cruz";"CA";"Surly Straggler - 2016";"Surly";"Cyclocross Bicycles";2;1549.0;0.2;20.0;3098.0;619.6;2478.4
245;223;"2016-05-29";2016;5;"2016-05";"Baldwin Bikes";"Baldwin";"NY";"Surly Straggler - 2016";"Surly";"Cyclocross Bicycles";2;1549.0;0.05;5.0;3098.0;154.9;2943.1
257;1314;"2016-06-05";2016;6;"2016-06";"Santa Cruz Bikes";"Santa Cruz";"CA";"Surly Straggler - 2016";"Surly";"Cyclocross Bicycles";2;1549.0;0.1;10.0;3098.0;309.8;2788.2
260;632;"2016-06-06";2016;6;"2016-06";"Baldwin Bikes";"Baldwin";"NY";"Surly Straggler - 2016";"Surly";"Cyclocross Bicycles";1;1549.0;0.2;20.0;1549.0;309.8;1239.2
264;5;"2016-06-10";2016;6;"2016-06";"Santa Cruz Bikes";"Santa Cruz";"CA";"Surly Straggler - 2016";"Surly";"Cyclocross Bicycles";1;1549.0;0.2;20.0;1549.0;309.8;1239.2
287;133;"2016-06-25";2016;6;"2016-06";"Baldwin Bikes";"Baldwin";"NY";"Surly Straggler - 2016";"Surly";"Cyclocross Bicycles";1;1549.0;0.05;5.0;1549.0;77.45;1471.55
288;780;"2016-06-25";2016;6;"2016-06";"Baldwin Bikes";"Baldwin";"NY";"Surly Straggler - 2016";"Surly";"Cyclocross Bicycles";1;1549.0;0.1;10.0;1549.0;154.9;1394.1
292;360;"2016-06-29";2016;6;"2016-06";"Rowlett Bikes";"Rowlett";"TX";"Surly Straggler - 2016";"Surly";"Cyclocross Bicycles";2;1549.0;0.05;5.0;3098.0;154.9;2943.1
299;281;"2016-07-05";2016;7;"2016-07";"Baldwin Bikes";"Baldwin";"NY";"Surly Straggler - 2016";"Surly";"Cyclocross Bicycles";2;1549.0;0.2;20.0;3098.0;619.6;2478.4
300;1205;"2016-07-05";2016;7;"2016-07";"Baldwin Bikes";"Baldwin";"NY";"Surly Straggler - 2016";"Surly";"Cyclocross Bicycles";1;1549.0;0.1;10.0;1549.0;154.9;1394.1
304;230;"2016-07-07";2016;7;"2016-07";"Baldwin Bikes";"Baldwin";"NY";"Surly Straggler - 2016";"Surly";"Cyclocross Bicycles";1;1549.0;0.05;5.0;1549.0;77.45;1471.55
305;705;"2016-07-07";2016;7;"2016-07";"Baldwin Bikes";"Baldwin";"NY";"Surly Straggler - 2016";"Surly";"Cyclocross Bicycles";1;1549.0;0.07;7.0;1549.0;108.43;1440.57
306;424;"2016-07-09";2016;7;"2016-07";"Baldwin Bikes";"Baldwin";"NY";"Surly Straggler - 2016";"Surly";"Cyclocross Bicycles";1;1549.0;0.2;20.0;1549.0;309.8;1239.2
313;565;"2016-07-14";2016;7;"2016-07";"Rowlett Bikes";"Rowlett";"TX";"Surly Straggler - 2016";"Surly";"Cyclocross Bicycles";2;1549.0;0.07;7.0;3098.0;216.86;2881.14
317;795;"2016-07-17";2016;7;"2016-07";"Baldwin Bikes";"Baldwin";"NY";"Surly Straggler - 2016";"Surly";"Cyclocross Bicycles";1;1549.0;0.2;20.0;1549.0;309.8;1239.2
338;1333;"2016-07-28";2016;7;"2016-07";"Santa Cruz Bikes";"Santa Cruz";"CA";"Surly Straggler - 2016";"Surly";"Cyclocross Bicycles";1;1549.0;0.07;7.0;1549.0;108.43;1440.57
340;963;"2016-07-29";2016;7;"2016-07";"Baldwin Bikes";"Baldwin";"NY";"Surly Straggler - 2016";"Surly";"Cyclocross Bicycles";2;1549.0;0.1;10.0;3098.0;309.8;2788.2
343;961;"2016-07-31";2016;7;"2016-07";"Baldwin Bikes";"Baldwin";"NY";"Surly Straggler - 2016";"Surly";"Cyclocross Bicycles";1;1549.0;0.1;10.0;1549.0;154.9;1394.1
367;527;"2016-08-14";2016;8;"2016-08";"Baldwin Bikes";"Baldwin";"NY";"Surly Straggler - 2016";"Surly";"Cyclocross Bicycles";2;1549.0;0.05;5.0;3098.0;154.9;2943.1
368;995;"2016-08-14";2016;8;"2016-08";"Baldwin Bikes";"Baldwin";"NY";"Surly Straggler - 2016";"Surly";"Cyclocross Bicycles";2;1549.0;0.2;20.0;3098.0;619.6;2478.4
369;1285;"2016-08-15";2016;8;"2016-08";"Santa Cruz Bikes";"Santa Cruz";"CA";"Surly Straggler - 2016";"Surly";"Cyclocross Bicycles";2;1549.0;0.07;7.0;3098.0;216.86;2881.14
374;1313;"2016-08-17";2016;8;"2016-08";"Santa Cruz Bikes";"Santa Cruz";"CA";"Surly Straggler - 2016";"Surly";"Cyclocross Bicycles";1;1549.0;0.1;10.0;1549.0;154.9;1394.1
389;53;"2016-08-22";2016;8;"2016-08";"Santa Cruz Bikes";"Santa Cruz";"CA";"Surly Straggler - 2016";"Surly";"Cyclocross Bicycles";2;1549.0;0.05;5.0;3098.0;154.9;2943.1
401;103;"2016-08-30";2016;8;"2016-08";"Baldwin Bikes";"Baldwin";"NY";"Surly Straggler - 2016";"Surly";"Cyclocross Bicycles";2;1549.0;0.2;20.0;3098.0;619.6;2478.4
405;603;"2016-08-31";2016;8;"2016-08";"Baldwin Bikes";"Baldwin";"NY";"Surly Straggler - 2016";"Surly";"Cyclocross Bicycles";2;1549.0;0.1;10.0;3098.0;309.8;2788.2
426;944;"2016-09-08";2016;9;"2016-09";"Baldwin Bikes";"Baldwin";"NY";"Surly Straggler - 2016";"Surly";"Cyclocross Bicycles";1;1549.0;0.1;10.0;1549.0;154.9;1394.1
432;169;"2016-09-12";2016;9;"2016-09";"Santa Cruz Bikes";"Santa Cruz";"CA";"Surly Straggler - 2016";"Surly";"Cyclocross Bicycles";2;1549.0;0.2;20.0;3098.0;619.6;2478.4
433;1062;"2016-09-12";2016;9;"2016-09";"Baldwin Bikes";"Baldwin";"NY";"Surly Straggler - 2016";"Surly";"Cyclocross Bicycles";1;1549.0;0.2;20.0;1549.0;309.8;1239.2
437;1085;"2016-09-16";2016;9;"2016-09";"Baldwin Bikes";"Baldwin";"NY";"Surly Straggler - 2016";"Surly";"Cyclocross Bicycles";1;1549.0;0.05;5.0;1549.0;77.45;1471.55
444;30;"2016-09-19";2016;9;"2016-09";"Santa Cruz Bikes";"Santa Cruz";"CA";"Surly Straggler - 2016";"Surly";"Cyclocross Bicycles";2;1549.0;0.2;20.0;3098.0;619.6;2478.4
467;555;"2016-09-28";2016;9;"2016-09";"Rowlett Bikes";"Rowlett";"TX";"Surly Straggler - 2016";"Surly";"Cyclocross Bicycles";1;1549.0;0.07;7.0;1549.0;108.43;1440.57
468;1261;"2016-09-29";2016;9;"2016-09";"Santa Cruz Bikes";"Santa Cruz";"CA";"Surly Straggler - 2016";"Surly";"Cyclocross Bicycles";2;1549.0;0.05;5.0;3098.0;154.9;2943.1
477;449;"2016-10-02";2016;10;"2016-10";"Santa Cruz Bikes";"Santa Cruz";"CA";"Surly Straggler - 2016";"Surly";"Cyclocross Bicycles";1;1549.0;0.05;5.0;1549.0;77.45;1471.55
479;984;"2016-10-03";2016;10;"2016-10";"Baldwin Bikes";"Baldwin";"NY";"Surly Straggler - 2016";"Surly";"Cyclocross Bicycles";1;1549.0;0.2;20.0;1549.0;309.8;1239.2
498;1331;"2016-10-10";2016;10;"2016-10";"Baldwin Bikes";"Baldwin";"NY";"Surly Straggler - 2016";"Surly";"Cyclocross Bicycles";1;1549.0;0.07;7.0;1549.0;108.43;1440.57
503;932;"2016-10-13";2016;10;"2016-10";"Baldwin Bikes";"Baldwin";"NY";"Surly Straggler - 2016";"Surly";"Cyclocross Bicycles";1;1549.0;0.05;5.0;1549.0;77.45;1471.55
508;1359;"2016-10-15";2016;10;"2016-10";"Baldwin Bikes";"Baldwin";"NY";"Surly Straggler - 2016";"Surly";"Cyclocross Bicycles";2;1549.0;0.05;5.0;3098.0;154.9;2943.1
520;639;"2016-10-23";2016;10;"2016-10";"Baldwin Bikes";"Baldwin";"NY";"Surly Straggler - 2016";"Surly";"Cyclocross Bicycles";1;1549.0;0.07;7.0;1549.0;108.43;1440.57
525;1315;"2016-10-26";2016;10;"2016-10";"Santa Cruz Bikes";"Santa Cruz";"CA";"Surly Straggler - 2016";"Surly";"Cyclocross Bicycles";1;1549.0;0.1;10.0;1549.0;154.9;1394.1
533;1334;"2016-10-29";2016;10;"2016-10";"Baldwin Bikes";"Baldwin";"NY";"Surly Straggler - 2016";"Surly";"Cyclocross Bicycles";1;1549.0;0.2;20.0;1549.0;309.8;1239.2
537;1353;"2016-10-31";2016;10;"2016-10";"Santa Cruz Bikes";"Santa Cruz";"CA";"Surly Straggler - 2016";"Surly";"Cyclocross Bicycles";1;1549.0;0.05;5.0;1549.0;77.45;1471.55
557;1248;"2016-11-14";2016;11;"2016-11";"Baldwin Bikes";"Baldwin";"NY";"Surly Straggler - 2016";"Surly";"Cyclocross Bicycles";1;1549.0;0.1;10.0;1549.0;154.9;1394.1
558;1443;"2016-11-15";2016;11;"2016-11";"Baldwin Bikes";"Baldwin";"NY";"Surly Straggler - 2016";"Surly";"Cyclocross Bicycles";2;1549.0;0.07;7.0;3098.0;216.86;2881.14
568;1275;"2016-11-23";2016;11;"2016-11";"Santa Cruz Bikes";"Santa Cruz";"CA";"Surly Straggler - 2016";"Surly";"Cyclocross Bicycles";1;1549.0;0.05;5.0;1549.0;77.45;1471.55
582;32;"2016-12-04";2016;12;"2016-12";"Santa Cruz Bikes";"Santa Cruz";"CA";"Surly Straggler - 2016";"Surly";"Cyclocross Bicycles";2;1549.0;0.2;20.0;3098.0;619.6;2478.4
585;1219;"2016-12-04";2016;12;"2016-12";"Baldwin Bikes";"Baldwin";"NY";"Surly Straggler - 2016";"Surly";"Cyclocross Bicycles";1;1549.0;0.2;20.0;1549.0;309.8;1239.2
588;102;"2016-12-06";2016;12;"2016-12";"Baldwin Bikes";"Baldwin";"NY";"Surly Straggler - 2016";"Surly";"Cyclocross Bicycles";2;1549.0;0.07;7.0;3098.0;216.86;2881.14
595;538;"2016-12-08";2016;12;"2016-12";"Santa Cruz Bikes";"Santa Cruz";"CA";"Surly Straggler - 2016";"Surly";"Cyclocross Bicycles";1;1549.0;0.07;7.0;1549.0;108.43;1440.57
599;1;"2016-12-09";2016;12;"2016-12";"Baldwin Bikes";"Baldwin";"NY";"Surly Straggler - 2016";"Surly";"Cyclocross Bicycles";2;1549.0;0.1;10.0;3098.0;309.8;2788.2
604;96;"2016-12-10";2016;12;"2016-12";"Baldwin Bikes";"Baldwin";"NY";"Surly Straggler - 2016";"Surly";"Cyclocross Bicycles";2;1549.0;0.07;7.0;3098.0;216.86;2881.14
609;896;"2016-12-12";2016;12;"2016-12";"Baldwin Bikes";"Baldwin";"NY";"Surly Straggler - 2016";"Surly";"Cyclocross Bicycles";1;1549.0;0.07;7.0;1549.0;108.43;1440.57
622;1398;"2016-12-23";2016;12;"2016-12";"Baldwin Bikes";"Baldwin";"NY";"Surly Straggler - 2016";"Surly";"Cyclocross Bicycles";1;1549.0;0.2;20.0;1549.0;309.8;1239.2
633;1040;"2016-12-28";2016;12;"2016-12";"Rowlett Bikes";"Rowlett";"TX";"Surly Straggler - 2016";"Surly";"Cyclocross Bicycles";2;1549.0;0.2;20.0;3098.0;619.6;2478.4
704;1137;"2017-02-08";2017;2;"2017-02";"Baldwin Bikes";"Baldwin";"NY";"Surly Straggler - 2016";"Surly";"Cyclocross Bicycles";2;1549.0;0.05;5.0;3098.0;154.9;2943.1
735;20;"2017-02-27";2017;2;"2017-02";"Rowlett Bikes";"Rowlett";"TX";"Surly Straggler - 2016";"Surly";"Cyclocross Bicycles";2;1549.0;0.07;7.0;3098.0;216.86;2881.14
838;1395;"2017-04-14";2017;4;"2017-04";"Baldwin Bikes";"Baldwin";"NY";"Surly Straggler - 2016";"Surly";"Cyclocross Bicycles";1;1549.0;0.1;10.0;1549.0;154.9;1394.1
884;871;"2017-05-11";2017;5;"2017-05";"Baldwin Bikes";"Baldwin";"NY";"Surly Straggler - 2016";"Surly";"Cyclocross Bicycles";1;1549.0;0.1;10.0;1549.0;154.9;1394.1
896;376;"2017-05-19";2017;5;"2017-05";"Rowlett Bikes";"Rowlett";"TX";"Surly Straggler - 2016";"Surly";"Cyclocross Bicycles";1;1549.0;0.05;5.0;1549.0;77.45;1471.55
968;1403;"2017-06-21";2017;6;"2017-06";"Baldwin Bikes";"Baldwin";"NY";"Surly Straggler - 2016";"Surly";"Cyclocross Bicycles";2;1549.0;0.05;5.0;3098.0;154.9;2943.1
993;1415;"2017-07-09";2017;7;"2017-07";"Santa Cruz Bikes";"Santa Cruz";"CA";"Surly Straggler - 2016";"Surly";"Cyclocross Bicycles";2;1549.0;0.05;5.0;3098.0;154.9;2943.1
1028;1273;"2017-07-27";2017;7;"2017-07";"Baldwin Bikes";"Baldwin";"NY";"Surly Straggler - 2016";"Surly";"Cyclocross Bicycles";1;1549.0;0.2;20.0;1549.0;309.8;1239.2
1030;161;"2017-07-29";2017;7;"2017-07";"Baldwin Bikes";"Baldwin";"NY";"Surly Straggler - 2016";"Surly";"Cyclocross Bicycles";2;1549.0;0.1;10.0;3098.0;309.8;2788.2
1049;194;"2017-08-09";2017;8;"2017-08";"Santa Cruz Bikes";"Santa Cruz";"CA";"Surly Straggler - 2016";"Surly";"Cyclocross Bicycles";2;1549.0;0.05;5.0;3098.0;154.9;2943.1
1078;793;"2017-08-19";2017;8;"2017-08";"Baldwin Bikes";"Baldwin";"NY";"Surly Straggler - 2016";"Surly";"Cyclocross Bicycles";2;1549.0;0.1;10.0;3098.0;309.8;2788.2
1086;220;"2017-08-21";2017;8;"2017-08";"Baldwin Bikes";"Baldwin";"NY";"Surly Straggler - 2016";"Surly";"Cyclocross Bicycles";2;1549.0;0.07;7.0;3098.0;216.86;2881.14
1128;936;"2017-09-15";2017;9;"2017-09";"Baldwin Bikes";"Baldwin";"NY";"Surly Straggler - 2016";"Surly";"Cyclocross Bicycles";1;1549.0;0.2;20.0;1549.0;309.8;1239.2
1132;351;"2017-09-19";2017;9;"2017-09";"Baldwin Bikes";"Baldwin";"NY";"Surly Straggler - 2016";"Surly";"Cyclocross Bicycles";1;1549.0;0.1;10.0;1549.0;154.9;1394.1
1171;826;"2017-10-05";2017;10;"2017-10";"Baldwin Bikes";"Baldwin";"NY";"Surly Straggler - 2016";"Surly";"Cyclocross Bicycles";2;1549.0;0.07;7.0;3098.0;216.86;2881.14
1215;807;"2017-10-28";2017;10;"2017-10";"Baldwin Bikes";"Baldwin";"NY";"Surly Straggler - 2016";"Surly";"Cyclocross Bicycles";2;1549.0;0.07;7.0;3098.0;216.86;2881.14
1242;303;"2017-11-11";2017;11;"2017-11";"Baldwin Bikes";"Baldwin";"NY";"Surly Straggler - 2016";"Surly";"Cyclocross Bicycles";1;1549.0;0.07;7.0;1549.0;108.43;1440.57
1601;43;"2018-04-29";2018;4;"2018-04";"Rowlett Bikes";"Rowlett";"TX";"Surly Straggler - 2016";"Surly";"Cyclocross Bicycles";1;1549.0;0.2;20.0;1549.0;309.8;1239.2
12;91;"2016-01-06";2016;1;"2016-01";"Santa Cruz Bikes";"Santa Cruz";"CA";"Surly Straggler 650b - 2016";"Surly";"Cyclocross Bicycles";1;1680.99;0.05;5.0;1680.99;84.0495;1596.9405
31;1238;"2016-01-20";2016;1;"2016-01";"Rowlett Bikes";"Rowlett";"TX";"Surly Straggler 650b - 2016";"Surly";"Cyclocross Bicycles";2;1680.99;0.05;5.0;3361.98;168.099;3193.881
48;1012;"2016-01-30";2016;1;"2016-01";"Baldwin Bikes";"Baldwin";"NY";"Surly Straggler 650b - 2016";"Surly";"Cyclocross Bicycles";1;1680.99;0.1;10.0;1680.99;168.099;1512.891
76;9;"2016-02-16";2016;2;"2016-02";"Baldwin Bikes";"Baldwin";"NY";"Surly Straggler 650b - 2016";"Surly";"Cyclocross Bicycles";2;1680.99;0.1;10.0;3361.98;336.198;3025.782
82;1223;"2016-02-18";2016;2;"2016-02";"Baldwin Bikes";"Baldwin";"NY";"Surly Straggler 650b - 2016";"Surly";"Cyclocross Bicycles";2;1680.99;0.2;20.0;3361.98;672.396;2689.584
91;648;"2016-02-25";2016;2;"2016-02";"Santa Cruz Bikes";"Santa Cruz";"CA";"Surly Straggler 650b - 2016";"Surly";"Cyclocross Bicycles";1;1680.99;0.1;10.0;1680.99;168.099;1512.891
94;929;"2016-02-27";2016;2;"2016-02";"Santa Cruz Bikes";"Santa Cruz";"CA";"Surly Straggler 650b - 2016";"Surly";"Cyclocross Bicycles";1;1680.99;0.2;20.0;1680.99;336.198;1344.792
100;1237;"2016-03-01";2016;3;"2016-03";"Baldwin Bikes";"Baldwin";"NY";"Surly Straggler 650b - 2016";"Surly";"Cyclocross Bicycles";2;1680.99;0.1;10.0;3361.98;336.198;3025.782
105;306;"2016-03-03";2016;3;"2016-03";"Baldwin Bikes";"Baldwin";"NY";"Surly Straggler 650b - 2016";"Surly";"Cyclocross Bicycles";2;1680.99;0.2;20.0;3361.98;672.396;2689.584
108;12;"2016-03-06";2016;3;"2016-03";"Baldwin Bikes";"Baldwin";"NY";"Surly Straggler 650b - 2016";"Surly";"Cyclocross Bicycles";1;1680.99;0.1;10.0;1680.99;168.099;1512.891
142;170;"2016-03-26";2016;3;"2016-03";"Santa Cruz Bikes";"Santa Cruz";"CA";"Surly Straggler 650b - 2016";"Surly";"Cyclocross Bicycles";2;1680.99;0.1;10.0;3361.98;336.198;3025.782
145;366;"2016-03-27";2016;3;"2016-03";"Baldwin Bikes";"Baldwin";"NY";"Surly Straggler 650b - 2016";"Surly";"Cyclocross Bicycles";1;1680.99;0.2;20.0;1680.99;336.198;1344.792
160;205;"2016-04-04";2016;4;"2016-04";"Baldwin Bikes";"Baldwin";"NY";"Surly Straggler 650b - 2016";"Surly";"Cyclocross Bicycles";1;1680.99;0.05;5.0;1680.99;84.0495;1596.9405
166;338;"2016-04-08";2016;4;"2016-04";"Baldwin Bikes";"Baldwin";"NY";"Surly Straggler 650b - 2016";"Surly";"Cyclocross Bicycles";1;1680.99;0.2;20.0;1680.99;336.198;1344.792
168;1147;"2016-04-09";2016;4;"2016-04";"Santa Cruz Bikes";"Santa Cruz";"CA";"Surly Straggler 650b - 2016";"Surly";"Cyclocross Bicycles";2;1680.99;0.07;7.0;3361.98;235.3386;3126.6414
169;99;"2016-04-10";2016;4;"2016-04";"Baldwin Bikes";"Baldwin";"NY";"Surly Straggler 650b - 2016";"Surly";"Cyclocross Bicycles";1;1680.99;0.2;20.0;1680.99;336.198;1344.792
176;643;"2016-04-15";2016;4;"2016-04";"Baldwin Bikes";"Baldwin";"NY";"Surly Straggler 650b - 2016";"Surly";"Cyclocross Bicycles";2;1680.99;0.2;20.0;3361.98;672.396;2689.584
181;459;"2016-04-18";2016;4;"2016-04";"Santa Cruz Bikes";"Santa Cruz";"CA";"Surly Straggler 650b - 2016";"Surly";"Cyclocross Bicycles";1;1680.99;0.1;10.0;1680.99;168.099;1512.891
183;22;"2016-04-19";2016;4;"2016-04";"Baldwin Bikes";"Baldwin";"NY";"Surly Straggler 650b - 2016";"Surly";"Cyclocross Bicycles";2;1680.99;0.2;20.0;3361.98;672.396;2689.584
207;105;"2016-05-05";2016;5;"2016-05";"Baldwin Bikes";"Baldwin";"NY";"Surly Straggler 650b - 2016";"Surly";"Cyclocross Bicycles";2;1680.99;0.07;7.0;3361.98;235.3386;3126.6414
221;1218;"2016-05-13";2016;5;"2016-05";"Santa Cruz Bikes";"Santa Cruz";"CA";"Surly Straggler 650b - 2016";"Surly";"Cyclocross Bicycles";2;1680.99;0.07;7.0;3361.98;235.3386;3126.6414
224;157;"2016-05-17";2016;5;"2016-05";"Santa Cruz Bikes";"Santa Cruz";"CA";"Surly Straggler 650b - 2016";"Surly";"Cyclocross Bicycles";2;1680.99;0.1;10.0;3361.98;336.198;3025.782
230;1167;"2016-05-19";2016;5;"2016-05";"Baldwin Bikes";"Baldwin";"NY";"Surly Straggler 650b - 2016";"Surly";"Cyclocross Bicycles";2;1680.99;0.07;7.0;3361.98;235.3386;3126.6414
232;1360;"2016-05-20";2016;5;"2016-05";"Santa Cruz Bikes";"Santa Cruz";"CA";"Surly Straggler 650b - 2016";"Surly";"Cyclocross Bicycles";2;1680.99;0.05;5.0;3361.98;168.099;3193.881
234;1435;"2016-05-22";2016;5;"2016-05";"Baldwin Bikes";"Baldwin";"NY";"Surly Straggler 650b - 2016";"Surly";"Cyclocross Bicycles";2;1680.99;0.2;20.0;3361.98;672.396;2689.584
250;150;"2016-06-01";2016;6;"2016-06";"Baldwin Bikes";"Baldwin";"NY";"Surly Straggler 650b - 2016";"Surly";"Cyclocross Bicycles";2;1680.99;0.1;10.0;3361.98;336.198;3025.782
252;66;"2016-06-01";2016;6;"2016-06";"Rowlett Bikes";"Rowlett";"TX";"Surly Straggler 650b - 2016";"Surly";"Cyclocross Bicycles";2;1680.99;0.1;10.0;3361.98;336.198;3025.782
253;1267;"2016-06-02";2016;6;"2016-06";"Baldwin Bikes";"Baldwin";"NY";"Surly Straggler 650b - 2016";"Surly";"Cyclocross Bicycles";2;1680.99;0.07;7.0;3361.98;235.3386;3126.6414
256;26;"2016-06-04";2016;6;"2016-06";"Baldwin Bikes";"Baldwin";"NY";"Surly Straggler 650b - 2016";"Surly";"Cyclocross Bicycles";1;1680.99;0.1;10.0;1680.99;168.099;1512.891
271;350;"2016-06-13";2016;6;"2016-06";"Baldwin Bikes";"Baldwin";"NY";"Surly Straggler 650b - 2016";"Surly";"Cyclocross Bicycles";2;1680.99;0.07;7.0;3361.98;235.3386;3126.6414
272;497;"2016-06-15";2016;6;"2016-06";"Baldwin Bikes";"Baldwin";"NY";"Surly Straggler 650b - 2016";"Surly";"Cyclocross Bicycles";1;1680.99;0.07;7.0;1680.99;117.6693;1563.3207
274;411;"2016-06-17";2016;6;"2016-06";"Baldwin Bikes";"Baldwin";"NY";"Surly Straggler 650b - 2016";"Surly";"Cyclocross Bicycles";2;1680.99;0.05;5.0;3361.98;168.099;3193.881
278;1301;"2016-06-20";2016;6;"2016-06";"Santa Cruz Bikes";"Santa Cruz";"CA";"Surly Straggler 650b - 2016";"Surly";"Cyclocross Bicycles";2;1680.99;0.07;7.0;3361.98;235.3386;3126.6414
296;1245;"2016-07-04";2016;7;"2016-07";"Baldwin Bikes";"Baldwin";"NY";"Surly Straggler 650b - 2016";"Surly";"Cyclocross Bicycles";2;1680.99;0.1;10.0;3361.98;336.198;3025.782
299;281;"2016-07-05";2016;7;"2016-07";"Baldwin Bikes";"Baldwin";"NY";"Surly Straggler 650b - 2016";"Surly";"Cyclocross Bicycles";2;1680.99;0.05;5.0;3361.98;168.099;3193.881
300;1205;"2016-07-05";2016;7;"2016-07";"Baldwin Bikes";"Baldwin";"NY";"Surly Straggler 650b - 2016";"Surly";"Cyclocross Bicycles";2;1680.99;0.2;20.0;3361.98;672.396;2689.584
315;1263;"2016-07-16";2016;7;"2016-07";"Baldwin Bikes";"Baldwin";"NY";"Surly Straggler 650b - 2016";"Surly";"Cyclocross Bicycles";1;1680.99;0.2;20.0;1680.99;336.198;1344.792
319;941;"2016-07-18";2016;7;"2016-07";"Baldwin Bikes";"Baldwin";"NY";"Surly Straggler 650b - 2016";"Surly";"Cyclocross Bicycles";1;1680.99;0.07;7.0;1680.99;117.6693;1563.3207
338;1333;"2016-07-28";2016;7;"2016-07";"Santa Cruz Bikes";"Santa Cruz";"CA";"Surly Straggler 650b - 2016";"Surly";"Cyclocross Bicycles";2;1680.99;0.07;7.0;3361.98;235.3386;3126.6414
340;963;"2016-07-29";2016;7;"2016-07";"Baldwin Bikes";"Baldwin";"NY";"Surly Straggler 650b - 2016";"Surly";"Cyclocross Bicycles";1;1680.99;0.05;5.0;1680.99;84.0495;1596.9405
352;16;"2016-08-03";2016;8;"2016-08";"Baldwin Bikes";"Baldwin";"NY";"Surly Straggler 650b - 2016";"Surly";"Cyclocross Bicycles";1;1680.99;0.2;20.0;1680.99;336.198;1344.792
361;994;"2016-08-08";2016;8;"2016-08";"Baldwin Bikes";"Baldwin";"NY";"Surly Straggler 650b - 2016";"Surly";"Cyclocross Bicycles";1;1680.99;0.1;10.0;1680.99;168.099;1512.891
372;132;"2016-08-16";2016;8;"2016-08";"Baldwin Bikes";"Baldwin";"NY";"Surly Straggler 650b - 2016";"Surly";"Cyclocross Bicycles";1;1680.99;0.05;5.0;1680.99;84.0495;1596.9405
380;1156;"2016-08-19";2016;8;"2016-08";"Baldwin Bikes";"Baldwin";"NY";"Surly Straggler 650b - 2016";"Surly";"Cyclocross Bicycles";2;1680.99;0.05;5.0;3361.98;168.099;3193.881
388;1080;"2016-08-21";2016;8;"2016-08";"Rowlett Bikes";"Rowlett";"TX";"Surly Straggler 650b - 2016";"Surly";"Cyclocross Bicycles";1;1680.99;0.1;10.0;1680.99;168.099;1512.891
399;1001;"2016-08-29";2016;8;"2016-08";"Baldwin Bikes";"Baldwin";"NY";"Surly Straggler 650b - 2016";"Surly";"Cyclocross Bicycles";2;1680.99;0.05;5.0;3361.98;168.099;3193.881
429;153;"2016-09-10";2016;9;"2016-09";"Rowlett Bikes";"Rowlett";"TX";"Surly Straggler 650b - 2016";"Surly";"Cyclocross Bicycles";1;1680.99;0.2;20.0;1680.99;336.198;1344.792
430;272;"2016-09-11";2016;9;"2016-09";"Baldwin Bikes";"Baldwin";"NY";"Surly Straggler 650b - 2016";"Surly";"Cyclocross Bicycles";1;1680.99;0.07;7.0;1680.99;117.6693;1563.3207
434;726;"2016-09-13";2016;9;"2016-09";"Baldwin Bikes";"Baldwin";"NY";"Surly Straggler 650b - 2016";"Surly";"Cyclocross Bicycles";2;1680.99;0.07;7.0;3361.98;235.3386;3126.6414
452;997;"2016-09-22";2016;9;"2016-09";"Baldwin Bikes";"Baldwin";"NY";"Surly Straggler 650b - 2016";"Surly";"Cyclocross Bicycles";1;1680.99;0.05;5.0;1680.99;84.0495;1596.9405
458;197;"2016-09-25";2016;9;"2016-09";"Baldwin Bikes";"Baldwin";"NY";"Surly Straggler 650b - 2016";"Surly";"Cyclocross Bicycles";1;1680.99;0.1;10.0;1680.99;168.099;1512.891
459;874;"2016-09-25";2016;9;"2016-09";"Baldwin Bikes";"Baldwin";"NY";"Surly Straggler 650b - 2016";"Surly";"Cyclocross Bicycles";1;1680.99;0.2;20.0;1680.99;336.198;1344.792
467;555;"2016-09-28";2016;9;"2016-09";"Rowlett Bikes";"Rowlett";"TX";"Surly Straggler 650b - 2016";"Surly";"Cyclocross Bicycles";1;1680.99;0.1;10.0;1680.99;168.099;1512.891
474;553;"2016-10-01";2016;10;"2016-10";"Santa Cruz Bikes";"Santa Cruz";"CA";"Surly Straggler 650b - 2016";"Surly";"Cyclocross Bicycles";1;1680.99;0.2;20.0;1680.99;336.198;1344.792
476;559;"2016-10-01";2016;10;"2016-10";"Baldwin Bikes";"Baldwin";"NY";"Surly Straggler 650b - 2016";"Surly";"Cyclocross Bicycles";2;1680.99;0.07;7.0;3361.98;235.3386;3126.6414
499;260;"2016-10-11";2016;10;"2016-10";"Santa Cruz Bikes";"Santa Cruz";"CA";"Surly Straggler 650b - 2016";"Surly";"Cyclocross Bicycles";1;1680.99;0.2;20.0;1680.99;336.198;1344.792
507;1378;"2016-10-15";2016;10;"2016-10";"Santa Cruz Bikes";"Santa Cruz";"CA";"Surly Straggler 650b - 2016";"Surly";"Cyclocross Bicycles";2;1680.99;0.05;5.0;3361.98;168.099;3193.881
518;1374;"2016-10-22";2016;10;"2016-10";"Santa Cruz Bikes";"Santa Cruz";"CA";"Surly Straggler 650b - 2016";"Surly";"Cyclocross Bicycles";2;1680.99;0.07;7.0;3361.98;235.3386;3126.6414
524;569;"2016-10-25";2016;10;"2016-10";"Santa Cruz Bikes";"Santa Cruz";"CA";"Surly Straggler 650b - 2016";"Surly";"Cyclocross Bicycles";1;1680.99;0.07;7.0;1680.99;117.6693;1563.3207
547;20;"2016-11-09";2016;11;"2016-11";"Rowlett Bikes";"Rowlett";"TX";"Surly Straggler 650b - 2016";"Surly";"Cyclocross Bicycles";2;1680.99;0.05;5.0;3361.98;168.099;3193.881
548;739;"2016-11-11";2016;11;"2016-11";"Baldwin Bikes";"Baldwin";"NY";"Surly Straggler 650b - 2016";"Surly";"Cyclocross Bicycles";2;1680.99;0.07;7.0;3361.98;235.3386;3126.6414
551;1169;"2016-11-12";2016;11;"2016-11";"Baldwin Bikes";"Baldwin";"NY";"Surly Straggler 650b - 2016";"Surly";"Cyclocross Bicycles";2;1680.99;0.2;20.0;3361.98;672.396;2689.584
570;989;"2016-11-23";2016;11;"2016-11";"Baldwin Bikes";"Baldwin";"NY";"Surly Straggler 650b - 2016";"Surly";"Cyclocross Bicycles";1;1680.99;0.1;10.0;1680.99;168.099;1512.891
572;178;"2016-11-24";2016;11;"2016-11";"Baldwin Bikes";"Baldwin";"NY";"Surly Straggler 650b - 2016";"Surly";"Cyclocross Bicycles";2;1680.99;0.2;20.0;3361.98;672.396;2689.584
574;833;"2016-11-26";2016;11;"2016-11";"Baldwin Bikes";"Baldwin";"NY";"Surly Straggler 650b - 2016";"Surly";"Cyclocross Bicycles";2;1680.99;0.05;5.0;3361.98;168.099;3193.881
586;1306;"2016-12-04";2016;12;"2016-12";"Baldwin Bikes";"Baldwin";"NY";"Surly Straggler 650b - 2016";"Surly";"Cyclocross Bicycles";2;1680.99;0.1;10.0;3361.98;336.198;3025.782
605;1208;"2016-12-10";2016;12;"2016-12";"Baldwin Bikes";"Baldwin";"NY";"Surly Straggler 650b - 2016";"Surly";"Cyclocross Bicycles";1;1680.99;0.2;20.0;1680.99;336.198;1344.792
607;309;"2016-12-11";2016;12;"2016-12";"Baldwin Bikes";"Baldwin";"NY";"Surly Straggler 650b - 2016";"Surly";"Cyclocross Bicycles";2;1680.99;0.2;20.0;3361.98;672.396;2689.584
615;560;"2016-12-19";2016;12;"2016-12";"Rowlett Bikes";"Rowlett";"TX";"Surly Straggler 650b - 2016";"Surly";"Cyclocross Bicycles";1;1680.99;0.07;7.0;1680.99;117.6693;1563.3207
617;118;"2016-12-21";2016;12;"2016-12";"Baldwin Bikes";"Baldwin";"NY";"Surly Straggler 650b - 2016";"Surly";"Cyclocross Bicycles";2;1680.99;0.07;7.0;3361.98;235.3386;3126.6414
618;131;"2016-12-21";2016;12;"2016-12";"Baldwin Bikes";"Baldwin";"NY";"Surly Straggler 650b - 2016";"Surly";"Cyclocross Bicycles";1;1680.99;0.07;7.0;1680.99;117.6693;1563.3207
625;1163;"2016-12-25";2016;12;"2016-12";"Santa Cruz Bikes";"Santa Cruz";"CA";"Surly Straggler 650b - 2016";"Surly";"Cyclocross Bicycles";2;1680.99;0.2;20.0;3361.98;672.396;2689.584
632;163;"2016-12-27";2016;12;"2016-12";"Baldwin Bikes";"Baldwin";"NY";"Surly Straggler 650b - 2016";"Surly";"Cyclocross Bicycles";2;1680.99;0.1;10.0;3361.98;336.198;3025.782
649;1153;"2017-01-10";2017;1;"2017-01";"Santa Cruz Bikes";"Santa Cruz";"CA";"Surly Straggler 650b - 2016";"Surly";"Cyclocross Bicycles";2;1680.99;0.1;10.0;3361.98;336.198;3025.782
690;1097;"2017-02-03";2017;2;"2017-02";"Santa Cruz Bikes";"Santa Cruz";"CA";"Surly Straggler 650b - 2016";"Surly";"Cyclocross Bicycles";2;1680.99;0.07;7.0;3361.98;235.3386;3126.6414
707;79;"2017-02-09";2017;2;"2017-02";"Baldwin Bikes";"Baldwin";"NY";"Surly Straggler 650b - 2016";"Surly";"Cyclocross Bicycles";2;1680.99;0.1;10.0;3361.98;336.198;3025.782
740;1113;"2017-02-28";2017;2;"2017-02";"Baldwin Bikes";"Baldwin";"NY";"Surly Straggler 650b - 2016";"Surly";"Cyclocross Bicycles";1;1680.99;0.2;20.0;1680.99;336.198;1344.792
770;135;"2017-03-09";2017;3;"2017-03";"Rowlett Bikes";"Rowlett";"TX";"Surly Straggler 650b - 2016";"Surly";"Cyclocross Bicycles";2;1680.99;0.05;5.0;3361.98;168.099;3193.881
797;374;"2017-03-24";2017;3;"2017-03";"Baldwin Bikes";"Baldwin";"NY";"Surly Straggler 650b - 2016";"Surly";"Cyclocross Bicycles";1;1680.99;0.07;7.0;1680.99;117.6693;1563.3207
831;1000;"2017-04-11";2017;4;"2017-04";"Baldwin Bikes";"Baldwin";"NY";"Surly Straggler 650b - 2016";"Surly";"Cyclocross Bicycles";1;1680.99;0.2;20.0;1680.99;336.198;1344.792
841;428;"2017-04-15";2017;4;"2017-04";"Baldwin Bikes";"Baldwin";"NY";"Surly Straggler 650b - 2016";"Surly";"Cyclocross Bicycles";1;1680.99;0.2;20.0;1680.99;336.198;1344.792
941;736;"2017-06-12";2017;6;"2017-06";"Santa Cruz Bikes";"Santa Cruz";"CA";"Surly Straggler 650b - 2016";"Surly";"Cyclocross Bicycles";2;1680.99;0.07;7.0;3361.98;235.3386;3126.6414
1007;1115;"2017-07-16";2017;7;"2017-07";"Baldwin Bikes";"Baldwin";"NY";"Surly Straggler 650b - 2016";"Surly";"Cyclocross Bicycles";1;1680.99;0.05;5.0;1680.99;84.0495;1596.9405
1034;895;"2017-07-30";2017;7;"2017-07";"Baldwin Bikes";"Baldwin";"NY";"Surly Straggler 650b - 2016";"Surly";"Cyclocross Bicycles";2;1680.99;0.07;7.0;3361.98;235.3386;3126.6414
1060;182;"2017-08-15";2017;8;"2017-08";"Baldwin Bikes";"Baldwin";"NY";"Surly Straggler 650b - 2016";"Surly";"Cyclocross Bicycles";2;1680.99;0.07;7.0;3361.98;235.3386;3126.6414
1094;828;"2017-08-25";2017;8;"2017-08";"Baldwin Bikes";"Baldwin";"NY";"Surly Straggler 650b - 2016";"Surly";"Cyclocross Bicycles";1;1680.99;0.1;10.0;1680.99;168.099;1512.891
1096;589;"2017-08-27";2017;8;"2017-08";"Santa Cruz Bikes";"Santa Cruz";"CA";"Surly Straggler 650b - 2016";"Surly";"Cyclocross Bicycles";1;1680.99;0.1;10.0;1680.99;168.099;1512.891
1116;52;"2017-09-08";2017;9;"2017-09";"Baldwin Bikes";"Baldwin";"NY";"Surly Straggler 650b - 2016";"Surly";"Cyclocross Bicycles";2;1680.99;0.07;7.0;3361.98;235.3386;3126.6414
1121;143;"2017-09-11";2017;9;"2017-09";"Baldwin Bikes";"Baldwin";"NY";"Surly Straggler 650b - 2016";"Surly";"Cyclocross Bicycles";2;1680.99;0.1;10.0;3361.98;336.198;3025.782
1146;757;"2017-09-25";2017;9;"2017-09";"Baldwin Bikes";"Baldwin";"NY";"Surly Straggler 650b - 2016";"Surly";"Cyclocross Bicycles";1;1680.99;0.2;20.0;1680.99;336.198;1344.792
1226;226;"2017-11-04";2017;11;"2017-11";"Baldwin Bikes";"Baldwin";"NY";"Surly Straggler 650b - 2016";"Surly";"Cyclocross Bicycles";2;1680.99;0.07;7.0;3361.98;235.3386;3126.6414
1277;227;"2017-12-01";2017;12;"2017-12";"Baldwin Bikes";"Baldwin";"NY";"Surly Straggler 650b - 2016";"Surly";"Cyclocross Bicycles";1;1680.99;0.2;20.0;1680.99;336.198;1344.792
1283;85;"2017-12-04";2017;12;"2017-12";"Baldwin Bikes";"Baldwin";"NY";"Surly Straggler 650b - 2016";"Surly";"Cyclocross Bicycles";1;1680.99;0.2;20.0;1680.99;336.198;1344.792
1305;257;"2017-12-17";2017;12;"2017-12";"Baldwin Bikes";"Baldwin";"NY";"Surly Straggler 650b - 2016";"Surly";"Cyclocross Bicycles";1;1680.99;0.05;5.0;1680.99;84.0495;1596.9405
1310;444;"2017-12-24";2017;12;"2017-12";"Santa Cruz Bikes";"Santa Cruz";"CA";"Surly Straggler 650b - 2016";"Surly";"Cyclocross Bicycles";2;1680.99;0.1;10.0;3361.98;336.198;3025.782
1321;217;"2017-12-30";2017;12;"2017-12";"Santa Cruz Bikes";"Santa Cruz";"CA";"Surly Straggler 650b - 2016";"Surly";"Cyclocross Bicycles";2;1680.99;0.1;10.0;3361.98;336.198;3025.782
1507;85;"2018-04-08";2018;4;"2018-04";"Baldwin Bikes";"Baldwin";"NY";"Surly Straggler 650b - 2016";"Surly";"Cyclocross Bicycles";2;1680.99;0.1;10.0;3361.98;336.198;3025.782
1399;146;"2018-02-16";2018;2;"2018-02";"Baldwin Bikes";"Baldwin";"NY";"Surly Straggler - 2018";"Surly";"Cyclocross Bicycles";2;1549.0;0.2;20.0;3098.0;619.6;2478.4
1477;180;"2018-03-31";2018;3;"2018-03";"Baldwin Bikes";"Baldwin";"NY";"Surly Straggler - 2018";"Surly";"Cyclocross Bicycles";2;1549.0;0.2;20.0;3098.0;619.6;2478.4
1501;52;"2018-04-06";2018;4;"2018-04";"Baldwin Bikes";"Baldwin";"NY";"Surly Straggler - 2018";"Surly";"Cyclocross Bicycles";1;1549.0;0.05;5.0;1549.0;77.45;1471.55
1592;6;"2018-04-27";2018;4;"2018-04";"Baldwin Bikes";"Baldwin";"NY";"Surly Straggler 650b - 2018";"Surly";"Cyclocross Bicycles";2;1549.0;0.05;5.0;3098.0;154.9;2943.1
668;297;"2017-01-22";2017;1;"2017-01";"Rowlett Bikes";"Rowlett";"TX";"Trek Emonda S 4 - 2017";"Trek";"Road Bikes";2;1499.99;0.05;5.0;2999.98;149.999;2849.981
672;908;"2017-01-26";2017;1;"2017-01";"Baldwin Bikes";"Baldwin";"NY";"Trek Emonda S 4 - 2017";"Trek";"Road Bikes";2;1499.99;0.07;7.0;2999.98;209.9986;2789.9814
685;976;"2017-01-31";2017;1;"2017-01";"Baldwin Bikes";"Baldwin";"NY";"Trek Emonda S 4 - 2017";"Trek";"Road Bikes";2;1499.99;0.05;5.0;2999.98;149.999;2849.981
687;530;"2017-02-02";2017;2;"2017-02";"Santa Cruz Bikes";"Santa Cruz";"CA";"Trek Emonda S 4 - 2017";"Trek";"Road Bikes";2;1499.99;0.05;5.0;2999.98;149.999;2849.981
694;58;"2017-02-05";2017;2;"2017-02";"Baldwin Bikes";"Baldwin";"NY";"Trek Emonda S 4 - 2017";"Trek";"Road Bikes";1;1499.99;0.2;20.0;1499.99;299.998;1199.992
699;958;"2017-02-06";2017;2;"2017-02";"Rowlett Bikes";"Rowlett";"TX";"Trek Emonda S 4 - 2017";"Trek";"Road Bikes";1;1499.99;0.07;7.0;1499.99;104.9993;1394.9907
709;1162;"2017-02-11";2017;2;"2017-02";"Baldwin Bikes";"Baldwin";"NY";"Trek Emonda S 4 - 2017";"Trek";"Road Bikes";1;1499.99;0.07;7.0;1499.99;104.9993;1394.9907
788;1363;"2017-03-18";2017;3;"2017-03";"Rowlett Bikes";"Rowlett";"TX";"Trek Emonda S 4 - 2017";"Trek";"Road Bikes";1;1499.99;0.2;20.0;1499.99;299.998;1199.992
817;301;"2017-04-04";2017;4;"2017-04";"Baldwin Bikes";"Baldwin";"NY";"Trek Emonda S 4 - 2017";"Trek";"Road Bikes";2;1499.99;0.05;5.0;2999.98;149.999;2849.981
818;1319;"2017-04-04";2017;4;"2017-04";"Baldwin Bikes";"Baldwin";"NY";"Trek Emonda S 4 - 2017";"Trek";"Road Bikes";2;1499.99;0.05;5.0;2999.98;149.999;2849.981
844;1436;"2017-04-16";2017;4;"2017-04";"Baldwin Bikes";"Baldwin";"NY";"Trek Emonda S 4 - 2017";"Trek";"Road Bikes";1;1499.99;0.2;20.0;1499.99;299.998;1199.992
903;179;"2017-05-22";2017;5;"2017-05";"Baldwin Bikes";"Baldwin";"NY";"Trek Emonda S 4 - 2017";"Trek";"Road Bikes";2;1499.99;0.05;5.0;2999.98;149.999;2849.981
915;215;"2017-05-28";2017;5;"2017-05";"Baldwin Bikes";"Baldwin";"NY";"Trek Emonda S 4 - 2017";"Trek";"Road Bikes";1;1499.99;0.07;7.0;1499.99;104.9993;1394.9907
921;628;"2017-05-31";2017;5;"2017-05";"Baldwin Bikes";"Baldwin";"NY";"Trek Emonda S 4 - 2017";"Trek";"Road Bikes";1;1499.99;0.1;10.0;1499.99;149.999;1349.991
934;93;"2017-06-09";2017;6;"2017-06";"Baldwin Bikes";"Baldwin";"NY";"Trek Emonda S 4 - 2017";"Trek";"Road Bikes";1;1499.99;0.05;5.0;1499.99;74.9995;1424.9905
960;1390;"2017-06-18";2017;6;"2017-06";"Baldwin Bikes";"Baldwin";"NY";"Trek Emonda S 4 - 2017";"Trek";"Road Bikes";2;1499.99;0.05;5.0;2999.98;149.999;2849.981
970;836;"2017-06-22";2017;6;"2017-06";"Baldwin Bikes";"Baldwin";"NY";"Trek Emonda S 4 - 2017";"Trek";"Road Bikes";2;1499.99;0.1;10.0;2999.98;299.998;2699.982
1065;25;"2017-08-17";2017;8;"2017-08";"Baldwin Bikes";"Baldwin";"NY";"Trek Emonda S 4 - 2017";"Trek";"Road Bikes";2;1499.99;0.07;7.0;2999.98;209.9986;2789.9814
1075;1003;"2017-08-19";2017;8;"2017-08";"Santa Cruz Bikes";"Santa Cruz";"CA";"Trek Emonda S 4 - 2017";"Trek";"Road Bikes";2;1499.99;0.1;10.0;2999.98;299.998;2699.982
1143;1087;"2017-09-24";2017;9;"2017-09";"Santa Cruz Bikes";"Santa Cruz";"CA";"Trek Emonda S 4 - 2017";"Trek";"Road Bikes";1;1499.99;0.2;20.0;1499.99;299.998;1199.992
1149;787;"2017-09-27";2017;9;"2017-09";"Baldwin Bikes";"Baldwin";"NY";"Trek Emonda S 4 - 2017";"Trek";"Road Bikes";1;1499.99;0.05;5.0;1499.99;74.9995;1424.9905
1186;1120;"2017-10-14";2017;10;"2017-10";"Baldwin Bikes";"Baldwin";"NY";"Trek Emonda S 4 - 2017";"Trek";"Road Bikes";2;1499.99;0.1;10.0;2999.98;299.998;2699.982
1266;387;"2017-11-25";2017;11;"2017-11";"Baldwin Bikes";"Baldwin";"NY";"Trek Emonda S 4 - 2017";"Trek";"Road Bikes";1;1499.99;0.2;20.0;1499.99;299.998;1199.992
1327;1026;"2018-01-02";2018;1;"2018-01";"Baldwin Bikes";"Baldwin";"NY";"Trek Emonda S 4 - 2017";"Trek";"Road Bikes";2;1499.99;0.1;10.0;2999.98;299.998;2699.982
1377;1007;"2018-02-01";2018;2;"2018-02";"Baldwin Bikes";"Baldwin";"NY";"Trek Emonda S 4 - 2017";"Trek";"Road Bikes";1;1499.99;0.07;7.0;1499.99;104.9993;1394.9907
1395;1052;"2018-02-15";2018;2;"2018-02";"Santa Cruz Bikes";"Santa Cruz";"CA";"Trek Emonda S 4 - 2017";"Trek";"Road Bikes";2;1499.99;0.1;10.0;2999.98;299.998;2699.982
1461;139;"2018-03-22";2018;3;"2018-03";"Baldwin Bikes";"Baldwin";"NY";"Trek Emonda S 4 - 2017";"Trek";"Road Bikes";1;1499.99;0.2;20.0;1499.99;299.998;1199.992
1482;94;"2018-04-01";2018;4;"2018-04";"Baldwin Bikes";"Baldwin";"NY";"Trek Emonda S 4 - 2017";"Trek";"Road Bikes";1;1499.99;0.1;10.0;1499.99;149.999;1349.991
658;1051;"2017-01-17";2017;1;"2017-01";"Baldwin Bikes";"Baldwin";"NY";"Trek Domane SL 6 - 2017";"Trek";"Road Bikes";2;3499.99;0.2;20.0;6999.98;1399.996;5599.984
731;910;"2017-02-25";2017;2;"2017-02";"Rowlett Bikes";"Rowlett";"TX";"Trek Domane SL 6 - 2017";"Trek";"Road Bikes";1;3499.99;0.2;20.0;3499.99;699.998;2799.992
862;1230;"2017-04-27";2017;4;"2017-04";"Rowlett Bikes";"Rowlett";"TX";"Trek Domane SL 6 - 2017";"Trek";"Road Bikes";2;3499.99;0.07;7.0;6999.98;489.9986;6509.9814
884;871;"2017-05-11";2017;5;"2017-05";"Baldwin Bikes";"Baldwin";"NY";"Trek Domane SL 6 - 2017";"Trek";"Road Bikes";2;3499.99;0.05;5.0;6999.98;349.999;6649.981
911;887;"2017-05-26";2017;5;"2017-05";"Baldwin Bikes";"Baldwin";"NY";"Trek Domane SL 6 - 2017";"Trek";"Road Bikes";1;3499.99;0.2;20.0;3499.99;699.998;2799.992
931;631;"2017-06-07";2017;6;"2017-06";"Baldwin Bikes";"Baldwin";"NY";"Trek Domane SL 6 - 2017";"Trek";"Road Bikes";2;3499.99;0.07;7.0;6999.98;489.9986;6509.9814
980;328;"2017-06-26";2017;6;"2017-06";"Rowlett Bikes";"Rowlett";"TX";"Trek Domane SL 6 - 2017";"Trek";"Road Bikes";2;3499.99;0.2;20.0;6999.98;1399.996;5599.984
1021;125;"2017-07-23";2017;7;"2017-07";"Baldwin Bikes";"Baldwin";"NY";"Trek Domane SL 6 - 2017";"Trek";"Road Bikes";2;3499.99;0.07;7.0;6999.98;489.9986;6509.9814
1047;116;"2017-08-08";2017;8;"2017-08";"Rowlett Bikes";"Rowlett";"TX";"Trek Domane SL 6 - 2017";"Trek";"Road Bikes";1;3499.99;0.05;5.0;3499.99;174.9995;3324.9905
1053;1439;"2017-08-10";2017;8;"2017-08";"Baldwin Bikes";"Baldwin";"NY";"Trek Domane SL 6 - 2017";"Trek";"Road Bikes";2;3499.99;0.05;5.0;6999.98;349.999;6649.981
1064;898;"2017-08-16";2017;8;"2017-08";"Rowlett Bikes";"Rowlett";"TX";"Trek Domane SL 6 - 2017";"Trek";"Road Bikes";1;3499.99;0.1;10.0;3499.99;349.999;3149.991
1068;453;"2017-08-17";2017;8;"2017-08";"Baldwin Bikes";"Baldwin";"NY";"Trek Domane SL 6 - 2017";"Trek";"Road Bikes";2;3499.99;0.2;20.0;6999.98;1399.996;5599.984
1115;1100;"2017-09-07";2017;9;"2017-09";"Baldwin Bikes";"Baldwin";"NY";"Trek Domane SL 6 - 2017";"Trek";"Road Bikes";2;3499.99;0.1;10.0;6999.98;699.998;6299.982
1122;1132;"2017-09-12";2017;9;"2017-09";"Baldwin Bikes";"Baldwin";"NY";"Trek Domane SL 6 - 2017";"Trek";"Road Bikes";2;3499.99;0.2;20.0;6999.98;1399.996;5599.984
1182;1422;"2017-10-13";2017;10;"2017-10";"Baldwin Bikes";"Baldwin";"NY";"Trek Domane SL 6 - 2017";"Trek";"Road Bikes";2;3499.99;0.1;10.0;6999.98;699.998;6299.982
1186;1120;"2017-10-14";2017;10;"2017-10";"Baldwin Bikes";"Baldwin";"NY";"Trek Domane SL 6 - 2017";"Trek";"Road Bikes";1;3499.99;0.07;7.0;3499.99;244.9993;3254.9907
1220;803;"2017-10-31";2017;10;"2017-10";"Baldwin Bikes";"Baldwin";"NY";"Trek Domane SL 6 - 2017";"Trek";"Road Bikes";1;3499.99;0.2;20.0;3499.99;699.998;2799.992
1281;1060;"2017-12-02";2017;12;"2017-12";"Baldwin Bikes";"Baldwin";"NY";"Trek Domane SL 6 - 2017";"Trek";"Road Bikes";2;3499.99;0.05;5.0;6999.98;349.999;6649.981
1484;35;"2018-04-02";2018;4;"2018-04";"Baldwin Bikes";"Baldwin";"NY";"Trek Domane SL 6 - 2017";"Trek";"Road Bikes";2;3499.99;0.2;20.0;6999.98;1399.996;5599.984
1556;4;"2018-04-18";2018;4;"2018-04";"Baldwin Bikes";"Baldwin";"NY";"Trek Domane SL 6 - 2017";"Trek";"Road Bikes";2;3499.99;0.2;20.0;6999.98;1399.996;5599.984
1579;104;"2018-04-24";2018;4;"2018-04";"Santa Cruz Bikes";"Santa Cruz";"CA";"Trek Domane SL 6 - 2017";"Trek";"Road Bikes";1;3499.99;0.05;5.0;3499.99;174.9995;3324.9905
1598;239;"2018-04-29";2018;4;"2018-04";"Santa Cruz Bikes";"Santa Cruz";"CA";"Trek Domane SL 6 - 2017";"Trek";"Road Bikes";2;3499.99;0.07;7.0;6999.98;489.9986;6509.9814
664;681;"2017-01-20";2017;1;"2017-01";"Baldwin Bikes";"Baldwin";"NY";"Trek Silque SLR 7 Women's - 2017";"Trek";"Road Bikes";1;5999.99;0.2;20.0;5999.99;1199.998;4799.992
680;245;"2017-01-29";2017;1;"2017-01";"Santa Cruz Bikes";"Santa Cruz";"CA";"Trek Silque SLR 7 Women's - 2017";"Trek";"Road Bikes";1;5999.99;0.07;7.0;5999.99;419.9993;5579.9907
715;12;"2017-02-15";2017;2;"2017-02";"Baldwin Bikes";"Baldwin";"NY";"Trek Silque SLR 7 Women's - 2017";"Trek";"Road Bikes";1;5999.99;0.2;20.0;5999.99;1199.998;4799.992
804;95;"2017-03-29";2017;3;"2017-03";"Baldwin Bikes";"Baldwin";"NY";"Trek Silque SLR 7 Women's - 2017";"Trek";"Road Bikes";2;5999.99;0.05;5.0;11999.98;599.999;11399.981
881;1024;"2017-05-08";2017;5;"2017-05";"Rowlett Bikes";"Rowlett";"TX";"Trek Silque SLR 7 Women's - 2017";"Trek";"Road Bikes";1;5999.99;0.2;20.0;5999.99;1199.998;4799.992
887;1195;"2017-05-13";2017;5;"2017-05";"Baldwin Bikes";"Baldwin";"NY";"Trek Silque SLR 7 Women's - 2017";"Trek";"Road Bikes";2;5999.99;0.05;5.0;11999.98;599.999;11399.981
891;384;"2017-05-15";2017;5;"2017-05";"Baldwin Bikes";"Baldwin";"NY";"Trek Silque SLR 7 Women's - 2017";"Trek";"Road Bikes";1;5999.99;0.1;10.0;5999.99;599.999;5399.991
892;651;"2017-05-15";2017;5;"2017-05";"Baldwin Bikes";"Baldwin";"NY";"Trek Silque SLR 7 Women's - 2017";"Trek";"Road Bikes";2;5999.99;0.07;7.0;11999.98;839.9986;11159.9814
901;345;"2017-05-21";2017;5;"2017-05";"Baldwin Bikes";"Baldwin";"NY";"Trek Silque SLR 7 Women's - 2017";"Trek";"Road Bikes";1;5999.99;0.2;20.0;5999.99;1199.998;4799.992
927;1438;"2017-06-03";2017;6;"2017-06";"Santa Cruz Bikes";"Santa Cruz";"CA";"Trek Silque SLR 7 Women's - 2017";"Trek";"Road Bikes";1;5999.99;0.1;10.0;5999.99;599.999;5399.991
945;167;"2017-06-14";2017;6;"2017-06";"Baldwin Bikes";"Baldwin";"NY";"Trek Silque SLR 7 Women's - 2017";"Trek";"Road Bikes";2;5999.99;0.05;5.0;11999.98;599.999;11399.981
1080;1086;"2017-08-19";2017;8;"2017-08";"Baldwin Bikes";"Baldwin";"NY";"Trek Silque SLR 7 Women's - 2017";"Trek";"Road Bikes";1;5999.99;0.05;5.0;5999.99;299.9995;5699.9905
1095;1382;"2017-08-26";2017;8;"2017-08";"Rowlett Bikes";"Rowlett";"TX";"Trek Silque SLR 7 Women's - 2017";"Trek";"Road Bikes";2;5999.99;0.05;5.0;11999.98;599.999;11399.981
1115;1100;"2017-09-07";2017;9;"2017-09";"Baldwin Bikes";"Baldwin";"NY";"Trek Silque SLR 7 Women's - 2017";"Trek";"Road Bikes";2;5999.99;0.07;7.0;11999.98;839.9986;11159.9814
1118;1023;"2017-09-08";2017;9;"2017-09";"Baldwin Bikes";"Baldwin";"NY";"Trek Silque SLR 7 Women's - 2017";"Trek";"Road Bikes";1;5999.99;0.07;7.0;5999.99;419.9993;5579.9907
1179;1150;"2017-10-12";2017;10;"2017-10";"Rowlett Bikes";"Rowlett";"TX";"Trek Silque SLR 7 Women's - 2017";"Trek";"Road Bikes";1;5999.99;0.07;7.0;5999.99;419.9993;5579.9907
1271;734;"2017-11-27";2017;11;"2017-11";"Baldwin Bikes";"Baldwin";"NY";"Trek Silque SLR 7 Women's - 2017";"Trek";"Road Bikes";2;5999.99;0.07;7.0;11999.98;839.9986;11159.9814
1282;320;"2017-12-03";2017;12;"2017-12";"Baldwin Bikes";"Baldwin";"NY";"Trek Silque SLR 7 Women's - 2017";"Trek";"Road Bikes";2;5999.99;0.2;20.0;11999.98;2399.996;9599.984
1468;3;"2018-03-27";2018;3;"2018-03";"Santa Cruz Bikes";"Santa Cruz";"CA";"Trek Silque SLR 7 Women's - 2017";"Trek";"Road Bikes";2;5999.99;0.07;7.0;11999.98;839.9986;11159.9814
1529;50;"2018-04-12";2018;4;"2018-04";"Rowlett Bikes";"Rowlett";"TX";"Trek Silque SLR 7 Women's - 2017";"Trek";"Road Bikes";2;5999.99;0.1;10.0;11999.98;1199.998;10799.982
672;908;"2017-01-26";2017;1;"2017-01";"Baldwin Bikes";"Baldwin";"NY";"Trek Silque SLR 8 Women's - 2017";"Trek";"Road Bikes";2;6499.99;0.07;7.0;12999.98;909.9986;12089.9814
787;700;"2017-03-18";2017;3;"2017-03";"Rowlett Bikes";"Rowlett";"TX";"Trek Silque SLR 8 Women's - 2017";"Trek";"Road Bikes";2;6499.99;0.07;7.0;12999.98;909.9986;12089.9814
837;948;"2017-04-13";2017;4;"2017-04";"Baldwin Bikes";"Baldwin";"NY";"Trek Silque SLR 8 Women's - 2017";"Trek";"Road Bikes";1;6499.99;0.05;5.0;6499.99;324.9995;6174.9905
904;1020;"2017-05-23";2017;5;"2017-05";"Santa Cruz Bikes";"Santa Cruz";"CA";"Trek Silque SLR 8 Women's - 2017";"Trek";"Road Bikes";2;6499.99;0.07;7.0;12999.98;909.9986;12089.9814
930;1224;"2017-06-05";2017;6;"2017-06";"Rowlett Bikes";"Rowlett";"TX";"Trek Silque SLR 8 Women's - 2017";"Trek";"Road Bikes";2;6499.99;0.1;10.0;12999.98;1299.998;11699.982
937;73;"2017-06-11";2017;6;"2017-06";"Baldwin Bikes";"Baldwin";"NY";"Trek Silque SLR 8 Women's - 2017";"Trek";"Road Bikes";2;6499.99;0.07;7.0;12999.98;909.9986;12089.9814
958;1276;"2017-06-18";2017;6;"2017-06";"Santa Cruz Bikes";"Santa Cruz";"CA";"Trek Silque SLR 8 Women's - 2017";"Trek";"Road Bikes";1;6499.99;0.1;10.0;6499.99;649.999;5849.991
987;172;"2017-07-02";2017;7;"2017-07";"Santa Cruz Bikes";"Santa Cruz";"CA";"Trek Silque SLR 8 Women's - 2017";"Trek";"Road Bikes";2;6499.99;0.1;10.0;12999.98;1299.998;11699.982
1003;503;"2017-07-14";2017;7;"2017-07";"Baldwin Bikes";"Baldwin";"NY";"Trek Silque SLR 8 Women's - 2017";"Trek";"Road Bikes";2;6499.99;0.05;5.0;12999.98;649.999;12349.981
1101;379;"2017-08-29";2017;8;"2017-08";"Baldwin Bikes";"Baldwin";"NY";"Trek Silque SLR 8 Women's - 2017";"Trek";"Road Bikes";1;6499.99;0.05;5.0;6499.99;324.9995;6174.9905
1117;334;"2017-09-08";2017;9;"2017-09";"Baldwin Bikes";"Baldwin";"NY";"Trek Silque SLR 8 Women's - 2017";"Trek";"Road Bikes";2;6499.99;0.1;10.0;12999.98;1299.998;11699.982
1135;1347;"2017-09-19";2017;9;"2017-09";"Baldwin Bikes";"Baldwin";"NY";"Trek Silque SLR 8 Women's - 2017";"Trek";"Road Bikes";1;6499.99;0.1;10.0;6499.99;649.999;5849.991
1168;1031;"2017-10-04";2017;10;"2017-10";"Baldwin Bikes";"Baldwin";"NY";"Trek Silque SLR 8 Women's - 2017";"Trek";"Road Bikes";1;6499.99;0.07;7.0;6499.99;454.9993;6044.9907
1169;1421;"2017-10-04";2017;10;"2017-10";"Baldwin Bikes";"Baldwin";"NY";"Trek Silque SLR 8 Women's - 2017";"Trek";"Road Bikes";1;6499.99;0.05;5.0;6499.99;324.9995;6174.9905
1224;544;"2017-11-03";2017;11;"2017-11";"Baldwin Bikes";"Baldwin";"NY";"Trek Silque SLR 8 Women's - 2017";"Trek";"Road Bikes";1;6499.99;0.1;10.0;6499.99;649.999;5849.991
1226;226;"2017-11-04";2017;11;"2017-11";"Baldwin Bikes";"Baldwin";"NY";"Trek Silque SLR 8 Women's - 2017";"Trek";"Road Bikes";1;6499.99;0.07;7.0;6499.99;454.9993;6044.9907
1297;108;"2017-12-14";2017;12;"2017-12";"Baldwin Bikes";"Baldwin";"NY";"Trek Silque SLR 8 Women's - 2017";"Trek";"Road Bikes";2;6499.99;0.05;5.0;12999.98;649.999;12349.981
1463;692;"2018-03-23";2018;3;"2018-03";"Baldwin Bikes";"Baldwin";"NY";"Trek Silque SLR 8 Women's - 2017";"Trek";"Road Bikes";2;6499.99;0.05;5.0;12999.98;649.999;12349.981
1533;28;"2018-04-13";2018;4;"2018-04";"Baldwin Bikes";"Baldwin";"NY";"Trek Silque SLR 8 Women's - 2017";"Trek";"Road Bikes";1;6499.99;0.1;10.0;6499.99;649.999;5849.991
657;349;"2017-01-17";2017;1;"2017-01";"Santa Cruz Bikes";"Santa Cruz";"CA";"Trek Domane SL Disc Frameset - 2017";"Trek";"Road Bikes";2;3199.99;0.05;5.0;6399.98;319.999;6079.981
677;809;"2017-01-28";2017;1;"2017-01";"Baldwin Bikes";"Baldwin";"NY";"Trek Domane SL Disc Frameset - 2017";"Trek";"Road Bikes";2;3199.99;0.1;10.0;6399.98;639.998;5759.982
791;432;"2017-03-20";2017;3;"2017-03";"Baldwin Bikes";"Baldwin";"NY";"Trek Domane SL Disc Frameset - 2017";"Trek";"Road Bikes";1;3199.99;0.2;20.0;3199.99;639.998;2559.992
797;374;"2017-03-24";2017;3;"2017-03";"Baldwin Bikes";"Baldwin";"NY";"Trek Domane SL Disc Frameset - 2017";"Trek";"Road Bikes";2;3199.99;0.05;5.0;6399.98;319.999;6079.981
800;1057;"2017-03-27";2017;3;"2017-03";"Baldwin Bikes";"Baldwin";"NY";"Trek Domane SL Disc Frameset - 2017";"Trek";"Road Bikes";1;3199.99;0.07;7.0;3199.99;223.9993;2975.9907
811;524;"2017-04-01";2017;4;"2017-04";"Baldwin Bikes";"Baldwin";"NY";"Trek Domane SL Disc Frameset - 2017";"Trek";"Road Bikes";1;3199.99;0.2;20.0;3199.99;639.998;2559.992
832;1215;"2017-04-11";2017;4;"2017-04";"Baldwin Bikes";"Baldwin";"NY";"Trek Domane SL Disc Frameset - 2017";"Trek";"Road Bikes";1;3199.99;0.05;5.0;3199.99;159.9995;3039.9905
834;890;"2017-04-12";2017;4;"2017-04";"Baldwin Bikes";"Baldwin";"NY";"Trek Domane SL Disc Frameset - 2017";"Trek";"Road Bikes";1;3199.99;0.07;7.0;3199.99;223.9993;2975.9907
970;836;"2017-06-22";2017;6;"2017-06";"Baldwin Bikes";"Baldwin";"NY";"Trek Domane SL Disc Frameset - 2017";"Trek";"Road Bikes";2;3199.99;0.1;10.0;6399.98;639.998;5759.982
1130;69;"2017-09-18";2017;9;"2017-09";"Santa Cruz Bikes";"Santa Cruz";"CA";"Trek Domane SL Disc Frameset - 2017";"Trek";"Road Bikes";2;3199.99;0.2;20.0;6399.98;1279.996;5119.984
1216;886;"2017-10-28";2017;10;"2017-10";"Baldwin Bikes";"Baldwin";"NY";"Trek Domane SL Disc Frameset - 2017";"Trek";"Road Bikes";1;3199.99;0.05;5.0;3199.99;159.9995;3039.9905
1270;1388;"2017-11-26";2017;11;"2017-11";"Baldwin Bikes";"Baldwin";"NY";"Trek Domane SL Disc Frameset - 2017";"Trek";"Road Bikes";1;3199.99;0.2;20.0;3199.99;639.998;2559.992
1308;713;"2017-12-22";2017;12;"2017-12";"Baldwin Bikes";"Baldwin";"NY";"Trek Domane SL Disc Frameset - 2017";"Trek";"Road Bikes";1;3199.99;0.05;5.0;3199.99;159.9995;3039.9905
1310;444;"2017-12-24";2017;12;"2017-12";"Santa Cruz Bikes";"Santa Cruz";"CA";"Trek Domane SL Disc Frameset - 2017";"Trek";"Road Bikes";1;3199.99;0.2;20.0;3199.99;639.998;2559.992
1425;126;"2018-03-07";2018;3;"2018-03";"Baldwin Bikes";"Baldwin";"NY";"Trek Domane SL Disc Frameset - 2017";"Trek";"Road Bikes";2;3199.99;0.05;5.0;6399.98;319.999;6079.981
1559;42;"2018-04-20";2018;4;"2018-04";"Baldwin Bikes";"Baldwin";"NY";"Trek Domane SL Disc Frameset - 2017";"Trek";"Road Bikes";2;3199.99;0.1;10.0;6399.98;639.998;5759.982
1562;88;"2018-04-20";2018;4;"2018-04";"Baldwin Bikes";"Baldwin";"NY";"Trek Domane SL Disc Frameset - 2017";"Trek";"Road Bikes";1;3199.99;0.2;20.0;3199.99;639.998;2559.992
662;1125;"2017-01-19";2017;1;"2017-01";"Santa Cruz Bikes";"Santa Cruz";"CA";"Trek Domane S 6 - 2017";"Trek";"Road Bikes";2;2699.99;0.1;10.0;5399.98;539.998;4859.982
671;922;"2017-01-25";2017;1;"2017-01";"Baldwin Bikes";"Baldwin";"NY";"Trek Domane S 6 - 2017";"Trek";"Road Bikes";1;2699.99;0.2;20.0;2699.99;539.998;2159.992
691;1081;"2017-02-04";2017;2;"2017-02";"Baldwin Bikes";"Baldwin";"NY";"Trek Domane S 6 - 2017";"Trek";"Road Bikes";2;2699.99;0.2;20.0;5399.98;1079.996;4319.984
694;58;"2017-02-05";2017;2;"2017-02";"Baldwin Bikes";"Baldwin";"NY";"Trek Domane S 6 - 2017";"Trek";"Road Bikes";2;2699.99;0.1;10.0;5399.98;539.998;4859.982
709;1162;"2017-02-11";2017;2;"2017-02";"Baldwin Bikes";"Baldwin";"NY";"Trek Domane S 6 - 2017";"Trek";"Road Bikes";2;2699.99;0.05;5.0;5399.98;269.999;5129.981
724;864;"2017-02-19";2017;2;"2017-02";"Baldwin Bikes";"Baldwin";"NY";"Trek Domane S 6 - 2017";"Trek";"Road Bikes";1;2699.99;0.2;20.0;2699.99;539.998;2159.992
733;832;"2017-02-26";2017;2;"2017-02";"Baldwin Bikes";"Baldwin";"NY";"Trek Domane S 6 - 2017";"Trek";"Road Bikes";1;2699.99;0.2;20.0;2699.99;539.998;2159.992
764;701;"2017-03-09";2017;3;"2017-03";"Santa Cruz Bikes";"Santa Cruz";"CA";"Trek Domane S 6 - 2017";"Trek";"Road Bikes";1;2699.99;0.07;7.0;2699.99;188.9993;2510.9907
828;246;"2017-04-09";2017;4;"2017-04";"Baldwin Bikes";"Baldwin";"NY";"Trek Domane S 6 - 2017";"Trek";"Road Bikes";2;2699.99;0.07;7.0;5399.98;377.9986;5021.9814
839;1332;"2017-04-15";2017;4;"2017-04";"Santa Cruz Bikes";"Santa Cruz";"CA";"Trek Domane S 6 - 2017";"Trek";"Road Bikes";1;2699.99;0.07;7.0;2699.99;188.9993;2510.9907
869;844;"2017-05-01";2017;5;"2017-05";"Baldwin Bikes";"Baldwin";"NY";"Trek Domane S 6 - 2017";"Trek";"Road Bikes";2;2699.99;0.05;5.0;5399.98;269.999;5129.981
949;867;"2017-06-16";2017;6;"2017-06";"Santa Cruz Bikes";"Santa Cruz";"CA";"Trek Domane S 6 - 2017";"Trek";"Road Bikes";2;2699.99;0.05;5.0;5399.98;269.999;5129.981
979;1190;"2017-06-26";2017;6;"2017-06";"Baldwin Bikes";"Baldwin";"NY";"Trek Domane S 6 - 2017";"Trek";"Road Bikes";1;2699.99;0.05;5.0;2699.99;134.9995;2564.9905
1029;407;"2017-07-29";2017;7;"2017-07";"Santa Cruz Bikes";"Santa Cruz";"CA";"Trek Domane S 6 - 2017";"Trek";"Road Bikes";1;2699.99;0.1;10.0;2699.99;269.999;2429.991
1036;1442;"2017-07-30";2017;7;"2017-07";"Baldwin Bikes";"Baldwin";"NY";"Trek Domane S 6 - 2017";"Trek";"Road Bikes";2;2699.99;0.1;10.0;5399.98;539.998;4859.982
1043;1235;"2017-08-06";2017;8;"2017-08";"Baldwin Bikes";"Baldwin";"NY";"Trek Domane S 6 - 2017";"Trek";"Road Bikes";2;2699.99;0.1;10.0;5399.98;539.998;4859.982
1118;1023;"2017-09-08";2017;9;"2017-09";"Baldwin Bikes";"Baldwin";"NY";"Trek Domane S 6 - 2017";"Trek";"Road Bikes";2;2699.99;0.2;20.0;5399.98;1079.996;4319.984
1119;749;"2017-09-10";2017;9;"2017-09";"Santa Cruz Bikes";"Santa Cruz";"CA";"Trek Domane S 6 - 2017";"Trek";"Road Bikes";2;2699.99;0.05;5.0;5399.98;269.999;5129.981
1189;1090;"2017-10-15";2017;10;"2017-10";"Baldwin Bikes";"Baldwin";"NY";"Trek Domane S 6 - 2017";"Trek";"Road Bikes";1;2699.99;0.07;7.0;2699.99;188.9993;2510.9907
1203;1191;"2017-10-25";2017;10;"2017-10";"Baldwin Bikes";"Baldwin";"NY";"Trek Domane S 6 - 2017";"Trek";"Road Bikes";1;2699.99;0.05;5.0;2699.99;134.9995;2564.9905
1228;1041;"2017-11-04";2017;11;"2017-11";"Baldwin Bikes";"Baldwin";"NY";"Trek Domane S 6 - 2017";"Trek";"Road Bikes";2;2699.99;0.2;20.0;5399.98;1079.996;4319.984
1233;462;"2017-11-06";2017;11;"2017-11";"Baldwin Bikes";"Baldwin";"NY";"Trek Domane S 6 - 2017";"Trek";"Road Bikes";1;2699.99;0.2;20.0;2699.99;539.998;2159.992
1237;571;"2017-11-09";2017;11;"2017-11";"Santa Cruz Bikes";"Santa Cruz";"CA";"Trek Domane S 6 - 2017";"Trek";"Road Bikes";2;2699.99;0.07;7.0;5399.98;377.9986;5021.9814
1329;443;"2018-01-04";2018;1;"2018-01";"Santa Cruz Bikes";"Santa Cruz";"CA";"Trek Domane S 6 - 2017";"Trek";"Road Bikes";1;2699.99;0.07;7.0;2699.99;188.9993;2510.9907
1449;330;"2018-03-18";2018;3;"2018-03";"Baldwin Bikes";"Baldwin";"NY";"Trek Domane S 6 - 2017";"Trek";"Road Bikes";1;2699.99;0.2;20.0;2699.99;539.998;2159.992
1558;63;"2018-04-19";2018;4;"2018-04";"Baldwin Bikes";"Baldwin";"NY";"Trek Domane S 6 - 2017";"Trek";"Road Bikes";1;2699.99;0.2;20.0;2699.99;539.998;2159.992
638;1302;"2017-01-04";2017;1;"2017-01";"Baldwin Bikes";"Baldwin";"NY";"Trek Domane SLR 6 Disc - 2017";"Trek";"Road Bikes";1;5499.99;0.2;20.0;5499.99;1099.998;4399.992
684;762;"2017-01-31";2017;1;"2017-01";"Baldwin Bikes";"Baldwin";"NY";"Trek Domane SLR 6 Disc - 2017";"Trek";"Road Bikes";1;5499.99;0.07;7.0;5499.99;384.9993;5114.9907
685;976;"2017-01-31";2017;1;"2017-01";"Baldwin Bikes";"Baldwin";"NY";"Trek Domane SLR 6 Disc - 2017";"Trek";"Road Bikes";2;5499.99;0.05;5.0;10999.98;549.999;10449.981
692;2;"2017-02-05";2017;2;"2017-02";"Santa Cruz Bikes";"Santa Cruz";"CA";"Trek Domane SLR 6 Disc - 2017";"Trek";"Road Bikes";2;5499.99;0.1;10.0;10999.98;1099.998;9899.982
717;1312;"2017-02-15";2017;2;"2017-02";"Baldwin Bikes";"Baldwin";"NY";"Trek Domane SLR 6 Disc - 2017";"Trek";"Road Bikes";2;5499.99;0.05;5.0;10999.98;549.999;10449.981
728;1138;"2017-02-20";2017;2;"2017-02";"Santa Cruz Bikes";"Santa Cruz";"CA";"Trek Domane SLR 6 Disc - 2017";"Trek";"Road Bikes";1;5499.99;0.1;10.0;5499.99;549.999;4949.991
736;184;"2017-02-27";2017;2;"2017-02";"Baldwin Bikes";"Baldwin";"NY";"Trek Domane SLR 6 Disc - 2017";"Trek";"Road Bikes";2;5499.99;0.05;5.0;10999.98;549.999;10449.981
741;119;"2017-02-28";2017;2;"2017-02";"Rowlett Bikes";"Rowlett";"TX";"Trek Domane SLR 6 Disc - 2017";"Trek";"Road Bikes";2;5499.99;0.05;5.0;10999.98;549.999;10449.981
792;479;"2017-03-22";2017;3;"2017-03";"Baldwin Bikes";"Baldwin";"NY";"Trek Domane SLR 6 Disc - 2017";"Trek";"Road Bikes";1;5499.99;0.2;20.0;5499.99;1099.998;4399.992
810;153;"2017-04-01";2017;4;"2017-04";"Rowlett Bikes";"Rowlett";"TX";"Trek Domane SLR 6 Disc - 2017";"Trek";"Road Bikes";1;5499.99;0.05;5.0;5499.99;274.9995;5224.9905
823;415;"2017-04-06";2017;4;"2017-04";"Rowlett Bikes";"Rowlett";"TX";"Trek Domane SLR 6 Disc - 2017";"Trek";"Road Bikes";2;5499.99;0.07;7.0;10999.98;769.9986;10229.9814
874;661;"2017-05-04";2017;5;"2017-05";"Baldwin Bikes";"Baldwin";"NY";"Trek Domane SLR 6 Disc - 2017";"Trek";"Road Bikes";1;5499.99;0.05;5.0;5499.99;274.9995;5224.9905
930;1224;"2017-06-05";2017;6;"2017-06";"Rowlett Bikes";"Rowlett";"TX";"Trek Domane SLR 6 Disc - 2017";"Trek";"Road Bikes";2;5499.99;0.07;7.0;10999.98;769.9986;10229.9814
934;93;"2017-06-09";2017;6;"2017-06";"Baldwin Bikes";"Baldwin";"NY";"Trek Domane SLR 6 Disc - 2017";"Trek";"Road Bikes";2;5499.99;0.2;20.0;10999.98;2199.996;8799.984
946;525;"2017-06-14";2017;6;"2017-06";"Baldwin Bikes";"Baldwin";"NY";"Trek Domane SLR 6 Disc - 2017";"Trek";"Road Bikes";2;5499.99;0.07;7.0;10999.98;769.9986;10229.9814
950;142;"2017-06-16";2017;6;"2017-06";"Baldwin Bikes";"Baldwin";"NY";"Trek Domane SLR 6 Disc - 2017";"Trek";"Road Bikes";1;5499.99;0.05;5.0;5499.99;274.9995;5224.9905
1006;1070;"2017-07-15";2017;7;"2017-07";"Baldwin Bikes";"Baldwin";"NY";"Trek Domane SLR 6 Disc - 2017";"Trek";"Road Bikes";2;5499.99;0.07;7.0;10999.98;769.9986;10229.9814
1091;1260;"2017-08-24";2017;8;"2017-08";"Baldwin Bikes";"Baldwin";"NY";"Trek Domane SLR 6 Disc - 2017";"Trek";"Road Bikes";1;5499.99;0.1;10.0;5499.99;549.999;4949.991
1105;747;"2017-09-01";2017;9;"2017-09";"Rowlett Bikes";"Rowlett";"TX";"Trek Domane SLR 6 Disc - 2017";"Trek";"Road Bikes";2;5499.99;0.2;20.0;10999.98;2199.996;8799.984
1110;912;"2017-09-04";2017;9;"2017-09";"Baldwin Bikes";"Baldwin";"NY";"Trek Domane SLR 6 Disc - 2017";"Trek";"Road Bikes";1;5499.99;0.1;10.0;5499.99;549.999;4949.991
1129;663;"2017-09-17";2017;9;"2017-09";"Baldwin Bikes";"Baldwin";"NY";"Trek Domane SLR 6 Disc - 2017";"Trek";"Road Bikes";1;5499.99;0.2;20.0;5499.99;1099.998;4399.992
1234;19;"2017-11-07";2017;11;"2017-11";"Baldwin Bikes";"Baldwin";"NY";"Trek Domane SLR 6 Disc - 2017";"Trek";"Road Bikes";2;5499.99;0.07;7.0;10999.98;769.9986;10229.9814
1251;289;"2017-11-17";2017;11;"2017-11";"Rowlett Bikes";"Rowlett";"TX";"Trek Domane SLR 6 Disc - 2017";"Trek";"Road Bikes";1;5499.99;0.07;7.0;5499.99;384.9993;5114.9907
1277;227;"2017-12-01";2017;12;"2017-12";"Baldwin Bikes";"Baldwin";"NY";"Trek Domane SLR 6 Disc - 2017";"Trek";"Road Bikes";2;5499.99;0.2;20.0;10999.98;2199.996;8799.984
1302;322;"2017-12-16";2017;12;"2017-12";"Baldwin Bikes";"Baldwin";"NY";"Trek Domane SLR 6 Disc - 2017";"Trek";"Road Bikes";2;5499.99;0.07;7.0;10999.98;769.9986;10229.9814
1308;713;"2017-12-22";2017;12;"2017-12";"Baldwin Bikes";"Baldwin";"NY";"Trek Domane SLR 6 Disc - 2017";"Trek";"Road Bikes";1;5499.99;0.2;20.0;5499.99;1099.998;4399.992
1341;1258;"2018-01-12";2018;1;"2018-01";"Baldwin Bikes";"Baldwin";"NY";"Trek Domane SLR 6 Disc - 2017";"Trek";"Road Bikes";2;5499.99;0.2;20.0;10999.98;2199.996;8799.984
1526;59;"2018-04-12";2018;4;"2018-04";"Baldwin Bikes";"Baldwin";"NY";"Trek Domane SLR 6 Disc - 2017";"Trek";"Road Bikes";1;5499.99;0.1;10.0;5499.99;549.999;4949.991
695;606;"2017-02-05";2017;2;"2017-02";"Baldwin Bikes";"Baldwin";"NY";"Trek Emonda S 5 - 2017";"Trek";"Road Bikes";2;1999.99;0.2;20.0;3999.98;799.996;3199.984
710;295;"2017-02-13";2017;2;"2017-02";"Baldwin Bikes";"Baldwin";"NY";"Trek Emonda S 5 - 2017";"Trek";"Road Bikes";1;1999.99;0.2;20.0;1999.99;399.998;1599.992
755;531;"2017-03-06";2017;3;"2017-03";"Baldwin Bikes";"Baldwin";"NY";"Trek Emonda S 5 - 2017";"Trek";"Road Bikes";2;1999.99;0.1;10.0;3999.98;399.998;3599.982
781;1018;"2017-03-15";2017;3;"2017-03";"Baldwin Bikes";"Baldwin";"NY";"Trek Emonda S 5 - 2017";"Trek";"Road Bikes";2;1999.99;0.1;10.0;3999.98;399.998;3599.982
782;1298;"2017-03-15";2017;3;"2017-03";"Baldwin Bikes";"Baldwin";"NY";"Trek Emonda S 5 - 2017";"Trek";"Road Bikes";1;1999.99;0.07;7.0;1999.99;139.9993;1859.9907
882;196;"2017-05-09";2017;5;"2017-05";"Baldwin Bikes";"Baldwin";"NY";"Trek Emonda S 5 - 2017";"Trek";"Road Bikes";2;1999.99;0.07;7.0;3999.98;279.9986;3719.9814
898;352;"2017-05-20";2017;5;"2017-05";"Baldwin Bikes";"Baldwin";"NY";"Trek Emonda S 5 - 2017";"Trek";"Road Bikes";2;1999.99;0.2;20.0;3999.98;799.996;3199.984
952;355;"2017-06-16";2017;6;"2017-06";"Baldwin Bikes";"Baldwin";"NY";"Trek Emonda S 5 - 2017";"Trek";"Road Bikes";1;1999.99;0.05;5.0;1999.99;99.9995;1899.9905
1020;16;"2017-07-23";2017;7;"2017-07";"Baldwin Bikes";"Baldwin";"NY";"Trek Emonda S 5 - 2017";"Trek";"Road Bikes";2;1999.99;0.1;10.0;3999.98;399.998;3599.982
1240;903;"2017-11-10";2017;11;"2017-11";"Baldwin Bikes";"Baldwin";"NY";"Trek Emonda S 5 - 2017";"Trek";"Road Bikes";1;1999.99;0.05;5.0;1999.99;99.9995;1899.9905
1252;110;"2017-11-18";2017;11;"2017-11";"Santa Cruz Bikes";"Santa Cruz";"CA";"Trek Emonda S 5 - 2017";"Trek";"Road Bikes";2;1999.99;0.05;5.0;3999.98;199.999;3799.981
1291;1284;"2017-12-09";2017;12;"2017-12";"Baldwin Bikes";"Baldwin";"NY";"Trek Emonda S 5 - 2017";"Trek";"Road Bikes";1;1999.99;0.1;10.0;1999.99;199.999;1799.991
1396;856;"2018-02-15";2018;2;"2018-02";"Baldwin Bikes";"Baldwin";"NY";"Trek Emonda S 5 - 2017";"Trek";"Road Bikes";1;1999.99;0.05;5.0;1999.99;99.9995;1899.9905
1443;972;"2018-03-16";2018;3;"2018-03";"Baldwin Bikes";"Baldwin";"NY";"Trek Emonda S 5 - 2017";"Trek";"Road Bikes";1;1999.99;0.2;20.0;1999.99;399.998;1599.992
1527;13;"2018-04-12";2018;4;"2018-04";"Rowlett Bikes";"Rowlett";"TX";"Trek Emonda S 5 - 2017";"Trek";"Road Bikes";2;1999.99;0.05;5.0;3999.98;199.999;3799.981
665;29;"2017-01-21";2017;1;"2017-01";"Baldwin Bikes";"Baldwin";"NY";"Trek Madone 9.2 - 2017";"Trek";"Road Bikes";1;4999.99;0.07;7.0;4999.99;349.9993;4649.9907
728;1138;"2017-02-20";2017;2;"2017-02";"Santa Cruz Bikes";"Santa Cruz";"CA";"Trek Madone 9.2 - 2017";"Trek";"Road Bikes";1;4999.99;0.07;7.0;4999.99;349.9993;4649.9907
741;119;"2017-02-28";2017;2;"2017-02";"Rowlett Bikes";"Rowlett";"TX";"Trek Madone 9.2 - 2017";"Trek";"Road Bikes";1;4999.99;0.05;5.0;4999.99;249.9995;4749.9905
774;690;"2017-03-12";2017;3;"2017-03";"Baldwin Bikes";"Baldwin";"NY";"Trek Madone 9.2 - 2017";"Trek";"Road Bikes";2;4999.99;0.1;10.0;9999.98;999.998;8999.982
799;607;"2017-03-27";2017;3;"2017-03";"Santa Cruz Bikes";"Santa Cruz";"CA";"Trek Madone 9.2 - 2017";"Trek";"Road Bikes";2;4999.99;0.07;7.0;9999.98;699.9986;9299.9814
839;1332;"2017-04-15";2017;4;"2017-04";"Santa Cruz Bikes";"Santa Cruz";"CA";"Trek Madone 9.2 - 2017";"Trek";"Road Bikes";2;4999.99;0.05;5.0;9999.98;499.999;9499.981
853;883;"2017-04-21";2017;4;"2017-04";"Rowlett Bikes";"Rowlett";"TX";"Trek Madone 9.2 - 2017";"Trek";"Road Bikes";2;4999.99;0.2;20.0;9999.98;1999.996;7999.984
860;473;"2017-04-27";2017;4;"2017-04";"Baldwin Bikes";"Baldwin";"NY";"Trek Madone 9.2 - 2017";"Trek";"Road Bikes";2;4999.99;0.07;7.0;9999.98;699.9986;9299.9814
937;73;"2017-06-11";2017;6;"2017-06";"Baldwin Bikes";"Baldwin";"NY";"Trek Madone 9.2 - 2017";"Trek";"Road Bikes";2;4999.99;0.07;7.0;9999.98;699.9986;9299.9814
993;1415;"2017-07-09";2017;7;"2017-07";"Santa Cruz Bikes";"Santa Cruz";"CA";"Trek Madone 9.2 - 2017";"Trek";"Road Bikes";1;4999.99;0.2;20.0;4999.99;999.998;3999.992
1001;354;"2017-07-13";2017;7;"2017-07";"Baldwin Bikes";"Baldwin";"NY";"Trek Madone 9.2 - 2017";"Trek";"Road Bikes";1;4999.99;0.1;10.0;4999.99;499.999;4499.991
1126;1213;"2017-09-14";2017;9;"2017-09";"Rowlett Bikes";"Rowlett";"TX";"Trek Madone 9.2 - 2017";"Trek";"Road Bikes";1;4999.99;0.2;20.0;4999.99;999.998;3999.992
1137;810;"2017-09-20";2017;9;"2017-09";"Rowlett Bikes";"Rowlett";"TX";"Trek Madone 9.2 - 2017";"Trek";"Road Bikes";2;4999.99;0.2;20.0;9999.98;1999.996;7999.984
1149;787;"2017-09-27";2017;9;"2017-09";"Baldwin Bikes";"Baldwin";"NY";"Trek Madone 9.2 - 2017";"Trek";"Road Bikes";1;4999.99;0.05;5.0;4999.99;249.9995;4749.9905
1152;1244;"2017-09-29";2017;9;"2017-09";"Baldwin Bikes";"Baldwin";"NY";"Trek Madone 9.2 - 2017";"Trek";"Road Bikes";1;4999.99;0.07;7.0;4999.99;349.9993;4649.9907
1169;1421;"2017-10-04";2017;10;"2017-10";"Baldwin Bikes";"Baldwin";"NY";"Trek Madone 9.2 - 2017";"Trek";"Road Bikes";2;4999.99;0.1;10.0;9999.98;999.998;8999.982
1175;292;"2017-10-09";2017;10;"2017-10";"Baldwin Bikes";"Baldwin";"NY";"Trek Madone 9.2 - 2017";"Trek";"Road Bikes";2;4999.99;0.07;7.0;9999.98;699.9986;9299.9814
1273;1268;"2017-11-27";2017;11;"2017-11";"Baldwin Bikes";"Baldwin";"NY";"Trek Madone 9.2 - 2017";"Trek";"Road Bikes";1;4999.99;0.2;20.0;4999.99;999.998;3999.992
1275;165;"2017-11-29";2017;11;"2017-11";"Santa Cruz Bikes";"Santa Cruz";"CA";"Trek Madone 9.2 - 2017";"Trek";"Road Bikes";1;4999.99;0.07;7.0;4999.99;349.9993;4649.9907
1276;893;"2017-11-30";2017;11;"2017-11";"Baldwin Bikes";"Baldwin";"NY";"Trek Madone 9.2 - 2017";"Trek";"Road Bikes";1;4999.99;0.2;20.0;4999.99;999.998;3999.992
1291;1284;"2017-12-09";2017;12;"2017-12";"Baldwin Bikes";"Baldwin";"NY";"Trek Madone 9.2 - 2017";"Trek";"Road Bikes";2;4999.99;0.05;5.0;9999.98;499.999;9499.981
1300;824;"2017-12-15";2017;12;"2017-12";"Baldwin Bikes";"Baldwin";"NY";"Trek Madone 9.2 - 2017";"Trek";"Road Bikes";2;4999.99;0.05;5.0;9999.98;499.999;9499.981
1348;1214;"2018-01-15";2018;1;"2018-01";"Santa Cruz Bikes";"Santa Cruz";"CA";"Trek Madone 9.2 - 2017";"Trek";"Road Bikes";2;4999.99;0.1;10.0;9999.98;999.998;8999.982
1365;689;"2018-01-25";2018;1;"2018-01";"Baldwin Bikes";"Baldwin";"NY";"Trek Madone 9.2 - 2017";"Trek";"Road Bikes";1;4999.99;0.07;7.0;4999.99;349.9993;4649.9907
1468;3;"2018-03-27";2018;3;"2018-03";"Santa Cruz Bikes";"Santa Cruz";"CA";"Trek Madone 9.2 - 2017";"Trek";"Road Bikes";1;4999.99;0.07;7.0;4999.99;349.9993;4649.9907
1482;94;"2018-04-01";2018;4;"2018-04";"Baldwin Bikes";"Baldwin";"NY";"Trek Madone 9.2 - 2017";"Trek";"Road Bikes";2;4999.99;0.07;7.0;9999.98;699.9986;9299.9814
660;383;"2017-01-18";2017;1;"2017-01";"Baldwin Bikes";"Baldwin";"NY";"Trek Domane S 5 Disc - 2017";"Trek";"Road Bikes";2;2599.99;0.07;7.0;5199.98;363.9986;4835.9814
685;976;"2017-01-31";2017;1;"2017-01";"Baldwin Bikes";"Baldwin";"NY";"Trek Domane S 5 Disc - 2017";"Trek";"Road Bikes";1;2599.99;0.05;5.0;2599.99;129.9995;2469.9905
692;2;"2017-02-05";2017;2;"2017-02";"Santa Cruz Bikes";"Santa Cruz";"CA";"Trek Domane S 5 Disc - 2017";"Trek";"Road Bikes";1;2599.99;0.2;20.0;2599.99;519.998;2079.992
730;500;"2017-02-21";2017;2;"2017-02";"Baldwin Bikes";"Baldwin";"NY";"Trek Domane S 5 Disc - 2017";"Trek";"Road Bikes";2;2599.99;0.05;5.0;5199.98;259.999;4939.981
785;794;"2017-03-18";2017;3;"2017-03";"Santa Cruz Bikes";"Santa Cruz";"CA";"Trek Domane S 5 Disc - 2017";"Trek";"Road Bikes";2;2599.99;0.2;20.0;5199.98;1039.996;4159.984
899;605;"2017-05-20";2017;5;"2017-05";"Baldwin Bikes";"Baldwin";"NY";"Trek Domane S 5 Disc - 2017";"Trek";"Road Bikes";2;2599.99;0.1;10.0;5199.98;519.998;4679.982
951;339;"2017-06-16";2017;6;"2017-06";"Baldwin Bikes";"Baldwin";"NY";"Trek Domane S 5 Disc - 2017";"Trek";"Road Bikes";1;2599.99;0.1;10.0;2599.99;259.999;2339.991
985;461;"2017-06-30";2017;6;"2017-06";"Baldwin Bikes";"Baldwin";"NY";"Trek Domane S 5 Disc - 2017";"Trek";"Road Bikes";1;2599.99;0.2;20.0;2599.99;519.998;2079.992
1014;748;"2017-07-19";2017;7;"2017-07";"Baldwin Bikes";"Baldwin";"NY";"Trek Domane S 5 Disc - 2017";"Trek";"Road Bikes";1;2599.99;0.05;5.0;2599.99;129.9995;2469.9905
1074;11;"2017-08-19";2017;8;"2017-08";"Baldwin Bikes";"Baldwin";"NY";"Trek Domane S 5 Disc - 2017";"Trek";"Road Bikes";1;2599.99;0.1;10.0;2599.99;259.999;2339.991
1087;675;"2017-08-22";2017;8;"2017-08";"Rowlett Bikes";"Rowlett";"TX";"Trek Domane S 5 Disc - 2017";"Trek";"Road Bikes";2;2599.99;0.1;10.0;5199.98;519.998;4679.982
1211;19;"2017-10-27";2017;10;"2017-10";"Baldwin Bikes";"Baldwin";"NY";"Trek Domane S 5 Disc - 2017";"Trek";"Road Bikes";1;2599.99;0.05;5.0;2599.99;129.9995;2469.9905
1225;768;"2017-11-04";2017;11;"2017-11";"Santa Cruz Bikes";"Santa Cruz";"CA";"Trek Domane S 5 Disc - 2017";"Trek";"Road Bikes";2;2599.99;0.1;10.0;5199.98;519.998;4679.982
1268;774;"2017-11-26";2017;11;"2017-11";"Santa Cruz Bikes";"Santa Cruz";"CA";"Trek Domane S 5 Disc - 2017";"Trek";"Road Bikes";2;2599.99;0.2;20.0;5199.98;1039.996;4159.984
1298;533;"2017-12-14";2017;12;"2017-12";"Rowlett Bikes";"Rowlett";"TX";"Trek Domane S 5 Disc - 2017";"Trek";"Road Bikes";1;2599.99;0.05;5.0;2599.99;129.9995;2469.9905
1310;444;"2017-12-24";2017;12;"2017-12";"Santa Cruz Bikes";"Santa Cruz";"CA";"Trek Domane S 5 Disc - 2017";"Trek";"Road Bikes";1;2599.99;0.2;20.0;2599.99;519.998;2079.992
1471;1310;"2018-03-28";2018;3;"2018-03";"Baldwin Bikes";"Baldwin";"NY";"Trek Domane S 5 Disc - 2017";"Trek";"Road Bikes";2;2599.99;0.2;20.0;5199.98;1039.996;4159.984
1597;56;"2018-04-28";2018;4;"2018-04";"Rowlett Bikes";"Rowlett";"TX";"Trek Domane S 5 Disc - 2017";"Trek";"Road Bikes";1;2599.99;0.07;7.0;2599.99;181.9993;2417.9907
1329;443;"2018-01-04";2018;1;"2018-01";"Santa Cruz Bikes";"Santa Cruz";"CA";"Trek Domane ALR 3 - 2018";"Trek";"Road Bikes";1;1099.99;0.07;7.0;1099.99;76.9993;1022.9907
1365;689;"2018-01-25";2018;1;"2018-01";"Baldwin Bikes";"Baldwin";"NY";"Trek Domane ALR 4 Disc - 2018";"Trek";"Road Bikes";1;1549.99;0.07;7.0;1549.99;108.4993;1441.4907
1511;25;"2018-04-09";2018;4;"2018-04";"Baldwin Bikes";"Baldwin";"NY";"Trek Domane ALR 4 Disc - 2018";"Trek";"Road Bikes";2;1549.99;0.2;20.0;3099.98;619.996;2479.984
1331;1122;"2018-01-05";2018;1;"2018-01";"Baldwin Bikes";"Baldwin";"NY";"Trek Domane ALR 5 Disc - 2018";"Trek";"Road Bikes";2;1799.99;0.1;10.0;3599.98;359.998;3239.982
1357;440;"2018-01-20";2018;1;"2018-01";"Baldwin Bikes";"Baldwin";"NY";"Trek Domane ALR 5 Disc - 2018";"Trek";"Road Bikes";2;1799.99;0.2;20.0;3599.98;719.996;2879.984
1385;866;"2018-02-08";2018;2;"2018-02";"Rowlett Bikes";"Rowlett";"TX";"Trek Domane ALR 5 Disc - 2018";"Trek";"Road Bikes";1;1799.99;0.07;7.0;1799.99;125.9993;1673.9907
1425;126;"2018-03-07";2018;3;"2018-03";"Baldwin Bikes";"Baldwin";"NY";"Trek Domane ALR 5 Disc - 2018";"Trek";"Road Bikes";2;1799.99;0.07;7.0;3599.98;251.9986;3347.9814
1568;192;"2018-04-21";2018;4;"2018-04";"Santa Cruz Bikes";"Santa Cruz";"CA";"Trek Domane SLR 6 - 2018";"Trek";"Road Bikes";1;4999.99;0.2;20.0;4999.99;999.998;3999.992
1600;90;"2018-04-29";2018;4;"2018-04";"Baldwin Bikes";"Baldwin";"NY";"Trek Domane SLR 6 - 2018";"Trek";"Road Bikes";1;4999.99;0.1;10.0;4999.99;499.999;4499.991
1348;1214;"2018-01-15";2018;1;"2018-01";"Santa Cruz Bikes";"Santa Cruz";"CA";"Trek Domane ALR 5 Gravel - 2018";"Trek";"Road Bikes";1;1799.99;0.07;7.0;1799.99;125.9993;1673.9907
1375;312;"2018-01-30";2018;1;"2018-01";"Rowlett Bikes";"Rowlett";"TX";"Trek Domane ALR 5 Gravel - 2018";"Trek";"Road Bikes";2;1799.99;0.05;5.0;3599.98;179.999;3419.981
1390;63;"2018-02-12";2018;2;"2018-02";"Baldwin Bikes";"Baldwin";"NY";"Trek Domane ALR 5 Gravel - 2018";"Trek";"Road Bikes";2;1799.99;0.1;10.0;3599.98;359.998;3239.982
1584;109;"2018-04-26";2018;4;"2018-04";"Santa Cruz Bikes";"Santa Cruz";"CA";"Trek Domane ALR 5 Gravel - 2018";"Trek";"Road Bikes";2;1799.99;0.07;7.0;3599.98;251.9986;3347.9814
1348;1214;"2018-01-15";2018;1;"2018-01";"Santa Cruz Bikes";"Santa Cruz";"CA";"Trek Domane SL 8 Disc - 2018";"Trek";"Road Bikes";1;5499.99;0.05;5.0;5499.99;274.9995;5224.9905
1447;1419;"2018-03-18";2018;3;"2018-03";"Santa Cruz Bikes";"Santa Cruz";"CA";"Trek Domane SL 8 Disc - 2018";"Trek";"Road Bikes";1;5499.99;0.2;20.0;5499.99;1099.998;4399.992
1550;39;"2018-04-17";2018;4;"2018-04";"Baldwin Bikes";"Baldwin";"NY";"Trek Domane SL 8 Disc - 2018";"Trek";"Road Bikes";1;5499.99;0.07;7.0;5499.99;384.9993;5114.9907
1355;1010;"2018-01-19";2018;1;"2018-01";"Baldwin Bikes";"Baldwin";"NY";"Trek Domane SLR 8 Disc - 2018";"Trek";"Road Bikes";1;7499.99;0.2;20.0;7499.99;1499.998;5999.992
1439;463;"2018-03-15";2018;3;"2018-03";"Baldwin Bikes";"Baldwin";"NY";"Trek Domane SLR 8 Disc - 2018";"Trek";"Road Bikes";1;7499.99;0.05;5.0;7499.99;374.9995;7124.9905
1506;75;"2018-04-08";2018;4;"2018-04";"Baldwin Bikes";"Baldwin";"NY";"Trek Domane SLR 8 Disc - 2018";"Trek";"Road Bikes";2;7499.99;0.05;5.0;14999.98;749.999;14249.981
1346;136;"2018-01-14";2018;1;"2018-01";"Rowlett Bikes";"Rowlett";"TX";"Trek Emonda SL 7 - 2018";"Trek";"Road Bikes";1;4499.99;0.05;5.0;4499.99;224.9995;4274.9905
1386;1254;"2018-02-09";2018;2;"2018-02";"Santa Cruz Bikes";"Santa Cruz";"CA";"Trek Emonda SL 7 - 2018";"Trek";"Road Bikes";1;4499.99;0.07;7.0;4499.99;314.9993;4184.9907
1519;26;"2018-04-11";2018;4;"2018-04";"Baldwin Bikes";"Baldwin";"NY";"Trek Emonda SL 7 - 2018";"Trek";"Road Bikes";1;4499.99;0.2;20.0;4499.99;899.998;3599.992
1327;1026;"2018-01-02";2018;1;"2018-01";"Baldwin Bikes";"Baldwin";"NY";"Trek Domane ALR 4 Disc Women's - 2018";"Trek";"Road Bikes";2;1549.99;0.07;7.0;3099.98;216.9986;2882.9814
1464;1279;"2018-03-24";2018;3;"2018-03";"Baldwin Bikes";"Baldwin";"NY";"Trek Domane ALR 4 Disc Women's - 2018";"Trek";"Road Bikes";2;1549.99;0.05;5.0;3099.98;154.999;2944.981
1487;33;"2018-04-03";2018;4;"2018-04";"Santa Cruz Bikes";"Santa Cruz";"CA";"Trek Domane ALR 4 Disc Women's - 2018";"Trek";"Road Bikes";2;1549.99;0.2;20.0;3099.98;619.996;2479.984
1526;59;"2018-04-12";2018;4;"2018-04";"Baldwin Bikes";"Baldwin";"NY";"Trek Domane ALR 4 Disc Women's - 2018";"Trek";"Road Bikes";1;1549.99;0.07;7.0;1549.99;108.4993;1441.4907
1364;122;"2018-01-25";2018;1;"2018-01";"Baldwin Bikes";"Baldwin";"NY";"Trek Domane SL 5 Disc Women's - 2018";"Trek";"Road Bikes";1;2499.99;0.1;10.0;2499.99;249.999;2249.991
1457;1411;"2018-03-20";2018;3;"2018-03";"Baldwin Bikes";"Baldwin";"NY";"Trek Domane SL 5 Disc Women's - 2018";"Trek";"Road Bikes";2;2499.99;0.2;20.0;4999.98;999.996;3999.984
1337;970;"2018-01-09";2018;1;"2018-01";"Baldwin Bikes";"Baldwin";"NY";"Trek Domane SL 7 Women's - 2018";"Trek";"Road Bikes";1;4999.99;0.1;10.0;4999.99;499.999;4499.991
1361;1084;"2018-01-22";2018;1;"2018-01";"Baldwin Bikes";"Baldwin";"NY";"Trek Domane SL 7 Women's - 2018";"Trek";"Road Bikes";1;4999.99;0.05;5.0;4999.99;249.9995;4749.9905
1377;1007;"2018-02-01";2018;2;"2018-02";"Baldwin Bikes";"Baldwin";"NY";"Trek Domane SL 7 Women's - 2018";"Trek";"Road Bikes";2;4999.99;0.05;5.0;9999.98;499.999;9499.981
1506;75;"2018-04-08";2018;4;"2018-04";"Baldwin Bikes";"Baldwin";"NY";"Trek Domane SL 7 Women's - 2018";"Trek";"Road Bikes";2;4999.99;0.2;20.0;9999.98;1999.996;7999.984
1613;1;"2018-11-18";2018;11;"2018-11";"Baldwin Bikes";"Baldwin";"NY";"Trek Domane SL 7 Women's - 2018";"Trek";"Road Bikes";1;4999.99;0.07;7.0;4999.99;349.9993;4649.9907
1364;122;"2018-01-25";2018;1;"2018-01";"Baldwin Bikes";"Baldwin";"NY";"Trek Domane SLR 9 Disc - 2018";"Trek";"Road Bikes";2;11999.99;0.1;10.0;23999.98;2399.998;21599.982
1541;10;"2018-04-16";2018;4;"2018-04";"Baldwin Bikes";"Baldwin";"NY";"Trek Domane SLR 9 Disc - 2018";"Trek";"Road Bikes";2;11999.99;0.1;10.0;23999.98;2399.998;21599.982
1570;54;"2018-04-22";2018;4;"2018-04";"Baldwin Bikes";"Baldwin";"NY";"Trek Domane SLR 9 Disc - 2018";"Trek";"Road Bikes";1;11999.99;0.07;7.0;11999.99;839.9993;11159.9907
1525;38;"2018-04-12";2018;4;"2018-04";"Baldwin Bikes";"Baldwin";"NY";"Trek Domane SL Frameset - 2018";"Trek";"Road Bikes";1;6499.99;0.1;10.0;6499.99;649.999;5849.991
1546;91;"2018-04-17";2018;4;"2018-04";"Santa Cruz Bikes";"Santa Cruz";"CA";"Trek Domane SL Frameset - 2018";"Trek";"Road Bikes";1;6499.99;0.1;10.0;6499.99;649.999;5849.991
1555;1;"2018-04-18";2018;4;"2018-04";"Baldwin Bikes";"Baldwin";"NY";"Trek Domane SL Frameset - 2018";"Trek";"Road Bikes";1;6499.99;0.1;10.0;6499.99;649.999;5849.991
1336;904;"2018-01-09";2018;1;"2018-01";"Santa Cruz Bikes";"Santa Cruz";"CA";"Trek Domane SL Frameset Women's - 2018";"Trek";"Road Bikes";1;6499.99;0.05;5.0;6499.99;324.9995;6174.9905
1515;61;"2018-04-10";2018;4;"2018-04";"Rowlett Bikes";"Rowlett";"TX";"Trek CrossRip 1 - 2018";"Trek";"Road Bikes";2;959.99;0.2;20.0;1919.98;383.996;1535.984
1543;76;"2018-04-16";2018;4;"2018-04";"Baldwin Bikes";"Baldwin";"NY";"Trek CrossRip 1 - 2018";"Trek";"Road Bikes";2;959.99;0.07;7.0;1919.98;134.3986;1785.5814
1549;17;"2018-04-17";2018;4;"2018-04";"Baldwin Bikes";"Baldwin";"NY";"Trek CrossRip 1 - 2018";"Trek";"Road Bikes";1;959.99;0.2;20.0;959.99;191.998;767.992
1350;637;"2018-01-15";2018;1;"2018-01";"Baldwin Bikes";"Baldwin";"NY";"Trek Emonda ALR 6 - 2018";"Trek";"Road Bikes";1;2299.99;0.05;5.0;2299.99;114.9995;2184.9905
1449;330;"2018-03-18";2018;3;"2018-03";"Baldwin Bikes";"Baldwin";"NY";"Trek Emonda ALR 6 - 2018";"Trek";"Road Bikes";1;2299.99;0.07;7.0;2299.99;160.9993;2138.9907
1513;32;"2018-04-10";2018;4;"2018-04";"Santa Cruz Bikes";"Santa Cruz";"CA";"Trek Emonda ALR 6 - 2018";"Trek";"Road Bikes";2;2299.99;0.05;5.0;4599.98;229.999;4369.981
1592;6;"2018-04-27";2018;4;"2018-04";"Baldwin Bikes";"Baldwin";"NY";"Trek Emonda ALR 6 - 2018";"Trek";"Road Bikes";1;2299.99;0.07;7.0;2299.99;160.9993;2138.9907
1614;135;"2018-11-28";2018;11;"2018-11";"Rowlett Bikes";"Rowlett";"TX";"Trek Emonda ALR 6 - 2018";"Trek";"Road Bikes";2;2299.99;0.07;7.0;4599.98;321.9986;4277.9814
1334;425;"2018-01-07";2018;1;"2018-01";"Baldwin Bikes";"Baldwin";"NY";"Trek Emonda SLR 6 - 2018";"Trek";"Road Bikes";2;4499.99;0.07;7.0;8999.98;629.9986;8369.9814
1442;478;"2018-03-16";2018;3;"2018-03";"Baldwin Bikes";"Baldwin";"NY";"Trek Emonda SLR 6 - 2018";"Trek";"Road Bikes";1;4499.99;0.1;10.0;4499.99;449.999;4049.991
1443;972;"2018-03-16";2018;3;"2018-03";"Baldwin Bikes";"Baldwin";"NY";"Trek Emonda SLR 6 - 2018";"Trek";"Road Bikes";1;4499.99;0.07;7.0;4499.99;314.9993;4184.9907
1487;33;"2018-04-03";2018;4;"2018-04";"Santa Cruz Bikes";"Santa Cruz";"CA";"Trek Emonda SLR 6 - 2018";"Trek";"Road Bikes";1;4499.99;0.07;7.0;4499.99;314.9993;4184.9907
1405;100;"2018-02-25";2018;2;"2018-02";"Baldwin Bikes";"Baldwin";"NY";"Trek Emonda SL 6 Disc - 2018";"Trek";"Road Bikes";2;2999.99;0.1;10.0;5999.98;599.998;5399.982
1414;293;"2018-03-03";2018;3;"2018-03";"Baldwin Bikes";"Baldwin";"NY";"Trek Emonda SL 6 Disc - 2018";"Trek";"Road Bikes";2;2999.99;0.1;10.0;5999.98;599.998;5399.982
1394;906;"2018-02-14";2018;2;"2018-02";"Rowlett Bikes";"Rowlett";"TX";"Trek 1120 - 2018";"Trek";"Road Bikes";2;2499.99;0.05;5.0;4999.98;249.999;4749.981
1464;1279;"2018-03-24";2018;3;"2018-03";"Baldwin Bikes";"Baldwin";"NY";"Trek 1120 - 2018";"Trek";"Road Bikes";2;2499.99;0.2;20.0;4999.98;999.996;3999.984
1354;476;"2018-01-19";2018;1;"2018-01";"Santa Cruz Bikes";"Santa Cruz";"CA";"Trek Domane AL 2 Women's - 2018";"Trek";"Road Bikes";2;749.99;0.07;7.0;1499.98;104.9986;1394.9814
1408;1172;"2018-02-26";2018;2;"2018-02";"Baldwin Bikes";"Baldwin";"NY";"Trek Domane AL 2 Women's - 2018";"Trek";"Road Bikes";1;749.99;0.2;20.0;749.99;149.998;599.992
1513;32;"2018-04-10";2018;4;"2018-04";"Santa Cruz Bikes";"Santa Cruz";"CA";"Trek Domane AL 2 Women's - 2018";"Trek";"Road Bikes";1;749.99;0.1;10.0;749.99;74.999;674.991
1554;172;"2018-04-18";2018;4;"2018-04";"Santa Cruz Bikes";"Santa Cruz";"CA";"Trek Domane AL 2 Women's - 2018";"Trek";"Road Bikes";1;749.99;0.05;5.0;749.99;37.4995;712.4905
1338;905;"2018-01-10";2018;1;"2018-01";"Baldwin Bikes";"Baldwin";"NY";"Trek Emonda SLR 8 - 2018";"Trek";"Road Bikes";2;6499.99;0.07;7.0;12999.98;909.9986;12089.9814
1593;9;"2018-04-27";2018;4;"2018-04";"Baldwin Bikes";"Baldwin";"NY";"Trek Emonda SLR 8 - 2018";"Trek";"Road Bikes";2;6499.99;0.07;7.0;12999.98;909.9986;12089.9814
1409;21;"2018-02-26";2018;2;"2018-02";"Rowlett Bikes";"Rowlett";"TX";"Trek CrossRip 2 - 2018";"Trek";"Road Bikes";1;1299.99;0.07;7.0;1299.99;90.9993;1208.9907
1389;491;"2018-02-11";2018;2;"2018-02";"Baldwin Bikes";"Baldwin";"NY";"Trek Domane SL 6 - 2018";"Trek";"Road Bikes";2;3199.99;0.05;5.0;6399.98;319.999;6079.981
1409;21;"2018-02-26";2018;2;"2018-02";"Rowlett Bikes";"Rowlett";"TX";"Trek Domane SL 6 - 2018";"Trek";"Road Bikes";2;3199.99;0.05;5.0;6399.98;319.999;6079.981
1499;120;"2018-04-06";2018;4;"2018-04";"Santa Cruz Bikes";"Santa Cruz";"CA";"Trek Domane SL 6 - 2018";"Trek";"Road Bikes";2;3199.99;0.1;10.0;6399.98;639.998;5759.982
1611;6;"2018-09-06";2018;9;"2018-09";"Baldwin Bikes";"Baldwin";"NY";"Trek Domane SL 6 - 2018";"Trek";"Road Bikes";2;3199.99;0.1;10.0;6399.98;639.998;5759.982
1345;1037;"2018-01-14";2018;1;"2018-01";"Baldwin Bikes";"Baldwin";"NY";"Trek Domane ALR Disc Frameset - 2018";"Trek";"Road Bikes";2;3199.99;0.05;5.0;6399.98;319.999;6079.981
1498;81;"2018-04-06";2018;4;"2018-04";"Santa Cruz Bikes";"Santa Cruz";"CA";"Trek Domane ALR Disc Frameset - 2018";"Trek";"Road Bikes";1;3199.99;0.05;5.0;3199.99;159.9995;3039.9905
1516;47;"2018-04-11";2018;4;"2018-04";"Santa Cruz Bikes";"Santa Cruz";"CA";"Trek Domane ALR Disc Frameset - 2018";"Trek";"Road Bikes";2;3199.99;0.1;10.0;6399.98;639.998;5759.982
1534;18;"2018-04-14";2018;4;"2018-04";"Baldwin Bikes";"Baldwin";"NY";"Trek Domane ALR Disc Frameset - 2018";"Trek";"Road Bikes";2;3199.99;0.2;20.0;6399.98;1279.996;5119.984
1450;296;"2018-03-19";2018;3;"2018-03";"Baldwin Bikes";"Baldwin";"NY";"Trek Domane ALR Frameset - 2018";"Trek";"Road Bikes";2;3199.99;0.1;10.0;6399.98;639.998;5759.982
1586;176;"2018-04-26";2018;4;"2018-04";"Santa Cruz Bikes";"Santa Cruz";"CA";"Trek Domane ALR Frameset - 2018";"Trek";"Road Bikes";1;3199.99;0.2;20.0;3199.99;639.998;2559.992
1610;15;"2018-08-25";2018;8;"2018-08";"Baldwin Bikes";"Baldwin";"NY";"Trek Domane ALR Frameset - 2018";"Trek";"Road Bikes";2;3199.99;0.2;20.0;6399.98;1279.996;5119.984
1555;1;"2018-04-18";2018;4;"2018-04";"Baldwin Bikes";"Baldwin";"NY";"Trek Domane SLR Disc Frameset - 2018";"Trek";"Road Bikes";1;3199.99;0.2;20.0;3199.99;639.998;2559.992
1339;580;"2018-01-11";2018;1;"2018-01";"Santa Cruz Bikes";"Santa Cruz";"CA";"Trek Domane SLR Frameset - 2018";"Trek";"Road Bikes";1;3199.99;0.07;7.0;3199.99;223.9993;2975.9907
1590;138;"2018-04-27";2018;4;"2018-04";"Santa Cruz Bikes";"Santa Cruz";"CA";"Trek Domane SLR Frameset - 2018";"Trek";"Road Bikes";2;3199.99;0.07;7.0;6399.98;447.9986;5951.9814
1597;56;"2018-04-28";2018;4;"2018-04";"Rowlett Bikes";"Rowlett";"TX";"Trek Madone 9 Frameset - 2018";"Trek";"Road Bikes";1;3199.99;0.07;7.0;3199.99;223.9993;2975.9907
1540;187;"2018-04-16";2018;4;"2018-04";"Santa Cruz Bikes";"Santa Cruz";"CA";"Trek Domane SLR 6 Disc - 2018";"Trek";"Road Bikes";2;5499.99;0.05;5.0;10999.98;549.999;10449.981
1440;859;"2018-03-15";2018;3;"2018-03";"Rowlett Bikes";"Rowlett";"TX";"Trek Domane AL 2 - 2018";"Trek";"Road Bikes";2;749.99;0.05;5.0;1499.98;74.999;1424.981
1494;69;"2018-04-05";2018;4;"2018-04";"Santa Cruz Bikes";"Santa Cruz";"CA";"Trek Domane AL 2 - 2018";"Trek";"Road Bikes";2;749.99;0.2;20.0;1499.98;299.996;1199.984
1332;256;"2018-01-06";2018;1;"2018-01";"Baldwin Bikes";"Baldwin";"NY";"Trek Domane AL 3 - 2018";"Trek";"Road Bikes";2;919.99;0.07;7.0;1839.98;128.7986;1711.1814
1566;72;"2018-04-21";2018;4;"2018-04";"Santa Cruz Bikes";"Santa Cruz";"CA";"Trek Domane AL 3 - 2018";"Trek";"Road Bikes";1;919.99;0.05;5.0;919.99;45.9995;873.9905
1327;1026;"2018-01-02";2018;1;"2018-01";"Baldwin Bikes";"Baldwin";"NY";"Trek Domane AL 3 Women's - 2018";"Trek";"Road Bikes";1;919.99;0.2;20.0;919.99;183.998;735.992
1395;1052;"2018-02-15";2018;2;"2018-02";"Santa Cruz Bikes";"Santa Cruz";"CA";"Trek Domane AL 3 Women's - 2018";"Trek";"Road Bikes";2;919.99;0.2;20.0;1839.98;367.996;1471.984
1412;1043;"2018-03-01";2018;3;"2018-03";"Baldwin Bikes";"Baldwin";"NY";"Trek Domane AL 3 Women's - 2018";"Trek";"Road Bikes";2;919.99;0.07;7.0;1839.98;128.7986;1711.1814
1422;599;"2018-03-05";2018;3;"2018-03";"Rowlett Bikes";"Rowlett";"TX";"Trek Domane AL 3 Women's - 2018";"Trek";"Road Bikes";2;919.99;0.2;20.0;1839.98;367.996;1471.984
1601;43;"2018-04-29";2018;4;"2018-04";"Rowlett Bikes";"Rowlett";"TX";"Trek Domane AL 3 Women's - 2018";"Trek";"Road Bikes";1;919.99;0.1;10.0;919.99;91.999;827.991
1374;1330;"2018-01-30";2018;1;"2018-01";"Santa Cruz Bikes";"Santa Cruz";"CA";"Trek Domane SL 5 - 2018";"Trek";"Road Bikes";2;2199.99;0.05;5.0;4399.98;219.999;4179.981
1396;856;"2018-02-15";2018;2;"2018-02";"Baldwin Bikes";"Baldwin";"NY";"Trek Domane SL 5 - 2018";"Trek";"Road Bikes";1;2199.99;0.2;20.0;2199.99;439.998;1759.992
1561;65;"2018-04-20";2018;4;"2018-04";"Baldwin Bikes";"Baldwin";"NY";"Trek Domane SL 5 - 2018";"Trek";"Road Bikes";2;2199.99;0.07;7.0;4399.98;307.9986;4091.9814
1375;312;"2018-01-30";2018;1;"2018-01";"Rowlett Bikes";"Rowlett";"TX";"Trek Domane SL 5 Disc - 2018";"Trek";"Road Bikes";1;2499.99;0.2;20.0;2499.99;499.998;1999.992
1469;1135;"2018-03-27";2018;3;"2018-03";"Rowlett Bikes";"Rowlett";"TX";"Trek Domane SL 5 Disc - 2018";"Trek";"Road Bikes";1;2499.99;0.07;7.0;2499.99;174.9993;2324.9907
1518;175;"2018-04-11";2018;4;"2018-04";"Santa Cruz Bikes";"Santa Cruz";"CA";"Trek Domane SL 5 Disc - 2018";"Trek";"Road Bikes";2;2499.99;0.05;5.0;4999.98;249.999;4749.981
1615;136;"2018-12-28";2018;12;"2018-12";"Rowlett Bikes";"Rowlett";"TX";"Trek Domane SL 5 Disc - 2018";"Trek";"Road Bikes";1;2499.99;0.2;20.0;2499.99;499.998;1999.992
1536;34;"2018-04-14";2018;4;"2018-04";"Baldwin Bikes";"Baldwin";"NY";"Trek Domane SL 5 Women's - 2018";"Trek";"Road Bikes";1;2199.99;0.2;20.0;2199.99;439.998;1759.992
1343;594;"2018-01-13";2018;1;"2018-01";"Baldwin Bikes";"Baldwin";"NY";"Trek Domane SL 6 Disc - 2018";"Trek";"Road Bikes";2;3499.99;0.2;20.0;6999.98;1399.996;5599.984
1349;464;"2018-01-15";2018;1;"2018-01";"Baldwin Bikes";"Baldwin";"NY";"Trek Domane SL 6 Disc - 2018";"Trek";"Road Bikes";1;3499.99;0.2;20.0;3499.99;699.998;2799.992
1506;75;"2018-04-08";2018;4;"2018-04";"Baldwin Bikes";"Baldwin";"NY";"Trek Domane SL 6 Disc - 2018";"Trek";"Road Bikes";1;3499.99;0.05;5.0;3499.99;174.9995;3324.9905
1542;58;"2018-04-16";2018;4;"2018-04";"Baldwin Bikes";"Baldwin";"NY";"Trek Domane SL 6 Disc - 2018";"Trek";"Road Bikes";2;3499.99;0.2;20.0;6999.98;1399.996;5599.984
1;259;"2016-01-01";2016;1;"2016-01";"Santa Cruz Bikes";"Santa Cruz";"CA";"Trek Fuel EX 8 29 - 2016";"Trek";"Mountain Bikes";1;2899.99;0.2;20.0;2899.99;579.998;2319.992
12;91;"2016-01-06";2016;1;"2016-01";"Santa Cruz Bikes";"Santa Cruz";"CA";"Trek Fuel EX 8 29 - 2016";"Trek";"Mountain Bikes";2;2899.99;0.1;10.0;5799.98;579.998;5219.982
23;1149;"2016-01-16";2016;1;"2016-01";"Santa Cruz Bikes";"Santa Cruz";"CA";"Trek Fuel EX 8 29 - 2016";"Trek";"Mountain Bikes";2;2899.99;0.05;5.0;5799.98;289.999;5509.981
30;1348;"2016-01-20";2016;1;"2016-01";"Baldwin Bikes";"Baldwin";"NY";"Trek Fuel EX 8 29 - 2016";"Trek";"Mountain Bikes";1;2899.99;0.1;10.0;2899.99;289.999;2609.991
45;1220;"2016-01-28";2016;1;"2016-01";"Baldwin Bikes";"Baldwin";"NY";"Trek Fuel EX 8 29 - 2016";"Trek";"Mountain Bikes";2;2899.99;0.2;20.0;5799.98;1159.996;4639.984
48;1012;"2016-01-30";2016;1;"2016-01";"Baldwin Bikes";"Baldwin";"NY";"Trek Fuel EX 8 29 - 2016";"Trek";"Mountain Bikes";1;2899.99;0.2;20.0;2899.99;579.998;2319.992
60;151;"2016-02-06";2016;2;"2016-02";"Santa Cruz Bikes";"Santa Cruz";"CA";"Trek Fuel EX 8 29 - 2016";"Trek";"Mountain Bikes";1;2899.99;0.1;10.0;2899.99;289.999;2609.991
85;1174;"2016-02-20";2016;2;"2016-02";"Baldwin Bikes";"Baldwin";"NY";"Trek Fuel EX 8 29 - 2016";"Trek";"Mountain Bikes";2;2899.99;0.05;5.0;5799.98;289.999;5509.981
94;929;"2016-02-27";2016;2;"2016-02";"Santa Cruz Bikes";"Santa Cruz";"CA";"Trek Fuel EX 8 29 - 2016";"Trek";"Mountain Bikes";1;2899.99;0.2;20.0;2899.99;579.998;2319.992
118;577;"2016-03-12";2016;3;"2016-03";"Santa Cruz Bikes";"Santa Cruz";"CA";"Trek Fuel EX 8 29 - 2016";"Trek";"Mountain Bikes";1;2899.99;0.07;7.0;2899.99;202.9993;2696.9907
121;755;"2016-03-14";2016;3;"2016-03";"Baldwin Bikes";"Baldwin";"NY";"Trek Fuel EX 8 29 - 2016";"Trek";"Mountain Bikes";2;2899.99;0.1;10.0;5799.98;579.998;5219.982
124;403;"2016-03-16";2016;3;"2016-03";"Santa Cruz Bikes";"Santa Cruz";"CA";"Trek Fuel EX 8 29 - 2016";"Trek";"Mountain Bikes";1;2899.99;0.07;7.0;2899.99;202.9993;2696.9907
127;484;"2016-03-17";2016;3;"2016-03";"Rowlett Bikes";"Rowlett";"TX";"Trek Fuel EX 8 29 - 2016";"Trek";"Mountain Bikes";2;2899.99;0.07;7.0;5799.98;405.9986;5393.9814
128;86;"2016-03-18";2016;3;"2016-03";"Baldwin Bikes";"Baldwin";"NY";"Trek Fuel EX 8 29 - 2016";"Trek";"Mountain Bikes";2;2899.99;0.2;20.0;5799.98;1159.996;4639.984
131;316;"2016-03-19";2016;3;"2016-03";"Rowlett Bikes";"Rowlett";"TX";"Trek Fuel EX 8 29 - 2016";"Trek";"Mountain Bikes";2;2899.99;0.07;7.0;5799.98;405.9986;5393.9814
157;43;"2016-04-03";2016;4;"2016-04";"Rowlett Bikes";"Rowlett";"TX";"Trek Fuel EX 8 29 - 2016";"Trek";"Mountain Bikes";1;2899.99;0.1;10.0;2899.99;289.999;2609.991
164;610;"2016-04-07";2016;4;"2016-04";"Baldwin Bikes";"Baldwin";"NY";"Trek Fuel EX 8 29 - 2016";"Trek";"Mountain Bikes";2;2899.99;0.05;5.0;5799.98;289.999;5509.981
165;574;"2016-04-08";2016;4;"2016-04";"Santa Cruz Bikes";"Santa Cruz";"CA";"Trek Fuel EX 8 29 - 2016";"Trek";"Mountain Bikes";2;2899.99;0.05;5.0;5799.98;289.999;5509.981
184;134;"2016-04-19";2016;4;"2016-04";"Baldwin Bikes";"Baldwin";"NY";"Trek Fuel EX 8 29 - 2016";"Trek";"Mountain Bikes";1;2899.99;0.2;20.0;2899.99;579.998;2319.992
186;1127;"2016-04-21";2016;4;"2016-04";"Baldwin Bikes";"Baldwin";"NY";"Trek Fuel EX 8 29 - 2016";"Trek";"Mountain Bikes";1;2899.99;0.1;10.0;2899.99;289.999;2609.991
195;727;"2016-04-28";2016;4;"2016-04";"Baldwin Bikes";"Baldwin";"NY";"Trek Fuel EX 8 29 - 2016";"Trek";"Mountain Bikes";2;2899.99;0.2;20.0;5799.98;1159.996;4639.984
197;127;"2016-04-30";2016;4;"2016-04";"Baldwin Bikes";"Baldwin";"NY";"Trek Fuel EX 8 29 - 2016";"Trek";"Mountain Bikes";2;2899.99;0.2;20.0;5799.98;1159.996;4639.984
199;760;"2016-05-01";2016;5;"2016-05";"Baldwin Bikes";"Baldwin";"NY";"Trek Fuel EX 8 29 - 2016";"Trek";"Mountain Bikes";1;2899.99;0.2;20.0;2899.99;579.998;2319.992
208;815;"2016-05-06";2016;5;"2016-05";"Baldwin Bikes";"Baldwin";"NY";"Trek Fuel EX 8 29 - 2016";"Trek";"Mountain Bikes";2;2899.99;0.07;7.0;5799.98;405.9986;5393.9814
228;615;"2016-05-17";2016;5;"2016-05";"Baldwin Bikes";"Baldwin";"NY";"Trek Fuel EX 8 29 - 2016";"Trek";"Mountain Bikes";1;2899.99;0.2;20.0;2899.99;579.998;2319.992
236;206;"2016-05-25";2016;5;"2016-05";"Baldwin Bikes";"Baldwin";"NY";"Trek Fuel EX 8 29 - 2016";"Trek";"Mountain Bikes";2;2899.99;0.1;10.0;5799.98;579.998;5219.982
239;13;"2016-05-27";2016;5;"2016-05";"Rowlett Bikes";"Rowlett";"TX";"Trek Fuel EX 8 29 - 2016";"Trek";"Mountain Bikes";2;2899.99;0.07;7.0;5799.98;405.9986;5393.9814
252;66;"2016-06-01";2016;6;"2016-06";"Rowlett Bikes";"Rowlett";"TX";"Trek Fuel EX 8 29 - 2016";"Trek";"Mountain Bikes";1;2899.99;0.07;7.0;2899.99;202.9993;2696.9907
258;107;"2016-06-06";2016;6;"2016-06";"Baldwin Bikes";"Baldwin";"NY";"Trek Fuel EX 8 29 - 2016";"Trek";"Mountain Bikes";1;2899.99;0.07;7.0;2899.99;202.9993;2696.9907
259;413;"2016-06-06";2016;6;"2016-06";"Baldwin Bikes";"Baldwin";"NY";"Trek Fuel EX 8 29 - 2016";"Trek";"Mountain Bikes";1;2899.99;0.1;10.0;2899.99;289.999;2609.991
288;780;"2016-06-25";2016;6;"2016-06";"Baldwin Bikes";"Baldwin";"NY";"Trek Fuel EX 8 29 - 2016";"Trek";"Mountain Bikes";1;2899.99;0.2;20.0;2899.99;579.998;2319.992
292;360;"2016-06-29";2016;6;"2016-06";"Rowlett Bikes";"Rowlett";"TX";"Trek Fuel EX 8 29 - 2016";"Trek";"Mountain Bikes";1;2899.99;0.07;7.0;2899.99;202.9993;2696.9907
297;1425;"2016-07-04";2016;7;"2016-07";"Baldwin Bikes";"Baldwin";"NY";"Trek Fuel EX 8 29 - 2016";"Trek";"Mountain Bikes";2;2899.99;0.2;20.0;5799.98;1159.996;4639.984
313;565;"2016-07-14";2016;7;"2016-07";"Rowlett Bikes";"Rowlett";"TX";"Trek Fuel EX 8 29 - 2016";"Trek";"Mountain Bikes";1;2899.99;0.07;7.0;2899.99;202.9993;2696.9907
321;568;"2016-07-19";2016;7;"2016-07";"Baldwin Bikes";"Baldwin";"NY";"Trek Fuel EX 8 29 - 2016";"Trek";"Mountain Bikes";2;2899.99;0.2;20.0;5799.98;1159.996;4639.984
327;83;"2016-07-21";2016;7;"2016-07";"Baldwin Bikes";"Baldwin";"NY";"Trek Fuel EX 8 29 - 2016";"Trek";"Mountain Bikes";1;2899.99;0.05;5.0;2899.99;144.9995;2754.9905
336;1030;"2016-07-26";2016;7;"2016-07";"Baldwin Bikes";"Baldwin";"NY";"Trek Fuel EX 8 29 - 2016";"Trek";"Mountain Bikes";1;2899.99;0.1;10.0;2899.99;289.999;2609.991
337;1252;"2016-07-26";2016;7;"2016-07";"Baldwin Bikes";"Baldwin";"NY";"Trek Fuel EX 8 29 - 2016";"Trek";"Mountain Bikes";1;2899.99;0.05;5.0;2899.99;144.9995;2754.9905
351;1307;"2016-08-03";2016;8;"2016-08";"Santa Cruz Bikes";"Santa Cruz";"CA";"Trek Fuel EX 8 29 - 2016";"Trek";"Mountain Bikes";2;2899.99;0.05;5.0;5799.98;289.999;5509.981
356;1189;"2016-08-04";2016;8;"2016-08";"Baldwin Bikes";"Baldwin";"NY";"Trek Fuel EX 8 29 - 2016";"Trek";"Mountain Bikes";1;2899.99;0.05;5.0;2899.99;144.9995;2754.9905
366;1054;"2016-08-13";2016;8;"2016-08";"Rowlett Bikes";"Rowlett";"TX";"Trek Fuel EX 8 29 - 2016";"Trek";"Mountain Bikes";1;2899.99;0.07;7.0;2899.99;202.9993;2696.9907
370;758;"2016-08-15";2016;8;"2016-08";"Baldwin Bikes";"Baldwin";"NY";"Trek Fuel EX 8 29 - 2016";"Trek";"Mountain Bikes";2;2899.99;0.1;10.0;5799.98;579.998;5219.982
375;536;"2016-08-17";2016;8;"2016-08";"Baldwin Bikes";"Baldwin";"NY";"Trek Fuel EX 8 29 - 2016";"Trek";"Mountain Bikes";2;2899.99;0.07;7.0;5799.98;405.9986;5393.9814
384;410;"2016-08-20";2016;8;"2016-08";"Baldwin Bikes";"Baldwin";"NY";"Trek Fuel EX 8 29 - 2016";"Trek";"Mountain Bikes";1;2899.99;0.2;20.0;2899.99;579.998;2319.992
406;1380;"2016-08-31";2016;8;"2016-08";"Baldwin Bikes";"Baldwin";"NY";"Trek Fuel EX 8 29 - 2016";"Trek";"Mountain Bikes";1;2899.99;0.2;20.0;2899.99;579.998;2319.992
414;917;"2016-09-03";2016;9;"2016-09";"Baldwin Bikes";"Baldwin";"NY";"Trek Fuel EX 8 29 - 2016";"Trek";"Mountain Bikes";2;2899.99;0.1;10.0;5799.98;579.998;5219.982
421;240;"2016-09-05";2016;9;"2016-09";"Santa Cruz Bikes";"Santa Cruz";"CA";"Trek Fuel EX 8 29 - 2016";"Trek";"Mountain Bikes";1;2899.99;0.07;7.0;2899.99;202.9993;2696.9907
429;153;"2016-09-10";2016;9;"2016-09";"Rowlett Bikes";"Rowlett";"TX";"Trek Fuel EX 8 29 - 2016";"Trek";"Mountain Bikes";2;2899.99;0.1;10.0;5799.98;579.998;5219.982
430;272;"2016-09-11";2016;9;"2016-09";"Baldwin Bikes";"Baldwin";"NY";"Trek Fuel EX 8 29 - 2016";"Trek";"Mountain Bikes";2;2899.99;0.2;20.0;5799.98;1159.996;4639.984
433;1062;"2016-09-12";2016;9;"2016-09";"Baldwin Bikes";"Baldwin";"NY";"Trek Fuel EX 8 29 - 2016";"Trek";"Mountain Bikes";1;2899.99;0.2;20.0;2899.99;579.998;2319.992
438;314;"2016-09-16";2016;9;"2016-09";"Rowlett Bikes";"Rowlett";"TX";"Trek Fuel EX 8 29 - 2016";"Trek";"Mountain Bikes";1;2899.99;0.07;7.0;2899.99;202.9993;2696.9907
440;882;"2016-09-17";2016;9;"2016-09";"Baldwin Bikes";"Baldwin";"NY";"Trek Fuel EX 8 29 - 2016";"Trek";"Mountain Bikes";2;2899.99;0.07;7.0;5799.98;405.9986;5393.9814
447;808;"2016-09-20";2016;9;"2016-09";"Rowlett Bikes";"Rowlett";"TX";"Trek Fuel EX 8 29 - 2016";"Trek";"Mountain Bikes";2;2899.99;0.05;5.0;5799.98;289.999;5509.981
453;1028;"2016-09-22";2016;9;"2016-09";"Baldwin Bikes";"Baldwin";"NY";"Trek Fuel EX 8 29 - 2016";"Trek";"Mountain Bikes";1;2899.99;0.2;20.0;2899.99;579.998;2319.992
460;691;"2016-09-25";2016;9;"2016-09";"Rowlett Bikes";"Rowlett";"TX";"Trek Fuel EX 8 29 - 2016";"Trek";"Mountain Bikes";1;2899.99;0.2;20.0;2899.99;579.998;2319.992
461;853;"2016-09-26";2016;9;"2016-09";"Baldwin Bikes";"Baldwin";"NY";"Trek Fuel EX 8 29 - 2016";"Trek";"Mountain Bikes";1;2899.99;0.2;20.0;2899.99;579.998;2319.992
469;1089;"2016-09-29";2016;9;"2016-09";"Baldwin Bikes";"Baldwin";"NY";"Trek Fuel EX 8 29 - 2016";"Trek";"Mountain Bikes";1;2899.99;0.07;7.0;2899.99;202.9993;2696.9907
476;559;"2016-10-01";2016;10;"2016-10";"Baldwin Bikes";"Baldwin";"NY";"Trek Fuel EX 8 29 - 2016";"Trek";"Mountain Bikes";2;2899.99;0.2;20.0;5799.98;1159.996;4639.984
480;686;"2016-10-04";2016;10;"2016-10";"Santa Cruz Bikes";"Santa Cruz";"CA";"Trek Fuel EX 8 29 - 2016";"Trek";"Mountain Bikes";1;2899.99;0.05;5.0;2899.99;144.9995;2754.9905
509;235;"2016-10-16";2016;10;"2016-10";"Baldwin Bikes";"Baldwin";"NY";"Trek Fuel EX 8 29 - 2016";"Trek";"Mountain Bikes";2;2899.99;0.05;5.0;5799.98;289.999;5509.981
522;724;"2016-10-23";2016;10;"2016-10";"Baldwin Bikes";"Baldwin";"NY";"Trek Fuel EX 8 29 - 2016";"Trek";"Mountain Bikes";2;2899.99;0.07;7.0;5799.98;405.9986;5393.9814
527;506;"2016-10-27";2016;10;"2016-10";"Santa Cruz Bikes";"Santa Cruz";"CA";"Trek Fuel EX 8 29 - 2016";"Trek";"Mountain Bikes";1;2899.99;0.2;20.0;2899.99;579.998;2319.992
530;773;"2016-10-28";2016;10;"2016-10";"Baldwin Bikes";"Baldwin";"NY";"Trek Fuel EX 8 29 - 2016";"Trek";"Mountain Bikes";1;2899.99;0.07;7.0;2899.99;202.9993;2696.9907
533;1334;"2016-10-29";2016;10;"2016-10";"Baldwin Bikes";"Baldwin";"NY";"Trek Fuel EX 8 29 - 2016";"Trek";"Mountain Bikes";1;2899.99;0.2;20.0;2899.99;579.998;2319.992
550;892;"2016-11-12";2016;11;"2016-11";"Baldwin Bikes";"Baldwin";"NY";"Trek Fuel EX 8 29 - 2016";"Trek";"Mountain Bikes";1;2899.99;0.05;5.0;2899.99;144.9995;2754.9905
554;104;"2016-11-13";2016;11;"2016-11";"Santa Cruz Bikes";"Santa Cruz";"CA";"Trek Fuel EX 8 29 - 2016";"Trek";"Mountain Bikes";2;2899.99;0.2;20.0;5799.98;1159.996;4639.984
556;61;"2016-11-13";2016;11;"2016-11";"Rowlett Bikes";"Rowlett";"TX";"Trek Fuel EX 8 29 - 2016";"Trek";"Mountain Bikes";2;2899.99;0.2;20.0;5799.98;1159.996;4639.984
564;1058;"2016-11-20";2016;11;"2016-11";"Baldwin Bikes";"Baldwin";"NY";"Trek Fuel EX 8 29 - 2016";"Trek";"Mountain Bikes";1;2899.99;0.2;20.0;2899.99;579.998;2319.992
571;5;"2016-11-24";2016;11;"2016-11";"Santa Cruz Bikes";"Santa Cruz";"CA";"Trek Fuel EX 8 29 - 2016";"Trek";"Mountain Bikes";1;2899.99;0.05;5.0;2899.99;144.9995;2754.9905
575;33;"2016-11-27";2016;11;"2016-11";"Santa Cruz Bikes";"Santa Cruz";"CA";"Trek Fuel EX 8 29 - 2016";"Trek";"Mountain Bikes";2;2899.99;0.07;7.0;5799.98;405.9986;5393.9814
595;538;"2016-12-08";2016;12;"2016-12";"Santa Cruz Bikes";"Santa Cruz";"CA";"Trek Fuel EX 8 29 - 2016";"Trek";"Mountain Bikes";1;2899.99;0.07;7.0;2899.99;202.9993;2696.9907
598;40;"2016-12-09";2016;12;"2016-12";"Santa Cruz Bikes";"Santa Cruz";"CA";"Trek Fuel EX 8 29 - 2016";"Trek";"Mountain Bikes";2;2899.99;0.05;5.0;5799.98;289.999;5509.981
600;624;"2016-12-09";2016;12;"2016-12";"Baldwin Bikes";"Baldwin";"NY";"Trek Fuel EX 8 29 - 2016";"Trek";"Mountain Bikes";1;2899.99;0.2;20.0;2899.99;579.998;2319.992
603;1032;"2016-12-09";2016;12;"2016-12";"Baldwin Bikes";"Baldwin";"NY";"Trek Fuel EX 8 29 - 2016";"Trek";"Mountain Bikes";1;2899.99;0.1;10.0;2899.99;289.999;2609.991
608;1103;"2016-12-12";2016;12;"2016-12";"Santa Cruz Bikes";"Santa Cruz";"CA";"Trek Fuel EX 8 29 - 2016";"Trek";"Mountain Bikes";2;2899.99;0.2;20.0;5799.98;1159.996;4639.984
634;27;"2016-12-29";2016;12;"2016-12";"Baldwin Bikes";"Baldwin";"NY";"Trek Fuel EX 8 29 - 2016";"Trek";"Mountain Bikes";2;2899.99;0.05;5.0;5799.98;289.999;5509.981
635;520;"2016-12-30";2016;12;"2016-12";"Baldwin Bikes";"Baldwin";"NY";"Trek Fuel EX 8 29 - 2016";"Trek";"Mountain Bikes";1;2899.99;0.05;5.0;2899.99;144.9995;2754.9905
646;975;"2017-01-09";2017;1;"2017-01";"Santa Cruz Bikes";"Santa Cruz";"CA";"Trek Fuel EX 8 29 - 2016";"Trek";"Mountain Bikes";1;2899.99;0.07;7.0;2899.99;202.9993;2696.9907
671;922;"2017-01-25";2017;1;"2017-01";"Baldwin Bikes";"Baldwin";"NY";"Trek Fuel EX 8 29 - 2016";"Trek";"Mountain Bikes";1;2899.99;0.07;7.0;2899.99;202.9993;2696.9907
703;417;"2017-02-08";2017;2;"2017-02";"Baldwin Bikes";"Baldwin";"NY";"Trek Fuel EX 8 29 - 2016";"Trek";"Mountain Bikes";2;2899.99;0.2;20.0;5799.98;1159.996;4639.984
712;173;"2017-02-13";2017;2;"2017-02";"Rowlett Bikes";"Rowlett";"TX";"Trek Fuel EX 8 29 - 2016";"Trek";"Mountain Bikes";2;2899.99;0.05;5.0;5799.98;289.999;5509.981
716;672;"2017-02-15";2017;2;"2017-02";"Baldwin Bikes";"Baldwin";"NY";"Trek Fuel EX 8 29 - 2016";"Trek";"Mountain Bikes";2;2899.99;0.05;5.0;5799.98;289.999;5509.981
732;147;"2017-02-26";2017;2;"2017-02";"Baldwin Bikes";"Baldwin";"NY";"Trek Fuel EX 8 29 - 2016";"Trek";"Mountain Bikes";2;2899.99;0.07;7.0;5799.98;405.9986;5393.9814
918;242;"2017-05-30";2017;5;"2017-05";"Santa Cruz Bikes";"Santa Cruz";"CA";"Trek Fuel EX 8 29 - 2016";"Trek";"Mountain Bikes";2;2899.99;0.07;7.0;5799.98;405.9986;5393.9814
938;129;"2017-06-11";2017;6;"2017-06";"Baldwin Bikes";"Baldwin";"NY";"Trek Fuel EX 8 29 - 2016";"Trek";"Mountain Bikes";1;2899.99;0.05;5.0;2899.99;144.9995;2754.9905
954;611;"2017-06-17";2017;6;"2017-06";"Baldwin Bikes";"Baldwin";"NY";"Trek Fuel EX 8 29 - 2016";"Trek";"Mountain Bikes";2;2899.99;0.1;10.0;5799.98;579.998;5219.982
963;1432;"2017-06-19";2017;6;"2017-06";"Baldwin Bikes";"Baldwin";"NY";"Trek Fuel EX 8 29 - 2016";"Trek";"Mountain Bikes";1;2899.99;0.07;7.0;2899.99;202.9993;2696.9907
973;238;"2017-06-24";2017;6;"2017-06";"Baldwin Bikes";"Baldwin";"NY";"Trek Fuel EX 8 29 - 2016";"Trek";"Mountain Bikes";2;2899.99;0.1;10.0;5799.98;579.998;5219.982
1133;517;"2017-09-19";2017;9;"2017-09";"Baldwin Bikes";"Baldwin";"NY";"Trek Fuel EX 8 29 - 2016";"Trek";"Mountain Bikes";2;2899.99;0.05;5.0;5799.98;289.999;5509.981
1187;486;"2017-10-15";2017;10;"2017-10";"Baldwin Bikes";"Baldwin";"NY";"Trek Fuel EX 8 29 - 2016";"Trek";"Mountain Bikes";1;2899.99;0.1;10.0;2899.99;289.999;2609.991
1232;665;"2017-11-06";2017;11;"2017-11";"Santa Cruz Bikes";"Santa Cruz";"CA";"Trek Fuel EX 8 29 - 2016";"Trek";"Mountain Bikes";2;2899.99;0.07;7.0;5799.98;405.9986;5393.9814
1257;1136;"2017-11-19";2017;11;"2017-11";"Baldwin Bikes";"Baldwin";"NY";"Trek Fuel EX 8 29 - 2016";"Trek";"Mountain Bikes";1;2899.99;0.1;10.0;2899.99;289.999;2609.991
1269;1236;"2017-11-26";2017;11;"2017-11";"Baldwin Bikes";"Baldwin";"NY";"Trek Fuel EX 8 29 - 2016";"Trek";"Mountain Bikes";2;2899.99;0.2;20.0;5799.98;1159.996;4639.984
1277;227;"2017-12-01";2017;12;"2017-12";"Baldwin Bikes";"Baldwin";"NY";"Trek Fuel EX 8 29 - 2016";"Trek";"Mountain Bikes";1;2899.99;0.1;10.0;2899.99;289.999;2609.991
1284;128;"2017-12-04";2017;12;"2017-12";"Baldwin Bikes";"Baldwin";"NY";"Trek Fuel EX 8 29 - 2016";"Trek";"Mountain Bikes";2;2899.99;0.05;5.0;5799.98;289.999;5509.981
1362;310;"2018-01-23";2018;1;"2018-01";"Baldwin Bikes";"Baldwin";"NY";"Trek Fuel EX 8 29 - 2016";"Trek";"Mountain Bikes";2;2899.99;0.2;20.0;5799.98;1159.996;4639.984
1558;63;"2018-04-19";2018;4;"2018-04";"Baldwin Bikes";"Baldwin";"NY";"Trek Fuel EX 8 29 - 2016";"Trek";"Mountain Bikes";1;2899.99;0.05;5.0;2899.99;144.9995;2754.9905
9;60;"2016-01-05";2016;1;"2016-01";"Santa Cruz Bikes";"Santa Cruz";"CA";"Trek Slash 8 27.5 - 2016";"Trek";"Mountain Bikes";2;3999.99;0.1;10.0;7999.98;799.998;7199.982
18;541;"2016-01-14";2016;1;"2016-01";"Santa Cruz Bikes";"Santa Cruz";"CA";"Trek Slash 8 27.5 - 2016";"Trek";"Mountain Bikes";1;3999.99;0.1;10.0;3999.99;399.999;3599.991
26;1280;"2016-01-18";2016;1;"2016-01";"Baldwin Bikes";"Baldwin";"NY";"Trek Slash 8 27.5 - 2016";"Trek";"Mountain Bikes";1;3999.99;0.05;5.0;3999.99;199.9995;3799.9905
28;252;"2016-01-19";2016;1;"2016-01";"Baldwin Bikes";"Baldwin";"NY";"Trek Slash 8 27.5 - 2016";"Trek";"Mountain Bikes";2;3999.99;0.2;20.0;7999.98;1599.996;6399.984
30;1348;"2016-01-20";2016;1;"2016-01";"Baldwin Bikes";"Baldwin";"NY";"Trek Slash 8 27.5 - 2016";"Trek";"Mountain Bikes";2;3999.99;0.1;10.0;7999.98;799.998;7199.982
33;236;"2016-01-21";2016;1;"2016-01";"Baldwin Bikes";"Baldwin";"NY";"Trek Slash 8 27.5 - 2016";"Trek";"Mountain Bikes";1;3999.99;0.1;10.0;3999.99;399.999;3599.991
38;583;"2016-01-25";2016;1;"2016-01";"Baldwin Bikes";"Baldwin";"NY";"Trek Slash 8 27.5 - 2016";"Trek";"Mountain Bikes";2;3999.99;0.05;5.0;7999.98;399.999;7599.981
44;861;"2016-01-28";2016;1;"2016-01";"Baldwin Bikes";"Baldwin";"NY";"Trek Slash 8 27.5 - 2016";"Trek";"Mountain Bikes";1;3999.99;0.1;10.0;3999.99;399.999;3599.991
75;587;"2016-02-14";2016;2;"2016-02";"Baldwin Bikes";"Baldwin";"NY";"Trek Slash 8 27.5 - 2016";"Trek";"Mountain Bikes";2;3999.99;0.07;7.0;7999.98;559.9986;7439.9814
88;1069;"2016-02-21";2016;2;"2016-02";"Baldwin Bikes";"Baldwin";"NY";"Trek Slash 8 27.5 - 2016";"Trek";"Mountain Bikes";1;3999.99;0.1;10.0;3999.99;399.999;3599.991
99;1165;"2016-02-29";2016;2;"2016-02";"Rowlett Bikes";"Rowlett";"TX";"Trek Slash 8 27.5 - 2016";"Trek";"Mountain Bikes";2;3999.99;0.07;7.0;7999.98;559.9986;7439.9814
100;1237;"2016-03-01";2016;3;"2016-03";"Baldwin Bikes";"Baldwin";"NY";"Trek Slash 8 27.5 - 2016";"Trek";"Mountain Bikes";2;3999.99;0.2;20.0;7999.98;1599.996;6399.984
124;403;"2016-03-16";2016;3;"2016-03";"Santa Cruz Bikes";"Santa Cruz";"CA";"Trek Slash 8 27.5 - 2016";"Trek";"Mountain Bikes";2;3999.99;0.05;5.0;7999.98;399.999;7599.981
136;1192;"2016-03-21";2016;3;"2016-03";"Rowlett Bikes";"Rowlett";"TX";"Trek Slash 8 27.5 - 2016";"Trek";"Mountain Bikes";2;3999.99;0.2;20.0;7999.98;1599.996;6399.984
150;332;"2016-03-29";2016;3;"2016-03";"Santa Cruz Bikes";"Santa Cruz";"CA";"Trek Slash 8 27.5 - 2016";"Trek";"Mountain Bikes";1;3999.99;0.1;10.0;3999.99;399.999;3599.991
157;43;"2016-04-03";2016;4;"2016-04";"Rowlett Bikes";"Rowlett";"TX";"Trek Slash 8 27.5 - 2016";"Trek";"Mountain Bikes";2;3999.99;0.07;7.0;7999.98;559.9986;7439.9814
161;251;"2016-04-04";2016;4;"2016-04";"Baldwin Bikes";"Baldwin";"NY";"Trek Slash 8 27.5 - 2016";"Trek";"Mountain Bikes";2;3999.99;0.05;5.0;7999.98;399.999;7599.981
167;1034;"2016-04-08";2016;4;"2016-04";"Baldwin Bikes";"Baldwin";"NY";"Trek Slash 8 27.5 - 2016";"Trek";"Mountain Bikes";2;3999.99;0.05;5.0;7999.98;399.999;7599.981
170;1200;"2016-04-10";2016;4;"2016-04";"Baldwin Bikes";"Baldwin";"NY";"Trek Slash 8 27.5 - 2016";"Trek";"Mountain Bikes";1;3999.99;0.2;20.0;3999.99;799.998;3199.992
188;390;"2016-04-22";2016;4;"2016-04";"Baldwin Bikes";"Baldwin";"NY";"Trek Slash 8 27.5 - 2016";"Trek";"Mountain Bikes";2;3999.99;0.07;7.0;7999.98;559.9986;7439.9814
201;280;"2016-05-01";2016;5;"2016-05";"Rowlett Bikes";"Rowlett";"TX";"Trek Slash 8 27.5 - 2016";"Trek";"Mountain Bikes";1;3999.99;0.2;20.0;3999.99;799.998;3199.992
207;105;"2016-05-05";2016;5;"2016-05";"Baldwin Bikes";"Baldwin";"NY";"Trek Slash 8 27.5 - 2016";"Trek";"Mountain Bikes";2;3999.99;0.1;10.0;7999.98;799.998;7199.982
212;1373;"2016-05-08";2016;5;"2016-05";"Baldwin Bikes";"Baldwin";"NY";"Trek Slash 8 27.5 - 2016";"Trek";"Mountain Bikes";1;3999.99;0.2;20.0;3999.99;799.998;3199.992
223;1368;"2016-05-15";2016;5;"2016-05";"Baldwin Bikes";"Baldwin";"NY";"Trek Slash 8 27.5 - 2016";"Trek";"Mountain Bikes";2;3999.99;0.05;5.0;7999.98;399.999;7599.981
234;1435;"2016-05-22";2016;5;"2016-05";"Baldwin Bikes";"Baldwin";"NY";"Trek Slash 8 27.5 - 2016";"Trek";"Mountain Bikes";1;3999.99;0.05;5.0;3999.99;199.9995;3799.9905
235;649;"2016-05-24";2016;5;"2016-05";"Baldwin Bikes";"Baldwin";"NY";"Trek Slash 8 27.5 - 2016";"Trek";"Mountain Bikes";2;3999.99;0.05;5.0;7999.98;399.999;7599.981
238;1350;"2016-05-26";2016;5;"2016-05";"Baldwin Bikes";"Baldwin";"NY";"Trek Slash 8 27.5 - 2016";"Trek";"Mountain Bikes";1;3999.99;0.07;7.0;3999.99;279.9993;3719.9907
241;1082;"2016-05-27";2016;5;"2016-05";"Baldwin Bikes";"Baldwin";"NY";"Trek Slash 8 27.5 - 2016";"Trek";"Mountain Bikes";1;3999.99;0.2;20.0;3999.99;799.998;3199.992
243;802;"2016-05-27";2016;5;"2016-05";"Rowlett Bikes";"Rowlett";"TX";"Trek Slash 8 27.5 - 2016";"Trek";"Mountain Bikes";2;3999.99;0.05;5.0;7999.98;399.999;7599.981
249;145;"2016-06-01";2016;6;"2016-06";"Baldwin Bikes";"Baldwin";"NY";"Trek Slash 8 27.5 - 2016";"Trek";"Mountain Bikes";2;3999.99;0.05;5.0;7999.98;399.999;7599.981
267;282;"2016-06-11";2016;6;"2016-06";"Santa Cruz Bikes";"Santa Cruz";"CA";"Trek Slash 8 27.5 - 2016";"Trek";"Mountain Bikes";2;3999.99;0.07;7.0;7999.98;559.9986;7439.9814
268;540;"2016-06-11";2016;6;"2016-06";"Santa Cruz Bikes";"Santa Cruz";"CA";"Trek Slash 8 27.5 - 2016";"Trek";"Mountain Bikes";1;3999.99;0.05;5.0;3999.99;199.9995;3799.9905
271;350;"2016-06-13";2016;6;"2016-06";"Baldwin Bikes";"Baldwin";"NY";"Trek Slash 8 27.5 - 2016";"Trek";"Mountain Bikes";2;3999.99;0.1;10.0;7999.98;799.998;7199.982
275;1341;"2016-06-17";2016;6;"2016-06";"Baldwin Bikes";"Baldwin";"NY";"Trek Slash 8 27.5 - 2016";"Trek";"Mountain Bikes";2;3999.99;0.05;5.0;7999.98;399.999;7599.981
281;800;"2016-06-21";2016;6;"2016-06";"Baldwin Bikes";"Baldwin";"NY";"Trek Slash 8 27.5 - 2016";"Trek";"Mountain Bikes";2;3999.99;0.07;7.0;7999.98;559.9986;7439.9814
282;159;"2016-06-22";2016;6;"2016-06";"Rowlett Bikes";"Rowlett";"TX";"Trek Slash 8 27.5 - 2016";"Trek";"Mountain Bikes";2;3999.99;0.07;7.0;7999.98;559.9986;7439.9814
286;59;"2016-06-25";2016;6;"2016-06";"Baldwin Bikes";"Baldwin";"NY";"Trek Slash 8 27.5 - 2016";"Trek";"Mountain Bikes";1;3999.99;0.1;10.0;3999.99;399.999;3599.991
288;780;"2016-06-25";2016;6;"2016-06";"Baldwin Bikes";"Baldwin";"NY";"Trek Slash 8 27.5 - 2016";"Trek";"Mountain Bikes";2;3999.99;0.05;5.0;7999.98;399.999;7599.981
294;732;"2016-07-01";2016;7;"2016-07";"Baldwin Bikes";"Baldwin";"NY";"Trek Slash 8 27.5 - 2016";"Trek";"Mountain Bikes";2;3999.99;0.05;5.0;7999.98;399.999;7599.981
304;230;"2016-07-07";2016;7;"2016-07";"Baldwin Bikes";"Baldwin";"NY";"Trek Slash 8 27.5 - 2016";"Trek";"Mountain Bikes";2;3999.99;0.1;10.0;7999.98;799.998;7199.982
308;156;"2016-07-11";2016;7;"2016-07";"Baldwin Bikes";"Baldwin";"NY";"Trek Slash 8 27.5 - 2016";"Trek";"Mountain Bikes";1;3999.99;0.1;10.0;3999.99;399.999;3599.991
310;627;"2016-07-12";2016;7;"2016-07";"Santa Cruz Bikes";"Santa Cruz";"CA";"Trek Slash 8 27.5 - 2016";"Trek";"Mountain Bikes";2;3999.99;0.07;7.0;7999.98;559.9986;7439.9814
314;1019;"2016-07-15";2016;7;"2016-07";"Baldwin Bikes";"Baldwin";"NY";"Trek Slash 8 27.5 - 2016";"Trek";"Mountain Bikes";2;3999.99;0.07;7.0;7999.98;559.9986;7439.9814
325;848;"2016-07-20";2016;7;"2016-07";"Baldwin Bikes";"Baldwin";"NY";"Trek Slash 8 27.5 - 2016";"Trek";"Mountain Bikes";1;3999.99;0.05;5.0;3999.99;199.9995;3799.9905
359;441;"2016-08-07";2016;8;"2016-08";"Baldwin Bikes";"Baldwin";"NY";"Trek Slash 8 27.5 - 2016";"Trek";"Mountain Bikes";2;3999.99;0.2;20.0;7999.98;1599.996;6399.984
360;1300;"2016-08-07";2016;8;"2016-08";"Baldwin Bikes";"Baldwin";"NY";"Trek Slash 8 27.5 - 2016";"Trek";"Mountain Bikes";2;3999.99;0.2;20.0;7999.98;1599.996;6399.984
374;1313;"2016-08-17";2016;8;"2016-08";"Santa Cruz Bikes";"Santa Cruz";"CA";"Trek Slash 8 27.5 - 2016";"Trek";"Mountain Bikes";1;3999.99;0.07;7.0;3999.99;279.9993;3719.9907
385;1274;"2016-08-20";2016;8;"2016-08";"Baldwin Bikes";"Baldwin";"NY";"Trek Slash 8 27.5 - 2016";"Trek";"Mountain Bikes";2;3999.99;0.2;20.0;7999.98;1599.996;6399.984
390;576;"2016-08-22";2016;8;"2016-08";"Rowlett Bikes";"Rowlett";"TX";"Trek Slash 8 27.5 - 2016";"Trek";"Mountain Bikes";2;3999.99;0.07;7.0;7999.98;559.9986;7439.9814
397;1437;"2016-08-28";2016;8;"2016-08";"Baldwin Bikes";"Baldwin";"NY";"Trek Slash 8 27.5 - 2016";"Trek";"Mountain Bikes";1;3999.99;0.05;5.0;3999.99;199.9995;3799.9905
403;578;"2016-08-31";2016;8;"2016-08";"Santa Cruz Bikes";"Santa Cruz";"CA";"Trek Slash 8 27.5 - 2016";"Trek";"Mountain Bikes";2;3999.99;0.2;20.0;7999.98;1599.996;6399.984
412;1202;"2016-09-02";2016;9;"2016-09";"Santa Cruz Bikes";"Santa Cruz";"CA";"Trek Slash 8 27.5 - 2016";"Trek";"Mountain Bikes";1;3999.99;0.1;10.0;3999.99;399.999;3599.991
432;169;"2016-09-12";2016;9;"2016-09";"Santa Cruz Bikes";"Santa Cruz";"CA";"Trek Slash 8 27.5 - 2016";"Trek";"Mountain Bikes";2;3999.99;0.05;5.0;7999.98;399.999;7599.981
439;149;"2016-09-17";2016;9;"2016-09";"Baldwin Bikes";"Baldwin";"NY";"Trek Slash 8 27.5 - 2016";"Trek";"Mountain Bikes";2;3999.99;0.05;5.0;7999.98;399.999;7599.981
445;362;"2016-09-19";2016;9;"2016-09";"Baldwin Bikes";"Baldwin";"NY";"Trek Slash 8 27.5 - 2016";"Trek";"Mountain Bikes";1;3999.99;0.2;20.0;3999.99;799.998;3199.992
449;492;"2016-09-21";2016;9;"2016-09";"Baldwin Bikes";"Baldwin";"NY";"Trek Slash 8 27.5 - 2016";"Trek";"Mountain Bikes";2;3999.99;0.07;7.0;7999.98;559.9986;7439.9814
452;997;"2016-09-22";2016;9;"2016-09";"Baldwin Bikes";"Baldwin";"NY";"Trek Slash 8 27.5 - 2016";"Trek";"Mountain Bikes";2;3999.99;0.1;10.0;7999.98;799.998;7199.982
457;1349;"2016-09-24";2016;9;"2016-09";"Santa Cruz Bikes";"Santa Cruz";"CA";"Trek Slash 8 27.5 - 2016";"Trek";"Mountain Bikes";2;3999.99;0.1;10.0;7999.98;799.998;7199.982
464;74;"2016-09-28";2016;9;"2016-09";"Baldwin Bikes";"Baldwin";"NY";"Trek Slash 8 27.5 - 2016";"Trek";"Mountain Bikes";1;3999.99;0.1;10.0;3999.99;399.999;3599.991
466;1440;"2016-09-28";2016;9;"2016-09";"Baldwin Bikes";"Baldwin";"NY";"Trek Slash 8 27.5 - 2016";"Trek";"Mountain Bikes";2;3999.99;0.05;5.0;7999.98;399.999;7599.981
479;984;"2016-10-03";2016;10;"2016-10";"Baldwin Bikes";"Baldwin";"NY";"Trek Slash 8 27.5 - 2016";"Trek";"Mountain Bikes";1;3999.99;0.05;5.0;3999.99;199.9995;3799.9905
506;831;"2016-10-14";2016;10;"2016-10";"Baldwin Bikes";"Baldwin";"NY";"Trek Slash 8 27.5 - 2016";"Trek";"Mountain Bikes";1;3999.99;0.07;7.0;3999.99;279.9993;3719.9907
513;155;"2016-10-19";2016;10;"2016-10";"Baldwin Bikes";"Baldwin";"NY";"Trek Slash 8 27.5 - 2016";"Trek";"Mountain Bikes";1;3999.99;0.07;7.0;3999.99;279.9993;3719.9907
516;111;"2016-10-21";2016;10;"2016-10";"Baldwin Bikes";"Baldwin";"NY";"Trek Slash 8 27.5 - 2016";"Trek";"Mountain Bikes";1;3999.99;0.05;5.0;3999.99;199.9995;3799.9905
519;54;"2016-10-22";2016;10;"2016-10";"Baldwin Bikes";"Baldwin";"NY";"Trek Slash 8 27.5 - 2016";"Trek";"Mountain Bikes";1;3999.99;0.05;5.0;3999.99;199.9995;3799.9905
549;64;"2016-11-12";2016;11;"2016-11";"Rowlett Bikes";"Rowlett";"TX";"Trek Slash 8 27.5 - 2016";"Trek";"Mountain Bikes";1;3999.99;0.05;5.0;3999.99;199.9995;3799.9905
555;212;"2016-11-13";2016;11;"2016-11";"Baldwin Bikes";"Baldwin";"NY";"Trek Slash 8 27.5 - 2016";"Trek";"Mountain Bikes";1;3999.99;0.1;10.0;3999.99;399.999;3599.991
558;1443;"2016-11-15";2016;11;"2016-11";"Baldwin Bikes";"Baldwin";"NY";"Trek Slash 8 27.5 - 2016";"Trek";"Mountain Bikes";1;3999.99;0.07;7.0;3999.99;279.9993;3719.9907
559;959;"2016-11-16";2016;11;"2016-11";"Santa Cruz Bikes";"Santa Cruz";"CA";"Trek Slash 8 27.5 - 2016";"Trek";"Mountain Bikes";2;3999.99;0.07;7.0;7999.98;559.9986;7439.9814
566;298;"2016-11-22";2016;11;"2016-11";"Santa Cruz Bikes";"Santa Cruz";"CA";"Trek Slash 8 27.5 - 2016";"Trek";"Mountain Bikes";2;3999.99;0.2;20.0;7999.98;1599.996;6399.984
579;160;"2016-11-27";2016;11;"2016-11";"Rowlett Bikes";"Rowlett";"TX";"Trek Slash 8 27.5 - 2016";"Trek";"Mountain Bikes";2;3999.99;0.05;5.0;7999.98;399.999;7599.981
608;1103;"2016-12-12";2016;12;"2016-12";"Santa Cruz Bikes";"Santa Cruz";"CA";"Trek Slash 8 27.5 - 2016";"Trek";"Mountain Bikes";2;3999.99;0.1;10.0;7999.98;799.998;7199.982
609;896;"2016-12-12";2016;12;"2016-12";"Baldwin Bikes";"Baldwin";"NY";"Trek Slash 8 27.5 - 2016";"Trek";"Mountain Bikes";1;3999.99;0.1;10.0;3999.99;399.999;3599.991
677;809;"2017-01-28";2017;1;"2017-01";"Baldwin Bikes";"Baldwin";"NY";"Trek Slash 8 27.5 - 2016";"Trek";"Mountain Bikes";2;3999.99;0.07;7.0;7999.98;559.9986;7439.9814
680;245;"2017-01-29";2017;1;"2017-01";"Santa Cruz Bikes";"Santa Cruz";"CA";"Trek Slash 8 27.5 - 2016";"Trek";"Mountain Bikes";1;3999.99;0.2;20.0;3999.99;799.998;3199.992
696;1242;"2017-02-05";2017;2;"2017-02";"Baldwin Bikes";"Baldwin";"NY";"Trek Slash 8 27.5 - 2016";"Trek";"Mountain Bikes";1;3999.99;0.1;10.0;3999.99;399.999;3599.991
700;4;"2017-02-07";2017;2;"2017-02";"Baldwin Bikes";"Baldwin";"NY";"Trek Slash 8 27.5 - 2016";"Trek";"Mountain Bikes";2;3999.99;0.05;5.0;7999.98;399.999;7599.981
753;1201;"2017-03-05";2017;3;"2017-03";"Baldwin Bikes";"Baldwin";"NY";"Trek Slash 8 27.5 - 2016";"Trek";"Mountain Bikes";2;3999.99;0.2;20.0;7999.98;1599.996;6399.984
754;646;"2017-03-06";2017;3;"2017-03";"Santa Cruz Bikes";"Santa Cruz";"CA";"Trek Slash 8 27.5 - 2016";"Trek";"Mountain Bikes";1;3999.99;0.2;20.0;3999.99;799.998;3199.992
777;496;"2017-03-13";2017;3;"2017-03";"Baldwin Bikes";"Baldwin";"NY";"Trek Slash 8 27.5 - 2016";"Trek";"Mountain Bikes";2;3999.99;0.2;20.0;7999.98;1599.996;6399.984
781;1018;"2017-03-15";2017;3;"2017-03";"Baldwin Bikes";"Baldwin";"NY";"Trek Slash 8 27.5 - 2016";"Trek";"Mountain Bikes";2;3999.99;0.2;20.0;7999.98;1599.996;6399.984
869;844;"2017-05-01";2017;5;"2017-05";"Baldwin Bikes";"Baldwin";"NY";"Trek Slash 8 27.5 - 2016";"Trek";"Mountain Bikes";1;3999.99;0.2;20.0;3999.99;799.998;3199.992
919;781;"2017-05-30";2017;5;"2017-05";"Baldwin Bikes";"Baldwin";"NY";"Trek Slash 8 27.5 - 2016";"Trek";"Mountain Bikes";1;3999.99;0.07;7.0;3999.99;279.9993;3719.9907
946;525;"2017-06-14";2017;6;"2017-06";"Baldwin Bikes";"Baldwin";"NY";"Trek Slash 8 27.5 - 2016";"Trek";"Mountain Bikes";1;3999.99;0.1;10.0;3999.99;399.999;3599.991
992;723;"2017-07-07";2017;7;"2017-07";"Baldwin Bikes";"Baldwin";"NY";"Trek Slash 8 27.5 - 2016";"Trek";"Mountain Bikes";1;3999.99;0.05;5.0;3999.99;199.9995;3799.9905
1026;1370;"2017-07-26";2017;7;"2017-07";"Santa Cruz Bikes";"Santa Cruz";"CA";"Trek Slash 8 27.5 - 2016";"Trek";"Mountain Bikes";2;3999.99;0.07;7.0;7999.98;559.9986;7439.9814
1052;460;"2017-08-10";2017;8;"2017-08";"Baldwin Bikes";"Baldwin";"NY";"Trek Slash 8 27.5 - 2016";"Trek";"Mountain Bikes";1;3999.99;0.05;5.0;3999.99;199.9995;3799.9905
1059;6;"2017-08-14";2017;8;"2017-08";"Baldwin Bikes";"Baldwin";"NY";"Trek Slash 8 27.5 - 2016";"Trek";"Mountain Bikes";1;3999.99;0.1;10.0;3999.99;399.999;3599.991
1060;182;"2017-08-15";2017;8;"2017-08";"Baldwin Bikes";"Baldwin";"NY";"Trek Slash 8 27.5 - 2016";"Trek";"Mountain Bikes";1;3999.99;0.07;7.0;3999.99;279.9993;3719.9907
1124;275;"2017-09-13";2017;9;"2017-09";"Rowlett Bikes";"Rowlett";"TX";"Trek Slash 8 27.5 - 2016";"Trek";"Mountain Bikes";2;3999.99;0.1;10.0;7999.98;799.998;7199.982
1139;1006;"2017-09-21";2017;9;"2017-09";"Santa Cruz Bikes";"Santa Cruz";"CA";"Trek Slash 8 27.5 - 2016";"Trek";"Mountain Bikes";1;3999.99;0.1;10.0;3999.99;399.999;3599.991
1194;192;"2017-10-19";2017;10;"2017-10";"Santa Cruz Bikes";"Santa Cruz";"CA";"Trek Slash 8 27.5 - 2016";"Trek";"Mountain Bikes";2;3999.99;0.07;7.0;7999.98;559.9986;7439.9814
1214;783;"2017-10-28";2017;10;"2017-10";"Baldwin Bikes";"Baldwin";"NY";"Trek Slash 8 27.5 - 2016";"Trek";"Mountain Bikes";1;3999.99;0.2;20.0;3999.99;799.998;3199.992
1235;210;"2017-11-07";2017;11;"2017-11";"Baldwin Bikes";"Baldwin";"NY";"Trek Slash 8 27.5 - 2016";"Trek";"Mountain Bikes";1;3999.99;0.1;10.0;3999.99;399.999;3599.991
1251;289;"2017-11-17";2017;11;"2017-11";"Rowlett Bikes";"Rowlett";"TX";"Trek Slash 8 27.5 - 2016";"Trek";"Mountain Bikes";1;3999.99;0.07;7.0;3999.99;279.9993;3719.9907
1269;1236;"2017-11-26";2017;11;"2017-11";"Baldwin Bikes";"Baldwin";"NY";"Trek Slash 8 27.5 - 2016";"Trek";"Mountain Bikes";1;3999.99;0.2;20.0;3999.99;799.998;3199.992
1283;85;"2017-12-04";2017;12;"2017-12";"Baldwin Bikes";"Baldwin";"NY";"Trek Slash 8 27.5 - 2016";"Trek";"Mountain Bikes";1;3999.99;0.1;10.0;3999.99;399.999;3599.991
1370;115;"2018-01-28";2018;1;"2018-01";"Baldwin Bikes";"Baldwin";"NY";"Trek Slash 8 27.5 - 2016";"Trek";"Mountain Bikes";1;3999.99;0.07;7.0;3999.99;279.9993;3719.9907
1397;920;"2018-02-15";2018;2;"2018-02";"Baldwin Bikes";"Baldwin";"NY";"Trek Slash 8 27.5 - 2016";"Trek";"Mountain Bikes";1;3999.99;0.05;5.0;3999.99;199.9995;3799.9905
1460;1131;"2018-03-21";2018;3;"2018-03";"Baldwin Bikes";"Baldwin";"NY";"Trek Slash 8 27.5 - 2016";"Trek";"Mountain Bikes";2;3999.99;0.07;7.0;7999.98;559.9986;7439.9814
1601;43;"2018-04-29";2018;4;"2018-04";"Rowlett Bikes";"Rowlett";"TX";"Trek Slash 8 27.5 - 2016";"Trek";"Mountain Bikes";2;3999.99;0.07;7.0;7999.98;559.9986;7439.9814
1;259;"2016-01-01";2016;1;"2016-01";"Santa Cruz Bikes";"Santa Cruz";"CA";"Trek Remedy 29 Carbon Frameset - 2016";"Trek";"Mountain Bikes";2;1799.99;0.07;7.0;3599.98;251.9986;3347.9814
11;1326;"2016-01-05";2016;1;"2016-01";"Baldwin Bikes";"Baldwin";"NY";"Trek Remedy 29 Carbon Frameset - 2016";"Trek";"Mountain Bikes";1;1799.99;0.05;5.0;1799.99;89.9995;1709.9905
15;450;"2016-01-09";2016;1;"2016-01";"Baldwin Bikes";"Baldwin";"NY";"Trek Remedy 29 Carbon Frameset - 2016";"Trek";"Mountain Bikes";1;1799.99;0.07;7.0;1799.99;125.9993;1673.9907
16;552;"2016-01-12";2016;1;"2016-01";"Santa Cruz Bikes";"Santa Cruz";"CA";"Trek Remedy 29 Carbon Frameset - 2016";"Trek";"Mountain Bikes";1;1799.99;0.2;20.0;1799.99;359.998;1439.992
17;1175;"2016-01-12";2016;1;"2016-01";"Santa Cruz Bikes";"Santa Cruz";"CA";"Trek Remedy 29 Carbon Frameset - 2016";"Trek";"Mountain Bikes";1;1799.99;0.07;7.0;1799.99;125.9993;1673.9907
27;57;"2016-01-19";2016;1;"2016-01";"Baldwin Bikes";"Baldwin";"NY";"Trek Remedy 29 Carbon Frameset - 2016";"Trek";"Mountain Bikes";1;1799.99;0.07;7.0;1799.99;125.9993;1673.9907
29;437;"2016-01-20";2016;1;"2016-01";"Baldwin Bikes";"Baldwin";"NY";"Trek Remedy 29 Carbon Frameset - 2016";"Trek";"Mountain Bikes";1;1799.99;0.2;20.0;1799.99;359.998;1439.992
32;1259;"2016-01-21";2016;1;"2016-01";"Santa Cruz Bikes";"Santa Cruz";"CA";"Trek Remedy 29 Carbon Frameset - 2016";"Trek";"Mountain Bikes";2;1799.99;0.07;7.0;3599.98;251.9986;3347.9814
34;80;"2016-01-22";2016;1;"2016-01";"Baldwin Bikes";"Baldwin";"NY";"Trek Remedy 29 Carbon Frameset - 2016";"Trek";"Mountain Bikes";2;1799.99;0.07;7.0;3599.98;251.9986;3347.9814
40;348;"2016-01-27";2016;1;"2016-01";"Santa Cruz Bikes";"Santa Cruz";"CA";"Trek Remedy 29 Carbon Frameset - 2016";"Trek";"Mountain Bikes";2;1799.99;0.2;20.0;3599.98;719.996;2879.984
53;965;"2016-02-03";2016;2;"2016-02";"Baldwin Bikes";"Baldwin";"NY";"Trek Remedy 29 Carbon Frameset - 2016";"Trek";"Mountain Bikes";2;1799.99;0.2;20.0;3599.98;719.996;2879.984
62;208;"2016-02-07";2016;2;"2016-02";"Santa Cruz Bikes";"Santa Cruz";"CA";"Trek Remedy 29 Carbon Frameset - 2016";"Trek";"Mountain Bikes";2;1799.99;0.1;10.0;3599.98;359.998;3239.982
88;1069;"2016-02-21";2016;2;"2016-02";"Baldwin Bikes";"Baldwin";"NY";"Trek Remedy 29 Carbon Frameset - 2016";"Trek";"Mountain Bikes";2;1799.99;0.1;10.0;3599.98;359.998;3239.982
92;1309;"2016-02-25";2016;2;"2016-02";"Baldwin Bikes";"Baldwin";"NY";"Trek Remedy 29 Carbon Frameset - 2016";"Trek";"Mountain Bikes";1;1799.99;0.1;10.0;1799.99;179.999;1619.991
95;218;"2016-02-27";2016;2;"2016-02";"Baldwin Bikes";"Baldwin";"NY";"Trek Remedy 29 Carbon Frameset - 2016";"Trek";"Mountain Bikes";2;1799.99;0.2;20.0;3599.98;719.996;2879.984
144;1124;"2016-03-26";2016;3;"2016-03";"Baldwin Bikes";"Baldwin";"NY";"Trek Remedy 29 Carbon Frameset - 2016";"Trek";"Mountain Bikes";2;1799.99;0.05;5.0;3599.98;179.999;3419.981
153;498;"2016-03-30";2016;3;"2016-03";"Baldwin Bikes";"Baldwin";"NY";"Trek Remedy 29 Carbon Frameset - 2016";"Trek";"Mountain Bikes";1;1799.99;0.07;7.0;1799.99;125.9993;1673.9907
155;371;"2016-04-02";2016;4;"2016-04";"Baldwin Bikes";"Baldwin";"NY";"Trek Remedy 29 Carbon Frameset - 2016";"Trek";"Mountain Bikes";1;1799.99;0.1;10.0;1799.99;179.999;1619.991
171;237;"2016-04-11";2016;4;"2016-04";"Santa Cruz Bikes";"Santa Cruz";"CA";"Trek Remedy 29 Carbon Frameset - 2016";"Trek";"Mountain Bikes";1;1799.99;0.05;5.0;1799.99;89.9995;1709.9905
185;24;"2016-04-20";2016;4;"2016-04";"Santa Cruz Bikes";"Santa Cruz";"CA";"Trek Remedy 29 Carbon Frameset - 2016";"Trek";"Mountain Bikes";1;1799.99;0.05;5.0;1799.99;89.9995;1709.9905
191;919;"2016-04-27";2016;4;"2016-04";"Santa Cruz Bikes";"Santa Cruz";"CA";"Trek Remedy 29 Carbon Frameset - 2016";"Trek";"Mountain Bikes";2;1799.99;0.05;5.0;3599.98;179.999;3419.981
192;728;"2016-04-27";2016;4;"2016-04";"Baldwin Bikes";"Baldwin";"NY";"Trek Remedy 29 Carbon Frameset - 2016";"Trek";"Mountain Bikes";2;1799.99;0.1;10.0;3599.98;359.998;3239.982
198;640;"2016-05-01";2016;5;"2016-05";"Baldwin Bikes";"Baldwin";"NY";"Trek Remedy 29 Carbon Frameset - 2016";"Trek";"Mountain Bikes";2;1799.99;0.2;20.0;3599.98;719.996;2879.984
202;600;"2016-05-03";2016;5;"2016-05";"Santa Cruz Bikes";"Santa Cruz";"CA";"Trek Remedy 29 Carbon Frameset - 2016";"Trek";"Mountain Bikes";1;1799.99;0.07;7.0;1799.99;125.9993;1673.9907
229;742;"2016-05-19";2016;5;"2016-05";"Baldwin Bikes";"Baldwin";"NY";"Trek Remedy 29 Carbon Frameset - 2016";"Trek";"Mountain Bikes";1;1799.99;0.2;20.0;1799.99;359.998;1439.992
231;1257;"2016-05-19";2016;5;"2016-05";"Baldwin Bikes";"Baldwin";"NY";"Trek Remedy 29 Carbon Frameset - 2016";"Trek";"Mountain Bikes";2;1799.99;0.07;7.0;3599.98;251.9986;3347.9814
232;1360;"2016-05-20";2016;5;"2016-05";"Santa Cruz Bikes";"Santa Cruz";"CA";"Trek Remedy 29 Carbon Frameset - 2016";"Trek";"Mountain Bikes";2;1799.99;0.1;10.0;3599.98;359.998;3239.982
240;65;"2016-05-27";2016;5;"2016-05";"Baldwin Bikes";"Baldwin";"NY";"Trek Remedy 29 Carbon Frameset - 2016";"Trek";"Mountain Bikes";1;1799.99;0.07;7.0;1799.99;125.9993;1673.9907
245;223;"2016-05-29";2016;5;"2016-05";"Baldwin Bikes";"Baldwin";"NY";"Trek Remedy 29 Carbon Frameset - 2016";"Trek";"Mountain Bikes";1;1799.99;0.1;10.0;1799.99;179.999;1619.991
257;1314;"2016-06-05";2016;6;"2016-06";"Santa Cruz Bikes";"Santa Cruz";"CA";"Trek Remedy 29 Carbon Frameset - 2016";"Trek";"Mountain Bikes";2;1799.99;0.07;7.0;3599.98;251.9986;3347.9814
258;107;"2016-06-06";2016;6;"2016-06";"Baldwin Bikes";"Baldwin";"NY";"Trek Remedy 29 Carbon Frameset - 2016";"Trek";"Mountain Bikes";2;1799.99;0.05;5.0;3599.98;179.999;3419.981
303;36;"2016-07-07";2016;7;"2016-07";"Baldwin Bikes";"Baldwin";"NY";"Trek Remedy 29 Carbon Frameset - 2016";"Trek";"Mountain Bikes";2;1799.99;0.05;5.0;3599.98;179.999;3419.981
310;627;"2016-07-12";2016;7;"2016-07";"Santa Cruz Bikes";"Santa Cruz";"CA";"Trek Remedy 29 Carbon Frameset - 2016";"Trek";"Mountain Bikes";1;1799.99;0.2;20.0;1799.99;359.998;1439.992
329;274;"2016-07-24";2016;7;"2016-07";"Baldwin Bikes";"Baldwin";"NY";"Trek Remedy 29 Carbon Frameset - 2016";"Trek";"Mountain Bikes";2;1799.99;0.05;5.0;3599.98;179.999;3419.981
333;779;"2016-07-25";2016;7;"2016-07";"Baldwin Bikes";"Baldwin";"NY";"Trek Remedy 29 Carbon Frameset - 2016";"Trek";"Mountain Bikes";2;1799.99;0.05;5.0;3599.98;179.999;3419.981
358;1042;"2016-08-05";2016;8;"2016-08";"Baldwin Bikes";"Baldwin";"NY";"Trek Remedy 29 Carbon Frameset - 2016";"Trek";"Mountain Bikes";2;1799.99;0.05;5.0;3599.98;179.999;3419.981
373;337;"2016-08-16";2016;8;"2016-08";"Baldwin Bikes";"Baldwin";"NY";"Trek Remedy 29 Carbon Frameset - 2016";"Trek";"Mountain Bikes";2;1799.99;0.05;5.0;3599.98;179.999;3419.981
377;1355;"2016-08-17";2016;8;"2016-08";"Baldwin Bikes";"Baldwin";"NY";"Trek Remedy 29 Carbon Frameset - 2016";"Trek";"Mountain Bikes";1;1799.99;0.05;5.0;1799.99;89.9995;1709.9905
382;199;"2016-08-20";2016;8;"2016-08";"Baldwin Bikes";"Baldwin";"NY";"Trek Remedy 29 Carbon Frameset - 2016";"Trek";"Mountain Bikes";1;1799.99;0.1;10.0;1799.99;179.999;1619.991
384;410;"2016-08-20";2016;8;"2016-08";"Baldwin Bikes";"Baldwin";"NY";"Trek Remedy 29 Carbon Frameset - 2016";"Trek";"Mountain Bikes";1;1799.99;0.05;5.0;1799.99;89.9995;1709.9905
386;1362;"2016-08-20";2016;8;"2016-08";"Baldwin Bikes";"Baldwin";"NY";"Trek Remedy 29 Carbon Frameset - 2016";"Trek";"Mountain Bikes";1;1799.99;0.2;20.0;1799.99;359.998;1439.992
391;61;"2016-08-23";2016;8;"2016-08";"Rowlett Bikes";"Rowlett";"TX";"Trek Remedy 29 Carbon Frameset - 2016";"Trek";"Mountain Bikes";1;1799.99;0.07;7.0;1799.99;125.9993;1673.9907
398;447;"2016-08-29";2016;8;"2016-08";"Santa Cruz Bikes";"Santa Cruz";"CA";"Trek Remedy 29 Carbon Frameset - 2016";"Trek";"Mountain Bikes";2;1799.99;0.05;5.0;3599.98;179.999;3419.981
413;717;"2016-09-02";2016;9;"2016-09";"Baldwin Bikes";"Baldwin";"NY";"Trek Remedy 29 Carbon Frameset - 2016";"Trek";"Mountain Bikes";2;1799.99;0.05;5.0;3599.98;179.999;3419.981
423;1397;"2016-09-06";2016;9;"2016-09";"Baldwin Bikes";"Baldwin";"NY";"Trek Remedy 29 Carbon Frameset - 2016";"Trek";"Mountain Bikes";2;1799.99;0.05;5.0;3599.98;179.999;3419.981
430;272;"2016-09-11";2016;9;"2016-09";"Baldwin Bikes";"Baldwin";"NY";"Trek Remedy 29 Carbon Frameset - 2016";"Trek";"Mountain Bikes";1;1799.99;0.2;20.0;1799.99;359.998;1439.992
437;1085;"2016-09-16";2016;9;"2016-09";"Baldwin Bikes";"Baldwin";"NY";"Trek Remedy 29 Carbon Frameset - 2016";"Trek";"Mountain Bikes";2;1799.99;0.05;5.0;3599.98;179.999;3419.981
438;314;"2016-09-16";2016;9;"2016-09";"Rowlett Bikes";"Rowlett";"TX";"Trek Remedy 29 Carbon Frameset - 2016";"Trek";"Mountain Bikes";2;1799.99;0.05;5.0;3599.98;179.999;3419.981
447;808;"2016-09-20";2016;9;"2016-09";"Rowlett Bikes";"Rowlett";"TX";"Trek Remedy 29 Carbon Frameset - 2016";"Trek";"Mountain Bikes";1;1799.99;0.07;7.0;1799.99;125.9993;1673.9907
452;997;"2016-09-22";2016;9;"2016-09";"Baldwin Bikes";"Baldwin";"NY";"Trek Remedy 29 Carbon Frameset - 2016";"Trek";"Mountain Bikes";1;1799.99;0.1;10.0;1799.99;179.999;1619.991
461;853;"2016-09-26";2016;9;"2016-09";"Baldwin Bikes";"Baldwin";"NY";"Trek Remedy 29 Carbon Frameset - 2016";"Trek";"Mountain Bikes";2;1799.99;0.05;5.0;3599.98;179.999;3419.981
469;1089;"2016-09-29";2016;9;"2016-09";"Baldwin Bikes";"Baldwin";"NY";"Trek Remedy 29 Carbon Frameset - 2016";"Trek";"Mountain Bikes";2;1799.99;0.1;10.0;3599.98;359.998;3239.982
470;641;"2016-09-30";2016;9;"2016-09";"Santa Cruz Bikes";"Santa Cruz";"CA";"Trek Remedy 29 Carbon Frameset - 2016";"Trek";"Mountain Bikes";2;1799.99;0.2;20.0;3599.98;719.996;2879.984
484;421;"2016-10-06";2016;10;"2016-10";"Baldwin Bikes";"Baldwin";"NY";"Trek Remedy 29 Carbon Frameset - 2016";"Trek";"Mountain Bikes";2;1799.99;0.1;10.0;3599.98;359.998;3239.982
489;899;"2016-10-06";2016;10;"2016-10";"Rowlett Bikes";"Rowlett";"TX";"Trek Remedy 29 Carbon Frameset - 2016";"Trek";"Mountain Bikes";2;1799.99;0.1;10.0;3599.98;359.998;3239.982
501;977;"2016-10-11";2016;10;"2016-10";"Baldwin Bikes";"Baldwin";"NY";"Trek Remedy 29 Carbon Frameset - 2016";"Trek";"Mountain Bikes";1;1799.99;0.07;7.0;1799.99;125.9993;1673.9907
508;1359;"2016-10-15";2016;10;"2016-10";"Baldwin Bikes";"Baldwin";"NY";"Trek Remedy 29 Carbon Frameset - 2016";"Trek";"Mountain Bikes";1;1799.99;0.05;5.0;1799.99;89.9995;1709.9905
515;986;"2016-10-19";2016;10;"2016-10";"Baldwin Bikes";"Baldwin";"NY";"Trek Remedy 29 Carbon Frameset - 2016";"Trek";"Mountain Bikes";1;1799.99;0.07;7.0;1799.99;125.9993;1673.9907
526;1096;"2016-10-26";2016;10;"2016-10";"Baldwin Bikes";"Baldwin";"NY";"Trek Remedy 29 Carbon Frameset - 2016";"Trek";"Mountain Bikes";1;1799.99;0.1;10.0;1799.99;179.999;1619.991
546;470;"2016-11-09";2016;11;"2016-11";"Baldwin Bikes";"Baldwin";"NY";"Trek Remedy 29 Carbon Frameset - 2016";"Trek";"Mountain Bikes";1;1799.99;0.1;10.0;1799.99;179.999;1619.991
548;739;"2016-11-11";2016;11;"2016-11";"Baldwin Bikes";"Baldwin";"NY";"Trek Remedy 29 Carbon Frameset - 2016";"Trek";"Mountain Bikes";1;1799.99;0.1;10.0;1799.99;179.999;1619.991
555;212;"2016-11-13";2016;11;"2016-11";"Baldwin Bikes";"Baldwin";"NY";"Trek Remedy 29 Carbon Frameset - 2016";"Trek";"Mountain Bikes";1;1799.99;0.2;20.0;1799.99;359.998;1439.992
566;298;"2016-11-22";2016;11;"2016-11";"Santa Cruz Bikes";"Santa Cruz";"CA";"Trek Remedy 29 Carbon Frameset - 2016";"Trek";"Mountain Bikes";1;1799.99;0.1;10.0;1799.99;179.999;1619.991
578;819;"2016-11-27";2016;11;"2016-11";"Baldwin Bikes";"Baldwin";"NY";"Trek Remedy 29 Carbon Frameset - 2016";"Trek";"Mountain Bikes";2;1799.99;0.2;20.0;3599.98;719.996;2879.984
581;688;"2016-12-03";2016;12;"2016-12";"Santa Cruz Bikes";"Santa Cruz";"CA";"Trek Remedy 29 Carbon Frameset - 2016";"Trek";"Mountain Bikes";2;1799.99;0.07;7.0;3599.98;251.9986;3347.9814
584;1209;"2016-12-04";2016;12;"2016-12";"Baldwin Bikes";"Baldwin";"NY";"Trek Remedy 29 Carbon Frameset - 2016";"Trek";"Mountain Bikes";2;1799.99;0.07;7.0;3599.98;251.9986;3347.9814
590;990;"2016-12-06";2016;12;"2016-12";"Baldwin Bikes";"Baldwin";"NY";"Trek Remedy 29 Carbon Frameset - 2016";"Trek";"Mountain Bikes";2;1799.99;0.05;5.0;3599.98;179.999;3419.981
597;1121;"2016-12-08";2016;12;"2016-12";"Baldwin Bikes";"Baldwin";"NY";"Trek Remedy 29 Carbon Frameset - 2016";"Trek";"Mountain Bikes";1;1799.99;0.07;7.0;1799.99;125.9993;1673.9907
610;711;"2016-12-13";2016;12;"2016-12";"Baldwin Bikes";"Baldwin";"NY";"Trek Remedy 29 Carbon Frameset - 2016";"Trek";"Mountain Bikes";1;1799.99;0.1;10.0;1799.99;179.999;1619.991
623;678;"2016-12-24";2016;12;"2016-12";"Baldwin Bikes";"Baldwin";"NY";"Trek Remedy 29 Carbon Frameset - 2016";"Trek";"Mountain Bikes";1;1799.99;0.07;7.0;1799.99;125.9993;1673.9907
688;343;"2017-02-02";2017;2;"2017-02";"Baldwin Bikes";"Baldwin";"NY";"Trek Remedy 29 Carbon Frameset - 2016";"Trek";"Mountain Bikes";1;1799.99;0.1;10.0;1799.99;179.999;1619.991
769;946;"2017-03-09";2017;3;"2017-03";"Baldwin Bikes";"Baldwin";"NY";"Trek Remedy 29 Carbon Frameset - 2016";"Trek";"Mountain Bikes";1;1799.99;0.1;10.0;1799.99;179.999;1619.991
779;367;"2017-03-15";2017;3;"2017-03";"Baldwin Bikes";"Baldwin";"NY";"Trek Remedy 29 Carbon Frameset - 2016";"Trek";"Mountain Bikes";1;1799.99;0.2;20.0;1799.99;359.998;1439.992
971;1426;"2017-06-22";2017;6;"2017-06";"Rowlett Bikes";"Rowlett";"TX";"Trek Remedy 29 Carbon Frameset - 2016";"Trek";"Mountain Bikes";2;1799.99;0.05;5.0;3599.98;179.999;3419.981
1002;1418;"2017-07-14";2017;7;"2017-07";"Santa Cruz Bikes";"Santa Cruz";"CA";"Trek Remedy 29 Carbon Frameset - 2016";"Trek";"Mountain Bikes";2;1799.99;0.1;10.0;3599.98;359.998;3239.982
1012;620;"2017-07-18";2017;7;"2017-07";"Baldwin Bikes";"Baldwin";"NY";"Trek Remedy 29 Carbon Frameset - 2016";"Trek";"Mountain Bikes";1;1799.99;0.07;7.0;1799.99;125.9993;1673.9907
1034;895;"2017-07-30";2017;7;"2017-07";"Baldwin Bikes";"Baldwin";"NY";"Trek Remedy 29 Carbon Frameset - 2016";"Trek";"Mountain Bikes";2;1799.99;0.1;10.0;3599.98;359.998;3239.982
1040;1225;"2017-08-04";2017;8;"2017-08";"Santa Cruz Bikes";"Santa Cruz";"CA";"Trek Remedy 29 Carbon Frameset - 2016";"Trek";"Mountain Bikes";2;1799.99;0.05;5.0;3599.98;179.999;3419.981
1141;1076;"2017-09-22";2017;9;"2017-09";"Santa Cruz Bikes";"Santa Cruz";"CA";"Trek Remedy 29 Carbon Frameset - 2016";"Trek";"Mountain Bikes";1;1799.99;0.1;10.0;1799.99;179.999;1619.991
1164;1067;"2017-10-01";2017;10;"2017-10";"Baldwin Bikes";"Baldwin";"NY";"Trek Remedy 29 Carbon Frameset - 2016";"Trek";"Mountain Bikes";1;1799.99;0.2;20.0;1799.99;359.998;1439.992
1227;702;"2017-11-04";2017;11;"2017-11";"Baldwin Bikes";"Baldwin";"NY";"Trek Remedy 29 Carbon Frameset - 2016";"Trek";"Mountain Bikes";1;1799.99;0.07;7.0;1799.99;125.9993;1673.9907
1260;1117;"2017-11-22";2017;11;"2017-11";"Baldwin Bikes";"Baldwin";"NY";"Trek Remedy 29 Carbon Frameset - 2016";"Trek";"Mountain Bikes";1;1799.99;0.1;10.0;1799.99;179.999;1619.991
1284;128;"2017-12-04";2017;12;"2017-12";"Baldwin Bikes";"Baldwin";"NY";"Trek Remedy 29 Carbon Frameset - 2016";"Trek";"Mountain Bikes";1;1799.99;0.05;5.0;1799.99;89.9995;1709.9905
1301;1088;"2017-12-16";2017;12;"2017-12";"Santa Cruz Bikes";"Santa Cruz";"CA";"Trek Remedy 29 Carbon Frameset - 2016";"Trek";"Mountain Bikes";1;1799.99;0.2;20.0;1799.99;359.998;1439.992
1371;937;"2018-01-29";2018;1;"2018-01";"Baldwin Bikes";"Baldwin";"NY";"Trek Remedy 29 Carbon Frameset - 2016";"Trek";"Mountain Bikes";2;1799.99;0.2;20.0;3599.98;719.996;2879.984
658;1051;"2017-01-17";2017;1;"2017-01";"Baldwin Bikes";"Baldwin";"NY";"Trek X-Caliber 8 - 2017";"Trek";"Mountain Bikes";1;999.99;0.05;5.0;999.99;49.9995;949.9905
660;383;"2017-01-18";2017;1;"2017-01";"Baldwin Bikes";"Baldwin";"NY";"Trek X-Caliber 8 - 2017";"Trek";"Mountain Bikes";2;999.99;0.2;20.0;1999.98;399.996;1599.984
676;790;"2017-01-28";2017;1;"2017-01";"Baldwin Bikes";"Baldwin";"NY";"Trek X-Caliber 8 - 2017";"Trek";"Mountain Bikes";1;999.99;0.2;20.0;999.99;199.998;799.992
731;910;"2017-02-25";2017;2;"2017-02";"Rowlett Bikes";"Rowlett";"TX";"Trek X-Caliber 8 - 2017";"Trek";"Mountain Bikes";1;999.99;0.2;20.0;999.99;199.998;799.992
760;1104;"2017-03-07";2017;3;"2017-03";"Baldwin Bikes";"Baldwin";"NY";"Trek X-Caliber 8 - 2017";"Trek";"Mountain Bikes";2;999.99;0.07;7.0;1999.98;139.9986;1859.9814
767;564;"2017-03-09";2017;3;"2017-03";"Baldwin Bikes";"Baldwin";"NY";"Trek X-Caliber 8 - 2017";"Trek";"Mountain Bikes";1;999.99;0.07;7.0;999.99;69.9993;929.9907
783;1343;"2017-03-16";2017;3;"2017-03";"Santa Cruz Bikes";"Santa Cruz";"CA";"Trek X-Caliber 8 - 2017";"Trek";"Mountain Bikes";1;999.99;0.1;10.0;999.99;99.999;899.991
799;607;"2017-03-27";2017;3;"2017-03";"Santa Cruz Bikes";"Santa Cruz";"CA";"Trek X-Caliber 8 - 2017";"Trek";"Mountain Bikes";2;999.99;0.07;7.0;1999.98;139.9986;1859.9814
857;1402;"2017-04-24";2017;4;"2017-04";"Baldwin Bikes";"Baldwin";"NY";"Trek X-Caliber 8 - 2017";"Trek";"Mountain Bikes";1;999.99;0.2;20.0;999.99;199.998;799.992
944;138;"2017-06-14";2017;6;"2017-06";"Santa Cruz Bikes";"Santa Cruz";"CA";"Trek X-Caliber 8 - 2017";"Trek";"Mountain Bikes";2;999.99;0.07;7.0;1999.98;139.9986;1859.9814
990;706;"2017-07-04";2017;7;"2017-07";"Baldwin Bikes";"Baldwin";"NY";"Trek X-Caliber 8 - 2017";"Trek";"Mountain Bikes";1;999.99;0.1;10.0;999.99;99.999;899.991
1000;645;"2017-07-12";2017;7;"2017-07";"Baldwin Bikes";"Baldwin";"NY";"Trek X-Caliber 8 - 2017";"Trek";"Mountain Bikes";2;999.99;0.05;5.0;1999.98;99.999;1899.981
1058;782;"2017-08-13";2017;8;"2017-08";"Baldwin Bikes";"Baldwin";"NY";"Trek X-Caliber 8 - 2017";"Trek";"Mountain Bikes";2;999.99;0.05;5.0;1999.98;99.999;1899.981
1082;1327;"2017-08-20";2017;8;"2017-08";"Baldwin Bikes";"Baldwin";"NY";"Trek X-Caliber 8 - 2017";"Trek";"Mountain Bikes";2;999.99;0.2;20.0;1999.98;399.996;1599.984
1118;1023;"2017-09-08";2017;9;"2017-09";"Baldwin Bikes";"Baldwin";"NY";"Trek X-Caliber 8 - 2017";"Trek";"Mountain Bikes";1;999.99;0.05;5.0;999.99;49.9995;949.9905
1150;1183;"2017-09-28";2017;9;"2017-09";"Baldwin Bikes";"Baldwin";"NY";"Trek X-Caliber 8 - 2017";"Trek";"Mountain Bikes";1;999.99;0.05;5.0;999.99;49.9995;949.9905
1161;41;"2017-10-01";2017;10;"2017-10";"Baldwin Bikes";"Baldwin";"NY";"Trek X-Caliber 8 - 2017";"Trek";"Mountain Bikes";2;999.99;0.1;10.0;1999.98;199.998;1799.982
1167;900;"2017-10-04";2017;10;"2017-10";"Santa Cruz Bikes";"Santa Cruz";"CA";"Trek X-Caliber 8 - 2017";"Trek";"Mountain Bikes";2;999.99;0.05;5.0;1999.98;99.999;1899.981
1206;222;"2017-10-26";2017;10;"2017-10";"Baldwin Bikes";"Baldwin";"NY";"Trek X-Caliber 8 - 2017";"Trek";"Mountain Bikes";1;999.99;0.2;20.0;999.99;199.998;799.992
1264;113;"2017-11-24";2017;11;"2017-11";"Baldwin Bikes";"Baldwin";"NY";"Trek X-Caliber 8 - 2017";"Trek";"Mountain Bikes";2;999.99;0.2;20.0;1999.98;399.996;1599.984
1336;904;"2018-01-09";2018;1;"2018-01";"Santa Cruz Bikes";"Santa Cruz";"CA";"Trek X-Caliber 8 - 2017";"Trek";"Mountain Bikes";2;999.99;0.2;20.0;1999.98;399.996;1599.984
1435;744;"2018-03-14";2018;3;"2018-03";"Baldwin Bikes";"Baldwin";"NY";"Trek X-Caliber 8 - 2017";"Trek";"Mountain Bikes";1;999.99;0.2;20.0;999.99;199.998;799.992
1605;123;"2018-07-01";2018;7;"2018-07";"Rowlett Bikes";"Rowlett";"TX";"Trek X-Caliber 8 - 2017";"Trek";"Mountain Bikes";1;999.99;0.07;7.0;999.99;69.9993;929.9907
1607;33;"2018-07-11";2018;7;"2018-07";"Santa Cruz Bikes";"Santa Cruz";"CA";"Trek X-Caliber 8 - 2017";"Trek";"Mountain Bikes";1;999.99;0.05;5.0;999.99;49.9995;949.9905
640;1093;"2017-01-06";2017;1;"2017-01";"Baldwin Bikes";"Baldwin";"NY";"Trek Farley Alloy Frameset - 2017";"Trek";"Mountain Bikes";1;469.99;0.07;7.0;469.99;32.8993;437.0907
675;291;"2017-01-28";2017;1;"2017-01";"Baldwin Bikes";"Baldwin";"NY";"Trek Farley Alloy Frameset - 2017";"Trek";"Mountain Bikes";1;469.99;0.2;20.0;469.99;93.998;375.992
780;592;"2017-03-15";2017;3;"2017-03";"Baldwin Bikes";"Baldwin";"NY";"Trek Farley Alloy Frameset - 2017";"Trek";"Mountain Bikes";1;469.99;0.1;10.0;469.99;46.999;422.991
805;420;"2017-03-29";2017;3;"2017-03";"Baldwin Bikes";"Baldwin";"NY";"Trek Farley Alloy Frameset - 2017";"Trek";"Mountain Bikes";1;469.99;0.07;7.0;469.99;32.8993;437.0907
873;829;"2017-05-03";2017;5;"2017-05";"Baldwin Bikes";"Baldwin";"NY";"Trek Farley Alloy Frameset - 2017";"Trek";"Mountain Bikes";2;469.99;0.1;10.0;939.98;93.998;845.982
891;384;"2017-05-15";2017;5;"2017-05";"Baldwin Bikes";"Baldwin";"NY";"Trek Farley Alloy Frameset - 2017";"Trek";"Mountain Bikes";1;469.99;0.05;5.0;469.99;23.4995;446.4905
947;278;"2017-06-15";2017;6;"2017-06";"Santa Cruz Bikes";"Santa Cruz";"CA";"Trek Farley Alloy Frameset - 2017";"Trek";"Mountain Bikes";1;469.99;0.05;5.0;469.99;23.4995;446.4905
996;915;"2017-07-11";2017;7;"2017-07";"Santa Cruz Bikes";"Santa Cruz";"CA";"Trek Farley Alloy Frameset - 2017";"Trek";"Mountain Bikes";1;469.99;0.05;5.0;469.99;23.4995;446.4905
1046;1134;"2017-08-07";2017;8;"2017-08";"Rowlett Bikes";"Rowlett";"TX";"Trek Farley Alloy Frameset - 2017";"Trek";"Mountain Bikes";1;469.99;0.07;7.0;469.99;32.8993;437.0907
1080;1086;"2017-08-19";2017;8;"2017-08";"Baldwin Bikes";"Baldwin";"NY";"Trek Farley Alloy Frameset - 2017";"Trek";"Mountain Bikes";2;469.99;0.2;20.0;939.98;187.996;751.984
1125;945;"2017-09-14";2017;9;"2017-09";"Baldwin Bikes";"Baldwin";"NY";"Trek Farley Alloy Frameset - 2017";"Trek";"Mountain Bikes";2;469.99;0.07;7.0;939.98;65.7986;874.1814
1199;318;"2017-10-23";2017;10;"2017-10";"Santa Cruz Bikes";"Santa Cruz";"CA";"Trek Farley Alloy Frameset - 2017";"Trek";"Mountain Bikes";1;469.99;0.05;5.0;469.99;23.4995;446.4905
1218;1017;"2017-10-30";2017;10;"2017-10";"Santa Cruz Bikes";"Santa Cruz";"CA";"Trek Farley Alloy Frameset - 2017";"Trek";"Mountain Bikes";1;469.99;0.07;7.0;469.99;32.8993;437.0907
1224;544;"2017-11-03";2017;11;"2017-11";"Baldwin Bikes";"Baldwin";"NY";"Trek Farley Alloy Frameset - 2017";"Trek";"Mountain Bikes";1;469.99;0.2;20.0;469.99;93.998;375.992
1230;1107;"2017-11-05";2017;11;"2017-11";"Baldwin Bikes";"Baldwin";"NY";"Trek Farley Alloy Frameset - 2017";"Trek";"Mountain Bikes";2;469.99;0.1;10.0;939.98;93.998;845.982
1236;243;"2017-11-08";2017;11;"2017-11";"Baldwin Bikes";"Baldwin";"NY";"Trek Farley Alloy Frameset - 2017";"Trek";"Mountain Bikes";2;469.99;0.05;5.0;939.98;46.999;892.981
1271;734;"2017-11-27";2017;11;"2017-11";"Baldwin Bikes";"Baldwin";"NY";"Trek Farley Alloy Frameset - 2017";"Trek";"Mountain Bikes";2;469.99;0.07;7.0;939.98;65.7986;874.1814
1278;980;"2017-12-01";2017;12;"2017-12";"Baldwin Bikes";"Baldwin";"NY";"Trek Farley Alloy Frameset - 2017";"Trek";"Mountain Bikes";1;469.99;0.1;10.0;469.99;46.999;422.991
1283;85;"2017-12-04";2017;12;"2017-12";"Baldwin Bikes";"Baldwin";"NY";"Trek Farley Alloy Frameset - 2017";"Trek";"Mountain Bikes";1;469.99;0.1;10.0;469.99;46.999;422.991
1308;713;"2017-12-22";2017;12;"2017-12";"Baldwin Bikes";"Baldwin";"NY";"Trek Farley Alloy Frameset - 2017";"Trek";"Mountain Bikes";1;469.99;0.07;7.0;469.99;32.8993;437.0907
1384;1126;"2018-02-08";2018;2;"2018-02";"Baldwin Bikes";"Baldwin";"NY";"Trek Farley Alloy Frameset - 2017";"Trek";"Mountain Bikes";1;469.99;0.07;7.0;469.99;32.8993;437.0907
1548;170;"2018-04-17";2018;4;"2018-04";"Santa Cruz Bikes";"Santa Cruz";"CA";"Trek Farley Alloy Frameset - 2017";"Trek";"Mountain Bikes";1;469.99;0.1;10.0;469.99;46.999;422.991
708;660;"2017-02-10";2017;2;"2017-02";"Santa Cruz Bikes";"Santa Cruz";"CA";"Trek Session DH 27.5 Carbon Frameset - 2017";"Trek";"Mountain Bikes";2;469.99;0.2;20.0;939.98;187.996;751.984
737;694;"2017-02-27";2017;2;"2017-02";"Baldwin Bikes";"Baldwin";"NY";"Trek Session DH 27.5 Carbon Frameset - 2017";"Trek";"Mountain Bikes";1;469.99;0.2;20.0;469.99;93.998;375.992
799;607;"2017-03-27";2017;3;"2017-03";"Santa Cruz Bikes";"Santa Cruz";"CA";"Trek Session DH 27.5 Carbon Frameset - 2017";"Trek";"Mountain Bikes";2;469.99;0.05;5.0;939.98;46.999;892.981
865;974;"2017-04-29";2017;4;"2017-04";"Baldwin Bikes";"Baldwin";"NY";"Trek Session DH 27.5 Carbon Frameset - 2017";"Trek";"Mountain Bikes";1;469.99;0.05;5.0;469.99;23.4995;446.4905
945;167;"2017-06-14";2017;6;"2017-06";"Baldwin Bikes";"Baldwin";"NY";"Trek Session DH 27.5 Carbon Frameset - 2017";"Trek";"Mountain Bikes";2;469.99;0.05;5.0;939.98;46.999;892.981
991;751;"2017-07-06";2017;7;"2017-07";"Santa Cruz Bikes";"Santa Cruz";"CA";"Trek Session DH 27.5 Carbon Frameset - 2017";"Trek";"Mountain Bikes";1;469.99;0.2;20.0;469.99;93.998;375.992
1003;503;"2017-07-14";2017;7;"2017-07";"Baldwin Bikes";"Baldwin";"NY";"Trek Session DH 27.5 Carbon Frameset - 2017";"Trek";"Mountain Bikes";2;469.99;0.05;5.0;939.98;46.999;892.981
1092;40;"2017-08-25";2017;8;"2017-08";"Santa Cruz Bikes";"Santa Cruz";"CA";"Trek Session DH 27.5 Carbon Frameset - 2017";"Trek";"Mountain Bikes";1;469.99;0.05;5.0;469.99;23.4995;446.4905
1239;1197;"2017-11-09";2017;11;"2017-11";"Baldwin Bikes";"Baldwin";"NY";"Trek Session DH 27.5 Carbon Frameset - 2017";"Trek";"Mountain Bikes";2;469.99;0.1;10.0;939.98;93.998;845.982
1321;217;"2017-12-30";2017;12;"2017-12";"Santa Cruz Bikes";"Santa Cruz";"CA";"Trek Session DH 27.5 Carbon Frameset - 2017";"Trek";"Mountain Bikes";1;469.99;0.1;10.0;469.99;46.999;422.991
1593;9;"2018-04-27";2018;4;"2018-04";"Baldwin Bikes";"Baldwin";"NY";"Trek Session DH 27.5 Carbon Frameset - 2017";"Trek";"Mountain Bikes";1;469.99;0.07;7.0;469.99;32.8993;437.0907
659;1391;"2017-01-17";2017;1;"2017-01";"Baldwin Bikes";"Baldwin";"NY";"Trek Stache 5 - 2017";"Trek";"Mountain Bikes";2;1499.99;0.07;7.0;2999.98;209.9986;2789.9814
666;770;"2017-01-21";2017;1;"2017-01";"Baldwin Bikes";"Baldwin";"NY";"Trek Stache 5 - 2017";"Trek";"Mountain Bikes";1;1499.99;0.05;5.0;1499.99;74.9995;1424.9905
682;614;"2017-01-29";2017;1;"2017-01";"Baldwin Bikes";"Baldwin";"NY";"Trek Stache 5 - 2017";"Trek";"Mountain Bikes";1;1499.99;0.2;20.0;1499.99;299.998;1199.992
694;58;"2017-02-05";2017;2;"2017-02";"Baldwin Bikes";"Baldwin";"NY";"Trek Stache 5 - 2017";"Trek";"Mountain Bikes";1;1499.99;0.05;5.0;1499.99;74.9995;1424.9905
710;295;"2017-02-13";2017;2;"2017-02";"Baldwin Bikes";"Baldwin";"NY";"Trek Stache 5 - 2017";"Trek";"Mountain Bikes";2;1499.99;0.2;20.0;2999.98;599.996;2399.984
775;968;"2017-03-12";2017;3;"2017-03";"Baldwin Bikes";"Baldwin";"NY";"Trek Stache 5 - 2017";"Trek";"Mountain Bikes";1;1499.99;0.07;7.0;1499.99;104.9993;1394.9907
792;479;"2017-03-22";2017;3;"2017-03";"Baldwin Bikes";"Baldwin";"NY";"Trek Stache 5 - 2017";"Trek";"Mountain Bikes";1;1499.99;0.2;20.0;1499.99;299.998;1199.992
920;966;"2017-05-30";2017;5;"2017-05";"Baldwin Bikes";"Baldwin";"NY";"Trek Stache 5 - 2017";"Trek";"Mountain Bikes";2;1499.99;0.07;7.0;2999.98;209.9986;2789.9814
976;1266;"2017-06-25";2017;6;"2017-06";"Rowlett Bikes";"Rowlett";"TX";"Trek Stache 5 - 2017";"Trek";"Mountain Bikes";1;1499.99;0.07;7.0;1499.99;104.9993;1394.9907
1025;1304;"2017-07-23";2017;7;"2017-07";"Baldwin Bikes";"Baldwin";"NY";"Trek Stache 5 - 2017";"Trek";"Mountain Bikes";1;1499.99;0.1;10.0;1499.99;149.999;1349.991
1140;1063;"2017-09-21";2017;9;"2017-09";"Rowlett Bikes";"Rowlett";"TX";"Trek Stache 5 - 2017";"Trek";"Mountain Bikes";2;1499.99;0.1;10.0;2999.98;299.998;2699.982
1147;1344;"2017-09-25";2017;9;"2017-09";"Baldwin Bikes";"Baldwin";"NY";"Trek Stache 5 - 2017";"Trek";"Mountain Bikes";2;1499.99;0.05;5.0;2999.98;149.999;2849.981
1212;213;"2017-10-27";2017;10;"2017-10";"Baldwin Bikes";"Baldwin";"NY";"Trek Stache 5 - 2017";"Trek";"Mountain Bikes";2;1499.99;0.05;5.0;2999.98;149.999;2849.981
1385;866;"2018-02-08";2018;2;"2018-02";"Rowlett Bikes";"Rowlett";"TX";"Trek Stache 5 - 2017";"Trek";"Mountain Bikes";2;1499.99;0.1;10.0;2999.98;299.998;2699.982
1466;738;"2018-03-26";2018;3;"2018-03";"Santa Cruz Bikes";"Santa Cruz";"CA";"Trek Stache 5 - 2017";"Trek";"Mountain Bikes";2;1499.99;0.05;5.0;2999.98;149.999;2849.981
1507;85;"2018-04-08";2018;4;"2018-04";"Baldwin Bikes";"Baldwin";"NY";"Trek Stache 5 - 2017";"Trek";"Mountain Bikes";2;1499.99;0.2;20.0;2999.98;599.996;2399.984
698;543;"2017-02-06";2017;2;"2017-02";"Rowlett Bikes";"Rowlett";"TX";"Trek Fuel EX 9.8 29 - 2017";"Trek";"Mountain Bikes";2;4999.99;0.05;5.0;9999.98;499.999;9499.981
718;38;"2017-02-16";2017;2;"2017-02";"Baldwin Bikes";"Baldwin";"NY";"Trek Fuel EX 9.8 29 - 2017";"Trek";"Mountain Bikes";2;4999.99;0.07;7.0;9999.98;699.9986;9299.9814
749;255;"2017-03-04";2017;3;"2017-03";"Baldwin Bikes";"Baldwin";"NY";"Trek Fuel EX 9.8 29 - 2017";"Trek";"Mountain Bikes";1;4999.99;0.07;7.0;4999.99;349.9993;4649.9907
785;794;"2017-03-18";2017;3;"2017-03";"Santa Cruz Bikes";"Santa Cruz";"CA";"Trek Fuel EX 9.8 29 - 2017";"Trek";"Mountain Bikes";1;4999.99;0.07;7.0;4999.99;349.9993;4649.9907
802;340;"2017-03-28";2017;3;"2017-03";"Baldwin Bikes";"Baldwin";"NY";"Trek Fuel EX 9.8 29 - 2017";"Trek";"Mountain Bikes";1;4999.99;0.1;10.0;4999.99;499.999;4499.991
812;1164;"2017-04-01";2017;4;"2017-04";"Baldwin Bikes";"Baldwin";"NY";"Trek Fuel EX 9.8 29 - 2017";"Trek";"Mountain Bikes";1;4999.99;0.2;20.0;4999.99;999.998;3999.992
982;1423;"2017-06-26";2017;6;"2017-06";"Rowlett Bikes";"Rowlett";"TX";"Trek Fuel EX 9.8 29 - 2017";"Trek";"Mountain Bikes";2;4999.99;0.05;5.0;9999.98;499.999;9499.981
1020;16;"2017-07-23";2017;7;"2017-07";"Baldwin Bikes";"Baldwin";"NY";"Trek Fuel EX 9.8 29 - 2017";"Trek";"Mountain Bikes";2;4999.99;0.05;5.0;9999.98;499.999;9499.981
1029;407;"2017-07-29";2017;7;"2017-07";"Santa Cruz Bikes";"Santa Cruz";"CA";"Trek Fuel EX 9.8 29 - 2017";"Trek";"Mountain Bikes";1;4999.99;0.2;20.0;4999.99;999.998;3999.992
1080;1086;"2017-08-19";2017;8;"2017-08";"Baldwin Bikes";"Baldwin";"NY";"Trek Fuel EX 9.8 29 - 2017";"Trek";"Mountain Bikes";1;4999.99;0.1;10.0;4999.99;499.999;4499.991
1140;1063;"2017-09-21";2017;9;"2017-09";"Rowlett Bikes";"Rowlett";"TX";"Trek Fuel EX 9.8 29 - 2017";"Trek";"Mountain Bikes";2;4999.99;0.07;7.0;9999.98;699.9986;9299.9814
1162;888;"2017-10-01";2017;10;"2017-10";"Baldwin Bikes";"Baldwin";"NY";"Trek Fuel EX 9.8 29 - 2017";"Trek";"Mountain Bikes";2;4999.99;0.2;20.0;9999.98;1999.996;7999.984
1189;1090;"2017-10-15";2017;10;"2017-10";"Baldwin Bikes";"Baldwin";"NY";"Trek Fuel EX 9.8 29 - 2017";"Trek";"Mountain Bikes";2;4999.99;0.1;10.0;9999.98;999.998;8999.982
1191;186;"2017-10-17";2017;10;"2017-10";"Baldwin Bikes";"Baldwin";"NY";"Trek Fuel EX 9.8 29 - 2017";"Trek";"Mountain Bikes";2;4999.99;0.1;10.0;9999.98;999.998;8999.982
1219;840;"2017-10-30";2017;10;"2017-10";"Baldwin Bikes";"Baldwin";"NY";"Trek Fuel EX 9.8 29 - 2017";"Trek";"Mountain Bikes";2;4999.99;0.2;20.0;9999.98;1999.996;7999.984
1238;998;"2017-11-09";2017;11;"2017-11";"Baldwin Bikes";"Baldwin";"NY";"Trek Fuel EX 9.8 29 - 2017";"Trek";"Mountain Bikes";1;4999.99;0.1;10.0;4999.99;499.999;4499.991
1251;289;"2017-11-17";2017;11;"2017-11";"Rowlett Bikes";"Rowlett";"TX";"Trek Fuel EX 9.8 29 - 2017";"Trek";"Mountain Bikes";2;4999.99;0.1;10.0;9999.98;999.998;8999.982
1345;1037;"2018-01-14";2018;1;"2018-01";"Baldwin Bikes";"Baldwin";"NY";"Trek Fuel EX 9.8 29 - 2017";"Trek";"Mountain Bikes";2;4999.99;0.2;20.0;9999.98;1999.996;7999.984
1482;94;"2018-04-01";2018;4;"2018-04";"Baldwin Bikes";"Baldwin";"NY";"Trek Fuel EX 9.8 29 - 2017";"Trek";"Mountain Bikes";1;4999.99;0.05;5.0;4999.99;249.9995;4749.9905
1515;61;"2018-04-10";2018;4;"2018-04";"Rowlett Bikes";"Rowlett";"TX";"Trek Fuel EX 9.8 29 - 2017";"Trek";"Mountain Bikes";1;4999.99;0.1;10.0;4999.99;499.999;4499.991
1592;6;"2018-04-27";2018;4;"2018-04";"Baldwin Bikes";"Baldwin";"NY";"Trek Fuel EX 9.8 29 - 2017";"Trek";"Mountain Bikes";2;4999.99;0.07;7.0;9999.98;699.9986;9299.9814
645;1199;"2017-01-08";2017;1;"2017-01";"Baldwin Bikes";"Baldwin";"NY";"Trek Fuel EX 5 27.5 Plus - 2017";"Trek";"Mountain Bikes";2;2299.99;0.05;5.0;4599.98;229.999;4369.981
659;1391;"2017-01-17";2017;1;"2017-01";"Baldwin Bikes";"Baldwin";"NY";"Trek Fuel EX 5 27.5 Plus - 2017";"Trek";"Mountain Bikes";2;2299.99;0.05;5.0;4599.98;229.999;4369.981
665;29;"2017-01-21";2017;1;"2017-01";"Baldwin Bikes";"Baldwin";"NY";"Trek Fuel EX 5 27.5 Plus - 2017";"Trek";"Mountain Bikes";2;2299.99;0.2;20.0;4599.98;919.996;3679.984
710;295;"2017-02-13";2017;2;"2017-02";"Baldwin Bikes";"Baldwin";"NY";"Trek Fuel EX 5 27.5 Plus - 2017";"Trek";"Mountain Bikes";1;2299.99;0.05;5.0;2299.99;114.9995;2184.9905
770;135;"2017-03-09";2017;3;"2017-03";"Rowlett Bikes";"Rowlett";"TX";"Trek Fuel EX 5 27.5 Plus - 2017";"Trek";"Mountain Bikes";1;2299.99;0.2;20.0;2299.99;459.998;1839.992
776;490;"2017-03-13";2017;3;"2017-03";"Baldwin Bikes";"Baldwin";"NY";"Trek Fuel EX 5 27.5 Plus - 2017";"Trek";"Mountain Bikes";2;2299.99;0.2;20.0;4599.98;919.996;3679.984
798;619;"2017-03-26";2017;3;"2017-03";"Santa Cruz Bikes";"Santa Cruz";"CA";"Trek Fuel EX 5 27.5 Plus - 2017";"Trek";"Mountain Bikes";1;2299.99;0.2;20.0;2299.99;459.998;1839.992
842;1133;"2017-04-15";2017;4;"2017-04";"Baldwin Bikes";"Baldwin";"NY";"Trek Fuel EX 5 27.5 Plus - 2017";"Trek";"Mountain Bikes";1;2299.99;0.1;10.0;2299.99;229.999;2069.991
853;883;"2017-04-21";2017;4;"2017-04";"Rowlett Bikes";"Rowlett";"TX";"Trek Fuel EX 5 27.5 Plus - 2017";"Trek";"Mountain Bikes";2;2299.99;0.2;20.0;4599.98;919.996;3679.984
905;609;"2017-05-23";2017;5;"2017-05";"Baldwin Bikes";"Baldwin";"NY";"Trek Fuel EX 5 27.5 Plus - 2017";"Trek";"Mountain Bikes";2;2299.99;0.2;20.0;4599.98;919.996;3679.984
915;215;"2017-05-28";2017;5;"2017-05";"Baldwin Bikes";"Baldwin";"NY";"Trek Fuel EX 5 27.5 Plus - 2017";"Trek";"Mountain Bikes";1;2299.99;0.2;20.0;2299.99;459.998;1839.992
947;278;"2017-06-15";2017;6;"2017-06";"Santa Cruz Bikes";"Santa Cruz";"CA";"Trek Fuel EX 5 27.5 Plus - 2017";"Trek";"Mountain Bikes";2;2299.99;0.07;7.0;4599.98;321.9986;4277.9814
1112;798;"2017-09-05";2017;9;"2017-09";"Baldwin Bikes";"Baldwin";"NY";"Trek Fuel EX 5 27.5 Plus - 2017";"Trek";"Mountain Bikes";1;2299.99;0.07;7.0;2299.99;160.9993;2138.9907
1200;48;"2017-10-23";2017;10;"2017-10";"Baldwin Bikes";"Baldwin";"NY";"Trek Fuel EX 5 27.5 Plus - 2017";"Trek";"Mountain Bikes";2;2299.99;0.2;20.0;4599.98;919.996;3679.984
1221;1290;"2017-10-31";2017;10;"2017-10";"Baldwin Bikes";"Baldwin";"NY";"Trek Fuel EX 5 27.5 Plus - 2017";"Trek";"Mountain Bikes";2;2299.99;0.1;10.0;4599.98;459.998;4139.982
1226;226;"2017-11-04";2017;11;"2017-11";"Baldwin Bikes";"Baldwin";"NY";"Trek Fuel EX 5 27.5 Plus - 2017";"Trek";"Mountain Bikes";1;2299.99;0.1;10.0;2299.99;229.999;2069.991
1227;702;"2017-11-04";2017;11;"2017-11";"Baldwin Bikes";"Baldwin";"NY";"Trek Fuel EX 5 27.5 Plus - 2017";"Trek";"Mountain Bikes";2;2299.99;0.2;20.0;4599.98;919.996;3679.984
1261;435;"2017-11-23";2017;11;"2017-11";"Baldwin Bikes";"Baldwin";"NY";"Trek Fuel EX 5 27.5 Plus - 2017";"Trek";"Mountain Bikes";1;2299.99;0.1;10.0;2299.99;229.999;2069.991
1276;893;"2017-11-30";2017;11;"2017-11";"Baldwin Bikes";"Baldwin";"NY";"Trek Fuel EX 5 27.5 Plus - 2017";"Trek";"Mountain Bikes";1;2299.99;0.05;5.0;2299.99;114.9995;2184.9905
1306;28;"2017-12-20";2017;12;"2017-12";"Baldwin Bikes";"Baldwin";"NY";"Trek Fuel EX 5 27.5 Plus - 2017";"Trek";"Mountain Bikes";1;2299.99;0.2;20.0;2299.99;459.998;1839.992
1311;1021;"2017-12-24";2017;12;"2017-12";"Baldwin Bikes";"Baldwin";"NY";"Trek Fuel EX 5 27.5 Plus - 2017";"Trek";"Mountain Bikes";1;2299.99;0.1;10.0;2299.99;229.999;2069.991
1334;425;"2018-01-07";2018;1;"2018-01";"Baldwin Bikes";"Baldwin";"NY";"Trek Fuel EX 5 27.5 Plus - 2017";"Trek";"Mountain Bikes";1;2299.99;0.05;5.0;2299.99;114.9995;2184.9905
1439;463;"2018-03-15";2018;3;"2018-03";"Baldwin Bikes";"Baldwin";"NY";"Trek Fuel EX 5 27.5 Plus - 2017";"Trek";"Mountain Bikes";1;2299.99;0.07;7.0;2299.99;160.9993;2138.9907
1488;181;"2018-04-03";2018;4;"2018-04";"Santa Cruz Bikes";"Santa Cruz";"CA";"Trek Fuel EX 5 27.5 Plus - 2017";"Trek";"Mountain Bikes";1;2299.99;0.07;7.0;2299.99;160.9993;2138.9907
653;1249;"2017-01-14";2017;1;"2017-01";"Santa Cruz Bikes";"Santa Cruz";"CA";"Trek Fuel EX 9.8 27.5 Plus - 2017";"Trek";"Mountain Bikes";1;5299.99;0.1;10.0;5299.99;529.999;4769.991
755;531;"2017-03-06";2017;3;"2017-03";"Baldwin Bikes";"Baldwin";"NY";"Trek Fuel EX 9.8 27.5 Plus - 2017";"Trek";"Mountain Bikes";2;5299.99;0.05;5.0;10599.98;529.999;10069.981
761;1291;"2017-03-07";2017;3;"2017-03";"Baldwin Bikes";"Baldwin";"NY";"Trek Fuel EX 9.8 27.5 Plus - 2017";"Trek";"Mountain Bikes";1;5299.99;0.07;7.0;5299.99;370.9993;4928.9907
827;666;"2017-04-07";2017;4;"2017-04";"Baldwin Bikes";"Baldwin";"NY";"Trek Fuel EX 9.8 27.5 Plus - 2017";"Trek";"Mountain Bikes";1;5299.99;0.05;5.0;5299.99;264.9995;5034.9905
840;372;"2017-04-15";2017;4;"2017-04";"Baldwin Bikes";"Baldwin";"NY";"Trek Fuel EX 9.8 27.5 Plus - 2017";"Trek";"Mountain Bikes";1;5299.99;0.07;7.0;5299.99;370.9993;4928.9907
885;66;"2017-05-13";2017;5;"2017-05";"Rowlett Bikes";"Rowlett";"TX";"Trek Fuel EX 9.8 27.5 Plus - 2017";"Trek";"Mountain Bikes";1;5299.99;0.1;10.0;5299.99;529.999;4769.991
901;345;"2017-05-21";2017;5;"2017-05";"Baldwin Bikes";"Baldwin";"NY";"Trek Fuel EX 9.8 27.5 Plus - 2017";"Trek";"Mountain Bikes";1;5299.99;0.07;7.0;5299.99;370.9993;4928.9907
927;1438;"2017-06-03";2017;6;"2017-06";"Santa Cruz Bikes";"Santa Cruz";"CA";"Trek Fuel EX 9.8 27.5 Plus - 2017";"Trek";"Mountain Bikes";1;5299.99;0.07;7.0;5299.99;370.9993;4928.9907
951;339;"2017-06-16";2017;6;"2017-06";"Baldwin Bikes";"Baldwin";"NY";"Trek Fuel EX 9.8 27.5 Plus - 2017";"Trek";"Mountain Bikes";2;5299.99;0.1;10.0;10599.98;1059.998;9539.982
955;880;"2017-06-17";2017;6;"2017-06";"Baldwin Bikes";"Baldwin";"NY";"Trek Fuel EX 9.8 27.5 Plus - 2017";"Trek";"Mountain Bikes";1;5299.99;0.1;10.0;5299.99;529.999;4769.991
1023;356;"2017-07-23";2017;7;"2017-07";"Baldwin Bikes";"Baldwin";"NY";"Trek Fuel EX 9.8 27.5 Plus - 2017";"Trek";"Mountain Bikes";2;5299.99;0.1;10.0;10599.98;1059.998;9539.982
1055;140;"2017-08-12";2017;8;"2017-08";"Baldwin Bikes";"Baldwin";"NY";"Trek Fuel EX 9.8 27.5 Plus - 2017";"Trek";"Mountain Bikes";2;5299.99;0.07;7.0;10599.98;741.9986;9857.9814
1058;782;"2017-08-13";2017;8;"2017-08";"Baldwin Bikes";"Baldwin";"NY";"Trek Fuel EX 9.8 27.5 Plus - 2017";"Trek";"Mountain Bikes";1;5299.99;0.1;10.0;5299.99;529.999;4769.991
1104;268;"2017-09-01";2017;9;"2017-09";"Baldwin Bikes";"Baldwin";"NY";"Trek Fuel EX 9.8 27.5 Plus - 2017";"Trek";"Mountain Bikes";1;5299.99;0.07;7.0;5299.99;370.9993;4928.9907
1107;1424;"2017-09-02";2017;9;"2017-09";"Baldwin Bikes";"Baldwin";"NY";"Trek Fuel EX 9.8 27.5 Plus - 2017";"Trek";"Mountain Bikes";1;5299.99;0.2;20.0;5299.99;1059.998;4239.992
1132;351;"2017-09-19";2017;9;"2017-09";"Baldwin Bikes";"Baldwin";"NY";"Trek Fuel EX 9.8 27.5 Plus - 2017";"Trek";"Mountain Bikes";1;5299.99;0.05;5.0;5299.99;264.9995;5034.9905
1216;886;"2017-10-28";2017;10;"2017-10";"Baldwin Bikes";"Baldwin";"NY";"Trek Fuel EX 9.8 27.5 Plus - 2017";"Trek";"Mountain Bikes";1;5299.99;0.1;10.0;5299.99;529.999;4769.991
1255;375;"2017-11-19";2017;11;"2017-11";"Baldwin Bikes";"Baldwin";"NY";"Trek Fuel EX 9.8 27.5 Plus - 2017";"Trek";"Mountain Bikes";2;5299.99;0.2;20.0;10599.98;2119.996;8479.984
1262;509;"2017-11-23";2017;11;"2017-11";"Baldwin Bikes";"Baldwin";"NY";"Trek Fuel EX 9.8 27.5 Plus - 2017";"Trek";"Mountain Bikes";2;5299.99;0.07;7.0;10599.98;741.9986;9857.9814
1297;108;"2017-12-14";2017;12;"2017-12";"Baldwin Bikes";"Baldwin";"NY";"Trek Fuel EX 9.8 27.5 Plus - 2017";"Trek";"Mountain Bikes";1;5299.99;0.05;5.0;5299.99;264.9995;5034.9905
1347;247;"2018-01-15";2018;1;"2018-01";"Santa Cruz Bikes";"Santa Cruz";"CA";"Trek Fuel EX 9.8 27.5 Plus - 2017";"Trek";"Mountain Bikes";2;5299.99;0.07;7.0;10599.98;741.9986;9857.9814
1412;1043;"2018-03-01";2018;3;"2018-03";"Baldwin Bikes";"Baldwin";"NY";"Trek Fuel EX 9.8 27.5 Plus - 2017";"Trek";"Mountain Bikes";1;5299.99;0.1;10.0;5299.99;529.999;4769.991
1476;35;"2018-03-31";2018;3;"2018-03";"Baldwin Bikes";"Baldwin";"NY";"Trek Fuel EX 9.8 27.5 Plus - 2017";"Trek";"Mountain Bikes";1;5299.99;0.07;7.0;5299.99;370.9993;4928.9907
1505;22;"2018-04-08";2018;4;"2018-04";"Baldwin Bikes";"Baldwin";"NY";"Trek Fuel EX 9.8 27.5 Plus - 2017";"Trek";"Mountain Bikes";2;5299.99;0.05;5.0;10599.98;529.999;10069.981
1584;109;"2018-04-26";2018;4;"2018-04";"Santa Cruz Bikes";"Santa Cruz";"CA";"Trek Fuel EX 9.8 27.5 Plus - 2017";"Trek";"Mountain Bikes";1;5299.99;0.2;20.0;5299.99;1059.998;4239.992
645;1199;"2017-01-08";2017;1;"2017-01";"Baldwin Bikes";"Baldwin";"NY";"Trek Remedy 9.8 - 2017";"Trek";"Mountain Bikes";2;5299.99;0.07;7.0;10599.98;741.9986;9857.9814
660;383;"2017-01-18";2017;1;"2017-01";"Baldwin Bikes";"Baldwin";"NY";"Trek Remedy 9.8 - 2017";"Trek";"Mountain Bikes";2;5299.99;0.05;5.0;10599.98;529.999;10069.981
664;681;"2017-01-20";2017;1;"2017-01";"Baldwin Bikes";"Baldwin";"NY";"Trek Remedy 9.8 - 2017";"Trek";"Mountain Bikes";1;5299.99;0.07;7.0;5299.99;370.9993;4928.9907
708;660;"2017-02-10";2017;2;"2017-02";"Santa Cruz Bikes";"Santa Cruz";"CA";"Trek Remedy 9.8 - 2017";"Trek";"Mountain Bikes";1;5299.99;0.1;10.0;5299.99;529.999;4769.991
732;147;"2017-02-26";2017;2;"2017-02";"Baldwin Bikes";"Baldwin";"NY";"Trek Remedy 9.8 - 2017";"Trek";"Mountain Bikes";1;5299.99;0.07;7.0;5299.99;370.9993;4928.9907
779;367;"2017-03-15";2017;3;"2017-03";"Baldwin Bikes";"Baldwin";"NY";"Trek Remedy 9.8 - 2017";"Trek";"Mountain Bikes";1;5299.99;0.2;20.0;5299.99;1059.998;4239.992
846;715;"2017-04-17";2017;4;"2017-04";"Baldwin Bikes";"Baldwin";"NY";"Trek Remedy 9.8 - 2017";"Trek";"Mountain Bikes";1;5299.99;0.07;7.0;5299.99;370.9993;4928.9907
886;1396;"2017-05-13";2017;5;"2017-05";"Santa Cruz Bikes";"Santa Cruz";"CA";"Trek Remedy 9.8 - 2017";"Trek";"Mountain Bikes";1;5299.99;0.05;5.0;5299.99;264.9995;5034.9905
961;82;"2017-06-19";2017;6;"2017-06";"Santa Cruz Bikes";"Santa Cruz";"CA";"Trek Remedy 9.8 - 2017";"Trek";"Mountain Bikes";2;5299.99;0.2;20.0;10599.98;2119.996;8479.984
973;238;"2017-06-24";2017;6;"2017-06";"Baldwin Bikes";"Baldwin";"NY";"Trek Remedy 9.8 - 2017";"Trek";"Mountain Bikes";2;5299.99;0.05;5.0;10599.98;529.999;10069.981
1118;1023;"2017-09-08";2017;9;"2017-09";"Baldwin Bikes";"Baldwin";"NY";"Trek Remedy 9.8 - 2017";"Trek";"Mountain Bikes";2;5299.99;0.2;20.0;10599.98;2119.996;8479.984
1170;534;"2017-10-05";2017;10;"2017-10";"Baldwin Bikes";"Baldwin";"NY";"Trek Remedy 9.8 - 2017";"Trek";"Mountain Bikes";2;5299.99;0.05;5.0;10599.98;529.999;10069.981
1220;803;"2017-10-31";2017;10;"2017-10";"Baldwin Bikes";"Baldwin";"NY";"Trek Remedy 9.8 - 2017";"Trek";"Mountain Bikes";2;5299.99;0.1;10.0;10599.98;1059.998;9539.982
1393;547;"2018-02-14";2018;2;"2018-02";"Baldwin Bikes";"Baldwin";"NY";"Trek Remedy 9.8 - 2017";"Trek";"Mountain Bikes";2;5299.99;0.05;5.0;10599.98;529.999;10069.981
1401;15;"2018-02-18";2018;2;"2018-02";"Baldwin Bikes";"Baldwin";"NY";"Trek 820 - 2018";"Trek";"Mountain Bikes";1;379.99;0.07;7.0;379.99;26.5993;353.3907
1404;1240;"2018-02-23";2018;2;"2018-02";"Santa Cruz Bikes";"Santa Cruz";"CA";"Trek 820 - 2018";"Trek";"Mountain Bikes";2;379.99;0.05;5.0;759.98;37.999;721.981
1595;71;"2018-04-28";2018;4;"2018-04";"Baldwin Bikes";"Baldwin";"NY";"Trek 820 - 2018";"Trek";"Mountain Bikes";1;379.99;0.2;20.0;379.99;75.998;303.992
1368;765;"2018-01-27";2018;1;"2018-01";"Baldwin Bikes";"Baldwin";"NY";"Trek Marlin 5 - 2018";"Trek";"Mountain Bikes";2;489.99;0.07;7.0;979.98;68.5986;911.3814
1406;1053;"2018-02-25";2018;2;"2018-02";"Baldwin Bikes";"Baldwin";"NY";"Trek Marlin 5 - 2018";"Trek";"Mountain Bikes";1;489.99;0.1;10.0;489.99;48.999;440.991
1423;1231;"2018-03-06";2018;3;"2018-03";"Santa Cruz Bikes";"Santa Cruz";"CA";"Trek Marlin 5 - 2018";"Trek";"Mountain Bikes";2;489.99;0.2;20.0;979.98;195.996;783.984
1457;1411;"2018-03-20";2018;3;"2018-03";"Baldwin Bikes";"Baldwin";"NY";"Trek Marlin 5 - 2018";"Trek";"Mountain Bikes";1;489.99;0.07;7.0;489.99;34.2993;455.6907
1482;94;"2018-04-01";2018;4;"2018-04";"Baldwin Bikes";"Baldwin";"NY";"Trek Marlin 5 - 2018";"Trek";"Mountain Bikes";1;489.99;0.05;5.0;489.99;24.4995;465.4905
1486;84;"2018-04-02";2018;4;"2018-04";"Baldwin Bikes";"Baldwin";"NY";"Trek Marlin 5 - 2018";"Trek";"Mountain Bikes";1;489.99;0.1;10.0;489.99;48.999;440.991
1408;1172;"2018-02-26";2018;2;"2018-02";"Baldwin Bikes";"Baldwin";"NY";"Trek Marlin 6 - 2018";"Trek";"Mountain Bikes";1;579.99;0.07;7.0;579.99;40.5993;539.3907
1601;43;"2018-04-29";2018;4;"2018-04";"Rowlett Bikes";"Rowlett";"TX";"Trek Marlin 6 - 2018";"Trek";"Mountain Bikes";2;579.99;0.2;20.0;1159.98;231.996;927.984
1366;1441;"2018-01-26";2018;1;"2018-01";"Baldwin Bikes";"Baldwin";"NY";"Trek Fuel EX 8 29 - 2018";"Trek";"Mountain Bikes";1;3199.99;0.1;10.0;3199.99;319.999;2879.991
1467;152;"2018-03-26";2018;3;"2018-03";"Baldwin Bikes";"Baldwin";"NY";"Trek Fuel EX 8 29 - 2018";"Trek";"Mountain Bikes";1;3199.99;0.2;20.0;3199.99;639.998;2559.992
1562;88;"2018-04-20";2018;4;"2018-04";"Baldwin Bikes";"Baldwin";"NY";"Trek Fuel EX 8 29 - 2018";"Trek";"Mountain Bikes";2;3199.99;0.07;7.0;6399.98;447.9986;5951.9814
1572;14;"2018-04-22";2018;4;"2018-04";"Rowlett Bikes";"Rowlett";"TX";"Trek Fuel EX 8 29 - 2018";"Trek";"Mountain Bikes";1;3199.99;0.05;5.0;3199.99;159.9995;3039.9905
1440;859;"2018-03-15";2018;3;"2018-03";"Rowlett Bikes";"Rowlett";"TX";"Trek Marlin 7 - 2017/2018";"Trek";"Mountain Bikes";2;749.99;0.07;7.0;1499.98;104.9986;1394.9814
1530;110;"2018-04-13";2018;4;"2018-04";"Santa Cruz Bikes";"Santa Cruz";"CA";"Trek Marlin 7 - 2017/2018";"Trek";"Mountain Bikes";1;749.99;0.1;10.0;749.99;74.999;674.991
1451;822;"2018-03-19";2018;3;"2018-03";"Baldwin Bikes";"Baldwin";"NY";"Trek Ticket S Frame - 2018";"Trek";"Mountain Bikes";1;1469.99;0.05;5.0;1469.99;73.4995;1396.4905
1522;78;"2018-04-12";2018;4;"2018-04";"Santa Cruz Bikes";"Santa Cruz";"CA";"Trek Ticket S Frame - 2018";"Trek";"Mountain Bikes";1;1469.99;0.07;7.0;1469.99;102.8993;1367.0907
1534;18;"2018-04-14";2018;4;"2018-04";"Baldwin Bikes";"Baldwin";"NY";"Trek Ticket S Frame - 2018";"Trek";"Mountain Bikes";1;1469.99;0.05;5.0;1469.99;73.4995;1396.4905
1538;79;"2018-04-15";2018;4;"2018-04";"Baldwin Bikes";"Baldwin";"NY";"Trek Ticket S Frame - 2018";"Trek";"Mountain Bikes";1;1469.99;0.07;7.0;1469.99;102.8993;1367.0907
1379;1256;"2018-02-02";2018;2;"2018-02";"Baldwin Bikes";"Baldwin";"NY";"Trek X-Caliber 8 - 2018";"Trek";"Mountain Bikes";1;999.99;0.1;10.0;999.99;99.999;899.991
1560;57;"2018-04-20";2018;4;"2018-04";"Baldwin Bikes";"Baldwin";"NY";"Trek X-Caliber 8 - 2018";"Trek";"Mountain Bikes";2;999.99;0.2;20.0;1999.98;399.996;1599.984
1549;17;"2018-04-17";2018;4;"2018-04";"Baldwin Bikes";"Baldwin";"NY";"Trek Kids' Neko - 2018";"Trek";"Mountain Bikes";1;469.99;0.05;5.0;469.99;23.4995;446.4905
1556;4;"2018-04-18";2018;4;"2018-04";"Baldwin Bikes";"Baldwin";"NY";"Trek Kids' Neko - 2018";"Trek";"Mountain Bikes";2;469.99;0.05;5.0;939.98;46.999;892.981
1580;191;"2018-04-24";2018;4;"2018-04";"Santa Cruz Bikes";"Santa Cruz";"CA";"Trek Kids' Neko - 2018";"Trek";"Mountain Bikes";2;469.99;0.07;7.0;939.98;65.7986;874.1814
1324;862;"2018-01-01";2018;1;"2018-01";"Baldwin Bikes";"Baldwin";"NY";"Trek Fuel EX 7 29 - 2018";"Trek";"Mountain Bikes";2;2499.99;0.2;20.0;4999.98;999.996;3999.984
1418;364;"2018-03-04";2018;3;"2018-03";"Baldwin Bikes";"Baldwin";"NY";"Trek Fuel EX 7 29 - 2018";"Trek";"Mountain Bikes";2;2499.99;0.2;20.0;4999.98;999.996;3999.984
1445;515;"2018-03-17";2018;3;"2018-03";"Baldwin Bikes";"Baldwin";"NY";"Trek Farley Carbon Frameset - 2018";"Trek";"Mountain Bikes";2;999.99;0.1;10.0;1999.98;199.998;1799.982
1460;1131;"2018-03-21";2018;3;"2018-03";"Baldwin Bikes";"Baldwin";"NY";"Trek Farley Carbon Frameset - 2018";"Trek";"Mountain Bikes";2;999.99;0.07;7.0;1999.98;139.9986;1859.9814
1474;816;"2018-03-30";2018;3;"2018-03";"Santa Cruz Bikes";"Santa Cruz";"CA";"Trek Farley Carbon Frameset - 2018";"Trek";"Mountain Bikes";1;999.99;0.05;5.0;999.99;49.9995;949.9905
1478;392;"2018-03-31";2018;3;"2018-03";"Baldwin Bikes";"Baldwin";"NY";"Trek Farley Carbon Frameset - 2018";"Trek";"Mountain Bikes";1;999.99;0.2;20.0;999.99;199.998;799.992
1521;53;"2018-04-12";2018;4;"2018-04";"Santa Cruz Bikes";"Santa Cruz";"CA";"Trek Farley Carbon Frameset - 2018";"Trek";"Mountain Bikes";1;999.99;0.1;10.0;999.99;99.999;899.991
1558;63;"2018-04-19";2018;4;"2018-04";"Baldwin Bikes";"Baldwin";"NY";"Trek Farley Carbon Frameset - 2018";"Trek";"Mountain Bikes";1;999.99;0.07;7.0;999.99;69.9993;929.9907
1328;1083;"2018-01-02";2018;1;"2018-01";"Baldwin Bikes";"Baldwin";"NY";"Trek X-Caliber 7 - 2018";"Trek";"Mountain Bikes";2;919.99;0.1;10.0;1839.98;183.998;1655.982
1378;983;"2018-02-02";2018;2;"2018-02";"Santa Cruz Bikes";"Santa Cruz";"CA";"Trek X-Caliber 7 - 2018";"Trek";"Mountain Bikes";2;919.99;0.2;20.0;1839.98;367.996;1471.984
1573;24;"2018-04-23";2018;4;"2018-04";"Santa Cruz Bikes";"Santa Cruz";"CA";"Trek X-Caliber 7 - 2018";"Trek";"Mountain Bikes";1;919.99;0.07;7.0;919.99;64.3993;855.5907
1357;440;"2018-01-20";2018;1;"2018-01";"Baldwin Bikes";"Baldwin";"NY";"Trek Stache Carbon Frameset - 2018";"Trek";"Mountain Bikes";1;919.99;0.2;20.0;919.99;183.998;735.992
1374;1330;"2018-01-30";2018;1;"2018-01";"Santa Cruz Bikes";"Santa Cruz";"CA";"Trek Stache Carbon Frameset - 2018";"Trek";"Mountain Bikes";2;919.99;0.07;7.0;1839.98;128.7986;1711.1814
1377;1007;"2018-02-01";2018;2;"2018-02";"Baldwin Bikes";"Baldwin";"NY";"Trek Stache Carbon Frameset - 2018";"Trek";"Mountain Bikes";1;919.99;0.05;5.0;919.99;45.9995;873.9905
1481;62;"2018-04-01";2018;4;"2018-04";"Baldwin Bikes";"Baldwin";"NY";"Trek Stache Carbon Frameset - 2018";"Trek";"Mountain Bikes";1;919.99;0.1;10.0;919.99;91.999;827.991
1367;1118;"2018-01-27";2018;1;"2018-01";"Santa Cruz Bikes";"Santa Cruz";"CA";"Trek Procal AL Frameset - 2018";"Trek";"Mountain Bikes";1;1499.99;0.1;10.0;1499.99;149.999;1349.991
1605;123;"2018-07-01";2018;7;"2018-07";"Rowlett Bikes";"Rowlett";"TX";"Trek Procal AL Frameset - 2018";"Trek";"Mountain Bikes";2;1499.99;0.1;10.0;2999.98;299.998;2699.982
1351;1016;"2018-01-16";2018;1;"2018-01";"Baldwin Bikes";"Baldwin";"NY";"Trek Procaliber Frameset - 2018";"Trek";"Mountain Bikes";1;1499.99;0.1;10.0;1499.99;149.999;1349.991
1582;240;"2018-04-25";2018;4;"2018-04";"Santa Cruz Bikes";"Santa Cruz";"CA";"Trek Procaliber Frameset - 2018";"Trek";"Mountain Bikes";2;1499.99;0.07;7.0;2999.98;209.9986;2789.9814
1346;136;"2018-01-14";2018;1;"2018-01";"Rowlett Bikes";"Rowlett";"TX";"Trek Remedy 27.5 C Frameset - 2018";"Trek";"Mountain Bikes";2;1499.99;0.05;5.0;2999.98;149.999;2849.981
1370;115;"2018-01-28";2018;1;"2018-01";"Baldwin Bikes";"Baldwin";"NY";"Trek Remedy 27.5 C Frameset - 2018";"Trek";"Mountain Bikes";1;1499.99;0.1;10.0;1499.99;149.999;1349.991
1382;1303;"2018-02-06";2018;2;"2018-02";"Baldwin Bikes";"Baldwin";"NY";"Trek X-Caliber Frameset - 2018";"Trek";"Mountain Bikes";1;1499.99;0.07;7.0;1499.99;104.9993;1394.9907
1385;866;"2018-02-08";2018;2;"2018-02";"Rowlett Bikes";"Rowlett";"TX";"Trek X-Caliber Frameset - 2018";"Trek";"Mountain Bikes";1;1499.99;0.05;5.0;1499.99;74.9995;1424.9905
1521;53;"2018-04-12";2018;4;"2018-04";"Santa Cruz Bikes";"Santa Cruz";"CA";"Trek X-Caliber Frameset - 2018";"Trek";"Mountain Bikes";2;1499.99;0.2;20.0;2999.98;599.996;2399.984
1352;1433;"2018-01-16";2018;1;"2018-01";"Baldwin Bikes";"Baldwin";"NY";"Trek Procaliber 6 - 2018";"Trek";"Mountain Bikes";1;1799.99;0.2;20.0;1799.99;359.998;1439.992
1471;1310;"2018-03-28";2018;3;"2018-03";"Baldwin Bikes";"Baldwin";"NY";"Trek Procaliber 6 - 2018";"Trek";"Mountain Bikes";1;1799.99;0.07;7.0;1799.99;125.9993;1673.9907
1543;76;"2018-04-16";2018;4;"2018-04";"Baldwin Bikes";"Baldwin";"NY";"Trek Procaliber 6 - 2018";"Trek";"Mountain Bikes";1;1799.99;0.2;20.0;1799.99;359.998;1439.992
1335;955;"2018-01-07";2018;1;"2018-01";"Baldwin Bikes";"Baldwin";"NY";"Trek Fuel EX 5 Plus - 2018";"Trek";"Mountain Bikes";2;2249.99;0.05;5.0;4499.98;224.999;4274.981
1349;464;"2018-01-15";2018;1;"2018-01";"Baldwin Bikes";"Baldwin";"NY";"Trek Fuel EX 5 Plus - 2018";"Trek";"Mountain Bikes";2;2249.99;0.05;5.0;4499.98;224.999;4274.981
1591;165;"2018-04-27";2018;4;"2018-04";"Santa Cruz Bikes";"Santa Cruz";"CA";"Trek Fuel EX 5 Plus - 2018";"Trek";"Mountain Bikes";2;2249.99;0.05;5.0;4499.98;224.999;4274.981
1325;68;"2018-01-01";2018;1;"2018-01";"Rowlett Bikes";"Rowlett";"TX";"Trek Remedy 7 27.5 - 2018";"Trek";"Mountain Bikes";1;2999.99;0.05;5.0;2999.99;149.9995;2849.9905
1397;920;"2018-02-15";2018;2;"2018-02";"Baldwin Bikes";"Baldwin";"NY";"Trek Remedy 7 27.5 - 2018";"Trek";"Mountain Bikes";1;2999.99;0.07;7.0;2999.99;209.9993;2789.9907
1427;999;"2018-03-07";2018;3;"2018-03";"Baldwin Bikes";"Baldwin";"NY";"Trek Remedy 7 27.5 - 2018";"Trek";"Mountain Bikes";1;2999.99;0.05;5.0;2999.99;149.9995;2849.9905
1491;82;"2018-04-04";2018;4;"2018-04";"Santa Cruz Bikes";"Santa Cruz";"CA";"Trek Remedy 7 27.5 - 2018";"Trek";"Mountain Bikes";2;2999.99;0.07;7.0;5999.98;419.9986;5579.9814
1424;1445;"2018-03-07";2018;3;"2018-03";"Santa Cruz Bikes";"Santa Cruz";"CA";"Trek Remedy 9.8 27.5 - 2018";"Trek";"Mountain Bikes";2;4999.99;0.2;20.0;9999.98;1999.996;7999.984
1438;263;"2018-03-15";2018;3;"2018-03";"Baldwin Bikes";"Baldwin";"NY";"Trek Remedy 9.8 27.5 - 2018";"Trek";"Mountain Bikes";1;4999.99;0.2;20.0;4999.99;999.998;3999.992
1435;744;"2018-03-14";2018;3;"2018-03";"Baldwin Bikes";"Baldwin";"NY";"Trek Stache 5 - 2018";"Trek";"Mountain Bikes";2;1599.99;0.07;7.0;3199.98;223.9986;2975.9814
1437;518;"2018-03-15";2018;3;"2018-03";"Santa Cruz Bikes";"Santa Cruz";"CA";"Trek Stache 5 - 2018";"Trek";"Mountain Bikes";2;1599.99;0.05;5.0;3199.98;159.999;3039.981
1497;31;"2018-04-06";2018;4;"2018-04";"Santa Cruz Bikes";"Santa Cruz";"CA";"Trek Stache 5 - 2018";"Trek";"Mountain Bikes";2;1599.99;0.2;20.0;3199.98;639.996;2559.984
1522;78;"2018-04-12";2018;4;"2018-04";"Santa Cruz Bikes";"Santa Cruz";"CA";"Trek Stache 5 - 2018";"Trek";"Mountain Bikes";1;1599.99;0.07;7.0;1599.99;111.9993;1487.9907
1378;983;"2018-02-02";2018;2;"2018-02";"Santa Cruz Bikes";"Santa Cruz";"CA";"Trek Fuel EX 8 29 XT - 2018";"Trek";"Mountain Bikes";2;3199.99;0.07;7.0;6399.98;447.9986;5951.9814
1384;1126;"2018-02-08";2018;2;"2018-02";"Baldwin Bikes";"Baldwin";"NY";"Trek Fuel EX 8 29 XT - 2018";"Trek";"Mountain Bikes";2;3199.99;0.1;10.0;6399.98;639.998;5759.982
1476;35;"2018-03-31";2018;3;"2018-03";"Baldwin Bikes";"Baldwin";"NY";"Trek Fuel EX 8 29 XT - 2018";"Trek";"Mountain Bikes";2;3199.99;0.07;7.0;6399.98;447.9986;5951.9814
1510;16;"2018-04-09";2018;4;"2018-04";"Baldwin Bikes";"Baldwin";"NY";"Trek Fuel EX 8 29 XT - 2018";"Trek";"Mountain Bikes";2;3199.99;0.05;5.0;6399.98;319.999;6079.981
1541;10;"2018-04-16";2018;4;"2018-04";"Baldwin Bikes";"Baldwin";"NY";"Trek Fuel EX 8 29 XT - 2018";"Trek";"Mountain Bikes";2;3199.99;0.1;10.0;6399.98;639.998;5759.982
6;94;"2016-01-04";2016;1;"2016-01";"Baldwin Bikes";"Baldwin";"NY";"Trek Conduit+ - 2016";"Trek";"Electric Bikes";2;2999.99;0.07;7.0;5999.98;419.9986;5579.9814
18;541;"2016-01-14";2016;1;"2016-01";"Santa Cruz Bikes";"Santa Cruz";"CA";"Trek Conduit+ - 2016";"Trek";"Electric Bikes";2;2999.99;0.1;10.0;5999.98;599.998;5399.982
19;696;"2016-01-14";2016;1;"2016-01";"Santa Cruz Bikes";"Santa Cruz";"CA";"Trek Conduit+ - 2016";"Trek";"Electric Bikes";2;2999.99;0.2;20.0;5999.98;1199.996;4799.984
20;923;"2016-01-14";2016;1;"2016-01";"Santa Cruz Bikes";"Santa Cruz";"CA";"Trek Conduit+ - 2016";"Trek";"Electric Bikes";1;2999.99;0.07;7.0;2999.99;209.9993;2789.9907
31;1238;"2016-01-20";2016;1;"2016-01";"Rowlett Bikes";"Rowlett";"TX";"Trek Conduit+ - 2016";"Trek";"Electric Bikes";2;2999.99;0.2;20.0;5999.98;1199.996;4799.984
36;1321;"2016-01-23";2016;1;"2016-01";"Baldwin Bikes";"Baldwin";"NY";"Trek Conduit+ - 2016";"Trek";"Electric Bikes";1;2999.99;0.07;7.0;2999.99;209.9993;2789.9907
79;529;"2016-02-17";2016;2;"2016-02";"Santa Cruz Bikes";"Santa Cruz";"CA";"Trek Conduit+ - 2016";"Trek";"Electric Bikes";2;2999.99;0.1;10.0;5999.98;599.998;5399.982
86;276;"2016-02-21";2016;2;"2016-02";"Baldwin Bikes";"Baldwin";"NY";"Trek Conduit+ - 2016";"Trek";"Electric Bikes";2;2999.99;0.1;10.0;5999.98;599.998;5399.982
103;991;"2016-03-03";2016;3;"2016-03";"Santa Cruz Bikes";"Santa Cruz";"CA";"Trek Conduit+ - 2016";"Trek";"Electric Bikes";2;2999.99;0.1;10.0;5999.98;599.998;5399.982
105;306;"2016-03-03";2016;3;"2016-03";"Baldwin Bikes";"Baldwin";"NY";"Trek Conduit+ - 2016";"Trek";"Electric Bikes";1;2999.99;0.05;5.0;2999.99;149.9995;2849.9905
126;1365;"2016-03-16";2016;3;"2016-03";"Baldwin Bikes";"Baldwin";"NY";"Trek Conduit+ - 2016";"Trek";"Electric Bikes";2;2999.99;0.05;5.0;5999.98;299.999;5699.981
129;84;"2016-03-19";2016;3;"2016-03";"Baldwin Bikes";"Baldwin";"NY";"Trek Conduit+ - 2016";"Trek";"Electric Bikes";1;2999.99;0.1;10.0;2999.99;299.999;2699.991
132;46;"2016-03-20";2016;3;"2016-03";"Santa Cruz Bikes";"Santa Cruz";"CA";"Trek Conduit+ - 2016";"Trek";"Electric Bikes";1;2999.99;0.1;10.0;2999.99;299.999;2699.991
145;366;"2016-03-27";2016;3;"2016-03";"Baldwin Bikes";"Baldwin";"NY";"Trek Conduit+ - 2016";"Trek";"Electric Bikes";2;2999.99;0.1;10.0;5999.98;599.998;5399.982
225;307;"2016-05-17";2016;5;"2016-05";"Santa Cruz Bikes";"Santa Cruz";"CA";"Trek Conduit+ - 2016";"Trek";"Electric Bikes";1;2999.99;0.1;10.0;2999.99;299.999;2699.991
240;65;"2016-05-27";2016;5;"2016-05";"Baldwin Bikes";"Baldwin";"NY";"Trek Conduit+ - 2016";"Trek";"Electric Bikes";1;2999.99;0.07;7.0;2999.99;209.9993;2789.9907
248;1376;"2016-05-30";2016;5;"2016-05";"Baldwin Bikes";"Baldwin";"NY";"Trek Conduit+ - 2016";"Trek";"Electric Bikes";1;2999.99;0.2;20.0;2999.99;599.998;2399.992
262;579;"2016-06-08";2016;6;"2016-06";"Rowlett Bikes";"Rowlett";"TX";"Trek Conduit+ - 2016";"Trek";"Electric Bikes";2;2999.99;0.05;5.0;5999.98;299.999;5699.981
263;1322;"2016-06-09";2016;6;"2016-06";"Baldwin Bikes";"Baldwin";"NY";"Trek Conduit+ - 2016";"Trek";"Electric Bikes";1;2999.99;0.07;7.0;2999.99;209.9993;2789.9907
265;682;"2016-06-10";2016;6;"2016-06";"Baldwin Bikes";"Baldwin";"NY";"Trek Conduit+ - 2016";"Trek";"Electric Bikes";2;2999.99;0.2;20.0;5999.98;1199.996;4799.984
268;540;"2016-06-11";2016;6;"2016-06";"Santa Cruz Bikes";"Santa Cruz";"CA";"Trek Conduit+ - 2016";"Trek";"Electric Bikes";1;2999.99;0.1;10.0;2999.99;299.999;2699.991
274;411;"2016-06-17";2016;6;"2016-06";"Baldwin Bikes";"Baldwin";"NY";"Trek Conduit+ - 2016";"Trek";"Electric Bikes";2;2999.99;0.07;7.0;5999.98;419.9986;5579.9814
276;1227;"2016-06-18";2016;6;"2016-06";"Baldwin Bikes";"Baldwin";"NY";"Trek Conduit+ - 2016";"Trek";"Electric Bikes";2;2999.99;0.07;7.0;5999.98;419.9986;5579.9814
283;181;"2016-06-23";2016;6;"2016-06";"Santa Cruz Bikes";"Santa Cruz";"CA";"Trek Conduit+ - 2016";"Trek";"Electric Bikes";1;2999.99;0.05;5.0;2999.99;149.9995;2849.9905
296;1245;"2016-07-04";2016;7;"2016-07";"Baldwin Bikes";"Baldwin";"NY";"Trek Conduit+ - 2016";"Trek";"Electric Bikes";1;2999.99;0.2;20.0;2999.99;599.998;2399.992
298;885;"2016-07-04";2016;7;"2016-07";"Rowlett Bikes";"Rowlett";"TX";"Trek Conduit+ - 2016";"Trek";"Electric Bikes";1;2999.99;0.07;7.0;2999.99;209.9993;2789.9907
300;1205;"2016-07-05";2016;7;"2016-07";"Baldwin Bikes";"Baldwin";"NY";"Trek Conduit+ - 2016";"Trek";"Electric Bikes";2;2999.99;0.1;10.0;5999.98;599.998;5399.982
314;1019;"2016-07-15";2016;7;"2016-07";"Baldwin Bikes";"Baldwin";"NY";"Trek Conduit+ - 2016";"Trek";"Electric Bikes";1;2999.99;0.05;5.0;2999.99;149.9995;2849.9905
315;1263;"2016-07-16";2016;7;"2016-07";"Baldwin Bikes";"Baldwin";"NY";"Trek Conduit+ - 2016";"Trek";"Electric Bikes";1;2999.99;0.1;10.0;2999.99;299.999;2699.991
318;1141;"2016-07-17";2016;7;"2016-07";"Baldwin Bikes";"Baldwin";"NY";"Trek Conduit+ - 2016";"Trek";"Electric Bikes";1;2999.99;0.05;5.0;2999.99;149.9995;2849.9905
334;1112;"2016-07-25";2016;7;"2016-07";"Baldwin Bikes";"Baldwin";"NY";"Trek Conduit+ - 2016";"Trek";"Electric Bikes";1;2999.99;0.05;5.0;2999.99;149.9995;2849.9905
338;1333;"2016-07-28";2016;7;"2016-07";"Santa Cruz Bikes";"Santa Cruz";"CA";"Trek Conduit+ - 2016";"Trek";"Electric Bikes";1;2999.99;0.05;5.0;2999.99;149.9995;2849.9905
342;806;"2016-07-31";2016;7;"2016-07";"Baldwin Bikes";"Baldwin";"NY";"Trek Conduit+ - 2016";"Trek";"Electric Bikes";1;2999.99;0.2;20.0;2999.99;599.998;2399.992
357;14;"2016-08-05";2016;8;"2016-08";"Rowlett Bikes";"Rowlett";"TX";"Trek Conduit+ - 2016";"Trek";"Electric Bikes";1;2999.99;0.05;5.0;2999.99;149.9995;2849.9905
359;441;"2016-08-07";2016;8;"2016-08";"Baldwin Bikes";"Baldwin";"NY";"Trek Conduit+ - 2016";"Trek";"Electric Bikes";2;2999.99;0.07;7.0;5999.98;419.9986;5579.9814
379;954;"2016-08-18";2016;8;"2016-08";"Baldwin Bikes";"Baldwin";"NY";"Trek Conduit+ - 2016";"Trek";"Electric Bikes";1;2999.99;0.07;7.0;2999.99;209.9993;2789.9907
382;199;"2016-08-20";2016;8;"2016-08";"Baldwin Bikes";"Baldwin";"NY";"Trek Conduit+ - 2016";"Trek";"Electric Bikes";1;2999.99;0.1;10.0;2999.99;299.999;2699.991
389;53;"2016-08-22";2016;8;"2016-08";"Santa Cruz Bikes";"Santa Cruz";"CA";"Trek Conduit+ - 2016";"Trek";"Electric Bikes";1;2999.99;0.2;20.0;2999.99;599.998;2399.992
390;576;"2016-08-22";2016;8;"2016-08";"Rowlett Bikes";"Rowlett";"TX";"Trek Conduit+ - 2016";"Trek";"Electric Bikes";1;2999.99;0.05;5.0;2999.99;149.9995;2849.9905
400;1295;"2016-08-29";2016;8;"2016-08";"Baldwin Bikes";"Baldwin";"NY";"Trek Conduit+ - 2016";"Trek";"Electric Bikes";1;2999.99;0.2;20.0;2999.99;599.998;2399.992
404;396;"2016-08-31";2016;8;"2016-08";"Baldwin Bikes";"Baldwin";"NY";"Trek Conduit+ - 2016";"Trek";"Electric Bikes";1;2999.99;0.07;7.0;2999.99;209.9993;2789.9907
410;1151;"2016-09-01";2016;9;"2016-09";"Baldwin Bikes";"Baldwin";"NY";"Trek Conduit+ - 2016";"Trek";"Electric Bikes";2;2999.99;0.05;5.0;5999.98;299.999;5699.981
413;717;"2016-09-02";2016;9;"2016-09";"Baldwin Bikes";"Baldwin";"NY";"Trek Conduit+ - 2016";"Trek";"Electric Bikes";1;2999.99;0.07;7.0;2999.99;209.9993;2789.9907
419;14;"2016-09-04";2016;9;"2016-09";"Rowlett Bikes";"Rowlett";"TX";"Trek Conduit+ - 2016";"Trek";"Electric Bikes";1;2999.99;0.05;5.0;2999.99;149.9995;2849.9905
434;726;"2016-09-13";2016;9;"2016-09";"Baldwin Bikes";"Baldwin";"NY";"Trek Conduit+ - 2016";"Trek";"Electric Bikes";1;2999.99;0.2;20.0;2999.99;599.998;2399.992
435;77;"2016-09-14";2016;9;"2016-09";"Rowlett Bikes";"Rowlett";"TX";"Trek Conduit+ - 2016";"Trek";"Electric Bikes";1;2999.99;0.05;5.0;2999.99;149.9995;2849.9905
455;1055;"2016-09-23";2016;9;"2016-09";"Baldwin Bikes";"Baldwin";"NY";"Trek Conduit+ - 2016";"Trek";"Electric Bikes";1;2999.99;0.05;5.0;2999.99;149.9995;2849.9905
468;1261;"2016-09-29";2016;9;"2016-09";"Santa Cruz Bikes";"Santa Cruz";"CA";"Trek Conduit+ - 2016";"Trek";"Electric Bikes";2;2999.99;0.05;5.0;5999.98;299.999;5699.981
481;481;"2016-10-04";2016;10;"2016-10";"Rowlett Bikes";"Rowlett";"TX";"Trek Conduit+ - 2016";"Trek";"Electric Bikes";2;2999.99;0.1;10.0;5999.98;599.998;5399.982
484;421;"2016-10-06";2016;10;"2016-10";"Baldwin Bikes";"Baldwin";"NY";"Trek Conduit+ - 2016";"Trek";"Electric Bikes";2;2999.99;0.05;5.0;5999.98;299.999;5699.981
486;709;"2016-10-06";2016;10;"2016-10";"Baldwin Bikes";"Baldwin";"NY";"Trek Conduit+ - 2016";"Trek";"Electric Bikes";1;2999.99;0.07;7.0;2999.99;209.9993;2789.9907
491;1048;"2016-10-08";2016;10;"2016-10";"Santa Cruz Bikes";"Santa Cruz";"CA";"Trek Conduit+ - 2016";"Trek";"Electric Bikes";2;2999.99;0.2;20.0;5999.98;1199.996;4799.984
495;712;"2016-10-10";2016;10;"2016-10";"Santa Cruz Bikes";"Santa Cruz";"CA";"Trek Conduit+ - 2016";"Trek";"Electric Bikes";1;2999.99;0.05;5.0;2999.99;149.9995;2849.9905
524;569;"2016-10-25";2016;10;"2016-10";"Santa Cruz Bikes";"Santa Cruz";"CA";"Trek Conduit+ - 2016";"Trek";"Electric Bikes";1;2999.99;0.2;20.0;2999.99;599.998;2399.992
525;1315;"2016-10-26";2016;10;"2016-10";"Santa Cruz Bikes";"Santa Cruz";"CA";"Trek Conduit+ - 2016";"Trek";"Electric Bikes";2;2999.99;0.07;7.0;5999.98;419.9986;5579.9814
527;506;"2016-10-27";2016;10;"2016-10";"Santa Cruz Bikes";"Santa Cruz";"CA";"Trek Conduit+ - 2016";"Trek";"Electric Bikes";2;2999.99;0.2;20.0;5999.98;1199.996;4799.984
534;1406;"2016-10-29";2016;10;"2016-10";"Baldwin Bikes";"Baldwin";"NY";"Trek Conduit+ - 2016";"Trek";"Electric Bikes";2;2999.99;0.05;5.0;5999.98;299.999;5699.981
539;1144;"2016-11-02";2016;11;"2016-11";"Baldwin Bikes";"Baldwin";"NY";"Trek Conduit+ - 2016";"Trek";"Electric Bikes";2;2999.99;0.1;10.0;5999.98;599.998;5399.982
542;313;"2016-11-04";2016;11;"2016-11";"Baldwin Bikes";"Baldwin";"NY";"Trek Conduit+ - 2016";"Trek";"Electric Bikes";1;2999.99;0.1;10.0;2999.99;299.999;2699.991
547;20;"2016-11-09";2016;11;"2016-11";"Rowlett Bikes";"Rowlett";"TX";"Trek Conduit+ - 2016";"Trek";"Electric Bikes";1;2999.99;0.2;20.0;2999.99;599.998;2399.992
557;1248;"2016-11-14";2016;11;"2016-11";"Baldwin Bikes";"Baldwin";"NY";"Trek Conduit+ - 2016";"Trek";"Electric Bikes";2;2999.99;0.1;10.0;5999.98;599.998;5399.982
558;1443;"2016-11-15";2016;11;"2016-11";"Baldwin Bikes";"Baldwin";"NY";"Trek Conduit+ - 2016";"Trek";"Electric Bikes";1;2999.99;0.1;10.0;2999.99;299.999;2699.991
565;894;"2016-11-21";2016;11;"2016-11";"Baldwin Bikes";"Baldwin";"NY";"Trek Conduit+ - 2016";"Trek";"Electric Bikes";1;2999.99;0.05;5.0;2999.99;149.9995;2849.9905
567;1430;"2016-11-22";2016;11;"2016-11";"Santa Cruz Bikes";"Santa Cruz";"CA";"Trek Conduit+ - 2016";"Trek";"Electric Bikes";1;2999.99;0.2;20.0;2999.99;599.998;2399.992
571;5;"2016-11-24";2016;11;"2016-11";"Santa Cruz Bikes";"Santa Cruz";"CA";"Trek Conduit+ - 2016";"Trek";"Electric Bikes";1;2999.99;0.1;10.0;2999.99;299.999;2699.991
576;1272;"2016-11-27";2016;11;"2016-11";"Santa Cruz Bikes";"Santa Cruz";"CA";"Trek Conduit+ - 2016";"Trek";"Electric Bikes";1;2999.99;0.1;10.0;2999.99;299.999;2699.991
580;581;"2016-11-30";2016;11;"2016-11";"Santa Cruz Bikes";"Santa Cruz";"CA";"Trek Conduit+ - 2016";"Trek";"Electric Bikes";2;2999.99;0.07;7.0;5999.98;419.9986;5579.9814
596;952;"2016-12-08";2016;12;"2016-12";"Santa Cruz Bikes";"Santa Cruz";"CA";"Trek Conduit+ - 2016";"Trek";"Electric Bikes";1;2999.99;0.05;5.0;2999.99;149.9995;2849.9905
599;1;"2016-12-09";2016;12;"2016-12";"Baldwin Bikes";"Baldwin";"NY";"Trek Conduit+ - 2016";"Trek";"Electric Bikes";2;2999.99;0.05;5.0;5999.98;299.999;5699.981
604;96;"2016-12-10";2016;12;"2016-12";"Baldwin Bikes";"Baldwin";"NY";"Trek Conduit+ - 2016";"Trek";"Electric Bikes";2;2999.99;0.2;20.0;5999.98;1199.996;4799.984
613;1159;"2016-12-17";2016;12;"2016-12";"Baldwin Bikes";"Baldwin";"NY";"Trek Conduit+ - 2016";"Trek";"Electric Bikes";2;2999.99;0.1;10.0;5999.98;599.998;5399.982
622;1398;"2016-12-23";2016;12;"2016-12";"Baldwin Bikes";"Baldwin";"NY";"Trek Conduit+ - 2016";"Trek";"Electric Bikes";2;2999.99;0.07;7.0;5999.98;419.9986;5579.9814
627;1119;"2016-12-25";2016;12;"2016-12";"Baldwin Bikes";"Baldwin";"NY";"Trek Conduit+ - 2016";"Trek";"Electric Bikes";2;2999.99;0.2;20.0;5999.98;1199.996;4799.984
637;512;"2017-01-03";2017;1;"2017-01";"Baldwin Bikes";"Baldwin";"NY";"Trek Conduit+ - 2016";"Trek";"Electric Bikes";1;2999.99;0.1;10.0;2999.99;299.999;2699.991
644;439;"2017-01-08";2017;1;"2017-01";"Baldwin Bikes";"Baldwin";"NY";"Trek Conduit+ - 2016";"Trek";"Electric Bikes";1;2999.99;0.07;7.0;2999.99;209.9993;2789.9907
654;1129;"2017-01-14";2017;1;"2017-01";"Baldwin Bikes";"Baldwin";"NY";"Trek Conduit+ - 2016";"Trek";"Electric Bikes";1;2999.99;0.1;10.0;2999.99;299.999;2699.991
658;1051;"2017-01-17";2017;1;"2017-01";"Baldwin Bikes";"Baldwin";"NY";"Trek Conduit+ - 2016";"Trek";"Electric Bikes";1;2999.99;0.05;5.0;2999.99;149.9995;2849.9905
749;255;"2017-03-04";2017;3;"2017-03";"Baldwin Bikes";"Baldwin";"NY";"Trek Conduit+ - 2016";"Trek";"Electric Bikes";1;2999.99;0.2;20.0;2999.99;599.998;2399.992
807;1148;"2017-03-30";2017;3;"2017-03";"Baldwin Bikes";"Baldwin";"NY";"Trek Conduit+ - 2016";"Trek";"Electric Bikes";2;2999.99;0.2;20.0;5999.98;1199.996;4799.984
841;428;"2017-04-15";2017;4;"2017-04";"Baldwin Bikes";"Baldwin";"NY";"Trek Conduit+ - 2016";"Trek";"Electric Bikes";1;2999.99;0.2;20.0;2999.99;599.998;2399.992
892;651;"2017-05-15";2017;5;"2017-05";"Baldwin Bikes";"Baldwin";"NY";"Trek Conduit+ - 2016";"Trek";"Electric Bikes";2;2999.99;0.2;20.0;5999.98;1199.996;4799.984
949;867;"2017-06-16";2017;6;"2017-06";"Santa Cruz Bikes";"Santa Cruz";"CA";"Trek Conduit+ - 2016";"Trek";"Electric Bikes";2;2999.99;0.1;10.0;5999.98;599.998;5399.982
980;328;"2017-06-26";2017;6;"2017-06";"Rowlett Bikes";"Rowlett";"TX";"Trek Conduit+ - 2016";"Trek";"Electric Bikes";1;2999.99;0.1;10.0;2999.99;299.999;2699.991
991;751;"2017-07-06";2017;7;"2017-07";"Santa Cruz Bikes";"Santa Cruz";"CA";"Trek Conduit+ - 2016";"Trek";"Electric Bikes";2;2999.99;0.2;20.0;5999.98;1199.996;4799.984
1038;1281;"2017-07-31";2017;7;"2017-07";"Baldwin Bikes";"Baldwin";"NY";"Trek Conduit+ - 2016";"Trek";"Electric Bikes";1;2999.99;0.07;7.0;2999.99;209.9993;2789.9907
1049;194;"2017-08-09";2017;8;"2017-08";"Santa Cruz Bikes";"Santa Cruz";"CA";"Trek Conduit+ - 2016";"Trek";"Electric Bikes";1;2999.99;0.1;10.0;2999.99;299.999;2699.991
1067;225;"2017-08-17";2017;8;"2017-08";"Baldwin Bikes";"Baldwin";"NY";"Trek Conduit+ - 2016";"Trek";"Electric Bikes";2;2999.99;0.2;20.0;5999.98;1199.996;4799.984
1100;1392;"2017-08-28";2017;8;"2017-08";"Baldwin Bikes";"Baldwin";"NY";"Trek Conduit+ - 2016";"Trek";"Electric Bikes";2;2999.99;0.1;10.0;5999.98;599.998;5399.982
1112;798;"2017-09-05";2017;9;"2017-09";"Baldwin Bikes";"Baldwin";"NY";"Trek Conduit+ - 2016";"Trek";"Electric Bikes";2;2999.99;0.1;10.0;5999.98;599.998;5399.982
1122;1132;"2017-09-12";2017;9;"2017-09";"Baldwin Bikes";"Baldwin";"NY";"Trek Conduit+ - 2016";"Trek";"Electric Bikes";2;2999.99;0.07;7.0;5999.98;419.9986;5579.9814
1160;1262;"2017-10-01";2017;10;"2017-10";"Santa Cruz Bikes";"Santa Cruz";"CA";"Trek Conduit+ - 2016";"Trek";"Electric Bikes";1;2999.99;0.2;20.0;2999.99;599.998;2399.992
1175;292;"2017-10-09";2017;10;"2017-10";"Baldwin Bikes";"Baldwin";"NY";"Trek Conduit+ - 2016";"Trek";"Electric Bikes";1;2999.99;0.05;5.0;2999.99;149.9995;2849.9905
1197;269;"2017-10-21";2017;10;"2017-10";"Baldwin Bikes";"Baldwin";"NY";"Trek Conduit+ - 2016";"Trek";"Electric Bikes";2;2999.99;0.05;5.0;5999.98;299.999;5699.981
1214;783;"2017-10-28";2017;10;"2017-10";"Baldwin Bikes";"Baldwin";"NY";"Trek Conduit+ - 2016";"Trek";"Electric Bikes";2;2999.99;0.05;5.0;5999.98;299.999;5699.981
1277;227;"2017-12-01";2017;12;"2017-12";"Baldwin Bikes";"Baldwin";"NY";"Trek Conduit+ - 2016";"Trek";"Electric Bikes";2;2999.99;0.1;10.0;5999.98;599.998;5399.982
1279;1014;"2017-12-01";2017;12;"2017-12";"Baldwin Bikes";"Baldwin";"NY";"Trek Conduit+ - 2016";"Trek";"Electric Bikes";2;2999.99;0.05;5.0;5999.98;299.999;5699.981
1305;257;"2017-12-17";2017;12;"2017-12";"Baldwin Bikes";"Baldwin";"NY";"Trek Conduit+ - 2016";"Trek";"Electric Bikes";1;2999.99;0.07;7.0;2999.99;209.9993;2789.9907
1306;28;"2017-12-20";2017;12;"2017-12";"Baldwin Bikes";"Baldwin";"NY";"Trek Conduit+ - 2016";"Trek";"Electric Bikes";2;2999.99;0.07;7.0;5999.98;419.9986;5579.9814
1411;109;"2018-03-01";2018;3;"2018-03";"Santa Cruz Bikes";"Santa Cruz";"CA";"Trek Conduit+ - 2016";"Trek";"Electric Bikes";1;2999.99;0.1;10.0;2999.99;299.999;2699.991
1573;24;"2018-04-23";2018;4;"2018-04";"Santa Cruz Bikes";"Santa Cruz";"CA";"Trek Conduit+ - 2016";"Trek";"Electric Bikes";1;2999.99;0.05;5.0;2999.99;149.9995;2849.9905
1592;6;"2018-04-27";2018;4;"2018-04";"Baldwin Bikes";"Baldwin";"NY";"Trek Conduit+ - 2016";"Trek";"Electric Bikes";1;2999.99;0.2;20.0;2999.99;599.998;2399.992
639;550;"2017-01-06";2017;1;"2017-01";"Baldwin Bikes";"Baldwin";"NY";"Trek Powerfly 8 FS Plus - 2017";"Trek";"Electric Bikes";2;4999.99;0.1;10.0;9999.98;999.998;8999.982
659;1391;"2017-01-17";2017;1;"2017-01";"Baldwin Bikes";"Baldwin";"NY";"Trek Powerfly 8 FS Plus - 2017";"Trek";"Electric Bikes";2;4999.99;0.07;7.0;9999.98;699.9986;9299.9814
681;499;"2017-01-29";2017;1;"2017-01";"Baldwin Bikes";"Baldwin";"NY";"Trek Powerfly 8 FS Plus - 2017";"Trek";"Electric Bikes";1;4999.99;0.2;20.0;4999.99;999.998;3999.992
705;1196;"2017-02-08";2017;2;"2017-02";"Baldwin Bikes";"Baldwin";"NY";"Trek Powerfly 8 FS Plus - 2017";"Trek";"Electric Bikes";1;4999.99;0.1;10.0;4999.99;499.999;4499.991
715;12;"2017-02-15";2017;2;"2017-02";"Baldwin Bikes";"Baldwin";"NY";"Trek Powerfly 8 FS Plus - 2017";"Trek";"Electric Bikes";2;4999.99;0.1;10.0;9999.98;999.998;8999.982
847;329;"2017-04-18";2017;4;"2017-04";"Baldwin Bikes";"Baldwin";"NY";"Trek Powerfly 8 FS Plus - 2017";"Trek";"Electric Bikes";2;4999.99;0.05;5.0;9999.98;499.999;9499.981
900;971;"2017-05-20";2017;5;"2017-05";"Baldwin Bikes";"Baldwin";"NY";"Trek Powerfly 8 FS Plus - 2017";"Trek";"Electric Bikes";2;4999.99;0.05;5.0;9999.98;499.999;9499.981
934;93;"2017-06-09";2017;6;"2017-06";"Baldwin Bikes";"Baldwin";"NY";"Trek Powerfly 8 FS Plus - 2017";"Trek";"Electric Bikes";1;4999.99;0.07;7.0;4999.99;349.9993;4649.9907
968;1403;"2017-06-21";2017;6;"2017-06";"Baldwin Bikes";"Baldwin";"NY";"Trek Powerfly 8 FS Plus - 2017";"Trek";"Electric Bikes";2;4999.99;0.05;5.0;9999.98;499.999;9499.981
981;687;"2017-06-26";2017;6;"2017-06";"Rowlett Bikes";"Rowlett";"TX";"Trek Powerfly 8 FS Plus - 2017";"Trek";"Electric Bikes";1;4999.99;0.07;7.0;4999.99;349.9993;4649.9907
1041;70;"2017-08-04";2017;8;"2017-08";"Baldwin Bikes";"Baldwin";"NY";"Trek Powerfly 8 FS Plus - 2017";"Trek";"Electric Bikes";2;4999.99;0.07;7.0;9999.98;699.9986;9299.9814
1060;182;"2017-08-15";2017;8;"2017-08";"Baldwin Bikes";"Baldwin";"NY";"Trek Powerfly 8 FS Plus - 2017";"Trek";"Electric Bikes";2;4999.99;0.1;10.0;9999.98;999.998;8999.982
1083;1372;"2017-08-20";2017;8;"2017-08";"Baldwin Bikes";"Baldwin";"NY";"Trek Powerfly 8 FS Plus - 2017";"Trek";"Electric Bikes";1;4999.99;0.07;7.0;4999.99;349.9993;4649.9907
1123;598;"2017-09-13";2017;9;"2017-09";"Baldwin Bikes";"Baldwin";"NY";"Trek Powerfly 8 FS Plus - 2017";"Trek";"Electric Bikes";2;4999.99;0.1;10.0;9999.98;999.998;8999.982
1129;663;"2017-09-17";2017;9;"2017-09";"Baldwin Bikes";"Baldwin";"NY";"Trek Powerfly 8 FS Plus - 2017";"Trek";"Electric Bikes";2;4999.99;0.05;5.0;9999.98;499.999;9499.981
1229;89;"2017-11-05";2017;11;"2017-11";"Santa Cruz Bikes";"Santa Cruz";"CA";"Trek Powerfly 8 FS Plus - 2017";"Trek";"Electric Bikes";2;4999.99;0.1;10.0;9999.98;999.998;8999.982
1233;462;"2017-11-06";2017;11;"2017-11";"Baldwin Bikes";"Baldwin";"NY";"Trek Powerfly 8 FS Plus - 2017";"Trek";"Electric Bikes";2;4999.99;0.1;10.0;9999.98;999.998;8999.982
1249;545;"2017-11-17";2017;11;"2017-11";"Baldwin Bikes";"Baldwin";"NY";"Trek Powerfly 8 FS Plus - 2017";"Trek";"Electric Bikes";1;4999.99;0.2;20.0;4999.99;999.998;3999.992
1257;1136;"2017-11-19";2017;11;"2017-11";"Baldwin Bikes";"Baldwin";"NY";"Trek Powerfly 8 FS Plus - 2017";"Trek";"Electric Bikes";1;4999.99;0.05;5.0;4999.99;249.9995;4749.9905
1283;85;"2017-12-04";2017;12;"2017-12";"Baldwin Bikes";"Baldwin";"NY";"Trek Powerfly 8 FS Plus - 2017";"Trek";"Electric Bikes";2;4999.99;0.05;5.0;9999.98;499.999;9499.981
1295;37;"2017-12-11";2017;12;"2017-12";"Baldwin Bikes";"Baldwin";"NY";"Trek Powerfly 8 FS Plus - 2017";"Trek";"Electric Bikes";1;4999.99;0.2;20.0;4999.99;999.998;3999.992
1344;916;"2018-01-13";2018;1;"2018-01";"Baldwin Bikes";"Baldwin";"NY";"Trek Powerfly 8 FS Plus - 2017";"Trek";"Electric Bikes";1;4999.99;0.07;7.0;4999.99;349.9993;4649.9907
1434;595;"2018-03-14";2018;3;"2018-03";"Baldwin Bikes";"Baldwin";"NY";"Trek Powerfly 8 FS Plus - 2017";"Trek";"Electric Bikes";2;4999.99;0.07;7.0;9999.98;699.9986;9299.9814
1513;32;"2018-04-10";2018;4;"2018-04";"Santa Cruz Bikes";"Santa Cruz";"CA";"Trek Powerfly 8 FS Plus - 2017";"Trek";"Electric Bikes";2;4999.99;0.05;5.0;9999.98;499.999;9499.981
1566;72;"2018-04-21";2018;4;"2018-04";"Santa Cruz Bikes";"Santa Cruz";"CA";"Trek Powerfly 8 FS Plus - 2017";"Trek";"Electric Bikes";2;4999.99;0.05;5.0;9999.98;499.999;9499.981
1336;904;"2018-01-09";2018;1;"2018-01";"Santa Cruz Bikes";"Santa Cruz";"CA";"Trek Conduit+ - 2018";"Trek";"Electric Bikes";1;2799.99;0.1;10.0;2799.99;279.999;2519.991
1536;34;"2018-04-14";2018;4;"2018-04";"Baldwin Bikes";"Baldwin";"NY";"Trek Conduit+ - 2018";"Trek";"Electric Bikes";2;2799.99;0.07;7.0;5599.98;391.9986;5207.9814
1546;91;"2018-04-17";2018;4;"2018-04";"Santa Cruz Bikes";"Santa Cruz";"CA";"Trek Conduit+ - 2018";"Trek";"Electric Bikes";2;2799.99;0.1;10.0;5599.98;559.998;5039.982
1550;39;"2018-04-17";2018;4;"2018-04";"Baldwin Bikes";"Baldwin";"NY";"Trek Conduit+ - 2018";"Trek";"Electric Bikes";2;2799.99;0.1;10.0;5599.98;559.998;5039.982
1368;765;"2018-01-27";2018;1;"2018-01";"Baldwin Bikes";"Baldwin";"NY";"Trek CrossRip+ - 2018";"Trek";"Electric Bikes";1;4499.99;0.2;20.0;4499.99;899.998;3599.992
1440;859;"2018-03-15";2018;3;"2018-03";"Rowlett Bikes";"Rowlett";"TX";"Trek CrossRip+ - 2018";"Trek";"Electric Bikes";1;4499.99;0.1;10.0;4499.99;449.999;4049.991
1520;66;"2018-04-11";2018;4;"2018-04";"Rowlett Bikes";"Rowlett";"TX";"Trek CrossRip+ - 2018";"Trek";"Electric Bikes";1;4499.99;0.05;5.0;4499.99;224.9995;4274.9905
1605;123;"2018-07-01";2018;7;"2018-07";"Rowlett Bikes";"Rowlett";"TX";"Trek CrossRip+ - 2018";"Trek";"Electric Bikes";1;4499.99;0.2;20.0;4499.99;899.998;3599.992
1428;195;"2018-03-08";2018;3;"2018-03";"Baldwin Bikes";"Baldwin";"NY";"Trek Neko+ - 2018";"Trek";"Electric Bikes";2;2799.99;0.07;7.0;5599.98;391.9986;5207.9814
1584;109;"2018-04-26";2018;4;"2018-04";"Santa Cruz Bikes";"Santa Cruz";"CA";"Trek Neko+ - 2018";"Trek";"Electric Bikes";1;2799.99;0.1;10.0;2799.99;279.999;2519.991
1377;1007;"2018-02-01";2018;2;"2018-02";"Baldwin Bikes";"Baldwin";"NY";"Trek XM700+ Lowstep - 2018";"Trek";"Electric Bikes";2;3499.99;0.07;7.0;6999.98;489.9986;6509.9814
1383;488;"2018-02-07";2018;2;"2018-02";"Santa Cruz Bikes";"Santa Cruz";"CA";"Trek XM700+ Lowstep - 2018";"Trek";"Electric Bikes";2;3499.99;0.2;20.0;6999.98;1399.996;5599.984
1520;66;"2018-04-11";2018;4;"2018-04";"Rowlett Bikes";"Rowlett";"TX";"Trek XM700+ Lowstep - 2018";"Trek";"Electric Bikes";2;3499.99;0.2;20.0;6999.98;1399.996;5599.984
1563;77;"2018-04-20";2018;4;"2018-04";"Rowlett Bikes";"Rowlett";"TX";"Trek XM700+ Lowstep - 2018";"Trek";"Electric Bikes";1;3499.99;0.07;7.0;3499.99;244.9993;3254.9907
1402;1171;"2018-02-19";2018;2;"2018-02";"Baldwin Bikes";"Baldwin";"NY";"Trek Lift+ Lowstep - 2018";"Trek";"Electric Bikes";2;2799.99;0.2;20.0;5599.98;1119.996;4479.984
1326;567;"2018-01-01";2018;1;"2018-01";"Rowlett Bikes";"Rowlett";"TX";"Trek Dual Sport+ - 2018";"Trek";"Electric Bikes";2;2799.99;0.07;7.0;5599.98;391.9986;5207.9814
1438;263;"2018-03-15";2018;3;"2018-03";"Baldwin Bikes";"Baldwin";"NY";"Trek Dual Sport+ - 2018";"Trek";"Electric Bikes";2;2799.99;0.07;7.0;5599.98;391.9986;5207.9814
1593;9;"2018-04-27";2018;4;"2018-04";"Baldwin Bikes";"Baldwin";"NY";"Trek Dual Sport+ - 2018";"Trek";"Electric Bikes";2;2799.99;0.1;10.0;5599.98;559.998;5039.982
1404;1240;"2018-02-23";2018;2;"2018-02";"Santa Cruz Bikes";"Santa Cruz";"CA";"Trek Lift+ - 2018";"Trek";"Electric Bikes";2;2799.99;0.2;20.0;5599.98;1119.996;4479.984
1456;754;"2018-03-20";2018;3;"2018-03";"Baldwin Bikes";"Baldwin";"NY";"Trek Lift+ - 2018";"Trek";"Electric Bikes";2;2799.99;0.05;5.0;5599.98;279.999;5319.981
1525;38;"2018-04-12";2018;4;"2018-04";"Baldwin Bikes";"Baldwin";"NY";"Trek Lift+ - 2018";"Trek";"Electric Bikes";1;2799.99;0.07;7.0;2799.99;195.9993;2603.9907
1416;566;"2018-03-03";2018;3;"2018-03";"Rowlett Bikes";"Rowlett";"TX";"Trek XM700+ - 2018";"Trek";"Electric Bikes";1;3499.99;0.2;20.0;3499.99;699.998;2799.992
1420;838;"2018-03-04";2018;3;"2018-03";"Baldwin Bikes";"Baldwin";"NY";"Trek XM700+ - 2018";"Trek";"Electric Bikes";2;3499.99;0.1;10.0;6999.98;699.998;6299.982
1428;195;"2018-03-08";2018;3;"2018-03";"Baldwin Bikes";"Baldwin";"NY";"Trek XM700+ - 2018";"Trek";"Electric Bikes";2;3499.99;0.2;20.0;6999.98;1399.996;5599.984
1534;18;"2018-04-14";2018;4;"2018-04";"Baldwin Bikes";"Baldwin";"NY";"Trek XM700+ - 2018";"Trek";"Electric Bikes";1;3499.99;0.1;10.0;3499.99;349.999;3149.991
1544;5;"2018-04-17";2018;4;"2018-04";"Santa Cruz Bikes";"Santa Cruz";"CA";"Trek XM700+ - 2018";"Trek";"Electric Bikes";2;3499.99;0.1;10.0;6999.98;699.998;6299.982
1487;33;"2018-04-03";2018;4;"2018-04";"Santa Cruz Bikes";"Santa Cruz";"CA";"Trek Verve+ - 2018";"Trek";"Electric Bikes";1;2299.99;0.05;5.0;2299.99;114.9995;2184.9905
1516;47;"2018-04-11";2018;4;"2018-04";"Santa Cruz Bikes";"Santa Cruz";"CA";"Trek Verve+ - 2018";"Trek";"Electric Bikes";2;2299.99;0.2;20.0;4599.98;919.996;3679.984
1536;34;"2018-04-14";2018;4;"2018-04";"Baldwin Bikes";"Baldwin";"NY";"Trek Verve+ - 2018";"Trek";"Electric Bikes";2;2299.99;0.2;20.0;4599.98;919.996;3679.984
1420;838;"2018-03-04";2018;3;"2018-03";"Baldwin Bikes";"Baldwin";"NY";"Trek Verve+ Lowstep - 2018";"Trek";"Electric Bikes";1;2299.99;0.2;20.0;2299.99;459.998;1839.992
1538;79;"2018-04-15";2018;4;"2018-04";"Baldwin Bikes";"Baldwin";"NY";"Trek Verve+ Lowstep - 2018";"Trek";"Electric Bikes";1;2299.99;0.2;20.0;2299.99;459.998;1839.992
1552;73;"2018-04-17";2018;4;"2018-04";"Baldwin Bikes";"Baldwin";"NY";"Trek Verve+ Lowstep - 2018";"Trek";"Electric Bikes";1;2299.99;0.1;10.0;2299.99;229.999;2069.991
1615;136;"2018-12-28";2018;12;"2018-12";"Rowlett Bikes";"Rowlett";"TX";"Trek Verve+ Lowstep - 2018";"Trek";"Electric Bikes";2;2299.99;0.2;20.0;4599.98;919.996;3679.984
1366;1441;"2018-01-26";2018;1;"2018-01";"Baldwin Bikes";"Baldwin";"NY";"Trek Powerfly 5 - 2018";"Trek";"Electric Bikes";1;3499.99;0.07;7.0;3499.99;244.9993;3254.9907
1460;1131;"2018-03-21";2018;3;"2018-03";"Baldwin Bikes";"Baldwin";"NY";"Trek Powerfly 5 FS - 2018";"Trek";"Electric Bikes";1;4499.99;0.05;5.0;4499.99;224.9995;4274.9905
1515;61;"2018-04-10";2018;4;"2018-04";"Rowlett Bikes";"Rowlett";"TX";"Trek Powerfly 5 Women's - 2018";"Trek";"Electric Bikes";2;3499.99;0.1;10.0;6999.98;699.998;6299.982
1548;170;"2018-04-17";2018;4;"2018-04";"Santa Cruz Bikes";"Santa Cruz";"CA";"Trek Powerfly 5 Women's - 2018";"Trek";"Electric Bikes";1;3499.99;0.07;7.0;3499.99;244.9993;3254.9907
1576;12;"2018-04-23";2018;4;"2018-04";"Baldwin Bikes";"Baldwin";"NY";"Trek Powerfly 5 Women's - 2018";"Trek";"Electric Bikes";2;3499.99;0.05;5.0;6999.98;349.999;6649.981
1334;425;"2018-01-07";2018;1;"2018-01";"Baldwin Bikes";"Baldwin";"NY";"Trek Powerfly 7 FS - 2018";"Trek";"Electric Bikes";2;4999.99;0.05;5.0;9999.98;499.999;9499.981
1348;1214;"2018-01-15";2018;1;"2018-01";"Santa Cruz Bikes";"Santa Cruz";"CA";"Trek Powerfly 7 FS - 2018";"Trek";"Electric Bikes";1;4999.99;0.05;5.0;4999.99;249.9995;4749.9905
1402;1171;"2018-02-19";2018;2;"2018-02";"Baldwin Bikes";"Baldwin";"NY";"Trek Powerfly 7 FS - 2018";"Trek";"Electric Bikes";1;4999.99;0.05;5.0;4999.99;249.9995;4749.9905
1410;1005;"2018-02-27";2018;2;"2018-02";"Baldwin Bikes";"Baldwin";"NY";"Trek Powerfly 7 FS - 2018";"Trek";"Electric Bikes";2;4999.99;0.2;20.0;9999.98;1999.996;7999.984
1514;87;"2018-04-10";2018;4;"2018-04";"Santa Cruz Bikes";"Santa Cruz";"CA";"Trek Powerfly 7 FS - 2018";"Trek";"Electric Bikes";2;4999.99;0.05;5.0;9999.98;499.999;9499.981
1362;310;"2018-01-23";2018;1;"2018-01";"Baldwin Bikes";"Baldwin";"NY";"Trek Super Commuter+ 7 - 2018";"Trek";"Electric Bikes";2;3599.99;0.07;7.0;7199.98;503.9986;6695.9814
1395;1052;"2018-02-15";2018;2;"2018-02";"Santa Cruz Bikes";"Santa Cruz";"CA";"Trek Super Commuter+ 7 - 2018";"Trek";"Electric Bikes";1;3599.99;0.2;20.0;3599.99;719.998;2879.992
1497;31;"2018-04-06";2018;4;"2018-04";"Santa Cruz Bikes";"Santa Cruz";"CA";"Trek Super Commuter+ 7 - 2018";"Trek";"Electric Bikes";2;3599.99;0.07;7.0;7199.98;503.9986;6695.9814
1547;169;"2018-04-17";2018;4;"2018-04";"Santa Cruz Bikes";"Santa Cruz";"CA";"Trek Super Commuter+ 7 - 2018";"Trek";"Electric Bikes";1;3599.99;0.2;20.0;3599.99;719.998;2879.992
1578;93;"2018-04-23";2018;4;"2018-04";"Baldwin Bikes";"Baldwin";"NY";"Trek Super Commuter+ 7 - 2018";"Trek";"Electric Bikes";2;3599.99;0.07;7.0;7199.98;503.9986;6695.9814
1333;203;"2018-01-06";2018;1;"2018-01";"Rowlett Bikes";"Rowlett";"TX";"Trek Super Commuter+ 8S - 2018";"Trek";"Electric Bikes";2;4999.99;0.05;5.0;9999.98;499.999;9499.981
1349;464;"2018-01-15";2018;1;"2018-01";"Baldwin Bikes";"Baldwin";"NY";"Trek Super Commuter+ 8S - 2018";"Trek";"Electric Bikes";2;4999.99;0.07;7.0;9999.98;699.9986;9299.9814
1410;1005;"2018-02-27";2018;2;"2018-02";"Baldwin Bikes";"Baldwin";"NY";"Trek Super Commuter+ 8S - 2018";"Trek";"Electric Bikes";2;4999.99;0.1;10.0;9999.98;999.998;8999.982
1482;94;"2018-04-01";2018;4;"2018-04";"Baldwin Bikes";"Baldwin";"NY";"Trek Super Commuter+ 8S - 2018";"Trek";"Electric Bikes";2;4999.99;0.05;5.0;9999.98;499.999;9499.981
641;673;"2017-01-07";2017;1;"2017-01";"Santa Cruz Bikes";"Santa Cruz";"CA";"Trek Boone 7 - 2017";"Trek";"Cyclocross Bicycles";1;3499.99;0.2;20.0;3499.99;699.998;2799.992
652;985;"2017-01-12";2017;1;"2017-01";"Rowlett Bikes";"Rowlett";"TX";"Trek Boone 7 - 2017";"Trek";"Cyclocross Bicycles";2;3499.99;0.2;20.0;6999.98;1399.996;5599.984
704;1137;"2017-02-08";2017;2;"2017-02";"Baldwin Bikes";"Baldwin";"NY";"Trek Boone 7 - 2017";"Trek";"Cyclocross Bicycles";1;3499.99;0.2;20.0;3499.99;699.998;2799.992
725;870;"2017-02-19";2017;2;"2017-02";"Baldwin Bikes";"Baldwin";"NY";"Trek Boone 7 - 2017";"Trek";"Cyclocross Bicycles";2;3499.99;0.1;10.0;6999.98;699.998;6299.982
736;184;"2017-02-27";2017;2;"2017-02";"Baldwin Bikes";"Baldwin";"NY";"Trek Boone 7 - 2017";"Trek";"Cyclocross Bicycles";2;3499.99;0.2;20.0;6999.98;1399.996;5599.984
790;1015;"2017-03-19";2017;3;"2017-03";"Baldwin Bikes";"Baldwin";"NY";"Trek Boone 7 - 2017";"Trek";"Cyclocross Bicycles";2;3499.99;0.07;7.0;6999.98;489.9986;6509.9814
797;374;"2017-03-24";2017;3;"2017-03";"Baldwin Bikes";"Baldwin";"NY";"Trek Boone 7 - 2017";"Trek";"Cyclocross Bicycles";2;3499.99;0.1;10.0;6999.98;699.998;6299.982
805;420;"2017-03-29";2017;3;"2017-03";"Baldwin Bikes";"Baldwin";"NY";"Trek Boone 7 - 2017";"Trek";"Cyclocross Bicycles";2;3499.99;0.2;20.0;6999.98;1399.996;5599.984
861;1177;"2017-04-27";2017;4;"2017-04";"Baldwin Bikes";"Baldwin";"NY";"Trek Boone 7 - 2017";"Trek";"Cyclocross Bicycles";1;3499.99;0.2;20.0;3499.99;699.998;2799.992
872;394;"2017-05-03";2017;5;"2017-05";"Santa Cruz Bikes";"Santa Cruz";"CA";"Trek Boone 7 - 2017";"Trek";"Cyclocross Bicycles";2;3499.99;0.07;7.0;6999.98;489.9986;6509.9814
905;609;"2017-05-23";2017;5;"2017-05";"Baldwin Bikes";"Baldwin";"NY";"Trek Boone 7 - 2017";"Trek";"Cyclocross Bicycles";2;3499.99;0.05;5.0;6999.98;349.999;6649.981
925;1316;"2017-06-02";2017;6;"2017-06";"Baldwin Bikes";"Baldwin";"NY";"Trek Boone 7 - 2017";"Trek";"Cyclocross Bicycles";2;3499.99;0.2;20.0;6999.98;1399.996;5599.984
946;525;"2017-06-14";2017;6;"2017-06";"Baldwin Bikes";"Baldwin";"NY";"Trek Boone 7 - 2017";"Trek";"Cyclocross Bicycles";1;3499.99;0.05;5.0;3499.99;174.9995;3324.9905
951;339;"2017-06-16";2017;6;"2017-06";"Baldwin Bikes";"Baldwin";"NY";"Trek Boone 7 - 2017";"Trek";"Cyclocross Bicycles";2;3499.99;0.2;20.0;6999.98;1399.996;5599.984
1133;517;"2017-09-19";2017;9;"2017-09";"Baldwin Bikes";"Baldwin";"NY";"Trek Boone 7 - 2017";"Trek";"Cyclocross Bicycles";1;3499.99;0.2;20.0;3499.99;699.998;2799.992
1170;534;"2017-10-05";2017;10;"2017-10";"Baldwin Bikes";"Baldwin";"NY";"Trek Boone 7 - 2017";"Trek";"Cyclocross Bicycles";2;3499.99;0.1;10.0;6999.98;699.998;6299.982
1177;21;"2017-10-12";2017;10;"2017-10";"Rowlett Bikes";"Rowlett";"TX";"Trek Boone 7 - 2017";"Trek";"Cyclocross Bicycles";2;3499.99;0.07;7.0;6999.98;489.9986;6509.9814
1219;840;"2017-10-30";2017;10;"2017-10";"Baldwin Bikes";"Baldwin";"NY";"Trek Boone 7 - 2017";"Trek";"Cyclocross Bicycles";2;3499.99;0.1;10.0;6999.98;699.998;6299.982
1224;544;"2017-11-03";2017;11;"2017-11";"Baldwin Bikes";"Baldwin";"NY";"Trek Boone 7 - 2017";"Trek";"Cyclocross Bicycles";1;3499.99;0.07;7.0;3499.99;244.9993;3254.9907
1249;545;"2017-11-17";2017;11;"2017-11";"Baldwin Bikes";"Baldwin";"NY";"Trek Boone 7 - 2017";"Trek";"Cyclocross Bicycles";1;3499.99;0.05;5.0;3499.99;174.9995;3324.9905
1263;1408;"2017-11-23";2017;11;"2017-11";"Baldwin Bikes";"Baldwin";"NY";"Trek Boone 7 - 2017";"Trek";"Cyclocross Bicycles";1;3499.99;0.05;5.0;3499.99;174.9995;3324.9905
1287;279;"2017-12-07";2017;12;"2017-12";"Santa Cruz Bikes";"Santa Cruz";"CA";"Trek Boone 7 - 2017";"Trek";"Cyclocross Bicycles";2;3499.99;0.1;10.0;6999.98;699.998;6299.982
1288;778;"2017-12-07";2017;12;"2017-12";"Rowlett Bikes";"Rowlett";"TX";"Trek Boone 7 - 2017";"Trek";"Cyclocross Bicycles";2;3499.99;0.1;10.0;6999.98;699.998;6299.982
1318;75;"2017-12-27";2017;12;"2017-12";"Baldwin Bikes";"Baldwin";"NY";"Trek Boone 7 - 2017";"Trek";"Cyclocross Bicycles";2;3499.99;0.2;20.0;6999.98;1399.996;5599.984
1548;170;"2018-04-17";2018;4;"2018-04";"Santa Cruz Bikes";"Santa Cruz";"CA";"Trek Boone 7 - 2017";"Trek";"Cyclocross Bicycles";2;3499.99;0.2;20.0;6999.98;1399.996;5599.984
661;626;"2017-01-18";2017;1;"2017-01";"Baldwin Bikes";"Baldwin";"NY";"Trek Boone Race Shop Limited - 2017";"Trek";"Cyclocross Bicycles";2;3499.99;0.07;7.0;6999.98;489.9986;6509.9814
681;499;"2017-01-29";2017;1;"2017-01";"Baldwin Bikes";"Baldwin";"NY";"Trek Boone Race Shop Limited - 2017";"Trek";"Cyclocross Bicycles";1;3499.99;0.07;7.0;3499.99;244.9993;3254.9907
700;4;"2017-02-07";2017;2;"2017-02";"Baldwin Bikes";"Baldwin";"NY";"Trek Boone Race Shop Limited - 2017";"Trek";"Cyclocross Bicycles";1;3499.99;0.2;20.0;3499.99;699.998;2799.992
738;124;"2017-02-28";2017;2;"2017-02";"Santa Cruz Bikes";"Santa Cruz";"CA";"Trek Boone Race Shop Limited - 2017";"Trek";"Cyclocross Bicycles";1;3499.99;0.07;7.0;3499.99;244.9993;3254.9907
767;564;"2017-03-09";2017;3;"2017-03";"Baldwin Bikes";"Baldwin";"NY";"Trek Boone Race Shop Limited - 2017";"Trek";"Cyclocross Bicycles";1;3499.99;0.1;10.0;3499.99;349.999;3149.991
799;607;"2017-03-27";2017;3;"2017-03";"Santa Cruz Bikes";"Santa Cruz";"CA";"Trek Boone Race Shop Limited - 2017";"Trek";"Cyclocross Bicycles";1;3499.99;0.1;10.0;3499.99;349.999;3149.991
844;1436;"2017-04-16";2017;4;"2017-04";"Baldwin Bikes";"Baldwin";"NY";"Trek Boone Race Shop Limited - 2017";"Trek";"Cyclocross Bicycles";2;3499.99;0.05;5.0;6999.98;349.999;6649.981
870;1416;"2017-05-01";2017;5;"2017-05";"Baldwin Bikes";"Baldwin";"NY";"Trek Boone Race Shop Limited - 2017";"Trek";"Cyclocross Bicycles";1;3499.99;0.07;7.0;3499.99;244.9993;3254.9907
882;196;"2017-05-09";2017;5;"2017-05";"Baldwin Bikes";"Baldwin";"NY";"Trek Boone Race Shop Limited - 2017";"Trek";"Cyclocross Bicycles";2;3499.99;0.07;7.0;6999.98;489.9986;6509.9814
929;472;"2017-06-05";2017;6;"2017-06";"Baldwin Bikes";"Baldwin";"NY";"Trek Boone Race Shop Limited - 2017";"Trek";"Cyclocross Bicycles";2;3499.99;0.1;10.0;6999.98;699.998;6299.982
955;880;"2017-06-17";2017;6;"2017-06";"Baldwin Bikes";"Baldwin";"NY";"Trek Boone Race Shop Limited - 2017";"Trek";"Cyclocross Bicycles";1;3499.99;0.2;20.0;3499.99;699.998;2799.992
972;270;"2017-06-23";2017;6;"2017-06";"Baldwin Bikes";"Baldwin";"NY";"Trek Boone Race Shop Limited - 2017";"Trek";"Cyclocross Bicycles";1;3499.99;0.07;7.0;3499.99;244.9993;3254.9907
983;1158;"2017-06-27";2017;6;"2017-06";"Baldwin Bikes";"Baldwin";"NY";"Trek Boone Race Shop Limited - 2017";"Trek";"Cyclocross Bicycles";1;3499.99;0.1;10.0;3499.99;349.999;3149.991
1065;25;"2017-08-17";2017;8;"2017-08";"Baldwin Bikes";"Baldwin";"NY";"Trek Boone Race Shop Limited - 2017";"Trek";"Cyclocross Bicycles";1;3499.99;0.07;7.0;3499.99;244.9993;3254.9907
1163;934;"2017-10-01";2017;10;"2017-10";"Baldwin Bikes";"Baldwin";"NY";"Trek Boone Race Shop Limited - 2017";"Trek";"Cyclocross Bicycles";2;3499.99;0.05;5.0;6999.98;349.999;6649.981
1183;216;"2017-10-14";2017;10;"2017-10";"Baldwin Bikes";"Baldwin";"NY";"Trek Boone Race Shop Limited - 2017";"Trek";"Cyclocross Bicycles";1;3499.99;0.2;20.0;3499.99;699.998;2799.992
1185;960;"2017-10-14";2017;10;"2017-10";"Baldwin Bikes";"Baldwin";"NY";"Trek Boone Race Shop Limited - 2017";"Trek";"Cyclocross Bicycles";2;3499.99;0.1;10.0;6999.98;699.998;6299.982
1280;123;"2017-12-01";2017;12;"2017-12";"Rowlett Bikes";"Rowlett";"TX";"Trek Boone Race Shop Limited - 2017";"Trek";"Cyclocross Bicycles";1;3499.99;0.2;20.0;3499.99;699.998;2799.992
1303;878;"2017-12-16";2017;12;"2017-12";"Baldwin Bikes";"Baldwin";"NY";"Trek Boone Race Shop Limited - 2017";"Trek";"Cyclocross Bicycles";2;3499.99;0.2;20.0;6999.98;1399.996;5599.984
1373;427;"2018-01-29";2018;1;"2018-01";"Rowlett Bikes";"Rowlett";"TX";"Trek Boone Race Shop Limited - 2017";"Trek";"Cyclocross Bicycles";1;3499.99;0.1;10.0;3499.99;349.999;3149.991
1587;231;"2018-04-26";2018;4;"2018-04";"Santa Cruz Bikes";"Santa Cruz";"CA";"Trek Boone Race Shop Limited - 2017";"Trek";"Cyclocross Bicycles";2;3499.99;0.05;5.0;6999.98;349.999;6649.981
1343;594;"2018-01-13";2018;1;"2018-01";"Baldwin Bikes";"Baldwin";"NY";"Trek Boone 5 Disc - 2018";"Trek";"Cyclocross Bicycles";1;3299.99;0.1;10.0;3299.99;329.999;2969.991
1538;79;"2018-04-15";2018;4;"2018-04";"Baldwin Bikes";"Baldwin";"NY";"Trek Boone 5 Disc - 2018";"Trek";"Cyclocross Bicycles";1;3299.99;0.07;7.0;3299.99;230.9993;3068.9907
1336;904;"2018-01-09";2018;1;"2018-01";"Santa Cruz Bikes";"Santa Cruz";"CA";"Trek Boone 7 Disc - 2018";"Trek";"Cyclocross Bicycles";1;3999.99;0.1;10.0;3999.99;399.999;3599.991
1431;308;"2018-03-11";2018;3;"2018-03";"Baldwin Bikes";"Baldwin";"NY";"Trek Boone 7 Disc - 2018";"Trek";"Cyclocross Bicycles";1;3999.99;0.1;10.0;3999.99;399.999;3599.991
1551;70;"2018-04-17";2018;4;"2018-04";"Baldwin Bikes";"Baldwin";"NY";"Trek Boone 7 Disc - 2018";"Trek";"Cyclocross Bicycles";2;3999.99;0.2;20.0;7999.98;1599.996;6399.984
1575;224;"2018-04-23";2018;4;"2018-04";"Santa Cruz Bikes";"Santa Cruz";"CA";"Trek Boone 7 Disc - 2018";"Trek";"Cyclocross Bicycles";2;3999.99;0.1;10.0;7999.98;799.998;7199.982
1585;157;"2018-04-26";2018;4;"2018-04";"Santa Cruz Bikes";"Santa Cruz";"CA";"Trek Boone 7 Disc - 2018";"Trek";"Cyclocross Bicycles";2;3999.99;0.07;7.0;7999.98;559.9986;7439.9814
1370;115;"2018-01-28";2018;1;"2018-01";"Baldwin Bikes";"Baldwin";"NY";"Trek Crockett 5 Disc - 2018";"Trek";"Cyclocross Bicycles";2;1799.99;0.2;20.0;3599.98;719.996;2879.984
1499;120;"2018-04-06";2018;4;"2018-04";"Santa Cruz Bikes";"Santa Cruz";"CA";"Trek Crockett 5 Disc - 2018";"Trek";"Cyclocross Bicycles";1;1799.99;0.07;7.0;1799.99;125.9993;1673.9907
1325;68;"2018-01-01";2018;1;"2018-01";"Rowlett Bikes";"Rowlett";"TX";"Trek Crockett 7 Disc - 2018";"Trek";"Cyclocross Bicycles";1;2999.99;0.1;10.0;2999.99;299.999;2699.991
1450;296;"2018-03-19";2018;3;"2018-03";"Baldwin Bikes";"Baldwin";"NY";"Trek Crockett 7 Disc - 2018";"Trek";"Cyclocross Bicycles";2;2999.99;0.1;10.0;5999.98;599.998;5399.982
1532;7;"2018-04-13";2018;4;"2018-04";"Baldwin Bikes";"Baldwin";"NY";"Trek Crockett 7 Disc - 2018";"Trek";"Cyclocross Bicycles";2;2999.99;0.07;7.0;5999.98;419.9986;5579.9814
656;949;"2017-01-16";2017;1;"2017-01";"Baldwin Bikes";"Baldwin";"NY";"Trek Boy's Kickster - 2015/2017";"Trek";"Children Bicycles";1;149.99;0.1;10.0;149.99;14.999;134.991
679;81;"2017-01-29";2017;1;"2017-01";"Santa Cruz Bikes";"Santa Cruz";"CA";"Trek Boy's Kickster - 2015/2017";"Trek";"Children Bicycles";2;149.99;0.05;5.0;299.98;14.999;284.981
687;530;"2017-02-02";2017;2;"2017-02";"Santa Cruz Bikes";"Santa Cruz";"CA";"Trek Boy's Kickster - 2015/2017";"Trek";"Children Bicycles";1;149.99;0.07;7.0;149.99;10.4993;139.4907
748;1072;"2017-03-03";2017;3;"2017-03";"Rowlett Bikes";"Rowlett";"TX";"Trek Boy's Kickster - 2015/2017";"Trek";"Children Bicycles";2;149.99;0.05;5.0;299.98;14.999;284.981
803;1105;"2017-03-28";2017;3;"2017-03";"Rowlett Bikes";"Rowlett";"TX";"Trek Boy's Kickster - 2015/2017";"Trek";"Children Bicycles";2;149.99;0.05;5.0;299.98;14.999;284.981
814;629;"2017-04-02";2017;4;"2017-04";"Baldwin Bikes";"Baldwin";"NY";"Trek Boy's Kickster - 2015/2017";"Trek";"Children Bicycles";2;149.99;0.05;5.0;299.98;14.999;284.981
844;1436;"2017-04-16";2017;4;"2017-04";"Baldwin Bikes";"Baldwin";"NY";"Trek Boy's Kickster - 2015/2017";"Trek";"Children Bicycles";2;149.99;0.2;20.0;299.98;59.996;239.984
879;214;"2017-05-08";2017;5;"2017-05";"Baldwin Bikes";"Baldwin";"NY";"Trek Boy's Kickster - 2015/2017";"Trek";"Children Bicycles";2;149.99;0.2;20.0;299.98;59.996;239.984
928;957;"2017-06-05";2017;6;"2017-06";"Santa Cruz Bikes";"Santa Cruz";"CA";"Trek Boy's Kickster - 2015/2017";"Trek";"Children Bicycles";1;149.99;0.2;20.0;149.99;29.998;119.992
960;1390;"2017-06-18";2017;6;"2017-06";"Baldwin Bikes";"Baldwin";"NY";"Trek Boy's Kickster - 2015/2017";"Trek";"Children Bicycles";2;149.99;0.1;10.0;299.98;29.998;269.982
1002;1418;"2017-07-14";2017;7;"2017-07";"Santa Cruz Bikes";"Santa Cruz";"CA";"Trek Boy's Kickster - 2015/2017";"Trek";"Children Bicycles";1;149.99;0.1;10.0;149.99;14.999;134.991
1038;1281;"2017-07-31";2017;7;"2017-07";"Baldwin Bikes";"Baldwin";"NY";"Trek Boy's Kickster - 2015/2017";"Trek";"Children Bicycles";1;149.99;0.05;5.0;149.99;7.4995;142.4905
1055;140;"2017-08-12";2017;8;"2017-08";"Baldwin Bikes";"Baldwin";"NY";"Trek Boy's Kickster - 2015/2017";"Trek";"Children Bicycles";2;149.99;0.1;10.0;299.98;29.998;269.982
1072;47;"2017-08-18";2017;8;"2017-08";"Santa Cruz Bikes";"Santa Cruz";"CA";"Trek Boy's Kickster - 2015/2017";"Trek";"Children Bicycles";1;149.99;0.2;20.0;149.99;29.998;119.992
1193;1412;"2017-10-17";2017;10;"2017-10";"Baldwin Bikes";"Baldwin";"NY";"Trek Boy's Kickster - 2015/2017";"Trek";"Children Bicycles";2;149.99;0.05;5.0;299.98;14.999;284.981
747;87;"2017-03-03";2017;3;"2017-03";"Santa Cruz Bikes";"Santa Cruz";"CA";"Trek Girl's Kickster - 2017";"Trek";"Children Bicycles";1;149.99;0.2;20.0;149.99;29.998;119.992
823;415;"2017-04-06";2017;4;"2017-04";"Rowlett Bikes";"Rowlett";"TX";"Trek Girl's Kickster - 2017";"Trek";"Children Bicycles";2;149.99;0.2;20.0;299.98;59.996;239.984
922;656;"2017-05-31";2017;5;"2017-05";"Baldwin Bikes";"Baldwin";"NY";"Trek Girl's Kickster - 2017";"Trek";"Children Bicycles";1;149.99;0.1;10.0;149.99;14.999;134.991
997;485;"2017-07-11";2017;7;"2017-07";"Baldwin Bikes";"Baldwin";"NY";"Trek Girl's Kickster - 2017";"Trek";"Children Bicycles";2;149.99;0.07;7.0;299.98;20.9986;278.9814
1080;1086;"2017-08-19";2017;8;"2017-08";"Baldwin Bikes";"Baldwin";"NY";"Trek Girl's Kickster - 2017";"Trek";"Children Bicycles";1;149.99;0.05;5.0;149.99;7.4995;142.4905
1156;869;"2017-09-30";2017;9;"2017-09";"Baldwin Bikes";"Baldwin";"NY";"Trek Girl's Kickster - 2017";"Trek";"Children Bicycles";1;149.99;0.05;5.0;149.99;7.4995;142.4905
1162;888;"2017-10-01";2017;10;"2017-10";"Baldwin Bikes";"Baldwin";"NY";"Trek Girl's Kickster - 2017";"Trek";"Children Bicycles";1;149.99;0.1;10.0;149.99;14.999;134.991
1208;1226;"2017-10-26";2017;10;"2017-10";"Baldwin Bikes";"Baldwin";"NY";"Trek Girl's Kickster - 2017";"Trek";"Children Bicycles";2;149.99;0.2;20.0;299.98;59.996;239.984
1272;935;"2017-11-27";2017;11;"2017-11";"Baldwin Bikes";"Baldwin";"NY";"Trek Girl's Kickster - 2017";"Trek";"Children Bicycles";1;149.99;0.07;7.0;149.99;10.4993;139.4907
1352;1433;"2018-01-16";2018;1;"2018-01";"Baldwin Bikes";"Baldwin";"NY";"Trek Girl's Kickster - 2017";"Trek";"Children Bicycles";2;149.99;0.2;20.0;299.98;59.996;239.984
1353;502;"2018-01-17";2018;1;"2018-01";"Baldwin Bikes";"Baldwin";"NY";"Trek Girl's Kickster - 2017";"Trek";"Children Bicycles";2;149.99;0.05;5.0;299.98;14.999;284.981
1452;287;"2018-03-20";2018;3;"2018-03";"Santa Cruz Bikes";"Santa Cruz";"CA";"Trek Girl's Kickster - 2017";"Trek";"Children Bicycles";2;149.99;0.05;5.0;299.98;14.999;284.981
1541;10;"2018-04-16";2018;4;"2018-04";"Baldwin Bikes";"Baldwin";"NY";"Trek Girl's Kickster - 2017";"Trek";"Children Bicycles";2;149.99;0.05;5.0;299.98;14.999;284.981
1550;39;"2018-04-17";2018;4;"2018-04";"Baldwin Bikes";"Baldwin";"NY";"Trek Girl's Kickster - 2017";"Trek";"Children Bicycles";2;149.99;0.05;5.0;299.98;14.999;284.981
1580;191;"2018-04-24";2018;4;"2018-04";"Santa Cruz Bikes";"Santa Cruz";"CA";"Trek Girl's Kickster - 2017";"Trek";"Children Bicycles";2;149.99;0.2;20.0;299.98;59.996;239.984
815;1251;"2017-04-03";2017;4;"2017-04";"Santa Cruz Bikes";"Santa Cruz";"CA";"Trek Precaliber 12 Boys - 2017";"Trek";"Children Bicycles";2;189.99;0.1;10.0;379.98;37.998;341.982
837;948;"2017-04-13";2017;4;"2017-04";"Baldwin Bikes";"Baldwin";"NY";"Trek Precaliber 12 Boys - 2017";"Trek";"Children Bicycles";2;189.99;0.2;20.0;379.98;75.996;303.984
854;177;"2017-04-22";2017;4;"2017-04";"Baldwin Bikes";"Baldwin";"NY";"Trek Precaliber 12 Boys - 2017";"Trek";"Children Bicycles";1;189.99;0.1;10.0;189.99;18.999;170.991
967;1323;"2017-06-21";2017;6;"2017-06";"Baldwin Bikes";"Baldwin";"NY";"Trek Precaliber 12 Boys - 2017";"Trek";"Children Bicycles";1;189.99;0.1;10.0;189.99;18.999;170.991
968;1403;"2017-06-21";2017;6;"2017-06";"Baldwin Bikes";"Baldwin";"NY";"Trek Precaliber 12 Boys - 2017";"Trek";"Children Bicycles";1;189.99;0.2;20.0;189.99;37.998;151.992
986;556;"2017-06-30";2017;6;"2017-06";"Baldwin Bikes";"Baldwin";"NY";"Trek Precaliber 12 Boys - 2017";"Trek";"Children Bicycles";1;189.99;0.1;10.0;189.99;18.999;170.991
1068;453;"2017-08-17";2017;8;"2017-08";"Baldwin Bikes";"Baldwin";"NY";"Trek Precaliber 12 Boys - 2017";"Trek";"Children Bicycles";2;189.99;0.2;20.0;379.98;75.996;303.984
1074;11;"2017-08-19";2017;8;"2017-08";"Baldwin Bikes";"Baldwin";"NY";"Trek Precaliber 12 Boys - 2017";"Trek";"Children Bicycles";1;189.99;0.07;7.0;189.99;13.2993;176.6907
1112;798;"2017-09-05";2017;9;"2017-09";"Baldwin Bikes";"Baldwin";"NY";"Trek Precaliber 12 Boys - 2017";"Trek";"Children Bicycles";2;189.99;0.07;7.0;379.98;26.5986;353.3814
1176;1111;"2017-10-10";2017;10;"2017-10";"Rowlett Bikes";"Rowlett";"TX";"Trek Precaliber 12 Boys - 2017";"Trek";"Children Bicycles";1;189.99;0.1;10.0;189.99;18.999;170.991
1188;647;"2017-10-15";2017;10;"2017-10";"Baldwin Bikes";"Baldwin";"NY";"Trek Precaliber 12 Boys - 2017";"Trek";"Children Bicycles";2;189.99;0.1;10.0;379.98;37.998;341.982
1208;1226;"2017-10-26";2017;10;"2017-10";"Baldwin Bikes";"Baldwin";"NY";"Trek Precaliber 12 Boys - 2017";"Trek";"Children Bicycles";1;189.99;0.07;7.0;189.99;13.2993;176.6907
1233;462;"2017-11-06";2017;11;"2017-11";"Baldwin Bikes";"Baldwin";"NY";"Trek Precaliber 12 Boys - 2017";"Trek";"Children Bicycles";2;189.99;0.2;20.0;379.98;75.996;303.984
1237;571;"2017-11-09";2017;11;"2017-11";"Santa Cruz Bikes";"Santa Cruz";"CA";"Trek Precaliber 12 Boys - 2017";"Trek";"Children Bicycles";2;189.99;0.1;10.0;379.98;37.998;341.982
1268;774;"2017-11-26";2017;11;"2017-11";"Santa Cruz Bikes";"Santa Cruz";"CA";"Trek Precaliber 12 Boys - 2017";"Trek";"Children Bicycles";2;189.99;0.07;7.0;379.98;26.5986;353.3814
1271;734;"2017-11-27";2017;11;"2017-11";"Baldwin Bikes";"Baldwin";"NY";"Trek Precaliber 12 Boys - 2017";"Trek";"Children Bicycles";2;189.99;0.07;7.0;379.98;26.5986;353.3814
1286;1033;"2017-12-04";2017;12;"2017-12";"Baldwin Bikes";"Baldwin";"NY";"Trek Precaliber 12 Boys - 2017";"Trek";"Children Bicycles";1;189.99;0.07;7.0;189.99;13.2993;176.6907
1309;821;"2017-12-22";2017;12;"2017-12";"Baldwin Bikes";"Baldwin";"NY";"Trek Precaliber 12 Boys - 2017";"Trek";"Children Bicycles";2;189.99;0.2;20.0;379.98;75.996;303.984
1392;1187;"2018-02-13";2018;2;"2018-02";"Baldwin Bikes";"Baldwin";"NY";"Trek Precaliber 12 Boys - 2017";"Trek";"Children Bicycles";2;189.99;0.2;20.0;379.98;75.996;303.984
653;1249;"2017-01-14";2017;1;"2017-01";"Santa Cruz Bikes";"Santa Cruz";"CA";"Trek Precaliber 12 Girls - 2017";"Trek";"Children Bicycles";2;189.99;0.07;7.0;379.98;26.5986;353.3814
686;380;"2017-02-01";2017;2;"2017-02";"Baldwin Bikes";"Baldwin";"NY";"Trek Precaliber 12 Girls - 2017";"Trek";"Children Bicycles";2;189.99;0.2;20.0;379.98;75.996;303.984
688;343;"2017-02-02";2017;2;"2017-02";"Baldwin Bikes";"Baldwin";"NY";"Trek Precaliber 12 Girls - 2017";"Trek";"Children Bicycles";1;189.99;0.05;5.0;189.99;9.4995;180.4905
696;1242;"2017-02-05";2017;2;"2017-02";"Baldwin Bikes";"Baldwin";"NY";"Trek Precaliber 12 Girls - 2017";"Trek";"Children Bicycles";2;189.99;0.07;7.0;379.98;26.5986;353.3814
771;671;"2017-03-11";2017;3;"2017-03";"Santa Cruz Bikes";"Santa Cruz";"CA";"Trek Precaliber 12 Girls - 2017";"Trek";"Children Bicycles";1;189.99;0.2;20.0;189.99;37.998;151.992
845;662;"2017-04-17";2017;4;"2017-04";"Baldwin Bikes";"Baldwin";"NY";"Trek Precaliber 12 Girls - 2017";"Trek";"Children Bicycles";1;189.99;0.05;5.0;189.99;9.4995;180.4905
848;597;"2017-04-18";2017;4;"2017-04";"Baldwin Bikes";"Baldwin";"NY";"Trek Precaliber 12 Girls - 2017";"Trek";"Children Bicycles";2;189.99;0.2;20.0;379.98;75.996;303.984
866;1410;"2017-04-29";2017;4;"2017-04";"Baldwin Bikes";"Baldwin";"NY";"Trek Precaliber 12 Girls - 2017";"Trek";"Children Bicycles";1;189.99;0.2;20.0;189.99;37.998;151.992
892;651;"2017-05-15";2017;5;"2017-05";"Baldwin Bikes";"Baldwin";"NY";"Trek Precaliber 12 Girls - 2017";"Trek";"Children Bicycles";1;189.99;0.05;5.0;189.99;9.4995;180.4905
955;880;"2017-06-17";2017;6;"2017-06";"Baldwin Bikes";"Baldwin";"NY";"Trek Precaliber 12 Girls - 2017";"Trek";"Children Bicycles";1;189.99;0.05;5.0;189.99;9.4995;180.4905
966;389;"2017-06-20";2017;6;"2017-06";"Rowlett Bikes";"Rowlett";"TX";"Trek Precaliber 12 Girls - 2017";"Trek";"Children Bicycles";1;189.99;0.05;5.0;189.99;9.4995;180.4905
983;1158;"2017-06-27";2017;6;"2017-06";"Baldwin Bikes";"Baldwin";"NY";"Trek Precaliber 12 Girls - 2017";"Trek";"Children Bicycles";1;189.99;0.05;5.0;189.99;9.4995;180.4905
1011;495;"2017-07-18";2017;7;"2017-07";"Santa Cruz Bikes";"Santa Cruz";"CA";"Trek Precaliber 12 Girls - 2017";"Trek";"Children Bicycles";1;189.99;0.2;20.0;189.99;37.998;151.992
1098;752;"2017-08-28";2017;8;"2017-08";"Santa Cruz Bikes";"Santa Cruz";"CA";"Trek Precaliber 12 Girls - 2017";"Trek";"Children Bicycles";1;189.99;0.1;10.0;189.99;18.999;170.991
1144;1414;"2017-09-24";2017;9;"2017-09";"Baldwin Bikes";"Baldwin";"NY";"Trek Precaliber 12 Girls - 2017";"Trek";"Children Bicycles";1;189.99;0.07;7.0;189.99;13.2993;176.6907
1162;888;"2017-10-01";2017;10;"2017-10";"Baldwin Bikes";"Baldwin";"NY";"Trek Precaliber 12 Girls - 2017";"Trek";"Children Bicycles";1;189.99;0.2;20.0;189.99;37.998;151.992
1179;1150;"2017-10-12";2017;10;"2017-10";"Rowlett Bikes";"Rowlett";"TX";"Trek Precaliber 12 Girls - 2017";"Trek";"Children Bicycles";2;189.99;0.05;5.0;379.98;18.999;360.981
1192;1114;"2017-10-17";2017;10;"2017-10";"Baldwin Bikes";"Baldwin";"NY";"Trek Precaliber 12 Girls - 2017";"Trek";"Children Bicycles";2;189.99;0.07;7.0;379.98;26.5986;353.3814
1253;44;"2017-11-18";2017;11;"2017-11";"Baldwin Bikes";"Baldwin";"NY";"Trek Precaliber 12 Girls - 2017";"Trek";"Children Bicycles";1;189.99;0.2;20.0;189.99;37.998;151.992
1261;435;"2017-11-23";2017;11;"2017-11";"Baldwin Bikes";"Baldwin";"NY";"Trek Precaliber 12 Girls - 2017";"Trek";"Children Bicycles";2;189.99;0.2;20.0;379.98;75.996;303.984
1293;1401;"2017-12-10";2017;12;"2017-12";"Baldwin Bikes";"Baldwin";"NY";"Trek Precaliber 12 Girls - 2017";"Trek";"Children Bicycles";2;189.99;0.1;10.0;379.98;37.998;341.982
1508;92;"2018-04-08";2018;4;"2018-04";"Baldwin Bikes";"Baldwin";"NY";"Trek Precaliber 12 Girls - 2017";"Trek";"Children Bicycles";1;189.99;0.05;5.0;189.99;9.4995;180.4905
1598;239;"2018-04-29";2018;4;"2018-04";"Santa Cruz Bikes";"Santa Cruz";"CA";"Trek Precaliber 12 Girls - 2017";"Trek";"Children Bicycles";1;189.99;0.2;20.0;189.99;37.998;151.992
675;291;"2017-01-28";2017;1;"2017-01";"Baldwin Bikes";"Baldwin";"NY";"Trek Precaliber 16 Boys - 2017";"Trek";"Children Bicycles";2;209.99;0.05;5.0;419.98;20.999;398.981
804;95;"2017-03-29";2017;3;"2017-03";"Baldwin Bikes";"Baldwin";"NY";"Trek Precaliber 16 Boys - 2017";"Trek";"Children Bicycles";2;209.99;0.2;20.0;419.98;83.996;335.984
855;775;"2017-04-22";2017;4;"2017-04";"Baldwin Bikes";"Baldwin";"NY";"Trek Precaliber 16 Boys - 2017";"Trek";"Children Bicycles";1;209.99;0.2;20.0;209.99;41.998;167.992
900;971;"2017-05-20";2017;5;"2017-05";"Baldwin Bikes";"Baldwin";"NY";"Trek Precaliber 16 Boys - 2017";"Trek";"Children Bicycles";1;209.99;0.2;20.0;209.99;41.998;167.992
1017;168;"2017-07-20";2017;7;"2017-07";"Baldwin Bikes";"Baldwin";"NY";"Trek Precaliber 16 Boys - 2017";"Trek";"Children Bicycles";1;209.99;0.07;7.0;209.99;14.6993;195.2907
1025;1304;"2017-07-23";2017;7;"2017-07";"Baldwin Bikes";"Baldwin";"NY";"Trek Precaliber 16 Boys - 2017";"Trek";"Children Bicycles";1;209.99;0.07;7.0;209.99;14.6993;195.2907
1041;70;"2017-08-04";2017;8;"2017-08";"Baldwin Bikes";"Baldwin";"NY";"Trek Precaliber 16 Boys - 2017";"Trek";"Children Bicycles";1;209.99;0.1;10.0;209.99;20.999;188.991
1072;47;"2017-08-18";2017;8;"2017-08";"Santa Cruz Bikes";"Santa Cruz";"CA";"Trek Precaliber 16 Boys - 2017";"Trek";"Children Bicycles";2;209.99;0.07;7.0;419.98;29.3986;390.5814
1074;11;"2017-08-19";2017;8;"2017-08";"Baldwin Bikes";"Baldwin";"NY";"Trek Precaliber 16 Boys - 2017";"Trek";"Children Bicycles";2;209.99;0.1;10.0;419.98;41.998;377.982
1099;1128;"2017-08-28";2017;8;"2017-08";"Baldwin Bikes";"Baldwin";"NY";"Trek Precaliber 16 Boys - 2017";"Trek";"Children Bicycles";2;209.99;0.1;10.0;419.98;41.998;377.982
1126;1213;"2017-09-14";2017;9;"2017-09";"Rowlett Bikes";"Rowlett";"TX";"Trek Precaliber 16 Boys - 2017";"Trek";"Children Bicycles";2;209.99;0.05;5.0;419.98;20.999;398.981
1191;186;"2017-10-17";2017;10;"2017-10";"Baldwin Bikes";"Baldwin";"NY";"Trek Precaliber 16 Boys - 2017";"Trek";"Children Bicycles";2;209.99;0.1;10.0;419.98;41.998;377.982
1209;1342;"2017-10-26";2017;10;"2017-10";"Baldwin Bikes";"Baldwin";"NY";"Trek Precaliber 16 Boys - 2017";"Trek";"Children Bicycles";1;209.99;0.07;7.0;209.99;14.6993;195.2907
1289;1292;"2017-12-08";2017;12;"2017-12";"Santa Cruz Bikes";"Santa Cruz";"CA";"Trek Precaliber 16 Boys - 2017";"Trek";"Children Bicycles";1;209.99;0.05;5.0;209.99;10.4995;199.4905
1370;115;"2018-01-28";2018;1;"2018-01";"Baldwin Bikes";"Baldwin";"NY";"Trek Precaliber 16 Boys - 2017";"Trek";"Children Bicycles";2;209.99;0.1;10.0;419.98;41.998;377.982
1384;1126;"2018-02-08";2018;2;"2018-02";"Baldwin Bikes";"Baldwin";"NY";"Trek Precaliber 16 Boys - 2017";"Trek";"Children Bicycles";1;209.99;0.1;10.0;209.99;20.999;188.991
1453;601;"2018-03-20";2018;3;"2018-03";"Santa Cruz Bikes";"Santa Cruz";"CA";"Trek Precaliber 16 Boys - 2017";"Trek";"Children Bicycles";2;209.99;0.1;10.0;419.98;41.998;377.982
1553;30;"2018-04-18";2018;4;"2018-04";"Santa Cruz Bikes";"Santa Cruz";"CA";"Trek Precaliber 16 Boys - 2017";"Trek";"Children Bicycles";1;209.99;0.05;5.0;209.99;10.4995;199.4905
649;1153;"2017-01-10";2017;1;"2017-01";"Santa Cruz Bikes";"Santa Cruz";"CA";"Trek Precaliber 16 Girls - 2017";"Trek";"Children Bicycles";1;209.99;0.07;7.0;209.99;14.6993;195.2907
725;870;"2017-02-19";2017;2;"2017-02";"Baldwin Bikes";"Baldwin";"NY";"Trek Precaliber 16 Girls - 2017";"Trek";"Children Bicycles";1;209.99;0.1;10.0;209.99;20.999;188.991
763;842;"2017-03-08";2017;3;"2017-03";"Rowlett Bikes";"Rowlett";"TX";"Trek Precaliber 16 Girls - 2017";"Trek";"Children Bicycles";1;209.99;0.07;7.0;209.99;14.6993;195.2907
779;367;"2017-03-15";2017;3;"2017-03";"Baldwin Bikes";"Baldwin";"NY";"Trek Precaliber 16 Girls - 2017";"Trek";"Children Bicycles";2;209.99;0.2;20.0;419.98;83.996;335.984
798;619;"2017-03-26";2017;3;"2017-03";"Santa Cruz Bikes";"Santa Cruz";"CA";"Trek Precaliber 16 Girls - 2017";"Trek";"Children Bicycles";1;209.99;0.05;5.0;209.99;10.4995;199.4905
841;428;"2017-04-15";2017;4;"2017-04";"Baldwin Bikes";"Baldwin";"NY";"Trek Precaliber 16 Girls - 2017";"Trek";"Children Bicycles";2;209.99;0.07;7.0;419.98;29.3986;390.5814
913;699;"2017-05-27";2017;5;"2017-05";"Baldwin Bikes";"Baldwin";"NY";"Trek Precaliber 16 Girls - 2017";"Trek";"Children Bicycles";2;209.99;0.1;10.0;419.98;41.998;377.982
964;404;"2017-06-20";2017;6;"2017-06";"Baldwin Bikes";"Baldwin";"NY";"Trek Precaliber 16 Girls - 2017";"Trek";"Children Bicycles";1;209.99;0.2;20.0;209.99;41.998;167.992
965;457;"2017-06-20";2017;6;"2017-06";"Baldwin Bikes";"Baldwin";"NY";"Trek Precaliber 16 Girls - 2017";"Trek";"Children Bicycles";2;209.99;0.1;10.0;419.98;41.998;377.982
995;621;"2017-07-11";2017;7;"2017-07";"Santa Cruz Bikes";"Santa Cruz";"CA";"Trek Precaliber 16 Girls - 2017";"Trek";"Children Bicycles";1;209.99;0.2;20.0;209.99;41.998;167.992
1093;326;"2017-08-25";2017;8;"2017-08";"Santa Cruz Bikes";"Santa Cruz";"CA";"Trek Precaliber 16 Girls - 2017";"Trek";"Children Bicycles";2;209.99;0.1;10.0;419.98;41.998;377.982
1133;517;"2017-09-19";2017;9;"2017-09";"Baldwin Bikes";"Baldwin";"NY";"Trek Precaliber 16 Girls - 2017";"Trek";"Children Bicycles";2;209.99;0.2;20.0;419.98;83.996;335.984
1227;702;"2017-11-04";2017;11;"2017-11";"Baldwin Bikes";"Baldwin";"NY";"Trek Precaliber 16 Girls - 2017";"Trek";"Children Bicycles";2;209.99;0.2;20.0;419.98;83.996;335.984
1266;387;"2017-11-25";2017;11;"2017-11";"Baldwin Bikes";"Baldwin";"NY";"Trek Precaliber 16 Girls - 2017";"Trek";"Children Bicycles";1;209.99;0.2;20.0;209.99;41.998;167.992
1296;231;"2017-12-14";2017;12;"2017-12";"Santa Cruz Bikes";"Santa Cruz";"CA";"Trek Precaliber 16 Girls - 2017";"Trek";"Children Bicycles";1;209.99;0.1;10.0;209.99;20.999;188.991
1316;846;"2017-12-26";2017;12;"2017-12";"Santa Cruz Bikes";"Santa Cruz";"CA";"Trek Precaliber 16 Girls - 2017";"Trek";"Children Bicycles";1;209.99;0.1;10.0;209.99;20.999;188.991
1400;987;"2018-02-17";2018;2;"2018-02";"Baldwin Bikes";"Baldwin";"NY";"Trek Precaliber 16 Girls - 2017";"Trek";"Children Bicycles";1;209.99;0.07;7.0;209.99;14.6993;195.2907
1444;1154;"2018-03-16";2018;3;"2018-03";"Baldwin Bikes";"Baldwin";"NY";"Trek Precaliber 16 Girls - 2017";"Trek";"Children Bicycles";1;209.99;0.1;10.0;209.99;20.999;188.991
677;809;"2017-01-28";2017;1;"2017-01";"Baldwin Bikes";"Baldwin";"NY";"Trek Precaliber 24 (21-Speed) - Girls - 2017";"Trek";"Children Bicycles";2;349.99;0.05;5.0;699.98;34.999;664.981
725;870;"2017-02-19";2017;2;"2017-02";"Baldwin Bikes";"Baldwin";"NY";"Trek Precaliber 24 (21-Speed) - Girls - 2017";"Trek";"Children Bicycles";1;349.99;0.05;5.0;349.99;17.4995;332.4905
728;1138;"2017-02-20";2017;2;"2017-02";"Santa Cruz Bikes";"Santa Cruz";"CA";"Trek Precaliber 24 (21-Speed) - Girls - 2017";"Trek";"Children Bicycles";1;349.99;0.1;10.0;349.99;34.999;314.991
731;910;"2017-02-25";2017;2;"2017-02";"Rowlett Bikes";"Rowlett";"TX";"Trek Precaliber 24 (21-Speed) - Girls - 2017";"Trek";"Children Bicycles";1;349.99;0.05;5.0;349.99;17.4995;332.4905
790;1015;"2017-03-19";2017;3;"2017-03";"Baldwin Bikes";"Baldwin";"NY";"Trek Precaliber 24 (21-Speed) - Girls - 2017";"Trek";"Children Bicycles";1;349.99;0.1;10.0;349.99;34.999;314.991
798;619;"2017-03-26";2017;3;"2017-03";"Santa Cruz Bikes";"Santa Cruz";"CA";"Trek Precaliber 24 (21-Speed) - Girls - 2017";"Trek";"Children Bicycles";2;349.99;0.07;7.0;699.98;48.9986;650.9814
806;234;"2017-03-30";2017;3;"2017-03";"Baldwin Bikes";"Baldwin";"NY";"Trek Precaliber 24 (21-Speed) - Girls - 2017";"Trek";"Children Bicycles";2;349.99;0.07;7.0;699.98;48.9986;650.9814
896;376;"2017-05-19";2017;5;"2017-05";"Rowlett Bikes";"Rowlett";"TX";"Trek Precaliber 24 (21-Speed) - Girls - 2017";"Trek";"Children Bicycles";2;349.99;0.05;5.0;699.98;34.999;664.981
911;887;"2017-05-26";2017;5;"2017-05";"Baldwin Bikes";"Baldwin";"NY";"Trek Precaliber 24 (21-Speed) - Girls - 2017";"Trek";"Children Bicycles";2;349.99;0.05;5.0;699.98;34.999;664.981
918;242;"2017-05-30";2017;5;"2017-05";"Santa Cruz Bikes";"Santa Cruz";"CA";"Trek Precaliber 24 (21-Speed) - Girls - 2017";"Trek";"Children Bicycles";1;349.99;0.2;20.0;349.99;69.998;279.992
990;706;"2017-07-04";2017;7;"2017-07";"Baldwin Bikes";"Baldwin";"NY";"Trek Precaliber 24 (21-Speed) - Girls - 2017";"Trek";"Children Bicycles";1;349.99;0.1;10.0;349.99;34.999;314.991
1018;290;"2017-07-22";2017;7;"2017-07";"Baldwin Bikes";"Baldwin";"NY";"Trek Precaliber 24 (21-Speed) - Girls - 2017";"Trek";"Children Bicycles";1;349.99;0.2;20.0;349.99;69.998;279.992
1023;356;"2017-07-23";2017;7;"2017-07";"Baldwin Bikes";"Baldwin";"NY";"Trek Precaliber 24 (21-Speed) - Girls - 2017";"Trek";"Children Bicycles";1;349.99;0.07;7.0;349.99;24.4993;325.4907
1024;837;"2017-07-23";2017;7;"2017-07";"Baldwin Bikes";"Baldwin";"NY";"Trek Precaliber 24 (21-Speed) - Girls - 2017";"Trek";"Children Bicycles";1;349.99;0.2;20.0;349.99;69.998;279.992
1102;1317;"2017-08-29";2017;8;"2017-08";"Baldwin Bikes";"Baldwin";"NY";"Trek Precaliber 24 (21-Speed) - Girls - 2017";"Trek";"Children Bicycles";1;349.99;0.07;7.0;349.99;24.4993;325.4907
1115;1100;"2017-09-07";2017;9;"2017-09";"Baldwin Bikes";"Baldwin";"NY";"Trek Precaliber 24 (21-Speed) - Girls - 2017";"Trek";"Children Bicycles";2;349.99;0.07;7.0;699.98;48.9986;650.9814
1117;334;"2017-09-08";2017;9;"2017-09";"Baldwin Bikes";"Baldwin";"NY";"Trek Precaliber 24 (21-Speed) - Girls - 2017";"Trek";"Children Bicycles";1;349.99;0.2;20.0;349.99;69.998;279.992
1150;1183;"2017-09-28";2017;9;"2017-09";"Baldwin Bikes";"Baldwin";"NY";"Trek Precaliber 24 (21-Speed) - Girls - 2017";"Trek";"Children Bicycles";1;349.99;0.05;5.0;349.99;17.4995;332.4905
1152;1244;"2017-09-29";2017;9;"2017-09";"Baldwin Bikes";"Baldwin";"NY";"Trek Precaliber 24 (21-Speed) - Girls - 2017";"Trek";"Children Bicycles";2;349.99;0.2;20.0;699.98;139.996;559.984
1169;1421;"2017-10-04";2017;10;"2017-10";"Baldwin Bikes";"Baldwin";"NY";"Trek Precaliber 24 (21-Speed) - Girls - 2017";"Trek";"Children Bicycles";2;349.99;0.2;20.0;699.98;139.996;559.984
1188;647;"2017-10-15";2017;10;"2017-10";"Baldwin Bikes";"Baldwin";"NY";"Trek Precaliber 24 (21-Speed) - Girls - 2017";"Trek";"Children Bicycles";2;349.99;0.2;20.0;699.98;139.996;559.984
1236;243;"2017-11-08";2017;11;"2017-11";"Baldwin Bikes";"Baldwin";"NY";"Trek Precaliber 24 (21-Speed) - Girls - 2017";"Trek";"Children Bicycles";1;349.99;0.1;10.0;349.99;34.999;314.991
1239;1197;"2017-11-09";2017;11;"2017-11";"Baldwin Bikes";"Baldwin";"NY";"Trek Precaliber 24 (21-Speed) - Girls - 2017";"Trek";"Children Bicycles";1;349.99;0.1;10.0;349.99;34.999;314.991
1254;1098;"2017-11-18";2017;11;"2017-11";"Baldwin Bikes";"Baldwin";"NY";"Trek Precaliber 24 (21-Speed) - Girls - 2017";"Trek";"Children Bicycles";1;349.99;0.2;20.0;349.99;69.998;279.992
1305;257;"2017-12-17";2017;12;"2017-12";"Baldwin Bikes";"Baldwin";"NY";"Trek Precaliber 24 (21-Speed) - Girls - 2017";"Trek";"Children Bicycles";2;349.99;0.05;5.0;699.98;34.999;664.981
1319;604;"2017-12-27";2017;12;"2017-12";"Baldwin Bikes";"Baldwin";"NY";"Trek Precaliber 24 (21-Speed) - Girls - 2017";"Trek";"Children Bicycles";1;349.99;0.2;20.0;349.99;69.998;279.992
1476;35;"2018-03-31";2018;3;"2018-03";"Baldwin Bikes";"Baldwin";"NY";"Trek Precaliber 24 (21-Speed) - Girls - 2017";"Trek";"Children Bicycles";2;349.99;0.07;7.0;699.98;48.9986;650.9814
1596;21;"2018-04-28";2018;4;"2018-04";"Rowlett Bikes";"Rowlett";"TX";"Trek Precaliber 24 (21-Speed) - Girls - 2017";"Trek";"Children Bicycles";1;349.99;0.05;5.0;349.99;17.4995;332.4905
1386;1254;"2018-02-09";2018;2;"2018-02";"Santa Cruz Bikes";"Santa Cruz";"CA";"Trek MT 201 - 2018";"Trek";"Children Bicycles";1;249.99;0.1;10.0;249.99;24.999;224.991
1407;18;"2018-02-26";2018;2;"2018-02";"Baldwin Bikes";"Baldwin";"NY";"Trek Superfly 20 - 2018";"Trek";"Children Bicycles";1;399.99;0.1;10.0;399.99;39.999;359.991
1393;547;"2018-02-14";2018;2;"2018-02";"Baldwin Bikes";"Baldwin";"NY";"Trek Kickster - 2018";"Trek";"Children Bicycles";2;159.99;0.05;5.0;319.98;15.999;303.981
1456;754;"2018-03-20";2018;3;"2018-03";"Baldwin Bikes";"Baldwin";"NY";"Trek Kickster - 2018";"Trek";"Children Bicycles";2;159.99;0.1;10.0;319.98;31.998;287.982
1457;1411;"2018-03-20";2018;3;"2018-03";"Baldwin Bikes";"Baldwin";"NY";"Trek Kickster - 2018";"Trek";"Children Bicycles";1;159.99;0.2;20.0;159.99;31.998;127.992
1499;120;"2018-04-06";2018;4;"2018-04";"Santa Cruz Bikes";"Santa Cruz";"CA";"Trek Kickster - 2018";"Trek";"Children Bicycles";2;159.99;0.05;5.0;319.98;15.999;303.981
1502;83;"2018-04-06";2018;4;"2018-04";"Baldwin Bikes";"Baldwin";"NY";"Trek Kickster - 2018";"Trek";"Children Bicycles";1;159.99;0.2;20.0;159.99;31.998;127.992
1326;567;"2018-01-01";2018;1;"2018-01";"Rowlett Bikes";"Rowlett";"TX";"Trek Precaliber 12 Boy's - 2018";"Trek";"Children Bicycles";2;199.99;0.07;7.0;399.98;27.9986;371.9814
1468;3;"2018-03-27";2018;3;"2018-03";"Santa Cruz Bikes";"Santa Cruz";"CA";"Trek Precaliber 12 Boy's - 2018";"Trek";"Children Bicycles";1;199.99;0.05;5.0;199.99;9.9995;189.9905
1486;84;"2018-04-02";2018;4;"2018-04";"Baldwin Bikes";"Baldwin";"NY";"Trek Precaliber 12 Boy's - 2018";"Trek";"Children Bicycles";1;199.99;0.1;10.0;199.99;19.999;179.991
1534;18;"2018-04-14";2018;4;"2018-04";"Baldwin Bikes";"Baldwin";"NY";"Trek Precaliber 12 Boy's - 2018";"Trek";"Children Bicycles";2;199.99;0.2;20.0;399.98;79.996;319.984
1342;1393;"2018-01-12";2018;1;"2018-01";"Baldwin Bikes";"Baldwin";"NY";"Trek Precaliber 16 Boy's - 2018";"Trek";"Children Bicycles";1;209.99;0.05;5.0;209.99;10.4995;199.4905
1442;478;"2018-03-16";2018;3;"2018-03";"Baldwin Bikes";"Baldwin";"NY";"Trek Precaliber 16 Girl's - 2018";"Trek";"Children Bicycles";2;209.99;0.05;5.0;419.98;20.999;398.981
1516;47;"2018-04-11";2018;4;"2018-04";"Santa Cruz Bikes";"Santa Cruz";"CA";"Trek Precaliber 16 Girl's - 2018";"Trek";"Children Bicycles";2;209.99;0.2;20.0;419.98;83.996;335.984
1592;6;"2018-04-27";2018;4;"2018-04";"Baldwin Bikes";"Baldwin";"NY";"Trek Precaliber 16 Girl's - 2018";"Trek";"Children Bicycles";2;209.99;0.05;5.0;419.98;20.999;398.981
1604;7;"2018-06-17";2018;6;"2018-06";"Baldwin Bikes";"Baldwin";"NY";"Trek Precaliber 16 Girl's - 2018";"Trek";"Children Bicycles";1;209.99;0.1;10.0;209.99;20.999;188.991
1606;119;"2018-07-10";2018;7;"2018-07";"Rowlett Bikes";"Rowlett";"TX";"Trek Precaliber 16 Girl's - 2018";"Trek";"Children Bicycles";1;209.99;0.1;10.0;209.99;20.999;188.991
1456;754;"2018-03-20";2018;3;"2018-03";"Baldwin Bikes";"Baldwin";"NY";"Trek Precaliber 20 6-speed Boy's - 2018";"Trek";"Children Bicycles";1;289.99;0.1;10.0;289.99;28.999;260.991
1581;188;"2018-04-25";2018;4;"2018-04";"Santa Cruz Bikes";"Santa Cruz";"CA";"Trek Precaliber 20 6-speed Boy's - 2018";"Trek";"Children Bicycles";1;289.99;0.2;20.0;289.99;57.998;231.992
1402;1171;"2018-02-19";2018;2;"2018-02";"Baldwin Bikes";"Baldwin";"NY";"Trek Precaliber 20 6-speed Girl's - 2018";"Trek";"Children Bicycles";1;289.99;0.07;7.0;289.99;20.2993;269.6907
1381;680;"2018-02-05";2018;2;"2018-02";"Baldwin Bikes";"Baldwin";"NY";"Trek Precaliber 20 Boy's - 2018";"Trek";"Children Bicycles";2;229.99;0.2;20.0;459.98;91.996;367.984
1533;28;"2018-04-13";2018;4;"2018-04";"Baldwin Bikes";"Baldwin";"NY";"Trek Precaliber 20 Boy's - 2018";"Trek";"Children Bicycles";2;229.99;0.1;10.0;459.98;45.998;413.982
1400;987;"2018-02-17";2018;2;"2018-02";"Baldwin Bikes";"Baldwin";"NY";"Trek Precaliber 20 Girl's - 2018";"Trek";"Children Bicycles";1;229.99;0.1;10.0;229.99;22.999;206.991
1602;55;"2018-04-30";2018;4;"2018-04";"Baldwin Bikes";"Baldwin";"NY";"Trek Precaliber 20 Girl's - 2018";"Trek";"Children Bicycles";2;229.99;0.2;20.0;459.98;91.996;367.984
1603;74;"2018-04-30";2018;4;"2018-04";"Baldwin Bikes";"Baldwin";"NY";"Trek Precaliber 20 Girl's - 2018";"Trek";"Children Bicycles";2;229.99;0.05;5.0;459.98;22.999;436.981
1356;1161;"2018-01-19";2018;1;"2018-01";"Baldwin Bikes";"Baldwin";"NY";"Trek Precaliber 24 (7-Speed) - Boys - 2018";"Trek";"Children Bicycles";2;319.99;0.1;10.0;639.98;63.998;575.982
1485;51;"2018-04-02";2018;4;"2018-04";"Baldwin Bikes";"Baldwin";"NY";"Trek Precaliber 24 (7-Speed) - Boys - 2018";"Trek";"Children Bicycles";1;319.99;0.2;20.0;319.99;63.998;255.992
1504;237;"2018-04-08";2018;4;"2018-04";"Santa Cruz Bikes";"Santa Cruz";"CA";"Trek Precaliber 24 (7-Speed) - Boys - 2018";"Trek";"Children Bicycles";1;319.99;0.07;7.0;319.99;22.3993;297.5907
1391;914;"2018-02-13";2018;2;"2018-02";"Baldwin Bikes";"Baldwin";"NY";"Trek Precaliber 24 21-speed Boy's - 2018";"Trek";"Children Bicycles";1;369.99;0.2;20.0;369.99;73.998;295.992
1586;176;"2018-04-26";2018;4;"2018-04";"Santa Cruz Bikes";"Santa Cruz";"CA";"Trek Precaliber 24 21-speed Boy's - 2018";"Trek";"Children Bicycles";1;369.99;0.07;7.0;369.99;25.8993;344.0907
1467;152;"2018-03-26";2018;3;"2018-03";"Baldwin Bikes";"Baldwin";"NY";"Trek Precaliber 24 21-speed Girl's - 2018";"Trek";"Children Bicycles";2;369.99;0.1;10.0;739.98;73.998;665.982
1567;89;"2018-04-21";2018;4;"2018-04";"Santa Cruz Bikes";"Santa Cruz";"CA";"Trek Precaliber 24 7-speed Girl's - 2018";"Trek";"Children Bicycles";1;319.99;0.2;20.0;319.99;63.998;255.992
1483;15;"2018-04-02";2018;4;"2018-04";"Baldwin Bikes";"Baldwin";"NY";"Trek Superfly 24 - 2017/2018";"Trek";"Children Bicycles";1;489.99;0.05;5.0;489.99;24.4995;465.4905
